Suspicion_Score,Season,Date,Flagged_Team,Flagged_Team_Side,Opponent,Flagged_Team_Score,Opponent_Score,Team_Historical_Avg_Margin,Team_Historical_Game_Count,Reasoning,Source,Your_Determination,Corrected_Name,Notes
9,1927,1927-11-04,Minot (ND),Home,Minot State University (ND),52,0,7.4,1098,"Opponent 'Minot State University (ND)' is ALREADY explicitly labeled a college/university -- a bare town-name team playing a confirmed college is very likely that same college's varsity/frosh, not the high school. | Margin (+52) is a 1.9-sigma outlier vs this team's usual margin (7.4 avg). | This opponent pairing is a one-off (not a recurring year-over-year matchup) -- more consistent with a one-time guarantee game than a conference rivalry. | Pre-1930 season -- college/HS crossover games were common this early.",http://www.bhs.bismarckschools.org/bhs/bhsathletics/throwers/history-of-bismarck-high-football/,,,
9,1921,1921-09-23,Winona (MN),Visitor,Dunwoody College of Technology (MN),0,54,-3.4,915,"Opponent 'Dunwoody College of Technology (MN)' is ALREADY explicitly labeled a college/university -- a bare town-name team playing a confirmed college is very likely that same college's varsity/frosh, not the high school. | Margin (-54) is a 2.3-sigma outlier vs this team's usual margin (-3.4 avg). | This opponent pairing is a one-off (not a recurring year-over-year matchup) -- more consistent with a one-time guarantee game than a conference rivalry. | Pre-1930 season -- college/HS crossover games were common this early.",http://www.classmates.com/yearbooks/Winona-High-School/58059?page=36,,,
7,1929,1929-10-27,Grinnell (IA),Visitor,Grinnell College Frosh (IA),0,6,1.7,1110,"Opponent 'Grinnell College Frosh (IA)' is ALREADY explicitly labeled a college/university -- a bare town-name team playing a confirmed college is very likely that same college's varsity/frosh, not the high school. | This opponent pairing is a one-off (not a recurring year-over-year matchup) -- more consistent with a one-time guarantee game than a conference rivalry. | Pre-1930 season -- college/HS crossover games were common this early.",The_Des_Moines_Register_1929_10_27_Page_10.csv,,,
7,1927,1927-09-30,Winona (MN),Home,Minneapolis University High (MN),12,0,-3.4,915,"Opponent 'Minneapolis University High (MN)' is ALREADY explicitly labeled a college/university -- a bare town-name team playing a confirmed college is very likely that same college's varsity/frosh, not the high school. | This opponent pairing is a one-off (not a recurring year-over-year matchup) -- more consistent with a one-time guarantee game than a conference rivalry. | Pre-1930 season -- college/HS crossover games were common this early.",http://www.classmates.com/yearbooks/Winona-High-School/89872?page=70,,,
7,1921,1921-10-01,Kearney (NE),Visitor,Hastings College (NE),7,7,2.2,951,"Opponent 'Hastings College (NE)' is ALREADY explicitly labeled a college/university -- a bare town-name team playing a confirmed college is very likely that same college's varsity/frosh, not the high school. | This opponent pairing is a one-off (not a recurring year-over-year matchup) -- more consistent with a one-time guarantee game than a conference rivalry. | Pre-1930 season -- college/HS crossover games were common this early.",Lincoln_Journal_Star_1921_10_01_3.csv,,,
7,1921,1921-10-22,Grand Island (NE),Visitor,Cotner College (NE),0,0,6.2,931,"Opponent 'Cotner College (NE)' is ALREADY explicitly labeled a college/university -- a bare town-name team playing a confirmed college is very likely that same college's varsity/frosh, not the high school. | This opponent pairing is a one-off (not a recurring year-over-year matchup) -- more consistent with a one-time guarantee game than a conference rivalry. | Pre-1930 season -- college/HS crossover games were common this early.",Lincoln_Journal_Star_1921_10_22_3.csv,,,
6,1924,1924-11-01,York (NE),Home,Lincoln University Place (NE),28,8,-0.5,821,"Opponent 'Lincoln University Place (NE)' is ALREADY explicitly labeled a college/university -- a bare town-name team playing a confirmed college is very likely that same college's varsity/frosh, not the high school. | Pre-1930 season -- college/HS crossover games were common this early.",Lincoln_Journal_Star_1924_11_01_9.csv,,,
6,1926,1926-10-17,Bluffton (OH),Visitor,University of Findlay (OH),0,6,3.2,714,"Opponent 'University of Findlay (OH)' is ALREADY explicitly labeled a college/university -- a bare town-name team playing a confirmed college is very likely that same college's varsity/frosh, not the high school. | Pre-1930 season -- college/HS crossover games were common this early.",The_Plain_Dealer_1926_10_17_29.csv,,,
6,1939,1939-11-04,York (NE),Visitor,Midland College (NE),0,0,-0.5,821,"Opponent 'Midland College (NE)' is ALREADY explicitly labeled a college/university -- a bare town-name team playing a confirmed college is very likely that same college's varsity/frosh, not the high school. | This opponent pairing is a one-off (not a recurring year-over-year matchup) -- more consistent with a one-time guarantee game than a conference rivalry. | 1930s/early-1940s season -- crossover games still happened, though less often than the 1920s.",Lincoln_Journal_Star_1939_11_04_11.csv,,,
6,1938,1938-11-12,Grinnell (IA),Visitor,Coe College (IA),0,6,1.7,1110,"Opponent 'Coe College (IA)' is ALREADY explicitly labeled a college/university -- a bare town-name team playing a confirmed college is very likely that same college's varsity/frosh, not the high school. | This opponent pairing is a one-off (not a recurring year-over-year matchup) -- more consistent with a one-time guarantee game than a conference rivalry. | 1930s/early-1940s season -- crossover games still happened, though less often than the 1920s.",Argus_Leader_1938_11_12_Page_3 (1).csv,,,
6,1930,1930-11-28,Georgetown Scott County (KY),Visitor,Centre College (KY),0,22,4.9,1007,"Opponent 'Centre College (KY)' is ALREADY explicitly labeled a college/university -- a bare town-name team playing a confirmed college is very likely that same college's varsity/frosh, not the high school. | This opponent pairing is a one-off (not a recurring year-over-year matchup) -- more consistent with a one-time guarantee game than a conference rivalry. | 1930s/early-1940s season -- crossover games still happened, though less often than the 1920s.",The_Courier_Journal_1930_11_28_Page_14.csv,,,
6,1934,1934-10-13,Murray (KY),Visitor,Millsaps College (MS),6,7,7.5,832,"Opponent 'Millsaps College (MS)' is ALREADY explicitly labeled a college/university -- a bare town-name team playing a confirmed college is very likely that same college's varsity/frosh, not the high school. | This opponent pairing is a one-off (not a recurring year-over-year matchup) -- more consistent with a one-time guarantee game than a conference rivalry. | 1930s/early-1940s season -- crossover games still happened, though less often than the 1920s.",The_Courier_Journal_1934_10_13_Page_14.csv,,,
6,1940,1940-09-28,Valley City (ND),Home,Minot Teachers College (ND),7,6,1.2,953,"Opponent 'Minot Teachers College (ND)' is ALREADY explicitly labeled a college/university -- a bare town-name team playing a confirmed college is very likely that same college's varsity/frosh, not the high school. | This opponent pairing is a one-off (not a recurring year-over-year matchup) -- more consistent with a one-time guarantee game than a conference rivalry. | 1930s/early-1940s season -- crossover games still happened, though less often than the 1920s.",The_Forum_1940_09_28_7.csv,,,
6,1929,1929-11-09,Adrian (MI),Visitor,Findlay (OH),0,13,0.9,877,"Opponent 'Findlay (OH)' is ALSO a risk-listed college-town name -- may be a college-vs-college guarantee game misfiled as HS, or confirms both sides need a look. | This opponent pairing is a one-off (not a recurring year-over-year matchup) -- more consistent with a one-time guarantee game than a conference rivalry. | Pre-1930 season -- college/HS crossover games were common this early.",The_Bay_City_Times_1929_11_09_6.csv,,,
6,1923,1923-09-30,Oberlin (OH),Home,Defiance (OH),27,0,-5.6,712,"Opponent 'Defiance (OH)' is ALSO a risk-listed college-town name -- may be a college-vs-college guarantee game misfiled as HS, or confirms both sides need a look. | This opponent pairing is a one-off (not a recurring year-over-year matchup) -- more consistent with a one-time guarantee game than a conference rivalry. | Pre-1930 season -- college/HS crossover games were common this early.",The_Plain_Dealer_1923_09_30_41 (1).csv,,,
6,1937,1937-10-09,Yankton (SD),Home,University of Sioux Falls (SD),19,18,8.4,975,"Opponent 'University of Sioux Falls (SD)' is ALREADY explicitly labeled a college/university -- a bare town-name team playing a confirmed college is very likely that same college's varsity/frosh, not the high school. | This opponent pairing is a one-off (not a recurring year-over-year matchup) -- more consistent with a one-time guarantee game than a conference rivalry. | 1930s/early-1940s season -- crossover games still happened, though less often than the 1920s.",Argus_Leader_1937_10_09_Page_3.csv,,,
6,1929,1929-11-09,Findlay (OH),Home,Adrian (MI),13,0,2.7,1201,"Opponent 'Adrian (MI)' is ALSO a risk-listed college-town name -- may be a college-vs-college guarantee game misfiled as HS, or confirms both sides need a look. | This opponent pairing is a one-off (not a recurring year-over-year matchup) -- more consistent with a one-time guarantee game than a conference rivalry. | Pre-1930 season -- college/HS crossover games were common this early.",The_Bay_City_Times_1929_11_09_6.csv,,,
6,1931,1931-10-18,Wooster (OH),Home,Akron University (OH),25,0,0.1,1005,"Opponent 'Akron University (OH)' is ALREADY explicitly labeled a college/university -- a bare town-name team playing a confirmed college is very likely that same college's varsity/frosh, not the high school. | This opponent pairing is a one-off (not a recurring year-over-year matchup) -- more consistent with a one-time guarantee game than a conference rivalry. | 1930s/early-1940s season -- crossover games still happened, though less often than the 1920s.",The_Plain_Dealer_1931_10_18_28.csv,,,
6,1937,1937-11-06,Moorhead (MN),Visitor,Sioux Falls (SD),0,31,7.8,900,"Opponent 'Sioux Falls (SD)' is ALSO a risk-listed college-town name -- may be a college-vs-college guarantee game misfiled as HS, or confirms both sides need a look. | Margin (-31) is a 1.9-sigma outlier vs this team's usual margin (7.8 avg). | 1930s/early-1940s season -- crossover games still happened, though less often than the 1920s.",Star_Tribune_1937_11_06_Page_23.csv,,,
6,1934,1934-11-03,Murray (KY),Home,Union College (KY),19,0,7.5,832,"Opponent 'Union College (KY)' is ALREADY explicitly labeled a college/university -- a bare town-name team playing a confirmed college is very likely that same college's varsity/frosh, not the high school. | This opponent pairing is a one-off (not a recurring year-over-year matchup) -- more consistent with a one-time guarantee game than a conference rivalry. | 1930s/early-1940s season -- crossover games still happened, though less often than the 1920s.",The_Courier_Journal_1934_11_03_Page_14.csv,,,
6,1931,1931-10-10,Georgetown Scott County (KY),Home,Xavier University (OH),14,0,4.9,1007,"Opponent 'Xavier University (OH)' is ALREADY explicitly labeled a college/university -- a bare town-name team playing a confirmed college is very likely that same college's varsity/frosh, not the high school. | This opponent pairing is a one-off (not a recurring year-over-year matchup) -- more consistent with a one-time guarantee game than a conference rivalry. | 1930s/early-1940s season -- crossover games still happened, though less often than the 1920s.",The_Courier_Journal_1931_10_10_Page_17.csv,,,
6,1934,1934-10-14,Defiance (OH),Home,Earlham College (OH),14,0,-1.0,862,"Opponent 'Earlham College (OH)' is ALREADY explicitly labeled a college/university -- a bare town-name team playing a confirmed college is very likely that same college's varsity/frosh, not the high school. | This opponent pairing is a one-off (not a recurring year-over-year matchup) -- more consistent with a one-time guarantee game than a conference rivalry. | 1930s/early-1940s season -- crossover games still happened, though less often than the 1920s.",The_Plain_Dealer_1934_10_14_33.csv,,,
6,1926,1926-11-05,Dickinson (ND),Home,Dickinson State University (ND),13,12,-0.9,982,"Opponent 'Dickinson State University (ND)' is ALREADY explicitly labeled a college/university -- a bare town-name team playing a confirmed college is very likely that same college's varsity/frosh, not the high school. | Pre-1930 season -- college/HS crossover games were common this early.",http://www.bhs.bismarckschools.org/bhs/bhsathletics/throwers/history-of-bismarck-high-football/,,,
6,1942,1942-10-03,Yankton (SD),Home,Northern State College (SD),18,6,8.4,975,"Opponent 'Northern State College (SD)' is ALREADY explicitly labeled a college/university -- a bare town-name team playing a confirmed college is very likely that same college's varsity/frosh, not the high school. | This opponent pairing is a one-off (not a recurring year-over-year matchup) -- more consistent with a one-time guarantee game than a conference rivalry. | 1930s/early-1940s season -- crossover games still happened, though less often than the 1920s.",Argus_Leader_1942_10_03_Page_3.csv,,,
6,1921,1921-11-12,York (NE),Home,Lincoln University Place (NE),13,7,-0.5,821,"Opponent 'Lincoln University Place (NE)' is ALREADY explicitly labeled a college/university -- a bare town-name team playing a confirmed college is very likely that same college's varsity/frosh, not the high school. | Pre-1930 season -- college/HS crossover games were common this early.",Lincoln_Journal_Star_1921_11_12_3.csv,,,
6,1931,1931-11-08,Oberlin (OH),Visitor,Kent State University School (OH),0,13,-5.6,712,"Opponent 'Kent State University School (OH)' is ALREADY explicitly labeled a college/university -- a bare town-name team playing a confirmed college is very likely that same college's varsity/frosh, not the high school. | This opponent pairing is a one-off (not a recurring year-over-year matchup) -- more consistent with a one-time guarantee game than a conference rivalry. | 1930s/early-1940s season -- crossover games still happened, though less often than the 1920s.",The_Plain_Dealer_1931_11_08_21.csv,,,
6,1934,1934-10-06,Murray Calloway County (KY),Home,Stetson University (FL),19,7,-5.1,603,"Opponent 'Stetson University (FL)' is ALREADY explicitly labeled a college/university -- a bare town-name team playing a confirmed college is very likely that same college's varsity/frosh, not the high school. | This opponent pairing is a one-off (not a recurring year-over-year matchup) -- more consistent with a one-time guarantee game than a conference rivalry. | 1930s/early-1940s season -- crossover games still happened, though less often than the 1920s.",The_Courier_Journal_1934_10_06_Page_13.csv,,,
6,1930,1930-09-27,Huron (SD),Visitor,Northern State College (SD),0,25,-4.9,908,"Opponent 'Northern State College (SD)' is ALREADY explicitly labeled a college/university -- a bare town-name team playing a confirmed college is very likely that same college's varsity/frosh, not the high school. | This opponent pairing is a one-off (not a recurring year-over-year matchup) -- more consistent with a one-time guarantee game than a conference rivalry. | 1930s/early-1940s season -- crossover games still happened, though less often than the 1920s.",Rapid_City_Journal_1930_09_27_6.csv,,,
6,1932,1932-11-25,Murray (KY),Home,University of Tennessee-Martin (TN),6,2,7.5,832,"Opponent 'University of Tennessee-Martin (TN)' is ALREADY explicitly labeled a college/university -- a bare town-name team playing a confirmed college is very likely that same college's varsity/frosh, not the high school. | This opponent pairing is a one-off (not a recurring year-over-year matchup) -- more consistent with a one-time guarantee game than a conference rivalry. | 1930s/early-1940s season -- crossover games still happened, though less often than the 1920s.",The_Courier_Journal_1932_11_25_Page_14.csv,,,
6,1941,1941-11-07,Monmouth (IL),Home,Monmouth College Fresh (IL),7,6,-2.7,640,"Opponent 'Monmouth College Fresh (IL)' is ALREADY explicitly labeled a college/university -- a bare town-name team playing a confirmed college is very likely that same college's varsity/frosh, not the high school. | This opponent pairing is a one-off (not a recurring year-over-year matchup) -- more consistent with a one-time guarantee game than a conference rivalry. | 1930s/early-1940s season -- crossover games still happened, though less often than the 1920s.",http://www.classmates.com/siteui/yearbooks/90609?page=41,,,
6,1923,1923-09-30,Defiance (OH),Visitor,Oberlin (OH),0,27,-1.0,862,"Opponent 'Oberlin (OH)' is ALSO a risk-listed college-town name -- may be a college-vs-college guarantee game misfiled as HS, or confirms both sides need a look. | This opponent pairing is a one-off (not a recurring year-over-year matchup) -- more consistent with a one-time guarantee game than a conference rivalry. | Pre-1930 season -- college/HS crossover games were common this early.",The_Plain_Dealer_1923_09_30_41 (1).csv,,,
6,1937,1937-10-15,Minot (ND),Visitor,University of North Dakota Fresh (ND),0,18,7.4,1098,"Opponent 'University of North Dakota Fresh (ND)' is ALREADY explicitly labeled a college/university -- a bare town-name team playing a confirmed college is very likely that same college's varsity/frosh, not the high school. | This opponent pairing is a one-off (not a recurring year-over-year matchup) -- more consistent with a one-time guarantee game than a conference rivalry. | 1930s/early-1940s season -- crossover games still happened, though less often than the 1920s.",http://www.bhs.bismarckschools.org/bhs/bhsathletics/throwers/history-of-bismarck-high-football/,,,
6,1922,1922-11-11,Danville (IL),Visitor,Joliet (IL),7,9,4.2,926,"Opponent 'Joliet (IL)' is ALSO a risk-listed college-town name -- may be a college-vs-college guarantee game misfiled as HS, or confirms both sides need a look. | This opponent pairing is a one-off (not a recurring year-over-year matchup) -- more consistent with a one-time guarantee game than a conference rivalry. | Pre-1930 season -- college/HS crossover games were common this early.",https://www.classmates.com/siteui/yearbooks/4182837845?page=64,,,
6,1927,1927-10-15,Yankton (SD),Visitor,Western Union College (IA),7,16,8.4,975,"Opponent 'Western Union College (IA)' is ALREADY explicitly labeled a college/university -- a bare town-name team playing a confirmed college is very likely that same college's varsity/frosh, not the high school. | Pre-1930 season -- college/HS crossover games were common this early.",The_Forum_1927_10_15_8.csv,,,
6,1934,1934-10-28,Bluffton (OH),Home,Earlham College (OH),12,0,3.2,714,"Opponent 'Earlham College (OH)' is ALREADY explicitly labeled a college/university -- a bare town-name team playing a confirmed college is very likely that same college's varsity/frosh, not the high school. | This opponent pairing is a one-off (not a recurring year-over-year matchup) -- more consistent with a one-time guarantee game than a conference rivalry. | 1930s/early-1940s season -- crossover games still happened, though less often than the 1920s.",The_Plain_Dealer_1934_10_28_33.csv,,,
6,1937,1937-10-23,Findlay (OH),Visitor,Capital University (OH),0,6,2.7,1201,"Opponent 'Capital University (OH)' is ALREADY explicitly labeled a college/university -- a bare town-name team playing a confirmed college is very likely that same college's varsity/frosh, not the high school. | This opponent pairing is a one-off (not a recurring year-over-year matchup) -- more consistent with a one-time guarantee game than a conference rivalry. | 1930s/early-1940s season -- crossover games still happened, though less often than the 1920s.",The_Plain_Dealer_1937_10_23_19.csv,,,
6,1922,1922-11-11,Joliet (IL),Home,Danville (IL),9,7,-9.3,928,"Opponent 'Danville (IL)' is ALSO a risk-listed college-town name -- may be a college-vs-college guarantee game misfiled as HS, or confirms both sides need a look. | This opponent pairing is a one-off (not a recurring year-over-year matchup) -- more consistent with a one-time guarantee game than a conference rivalry. | Pre-1930 season -- college/HS crossover games were common this early.",https://www.classmates.com/siteui/yearbooks/4182837845?page=64,,,
6,1927,1927-10-21,Dickinson (ND),Visitor,Dickinson State University (ND),0,13,-0.9,982,"Opponent 'Dickinson State University (ND)' is ALREADY explicitly labeled a college/university -- a bare town-name team playing a confirmed college is very likely that same college's varsity/frosh, not the high school. | Pre-1930 season -- college/HS crossover games were common this early.",http://www.bhs.bismarckschools.org/bhs/bhsathletics/throwers/history-of-bismarck-high-football/,,,
5,1921,1921-10-15,Grand Island (NE),Visitor,Peru Normal (NE),0,28,6.2,931,Margin (-28) is a 1.6-sigma outlier vs this team's usual margin (6.2 avg). | This opponent pairing is a one-off (not a recurring year-over-year matchup) -- more consistent with a one-time guarantee game than a conference rivalry. | Pre-1930 season -- college/HS crossover games were common this early.,Omaha_World_Herald_1921_10_15_20.csv,,,
5,1937,1937-10-30,Grinnell (IA),Visitor,Drake University (IA),7,45,1.7,1110,"Opponent 'Drake University (IA)' is ALREADY explicitly labeled a college/university -- a bare town-name team playing a confirmed college is very likely that same college's varsity/frosh, not the high school. | Margin (-38) is a 1.7-sigma outlier vs this team's usual margin (1.7 avg). | Recurs across 5 different seasons vs this same opponent -- looks like a real, stable HS conference rivalry. | 1930s/early-1940s season -- crossover games still happened, though less often than the 1920s.",The_Des_Moines_Register_1937_10_30_Page_7.csv,,,
5,1929,1929-09-20,Mankato (MN),Home,Winnebago (MN),35,0,2.3,366,Margin (+35) is a 1.7-sigma outlier vs this team's usual margin (2.3 avg). | This opponent pairing is a one-off (not a recurring year-over-year matchup) -- more consistent with a one-time guarantee game than a conference rivalry. | Pre-1930 season -- college/HS crossover games were common this early.,https://www.classmates.com/siteui/yearbooks/60897?page=102,,,
5,1922,1922-11-10,Bowling Green (OH),Home,Findlay (OH),42,0,-2.0,691,"Opponent 'Findlay (OH)' is ALSO a risk-listed college-town name -- may be a college-vs-college guarantee game misfiled as HS, or confirms both sides need a look. | Margin (+42) is a 2.0-sigma outlier vs this team's usual margin (-2.0 avg). | Recurs across 38 different seasons vs this same opponent -- looks like a real, stable HS conference rivalry. | Pre-1930 season -- college/HS crossover games were common this early.",https://www.classmates.com/siteui/yearbooks/72797?page=58,,,
5,1925,1925-10-11,Moorhead (MN),Home,Barnesville (MN),62,0,7.8,900,Margin (+62) is a 2.7-sigma outlier vs this team's usual margin (7.8 avg). | This opponent pairing is a one-off (not a recurring year-over-year matchup) -- more consistent with a one-time guarantee game than a conference rivalry. | Pre-1930 season -- college/HS crossover games were common this early.,The_Forum_1925_10_11_16.csv,,,
5,1920,1920-11-05,Austin (MN),Home,Saint Ansgar (IA),65,6,1.7,1094,Margin (+59) is a 2.6-sigma outlier vs this team's usual margin (1.7 avg). | This opponent pairing is a one-off (not a recurring year-over-year matchup) -- more consistent with a one-time guarantee game than a conference rivalry. | Pre-1930 season -- college/HS crossover games were common this early.,http://www.classmates.com/yearbooks/Austin-High-School/4182759208?page=136,,,
5,1922,1922-10-29,Bluffton (OH),Visitor,Bowling Green (OH),13,30,3.2,714,"Opponent 'Bowling Green (OH)' is ALSO a risk-listed college-town name -- may be a college-vs-college guarantee game misfiled as HS, or confirms both sides need a look. | Pre-1930 season -- college/HS crossover games were common this early.",The_Plain_Dealer_1922_10_29_37 (1).csv,,,
5,1922,1922-10-06,Kearney (NE),Home,Mason City (NE),57,0,2.2,951,Margin (+57) is a 2.5-sigma outlier vs this team's usual margin (2.2 avg). | This opponent pairing is a one-off (not a recurring year-over-year matchup) -- more consistent with a one-time guarantee game than a conference rivalry. | Pre-1930 season -- college/HS crossover games were common this early.,http://www.classmates.com/yearbooks/Kearney-High-School/65666?page=46,,,
5,1922,1922-09-23,Danville (IL),Home,Sidell (IL),73,0,4.2,926,Margin (+73) is a 3.0-sigma outlier vs this team's usual margin (4.2 avg). | This opponent pairing is a one-off (not a recurring year-over-year matchup) -- more consistent with a one-time guarantee game than a conference rivalry. | Pre-1930 season -- college/HS crossover games were common this early.,https://www.classmates.com/siteui/yearbooks/4182837845?page=64,,,
5,1935,1935-11-02,Yankton (SD),Visitor,Yankton (SD),0,13,8.4,975,"Opponent 'Yankton (SD)' is ALSO a risk-listed college-town name -- may be a college-vs-college guarantee game misfiled as HS, or confirms both sides need a look. | This opponent pairing is a one-off (not a recurring year-over-year matchup) -- more consistent with a one-time guarantee game than a conference rivalry. | 1930s/early-1940s season -- crossover games still happened, though less often than the 1920s.",Rapid_City_Journal_1935_11_02_6.csv,,,
5,1923,1923-09-28,Dickinson (ND),Home,Wibaux (MT),47,0,-0.9,982,Margin (+47) is a 2.0-sigma outlier vs this team's usual margin (-0.9 avg). | This opponent pairing is a one-off (not a recurring year-over-year matchup) -- more consistent with a one-time guarantee game than a conference rivalry. | Pre-1930 season -- college/HS crossover games were common this early.,http://www.bhs.bismarckschools.org/bhs/bhsathletics/throwers/history-of-bismarck-high-football/,,,
5,1929,1929-11-02,Jamestown (ND),Visitor,Moorhead (MN),0,56,3.9,347,"Opponent 'Moorhead (MN)' is ALSO a risk-listed college-town name -- may be a college-vs-college guarantee game misfiled as HS, or confirms both sides need a look. | Margin (-56) is a 2.7-sigma outlier vs this team's usual margin (3.9 avg). | Recurs across 4 different seasons vs this same opponent -- looks like a real, stable HS conference rivalry. | Pre-1930 season -- college/HS crossover games were common this early.",Star_Tribune_1929_11_02_Page_34.csv,,,
5,1923,1923-09-28,Rochester (MN),Home,South Saint Paul (MN),79,0,5.8,272,Margin (+79) is a 3.5-sigma outlier vs this team's usual margin (5.8 avg). | This opponent pairing is a one-off (not a recurring year-over-year matchup) -- more consistent with a one-time guarantee game than a conference rivalry. | Pre-1930 season -- college/HS crossover games were common this early.,https://www.classmates.com/siteui/yearbooks/206695?page=109,,,
5,1948,1948-10-02,Marietta (OH),Home,University of Rio Grande (OH),19,0,-3.3,961,"Opponent 'University of Rio Grande (OH)' is ALREADY explicitly labeled a college/university -- a bare town-name team playing a confirmed college is very likely that same college's varsity/frosh, not the high school. | This opponent pairing is a one-off (not a recurring year-over-year matchup) -- more consistent with a one-time guarantee game than a conference rivalry.",The_Akron_Beacon_Journal_1948_10_02_Page_10.csv,,,
5,1935,1935-11-02,Yankton (SD),Home,Yankton (SD),13,0,8.4,975,"Opponent 'Yankton (SD)' is ALSO a risk-listed college-town name -- may be a college-vs-college guarantee game misfiled as HS, or confirms both sides need a look. | This opponent pairing is a one-off (not a recurring year-over-year matchup) -- more consistent with a one-time guarantee game than a conference rivalry. | 1930s/early-1940s season -- crossover games still happened, though less often than the 1920s.",Rapid_City_Journal_1935_11_02_6.csv,,,
5,1942,1942-10-17,Yankton (SD),Home,Western Union College (IA),19,0,8.4,975,"Opponent 'Western Union College (IA)' is ALREADY explicitly labeled a college/university -- a bare town-name team playing a confirmed college is very likely that same college's varsity/frosh, not the high school. | 1930s/early-1940s season -- crossover games still happened, though less often than the 1920s.",Argus_Leader_1942_10_17_Page_3.csv,,,
5,1924,1924-11-01,Peru (NE),Visitor,Pawnee City (NE),0,41,-7.2,25,Margin (-41) is a 2.2-sigma outlier vs this team's usual margin (-7.2 avg). | This opponent pairing is a one-off (not a recurring year-over-year matchup) -- more consistent with a one-time guarantee game than a conference rivalry. | Pre-1930 season -- college/HS crossover games were common this early.,Lincoln_Journal_Star_1924_11_01_9.csv,,,
5,1941,1941-10-04,Albion (MI),Home,Kalamazoo University High (MI),12,0,-4.1,550,"Opponent 'Kalamazoo University High (MI)' is ALREADY explicitly labeled a college/university -- a bare town-name team playing a confirmed college is very likely that same college's varsity/frosh, not the high school. | 1930s/early-1940s season -- crossover games still happened, though less often than the 1920s.",Lansing_State_Journal_1941_10_04_Page_10.csv,,,
5,1923,1923-10-01,Sioux Falls (SD),Visitor,Parker (SD),54,0,7.5,125,Margin (+54) is a 2.1-sigma outlier vs this team's usual margin (7.5 avg). | This opponent pairing is a one-off (not a recurring year-over-year matchup) -- more consistent with a one-time guarantee game than a conference rivalry. | Pre-1930 season -- college/HS crossover games were common this early.,Argus_Leader_1923_10_01_Page_9.csv,,,
5,1924,1924-10-03,DeKalb (IL),Visitor,Freeport (IL),0,46,-3.7,886,Margin (-46) is a 1.9-sigma outlier vs this team's usual margin (-3.7 avg). | This opponent pairing is a one-off (not a recurring year-over-year matchup) -- more consistent with a one-time guarantee game than a conference rivalry. | Pre-1930 season -- college/HS crossover games were common this early.,http://www.classmates.com/yearbooks/Freeport-High-School/82240?page=72,,,
5,1924,1924-09-26,Minot (ND),Home,Westhope (ND),69,0,7.4,1098,Margin (+69) is a 2.6-sigma outlier vs this team's usual margin (7.4 avg). | This opponent pairing is a one-off (not a recurring year-over-year matchup) -- more consistent with a one-time guarantee game than a conference rivalry. | Pre-1930 season -- college/HS crossover games were common this early.,http://www.bhs.bismarckschools.org/bhs/bhsathletics/throwers/history-of-bismarck-high-football/,,,
5,1923,1923-11-30,Grand Island (NE),Home,Hastings (NE),39,0,6.2,931,"Opponent 'Hastings (NE)' is ALSO a risk-listed college-town name -- may be a college-vs-college guarantee game misfiled as HS, or confirms both sides need a look. | Margin (+39) is a 1.5-sigma outlier vs this team's usual margin (6.2 avg). | Recurs across 62 different seasons vs this same opponent -- looks like a real, stable HS conference rivalry. | Pre-1930 season -- college/HS crossover games were common this early.",https://www.classmates.com/siteui/yearbooks/64706?page=73,,,
5,1923,1923-11-25,Defiance (OH),Home,Highland Park (MI),54,6,-1.0,862,Margin (+48) is a 2.0-sigma outlier vs this team's usual margin (-1.0 avg). | This opponent pairing is a one-off (not a recurring year-over-year matchup) -- more consistent with a one-time guarantee game than a conference rivalry. | Pre-1930 season -- college/HS crossover games were common this early.,The_Plain_Dealer_1923_11_25_41 (1).csv,,,
5,1922,1922-10-13,Findlay (OH),Home,Bluffton (OH),63,13,2.7,1201,"Opponent 'Bluffton (OH)' is ALSO a risk-listed college-town name -- may be a college-vs-college guarantee game misfiled as HS, or confirms both sides need a look. | Margin (+50) is a 2.1-sigma outlier vs this team's usual margin (2.7 avg). | Recurs across 6 different seasons vs this same opponent -- looks like a real, stable HS conference rivalry. | Pre-1930 season -- college/HS crossover games were common this early.",https://www.classmates.com/siteui/yearbooks/72797?page=58,,,
5,1925,1925-11-08,DeKalb (IL),Visitor,Mooseheart (IL),0,39,-3.7,886,Margin (-39) is a 1.6-sigma outlier vs this team's usual margin (-3.7 avg). | This opponent pairing is a one-off (not a recurring year-over-year matchup) -- more consistent with a one-time guarantee game than a conference rivalry. | Pre-1930 season -- college/HS crossover games were common this early.,Chicago_Tribune_1925_11_08_29.csv,,,
5,1921,1921-10-21,Hastings (NE),Home,Kearney (NE),34,0,-1.5,909,"Opponent 'Kearney (NE)' is ALSO a risk-listed college-town name -- may be a college-vs-college guarantee game misfiled as HS, or confirms both sides need a look. | Margin (+34) is a 1.6-sigma outlier vs this team's usual margin (-1.5 avg). | Recurs across 45 different seasons vs this same opponent -- looks like a real, stable HS conference rivalry. | Pre-1930 season -- college/HS crossover games were common this early.",https://www.classmates.com/siteui/yearbooks/4182785876?page=77,,,
5,1958,1958-10-04,Jamestown (ND),Home,Bismarck Junior College (ND),58,6,3.9,347,"Opponent 'Bismarck Junior College (ND)' is ALREADY explicitly labeled a college/university -- a bare town-name team playing a confirmed college is very likely that same college's varsity/frosh, not the high school. | Margin (+52) is a 2.2-sigma outlier vs this team's usual margin (3.9 avg). | This opponent pairing is a one-off (not a recurring year-over-year matchup) -- more consistent with a one-time guarantee game than a conference rivalry. | 1950 or later -- college/HS crossover games had essentially stopped by this point, so this is most likely a genuine same-name high school, not a misfiled college game.",Star_Tribune_1958_10_04_Page_10.csv,,,
5,1921,1921-10-22,Monmouth (IL),Home,Peoria Manual Academy (IL),49,0,-2.7,640,Margin (+49) is a 2.2-sigma outlier vs this team's usual margin (-2.7 avg). | This opponent pairing is a one-off (not a recurring year-over-year matchup) -- more consistent with a one-time guarantee game than a conference rivalry. | Pre-1930 season -- college/HS crossover games were common this early.,https://www.newspapers.com/image/28708963,,,
5,1929,1929-11-02,Moorhead (MN),Home,Jamestown (ND),56,0,7.8,900,"Opponent 'Jamestown (ND)' is ALSO a risk-listed college-town name -- may be a college-vs-college guarantee game misfiled as HS, or confirms both sides need a look. | Margin (+56) is a 2.4-sigma outlier vs this team's usual margin (7.8 avg). | Recurs across 4 different seasons vs this same opponent -- looks like a real, stable HS conference rivalry. | Pre-1930 season -- college/HS crossover games were common this early.",Star_Tribune_1929_11_02_Page_34.csv,,,
5,1925,1925-10-03,Huron (SD),Home,Lake Preston (SD),57,0,-4.9,908,Margin (+57) is a 3.1-sigma outlier vs this team's usual margin (-4.9 avg). | This opponent pairing is a one-off (not a recurring year-over-year matchup) -- more consistent with a one-time guarantee game than a conference rivalry. | Pre-1930 season -- college/HS crossover games were common this early.,The_Minneapolis_Star_1925_10_03_Page_14.csv,,,
5,1924,1924-10-04,Valley City (ND),Home,Estelline (SD),40,0,1.2,953,Margin (+40) is a 1.6-sigma outlier vs this team's usual margin (1.2 avg). | This opponent pairing is a one-off (not a recurring year-over-year matchup) -- more consistent with a one-time guarantee game than a conference rivalry. | Pre-1930 season -- college/HS crossover games were common this early.,Argus_Leader_1924_10_04_Page_9.csv,,,
5,1921,1921-11-25,Hastings (NE),Visitor,York (NE),7,42,-1.5,909,"Opponent 'York (NE)' is ALSO a risk-listed college-town name -- may be a college-vs-college guarantee game misfiled as HS, or confirms both sides need a look. | Margin (-35) is a 1.5-sigma outlier vs this team's usual margin (-1.5 avg). | Recurs across 40 different seasons vs this same opponent -- looks like a real, stable HS conference rivalry. | Pre-1930 season -- college/HS crossover games were common this early.",https://www.classmates.com/siteui/yearbooks/4182785876?page=77,,,
5,1921,1921-10-02,Bluffton (OH),Visitor,Toledo MR Waite (OH),0,49,3.2,714,Margin (-49) is a 2.1-sigma outlier vs this team's usual margin (3.2 avg). | This opponent pairing is a one-off (not a recurring year-over-year matchup) -- more consistent with a one-time guarantee game than a conference rivalry. | Pre-1930 season -- college/HS crossover games were common this early.,The_Plain_Dealer_1921_10_02_19.csv,,,
5,1921,1921-11-04,Wheaton (IL),Visitor,Toledo Scott (OH),0,35,7.9,278,Margin (-35) is a 1.8-sigma outlier vs this team's usual margin (7.9 avg). | This opponent pairing is a one-off (not a recurring year-over-year matchup) -- more consistent with a one-time guarantee game than a conference rivalry. | Pre-1930 season -- college/HS crossover games were common this early.,http://www.classmates.com/yearbooks/Wheaton-Community-High-School/105245?page=52,,,
5,1922,1922-11-19,Wheaton (IL),Visitor,Lisle St. Procopius Academy (IL),7,40,7.9,278,Margin (-33) is a 1.8-sigma outlier vs this team's usual margin (7.9 avg). | This opponent pairing is a one-off (not a recurring year-over-year matchup) -- more consistent with a one-time guarantee game than a conference rivalry. | Pre-1930 season -- college/HS crossover games were common this early.,Chicago_Tribune_1922_11_19_24.csv,,,
5,1940,1940-10-05,Albion (MI),Home,Kalamazoo University High (MI),8,7,-4.1,550,"Opponent 'Kalamazoo University High (MI)' is ALREADY explicitly labeled a college/university -- a bare town-name team playing a confirmed college is very likely that same college's varsity/frosh, not the high school. | 1930s/early-1940s season -- crossover games still happened, though less often than the 1920s.",Lansing_State_Journal_1940_10_05_Page_10.csv,,,
5,1927,1927-11-05,Yankton (SD),Visitor,Columbus (ND),6,52,8.4,975,Margin (-46) is a 2.7-sigma outlier vs this team's usual margin (8.4 avg). | This opponent pairing is a one-off (not a recurring year-over-year matchup) -- more consistent with a one-time guarantee game than a conference rivalry. | Pre-1930 season -- college/HS crossover games were common this early.,Star_Tribune_1927_11_05_Page_26 (1).csv,,,
5,1921,1921-10-01,Kearney (NE),Visitor,Cambridge (NE),0,56,2.2,951,Margin (-56) is a 2.7-sigma outlier vs this team's usual margin (2.2 avg). | This opponent pairing is a one-off (not a recurring year-over-year matchup) -- more consistent with a one-time guarantee game than a conference rivalry. | Pre-1930 season -- college/HS crossover games were common this early.,Omaha_World_Herald_1921_10_01_20.csv,,,
5,1927,1927-10-14,Minot (ND),Home,Glenburn (ND),62,0,7.4,1098,Margin (+62) is a 2.3-sigma outlier vs this team's usual margin (7.4 avg). | This opponent pairing is a one-off (not a recurring year-over-year matchup) -- more consistent with a one-time guarantee game than a conference rivalry. | Pre-1930 season -- college/HS crossover games were common this early.,http://www.bhs.bismarckschools.org/bhs/bhsathletics/throwers/history-of-bismarck-high-football/,,,
5,1927,1927-10-07,Minot (ND),Home,Stanley (ND),112,0,7.4,1098,Margin (+112) is a 4.5-sigma outlier vs this team's usual margin (7.4 avg). | This opponent pairing is a one-off (not a recurring year-over-year matchup) -- more consistent with a one-time guarantee game than a conference rivalry. | Pre-1930 season -- college/HS crossover games were common this early.,http://www.bhs.bismarckschools.org/bhs/bhsathletics/throwers/history-of-bismarck-high-football/,,,
5,1927,1927-09-25,Wheaton (IL),Home,Lockport Township (IL),74,0,7.9,278,Margin (+74) is a 2.8-sigma outlier vs this team's usual margin (7.9 avg). | This opponent pairing is a one-off (not a recurring year-over-year matchup) -- more consistent with a one-time guarantee game than a conference rivalry. | Pre-1930 season -- college/HS crossover games were common this early.,Chicago_Tribune_1927_09_25_30.csv,,,
5,1927,1927-10-07,Rochester (MN),Home,Preston (MN),37,0,5.8,272,Margin (+37) is a 1.5-sigma outlier vs this team's usual margin (5.8 avg). | This opponent pairing is a one-off (not a recurring year-over-year matchup) -- more consistent with a one-time guarantee game than a conference rivalry. | Pre-1930 season -- college/HS crossover games were common this early.,https://www.classmates.com/siteui/yearbooks/83913?page=150,,,
5,1928,1928-10-14,Defiance (OH),Visitor,Bowling Green (OH),0,40,-1.0,862,"Opponent 'Bowling Green (OH)' is ALSO a risk-listed college-town name -- may be a college-vs-college guarantee game misfiled as HS, or confirms both sides need a look. | Margin (-40) is a 1.6-sigma outlier vs this team's usual margin (-1.0 avg). | Recurs across 22 different seasons vs this same opponent -- looks like a real, stable HS conference rivalry. | Pre-1930 season -- college/HS crossover games were common this early.",The_Plain_Dealer_1928_10_14_29.csv,,,
5,1934,1934-10-28,Findlay (OH),Home,Ferris State University (MI),12,6,2.7,1201,"Opponent 'Ferris State University (MI)' is ALREADY explicitly labeled a college/university -- a bare town-name team playing a confirmed college is very likely that same college's varsity/frosh, not the high school. | 1930s/early-1940s season -- crossover games still happened, though less often than the 1920s.",The_Plain_Dealer_1934_10_28_33.csv,,,
5,1920,1920-11-26,Defiance (OH),Home,Bluffton (OH),39,0,-1.0,862,"Opponent 'Bluffton (OH)' is ALSO a risk-listed college-town name -- may be a college-vs-college guarantee game misfiled as HS, or confirms both sides need a look. | Margin (+39) is a 1.7-sigma outlier vs this team's usual margin (-1.0 avg). | Recurs across 3 different seasons vs this same opponent -- looks like a real, stable HS conference rivalry. | Pre-1930 season -- college/HS crossover games were common this early.",The_Plain_Dealer_1920_11_26_17.csv,,,
5,1920,1920-10-24,Defiance (OH),Home,Bowling Green (OH),75,0,-1.0,862,"Opponent 'Bowling Green (OH)' is ALSO a risk-listed college-town name -- may be a college-vs-college guarantee game misfiled as HS, or confirms both sides need a look. | Margin (+75) is a 3.2-sigma outlier vs this team's usual margin (-1.0 avg). | Recurs across 22 different seasons vs this same opponent -- looks like a real, stable HS conference rivalry. | Pre-1930 season -- college/HS crossover games were common this early.",The_Plain_Dealer_1920_10_24_21 (1).csv,,,
5,1920,1920-10-24,Bowling Green (OH),Visitor,Defiance (OH),0,75,-2.0,691,"Opponent 'Defiance (OH)' is ALSO a risk-listed college-town name -- may be a college-vs-college guarantee game misfiled as HS, or confirms both sides need a look. | Margin (-75) is a 3.3-sigma outlier vs this team's usual margin (-2.0 avg). | Recurs across 22 different seasons vs this same opponent -- looks like a real, stable HS conference rivalry. | Pre-1930 season -- college/HS crossover games were common this early.",The_Plain_Dealer_1920_10_24_21 (1).csv,,,
5,1926,1926-11-05,Findlay (OH),Home,Defiance (OH),67,0,2.7,1201,"Opponent 'Defiance (OH)' is ALSO a risk-listed college-town name -- may be a college-vs-college guarantee game misfiled as HS, or confirms both sides need a look. | Margin (+67) is a 2.8-sigma outlier vs this team's usual margin (2.7 avg). | Recurs across 11 different seasons vs this same opponent -- looks like a real, stable HS conference rivalry. | Pre-1930 season -- college/HS crossover games were common this early.",https://www.classmates.com/siteui/yearbooks/62260?page=106,,,
5,1948,1948-10-02,Yankton (SD),Visitor,Westmar College (IA),0,20,8.4,975,"Opponent 'Westmar College (IA)' is ALREADY explicitly labeled a college/university -- a bare town-name team playing a confirmed college is very likely that same college's varsity/frosh, not the high school. | This opponent pairing is a one-off (not a recurring year-over-year matchup) -- more consistent with a one-time guarantee game than a conference rivalry.",Star_Tribune_1948_10_02_Page_12.csv,,,
5,1935,1935-10-20,Findlay (OH),Home,Ferris State University (MI),33,6,2.7,1201,"Opponent 'Ferris State University (MI)' is ALREADY explicitly labeled a college/university -- a bare town-name team playing a confirmed college is very likely that same college's varsity/frosh, not the high school. | 1930s/early-1940s season -- crossover games still happened, though less often than the 1920s.",The_Plain_Dealer_1935_10_20_38.csv,,,
5,1950,1950-10-15,Carthage (IL),Visitor,Illinois Wesleyan University (IL),0,49,14.4,457,"Opponent 'Illinois Wesleyan University (IL)' is ALREADY explicitly labeled a college/university -- a bare town-name team playing a confirmed college is very likely that same college's varsity/frosh, not the high school. | Margin (-49) is a 2.4-sigma outlier vs this team's usual margin (14.4 avg). | This opponent pairing is a one-off (not a recurring year-over-year matchup) -- more consistent with a one-time guarantee game than a conference rivalry. | 1950 or later -- college/HS crossover games had essentially stopped by this point, so this is most likely a genuine same-name high school, not a misfiled college game.",The_Pantagraph_1950_10_15_Page_12.csv,,,
5,1921,1921-10-14,Bluffton (OH),Visitor,Toledo MR Waite (OH),0,48,3.2,714,Margin (-48) is a 2.0-sigma outlier vs this team's usual margin (3.2 avg). | This opponent pairing is a one-off (not a recurring year-over-year matchup) -- more consistent with a one-time guarantee game than a conference rivalry. | Pre-1930 season -- college/HS crossover games were common this early.,http://www.classmates.com/yearbooks/Waite-High-School/53670?page=174,,,
5,1928,1928-11-18,Bowling Green (OH),Home,Carey (OH),74,0,-2.0,691,Margin (+74) is a 3.5-sigma outlier vs this team's usual margin (-2.0 avg). | This opponent pairing is a one-off (not a recurring year-over-year matchup) -- more consistent with a one-time guarantee game than a conference rivalry. | Pre-1930 season -- college/HS crossover games were common this early.,The_Plain_Dealer_1928_11_18_31.csv,,,
5,1922,1922-10-13,Bluffton (OH),Visitor,Findlay (OH),13,63,3.2,714,"Opponent 'Findlay (OH)' is ALSO a risk-listed college-town name -- may be a college-vs-college guarantee game misfiled as HS, or confirms both sides need a look. | Margin (-50) is a 2.1-sigma outlier vs this team's usual margin (3.2 avg). | Recurs across 6 different seasons vs this same opponent -- looks like a real, stable HS conference rivalry. | Pre-1930 season -- college/HS crossover games were common this early.",https://www.classmates.com/siteui/yearbooks/72797?page=58,,,
5,1920,1920-11-12,Oshkosh (WI),Visitor,Madison Central (WI),0,23,4.9,268,Margin (-23) is a 1.6-sigma outlier vs this team's usual margin (4.9 avg). | This opponent pairing is a one-off (not a recurring year-over-year matchup) -- more consistent with a one-time guarantee game than a conference rivalry. | Pre-1930 season -- college/HS crossover games were common this early.,http://www.e-yearbook.com/sp/eybb?school=118196&year=1921&up=1&startpage=135,,,
5,1927,1927-10-22,Georgetown Scott County (KY),Home,Mount Sterling (KY),59,0,4.9,1007,Margin (+59) is a 2.1-sigma outlier vs this team's usual margin (4.9 avg). | This opponent pairing is a one-off (not a recurring year-over-year matchup) -- more consistent with a one-time guarantee game than a conference rivalry. | Pre-1930 season -- college/HS crossover games were common this early.,The_Courier_Journal_1927_10_22_Page_12.csv,,,
5,1924,1924-10-25,Valley City (ND),Home,Jamestown (ND),62,0,1.2,953,"Opponent 'Jamestown (ND)' is ALSO a risk-listed college-town name -- may be a college-vs-college guarantee game misfiled as HS, or confirms both sides need a look. | Margin (+62) is a 2.5-sigma outlier vs this team's usual margin (1.2 avg). | Recurs across 43 different seasons vs this same opponent -- looks like a real, stable HS conference rivalry. | Pre-1930 season -- college/HS crossover games were common this early.",The_Minneapolis_Star_1924_10_25_Page_13.csv,,,
5,1923,1923-09-29,Huron (SD),Home,Highmore (SD),32,0,-4.9,908,Margin (+32) is a 1.8-sigma outlier vs this team's usual margin (-4.9 avg). | This opponent pairing is a one-off (not a recurring year-over-year matchup) -- more consistent with a one-time guarantee game than a conference rivalry. | Pre-1930 season -- college/HS crossover games were common this early.,The_Minneapolis_Star_1923_09_29_Page_11.csv,,,
5,1922,1922-10-29,Bowling Green (OH),Home,Bluffton (OH),30,13,-2.0,691,"Opponent 'Bluffton (OH)' is ALSO a risk-listed college-town name -- may be a college-vs-college guarantee game misfiled as HS, or confirms both sides need a look. | Pre-1930 season -- college/HS crossover games were common this early.",The_Plain_Dealer_1922_10_29_37 (1).csv,,,
5,1920,1920-09-10,Joliet (IL),Visitor,Streator Township (IL),0,55,-9.3,928,Margin (-55) is a 2.0-sigma outlier vs this team's usual margin (-9.3 avg). | This opponent pairing is a one-off (not a recurring year-over-year matchup) -- more consistent with a one-time guarantee game than a conference rivalry. | Pre-1930 season -- college/HS crossover games were common this early.,http://www.classmates.com/yearbooks/Streator-Township-High-School/206972?page=78,,,
5,1922,1922-10-20,Macomb (IL),Home,Jacksonville Routt Catholic (IL),83,6,1.2,729,Margin (+77) is a 3.3-sigma outlier vs this team's usual margin (1.2 avg). | This opponent pairing is a one-off (not a recurring year-over-year matchup) -- more consistent with a one-time guarantee game than a conference rivalry. | Pre-1930 season -- college/HS crossover games were common this early.,https://www.classmates.com/siteui/yearbooks/4182838512?page=98,,,
5,1946,1946-11-02,Jamestown (ND),Home,Mayville Teachers College (ND),6,0,3.9,347,"Opponent 'Mayville Teachers College (ND)' is ALREADY explicitly labeled a college/university -- a bare town-name team playing a confirmed college is very likely that same college's varsity/frosh, not the high school. | This opponent pairing is a one-off (not a recurring year-over-year matchup) -- more consistent with a one-time guarantee game than a conference rivalry.",The_Forum_1946_11_02_7.csv,,,
5,1928,1928-10-14,Bowling Green (OH),Home,Defiance (OH),40,0,-2.0,691,"Opponent 'Defiance (OH)' is ALSO a risk-listed college-town name -- may be a college-vs-college guarantee game misfiled as HS, or confirms both sides need a look. | Margin (+40) is a 1.9-sigma outlier vs this team's usual margin (-2.0 avg). | Recurs across 22 different seasons vs this same opponent -- looks like a real, stable HS conference rivalry. | Pre-1930 season -- college/HS crossover games were common this early.",The_Plain_Dealer_1928_10_14_29.csv,,,
5,1926,1926-10-15,Mankato (MN),Visitor,Rochester (MN),0,32,2.3,366,"Opponent 'Rochester (MN)' is ALSO a risk-listed college-town name -- may be a college-vs-college guarantee game misfiled as HS, or confirms both sides need a look. | Margin (-32) is a 1.8-sigma outlier vs this team's usual margin (2.3 avg). | Recurs across 28 different seasons vs this same opponent -- looks like a real, stable HS conference rivalry. | Pre-1930 season -- college/HS crossover games were common this early.",https://www.classmates.com/siteui/yearbooks/98465?page=141,,,
5,1921,1921-11-25,York (NE),Home,Hastings (NE),42,7,-0.5,821,"Opponent 'Hastings (NE)' is ALSO a risk-listed college-town name -- may be a college-vs-college guarantee game misfiled as HS, or confirms both sides need a look. | Margin (+35) is a 1.6-sigma outlier vs this team's usual margin (-0.5 avg). | Recurs across 40 different seasons vs this same opponent -- looks like a real, stable HS conference rivalry. | Pre-1930 season -- college/HS crossover games were common this early.",https://www.classmates.com/siteui/yearbooks/4182785876?page=77,,,
5,1922,1922-10-27,Austin (MN),Visitor,Rochester (MN),0,32,1.7,1094,"Opponent 'Rochester (MN)' is ALSO a risk-listed college-town name -- may be a college-vs-college guarantee game misfiled as HS, or confirms both sides need a look. | Margin (-32) is a 1.6-sigma outlier vs this team's usual margin (1.7 avg). | Recurs across 45 different seasons vs this same opponent -- looks like a real, stable HS conference rivalry. | Pre-1930 season -- college/HS crossover games were common this early.",http://www.classmates.com/yearbooks/Austin-High-School/4182759210?page=122,,,
5,1934,1934-10-12,Austin (MN),Visitor,La Crosse (WI),0,7,1.7,1094,"Opponent 'La Crosse (WI)' is ALSO a risk-listed college-town name -- may be a college-vs-college guarantee game misfiled as HS, or confirms both sides need a look. | This opponent pairing is a one-off (not a recurring year-over-year matchup) -- more consistent with a one-time guarantee game than a conference rivalry. | 1930s/early-1940s season -- crossover games still happened, though less often than the 1920s.",http://www.classmates.com/yearbooks/Austin-High-School/76615?page=90,,,
5,1921,1921-10-09,River Falls (WI),Visitor,University of Minnesota High School (MN),0,42,2.3,556,Margin (-42) is a 2.1-sigma outlier vs this team's usual margin (2.3 avg). | This opponent pairing is a one-off (not a recurring year-over-year matchup) -- more consistent with a one-time guarantee game than a conference rivalry. | Pre-1930 season -- college/HS crossover games were common this early.,Grand_Forks_Herald_1921_10_09_9.csv,,,
5,1922,1922-10-07,Kearney (NE),Home,Mason City (IA),57,0,2.2,951,Margin (+57) is a 2.5-sigma outlier vs this team's usual margin (2.2 avg). | This opponent pairing is a one-off (not a recurring year-over-year matchup) -- more consistent with a one-time guarantee game than a conference rivalry. | Pre-1930 season -- college/HS crossover games were common this early.,Lincoln_Journal_Star_1922_10_07_5.csv,,,
5,1922,1922-09-29,Grand Island (NE),Visitor,Kearney (NE),0,26,6.2,931,"Opponent 'Kearney (NE)' is ALSO a risk-listed college-town name -- may be a college-vs-college guarantee game misfiled as HS, or confirms both sides need a look. | Margin (-26) is a 1.5-sigma outlier vs this team's usual margin (6.2 avg). | Recurs across 77 different seasons vs this same opponent -- looks like a real, stable HS conference rivalry. | Pre-1930 season -- college/HS crossover games were common this early.",http://www.classmates.com/yearbooks/Kearney-High-School/65666?page=46,,,
5,1924,1924-10-25,Jamestown (ND),Visitor,Valley City (ND),0,62,3.9,347,"Opponent 'Valley City (ND)' is ALSO a risk-listed college-town name -- may be a college-vs-college guarantee game misfiled as HS, or confirms both sides need a look. | Margin (-62) is a 3.0-sigma outlier vs this team's usual margin (3.9 avg). | Recurs across 43 different seasons vs this same opponent -- looks like a real, stable HS conference rivalry. | Pre-1930 season -- college/HS crossover games were common this early.",The_Minneapolis_Star_1924_10_25_Page_13.csv,,,
5,1925,1925-10-04,Oberlin (OH),Visitor,Ashtabula Harbor (OH),0,45,-5.6,712,Margin (-45) is a 1.6-sigma outlier vs this team's usual margin (-5.6 avg). | This opponent pairing is a one-off (not a recurring year-over-year matchup) -- more consistent with a one-time guarantee game than a conference rivalry. | Pre-1930 season -- college/HS crossover games were common this early.,The_Plain_Dealer_1925_10_04_17 (2).csv,,,
5,1926,1926-11-05,Defiance (OH),Visitor,Findlay (OH),0,67,-1.0,862,"Opponent 'Findlay (OH)' is ALSO a risk-listed college-town name -- may be a college-vs-college guarantee game misfiled as HS, or confirms both sides need a look. | Margin (-67) is a 2.8-sigma outlier vs this team's usual margin (-1.0 avg). | Recurs across 11 different seasons vs this same opponent -- looks like a real, stable HS conference rivalry. | Pre-1930 season -- college/HS crossover games were common this early.",https://www.classmates.com/siteui/yearbooks/62260?page=106,,,
5,1921,1921-11-04,Wheaton (IL),Visitor,Toledo Scott (OH),0,39,7.9,278,Margin (-39) is a 2.0-sigma outlier vs this team's usual margin (7.9 avg). | This opponent pairing is a one-off (not a recurring year-over-year matchup) -- more consistent with a one-time guarantee game than a conference rivalry. | Pre-1930 season -- college/HS crossover games were common this early.,http://www.classmates.com/yearbooks/Scott-High-School/54244?page=132,,,
5,1922,1922-11-10,Findlay (OH),Visitor,Bowling Green (OH),0,42,2.7,1201,"Opponent 'Bowling Green (OH)' is ALSO a risk-listed college-town name -- may be a college-vs-college guarantee game misfiled as HS, or confirms both sides need a look. | Margin (-42) is a 2.0-sigma outlier vs this team's usual margin (2.7 avg). | Recurs across 38 different seasons vs this same opponent -- looks like a real, stable HS conference rivalry. | Pre-1930 season -- college/HS crossover games were common this early.",https://www.classmates.com/siteui/yearbooks/72797?page=58,,,
5,1921,1921-10-21,Kearney (NE),Visitor,Hastings (NE),0,34,2.2,951,"Opponent 'Hastings (NE)' is ALSO a risk-listed college-town name -- may be a college-vs-college guarantee game misfiled as HS, or confirms both sides need a look. | Margin (-34) is a 1.7-sigma outlier vs this team's usual margin (2.2 avg). | Recurs across 45 different seasons vs this same opponent -- looks like a real, stable HS conference rivalry. | Pre-1930 season -- college/HS crossover games were common this early.",https://www.classmates.com/siteui/yearbooks/4182785876?page=77,,,
5,1920,1920-11-26,Bluffton (OH),Visitor,Defiance (OH),0,39,3.2,714,"Opponent 'Defiance (OH)' is ALSO a risk-listed college-town name -- may be a college-vs-college guarantee game misfiled as HS, or confirms both sides need a look. | Margin (-39) is a 1.7-sigma outlier vs this team's usual margin (3.2 avg). | Recurs across 3 different seasons vs this same opponent -- looks like a real, stable HS conference rivalry. | Pre-1930 season -- college/HS crossover games were common this early.",The_Plain_Dealer_1920_11_26_17.csv,,,
5,1923,1923-11-30,Hastings (NE),Visitor,Grand Island (NE),0,39,-1.5,909,"Opponent 'Grand Island (NE)' is ALSO a risk-listed college-town name -- may be a college-vs-college guarantee game misfiled as HS, or confirms both sides need a look. | Margin (-39) is a 1.7-sigma outlier vs this team's usual margin (-1.5 avg). | Recurs across 62 different seasons vs this same opponent -- looks like a real, stable HS conference rivalry. | Pre-1930 season -- college/HS crossover games were common this early.",https://www.classmates.com/siteui/yearbooks/64706?page=73,,,
5,1929,1929-10-06,Jamestown (ND),Visitor,Minot (ND),6,45,3.9,347,"Opponent 'Minot (ND)' is ALSO a risk-listed college-town name -- may be a college-vs-college guarantee game misfiled as HS, or confirms both sides need a look. | Margin (-39) is a 1.9-sigma outlier vs this team's usual margin (3.9 avg). | Recurs across 25 different seasons vs this same opponent -- looks like a real, stable HS conference rivalry. | Pre-1930 season -- college/HS crossover games were common this early.",The_Forum_1929_10_06_15.csv,,,
5,1922,1922-11-26,Bowling Green (OH),Home,Mount Cory (OH),34,0,-2.0,691,Margin (+34) is a 1.6-sigma outlier vs this team's usual margin (-2.0 avg). | This opponent pairing is a one-off (not a recurring year-over-year matchup) -- more consistent with a one-time guarantee game than a conference rivalry. | Pre-1930 season -- college/HS crossover games were common this early.,The_Plain_Dealer_1922_11_26_41 (1).csv,,,
5,1934,1934-10-12,La Crosse (WI),Home,Austin (MN),7,0,-7.9,7,"Opponent 'Austin (MN)' is ALSO a risk-listed college-town name -- may be a college-vs-college guarantee game misfiled as HS, or confirms both sides need a look. | This opponent pairing is a one-off (not a recurring year-over-year matchup) -- more consistent with a one-time guarantee game than a conference rivalry. | 1930s/early-1940s season -- crossover games still happened, though less often than the 1920s.",http://www.classmates.com/yearbooks/Austin-High-School/76615?page=90,,,
5,1935,1935-11-02,Eureka (IL),Visitor,Illinois State University (IL),6,13,1.1,682,"Opponent 'Illinois State University (IL)' is ALREADY explicitly labeled a college/university -- a bare town-name team playing a confirmed college is very likely that same college's varsity/frosh, not the high school. | 1930s/early-1940s season -- crossover games still happened, though less often than the 1920s.",The_Pantagraph_1935_11_02_Page_10.csv,,,
5,1931,1931-10-24,Eureka (IL),Visitor,Illinois State University (IL),12,0,1.1,682,"Opponent 'Illinois State University (IL)' is ALREADY explicitly labeled a college/university -- a bare town-name team playing a confirmed college is very likely that same college's varsity/frosh, not the high school. | 1930s/early-1940s season -- crossover games still happened, though less often than the 1920s.",The_Pantagraph_1931_10_24_Page_10.csv,,,
4,1928,1928-09-30,Eureka (IL),Visitor,Normal University High (IL),0,19,1.1,682,"Opponent 'Normal University High (IL)' is ALREADY explicitly labeled a college/university -- a bare town-name team playing a confirmed college is very likely that same college's varsity/frosh, not the high school. | Recurs across 22 different seasons vs this same opponent -- looks like a real, stable HS conference rivalry. | Pre-1930 season -- college/HS crossover games were common this early.",The_Pantagraph_1928_09_30_Page_17.csv,,,
4,1948,1948-11-06,Oberlin (OH),Home,Ashland (OH),7,0,-5.6,712,"Opponent 'Ashland (OH)' is ALSO a risk-listed college-town name -- may be a college-vs-college guarantee game misfiled as HS, or confirms both sides need a look. | This opponent pairing is a one-off (not a recurring year-over-year matchup) -- more consistent with a one-time guarantee game than a conference rivalry.",The_Akron_Beacon_Journal_1948_11_06_Page_10 (1).csv,,,
4,1921,1921-10-21,Findlay (OH),Home,Kenton (OH),54,6,2.7,1201,Margin (+48) is a 2.0-sigma outlier vs this team's usual margin (2.7 avg). | Pre-1930 season -- college/HS crossover games were common this early.,https://www.classmates.com/siteui/yearbooks/233809?page=52,,,
4,1923,1923-11-11,Carthage (IL),Visitor,Burlington Central (IL),0,39,14.4,457,Margin (-39) is a 2.0-sigma outlier vs this team's usual margin (14.4 avg). | Pre-1930 season -- college/HS crossover games were common this early.,The_Des_Moines_Register_1923_11_11_Page_21.csv,,,
4,1935,1935-10-12,Albion (MI),Home,Adrian (MI),53,0,-4.1,550,"Opponent 'Adrian (MI)' is ALSO a risk-listed college-town name -- may be a college-vs-college guarantee game misfiled as HS, or confirms both sides need a look. | Margin (+53) is a 2.6-sigma outlier vs this team's usual margin (-4.1 avg). | Recurs across 22 different seasons vs this same opponent -- looks like a real, stable HS conference rivalry. | 1930s/early-1940s season -- crossover games still happened, though less often than the 1920s.",The_Bay_City_Times_1935_10_12_7.csv,,,
4,1933,1933-10-21,Kearney (NE),Visitor,Grand Island (NE),0,36,2.2,951,"Opponent 'Grand Island (NE)' is ALSO a risk-listed college-town name -- may be a college-vs-college guarantee game misfiled as HS, or confirms both sides need a look. | Margin (-36) is a 1.8-sigma outlier vs this team's usual margin (2.2 avg). | Recurs across 77 different seasons vs this same opponent -- looks like a real, stable HS conference rivalry. | 1930s/early-1940s season -- crossover games still happened, though less often than the 1920s.",Lincoln_Journal_Star_1933_10_21_11.csv,,,
4,1932,1932-10-22,Kearney (NE),Visitor,Grand Island (NE),0,37,2.2,951,"Opponent 'Grand Island (NE)' is ALSO a risk-listed college-town name -- may be a college-vs-college guarantee game misfiled as HS, or confirms both sides need a look. | Margin (-37) is a 1.8-sigma outlier vs this team's usual margin (2.2 avg). | Recurs across 77 different seasons vs this same opponent -- looks like a real, stable HS conference rivalry. | 1930s/early-1940s season -- crossover games still happened, though less often than the 1920s.",Lincoln_Journal_Star_1932_10_22_7.csv,,,
4,1937,1937-09-18,Albion (MI),Home,Marlette (MI),40,0,-4.1,550,"Margin (+40) is a 2.0-sigma outlier vs this team's usual margin (-4.1 avg). | This opponent pairing is a one-off (not a recurring year-over-year matchup) -- more consistent with a one-time guarantee game than a conference rivalry. | 1930s/early-1940s season -- crossover games still happened, though less often than the 1920s.",The_Bay_City_Times_1937_09_18_8.csv,,,
4,1937,1937-10-02,Albion (MI),Home,Hillsdale (MI),33,0,-4.1,550,"Opponent 'Hillsdale (MI)' is ALSO a risk-listed college-town name -- may be a college-vs-college guarantee game misfiled as HS, or confirms both sides need a look. | Margin (+33) is a 1.7-sigma outlier vs this team's usual margin (-4.1 avg). | Recurs across 20 different seasons vs this same opponent -- looks like a real, stable HS conference rivalry. | 1930s/early-1940s season -- crossover games still happened, though less often than the 1920s.",The_Bay_City_Times_1937_10_02_6.csv,,,
4,1938,1938-10-09,Albion (MI),Home,Hillsdale (MI),40,0,-4.1,550,"Opponent 'Hillsdale (MI)' is ALSO a risk-listed college-town name -- may be a college-vs-college guarantee game misfiled as HS, or confirms both sides need a look. | Margin (+40) is a 2.0-sigma outlier vs this team's usual margin (-4.1 avg). | Recurs across 20 different seasons vs this same opponent -- looks like a real, stable HS conference rivalry. | 1930s/early-1940s season -- crossover games still happened, though less often than the 1920s.",The_Bay_City_Times_1938_10_09_14.csv,,,
4,1943,1943-10-23,Adrian (MI),Home,Hillsdale (MI),48,13,0.9,877,"Opponent 'Hillsdale (MI)' is ALSO a risk-listed college-town name -- may be a college-vs-college guarantee game misfiled as HS, or confirms both sides need a look. | Margin (+35) is a 1.6-sigma outlier vs this team's usual margin (0.9 avg). | Recurs across 19 different seasons vs this same opponent -- looks like a real, stable HS conference rivalry. | 1930s/early-1940s season -- crossover games still happened, though less often than the 1920s.",Lansing_State_Journal_1943_10_23_Page_8.csv,,,
4,1936,1936-09-26,Wayne (NE),Visitor,Lyons (NE),0,51,-2.3,595,"Margin (-51) is a 2.0-sigma outlier vs this team's usual margin (-2.3 avg). | This opponent pairing is a one-off (not a recurring year-over-year matchup) -- more consistent with a one-time guarantee game than a conference rivalry. | 1930s/early-1940s season -- crossover games still happened, though less often than the 1920s.",Lincoln_Journal_Star_1936_09_26_5.csv,,,
4,1921,1921-10-10,Sioux Falls (SD),Home,Watertown (SD),50,0,7.5,125,Margin (+50) is a 1.9-sigma outlier vs this team's usual margin (7.5 avg). | Pre-1930 season -- college/HS crossover games were common this early.,Argus_Leader_1921_10_10_Page_9.csv,,,
4,1924,1924-11-28,Defiance (OH),Home,Maumee (OH),68,12,-1.0,862,Margin (+56) is a 2.4-sigma outlier vs this team's usual margin (-1.0 avg). | Pre-1930 season -- college/HS crossover games were common this early.,The_Plain_Dealer_1924_11_28_20.csv,,,
4,1939,1939-11-04,Wayne (NE),Visitor,Chadron (NE),0,14,-2.3,595,"Opponent 'Chadron (NE)' is ALSO a risk-listed college-town name -- may be a college-vs-college guarantee game misfiled as HS, or confirms both sides need a look. | 1930s/early-1940s season -- crossover games still happened, though less often than the 1920s.",Lincoln_Journal_Star_1939_11_04_11.csv,,,
4,1942,1942-09-19,Eureka (IL),Home,Toulon (IL),41,0,1.1,682,"Margin (+41) is a 1.7-sigma outlier vs this team's usual margin (1.1 avg). | This opponent pairing is a one-off (not a recurring year-over-year matchup) -- more consistent with a one-time guarantee game than a conference rivalry. | 1930s/early-1940s season -- crossover games still happened, though less often than the 1920s.",The_Dispatch_1942_09_19_15.csv,,,
4,1944,1944-09-23,Joliet Township (IL),Home,Lemont Township (IL),61,0,-3.9,140,"Margin (+61) is a 2.6-sigma outlier vs this team's usual margin (-3.9 avg). | This opponent pairing is a one-off (not a recurring year-over-year matchup) -- more consistent with a one-time guarantee game than a conference rivalry. | 1930s/early-1940s season -- crossover games still happened, though less often than the 1920s.",The_Dispatch_1944_09_23_10.csv,,,
4,1944,1944-10-07,Danville (IL),Home,Pana Coop (IL),41,0,4.2,926,"Margin (+41) is a 1.6-sigma outlier vs this team's usual margin (4.2 avg). | This opponent pairing is a one-off (not a recurring year-over-year matchup) -- more consistent with a one-time guarantee game than a conference rivalry. | 1930s/early-1940s season -- crossover games still happened, though less often than the 1920s.",The_Dispatch_1944_10_07_12.csv,,,
4,1947,1947-09-27,Mayville (ND),Visitor,Dickinson (ND),0,12,-3.0,134,"Opponent 'Dickinson (ND)' is ALSO a risk-listed college-town name -- may be a college-vs-college guarantee game misfiled as HS, or confirms both sides need a look. | This opponent pairing is a one-off (not a recurring year-over-year matchup) -- more consistent with a one-time guarantee game than a conference rivalry.",The_Forum_1947_09_27_6.csv,,,
4,1923,1923-09-21,Ripon (WI),Home,Kaukauna (WI),35,0,-0.8,850,Margin (+35) is a 1.5-sigma outlier vs this team's usual margin (-0.8 avg). | Pre-1930 season -- college/HS crossover games were common this early.,http://www.riponlibrary.org/sites/riponlibrary.org/files/RHS1924c.pdf,,,
4,1936,1936-09-25,Minot (ND),Home,CCC Kramer Camp (ND),93,0,7.4,1098,"Margin (+93) is a 3.6-sigma outlier vs this team's usual margin (7.4 avg). | This opponent pairing is a one-off (not a recurring year-over-year matchup) -- more consistent with a one-time guarantee game than a conference rivalry. | 1930s/early-1940s season -- crossover games still happened, though less often than the 1920s.",http://www.bhs.bismarckschools.org/bhs/bhsathletics/throwers/history-of-bismarck-high-football/,,,
4,1924,1924-10-03,Albion (MI),Visitor,Lansing Central (MI),0,43,-4.1,550,Margin (-43) is a 1.7-sigma outlier vs this team's usual margin (-4.1 avg). | Pre-1930 season -- college/HS crossover games were common this early.,http://www.e-yearbook.com/sp/eybb?school=63244&year=1925&up=1&startpage=101,,,
4,1924,1924-10-10,Albion (MI),Visitor,Ann Arbor Pioneer (MI),0,38,-4.1,550,Margin (-38) is a 1.5-sigma outlier vs this team's usual margin (-4.1 avg). | Pre-1930 season -- college/HS crossover games were common this early.,http://www.classmates.com/yearbooks/Ann-Arbor-High-School/87895?page=148,,,
4,1941,1941-11-28,Grand Island (NE),Visitor,York (NE),7,82,6.2,931,"Opponent 'York (NE)' is ALSO a risk-listed college-town name -- may be a college-vs-college guarantee game misfiled as HS, or confirms both sides need a look. | Margin (-75) is a 3.8-sigma outlier vs this team's usual margin (6.2 avg). | Recurs across 7 different seasons vs this same opponent -- looks like a real, stable HS conference rivalry. | 1930s/early-1940s season -- crossover games still happened, though less often than the 1920s.",Lincoln_Journal_Star_1941_11_28_10.csv,,,
4,1941,1941-09-20,Yankton (SD),Home,Winner (SD),40,0,8.4,975,"Margin (+40) is a 1.6-sigma outlier vs this team's usual margin (8.4 avg). | This opponent pairing is a one-off (not a recurring year-over-year matchup) -- more consistent with a one-time guarantee game than a conference rivalry. | 1930s/early-1940s season -- crossover games still happened, though less often than the 1920s.",Argus_Leader_1941_09_20_Page_3 (1).csv,,,
4,1928,1928-09-30,Bluffton (OH),Visitor,Dayton Stivers (OH),6,63,3.2,714,Margin (-57) is a 2.4-sigma outlier vs this team's usual margin (3.2 avg). | Pre-1930 season -- college/HS crossover games were common this early.,The_Plain_Dealer_1928_09_30_28.csv,,,
4,1930,1930-10-25,York (NE),Visitor,Kearney (NE),0,39,-0.5,821,"Opponent 'Kearney (NE)' is ALSO a risk-listed college-town name -- may be a college-vs-college guarantee game misfiled as HS, or confirms both sides need a look. | Margin (-39) is a 1.8-sigma outlier vs this team's usual margin (-0.5 avg). | Recurs across 4 different seasons vs this same opponent -- looks like a real, stable HS conference rivalry. | 1930s/early-1940s season -- crossover games still happened, though less often than the 1920s.",Lincoln_Journal_Star_1930_10_25_9.csv,,,
4,1944,1944-10-14,Grand Island (NE),Visitor,Kearney (NE),0,28,6.2,931,"Opponent 'Kearney (NE)' is ALSO a risk-listed college-town name -- may be a college-vs-college guarantee game misfiled as HS, or confirms both sides need a look. | Margin (-28) is a 1.6-sigma outlier vs this team's usual margin (6.2 avg). | Recurs across 77 different seasons vs this same opponent -- looks like a real, stable HS conference rivalry. | 1930s/early-1940s season -- crossover games still happened, though less often than the 1920s.",Omaha_World_Herald_1944_10_14_9.csv,,,
4,1924,1924-11-15,Kearney (NE),Home,Gibbon (NE),38,0,2.2,951,Margin (+38) is a 1.7-sigma outlier vs this team's usual margin (2.2 avg). | Pre-1930 season -- college/HS crossover games were common this early.,Lincoln_Journal_Star_1924_11_15_7.csv,,,
4,1943,1943-10-15,Austin (MN),Home,Winona (MN),38,0,1.7,1094,"Opponent 'Winona (MN)' is ALSO a risk-listed college-town name -- may be a college-vs-college guarantee game misfiled as HS, or confirms both sides need a look. | Margin (+38) is a 1.7-sigma outlier vs this team's usual margin (1.7 avg). | Recurs across 91 different seasons vs this same opponent -- looks like a real, stable HS conference rivalry. | 1930s/early-1940s season -- crossover games still happened, though less often than the 1920s.",http://www.classmates.com/yearbooks/Austin-High-School/1000245206?page=84,,,
4,1930,1930-10-25,Kearney (NE),Home,York (NE),39,0,2.2,951,"Opponent 'York (NE)' is ALSO a risk-listed college-town name -- may be a college-vs-college guarantee game misfiled as HS, or confirms both sides need a look. | Margin (+39) is a 1.7-sigma outlier vs this team's usual margin (2.2 avg). | Recurs across 4 different seasons vs this same opponent -- looks like a real, stable HS conference rivalry. | 1930s/early-1940s season -- crossover games still happened, though less often than the 1920s.",Lincoln_Journal_Star_1930_10_25_9.csv,,,
4,1922,1922-10-06,Minot (ND),Home,Bottineau (ND),47,0,7.4,1098,Margin (+47) is a 1.7-sigma outlier vs this team's usual margin (7.4 avg). | Pre-1930 season -- college/HS crossover games were common this early.,http://www.bhs.bismarckschools.org/bhs/bhsathletics/throwers/history-of-bismarck-high-football/,,,
4,1920,1920-11-26,Marietta (OH),Home,Columbus Bishop Aquinas (OH),41,0,-3.3,961,Margin (+41) is a 1.9-sigma outlier vs this team's usual margin (-3.3 avg). | Pre-1930 season -- college/HS crossover games were common this early.,The_Plain_Dealer_1920_11_26_17.csv,,,
4,1941,1941-11-08,York (NE),Home,Hastings (NE),33,0,-0.5,821,"Opponent 'Hastings (NE)' is ALSO a risk-listed college-town name -- may be a college-vs-college guarantee game misfiled as HS, or confirms both sides need a look. | Margin (+33) is a 1.6-sigma outlier vs this team's usual margin (-0.5 avg). | Recurs across 40 different seasons vs this same opponent -- looks like a real, stable HS conference rivalry. | 1930s/early-1940s season -- crossover games still happened, though less often than the 1920s.",Lincoln_Journal_Star_1941_11_08_11.csv,,,
4,1941,1941-11-28,York (NE),Home,Grand Island (NE),82,7,-0.5,821,"Opponent 'Grand Island (NE)' is ALSO a risk-listed college-town name -- may be a college-vs-college guarantee game misfiled as HS, or confirms both sides need a look. | Margin (+75) is a 3.5-sigma outlier vs this team's usual margin (-0.5 avg). | Recurs across 7 different seasons vs this same opponent -- looks like a real, stable HS conference rivalry. | 1930s/early-1940s season -- crossover games still happened, though less often than the 1920s.",Lincoln_Journal_Star_1941_11_28_10.csv,,,
4,1936,1936-10-30,Winona (MN),Home,Austin (MN),46,0,-3.4,915,"Opponent 'Austin (MN)' is ALSO a risk-listed college-town name -- may be a college-vs-college guarantee game misfiled as HS, or confirms both sides need a look. | Margin (+46) is a 2.2-sigma outlier vs this team's usual margin (-3.4 avg). | Recurs across 91 different seasons vs this same opponent -- looks like a real, stable HS conference rivalry. | 1930s/early-1940s season -- crossover games still happened, though less often than the 1920s.",http://www.classmates.com/yearbooks/Austin-High-School/4182759215?page=94,,,
4,1935,1935-09-22,Bluffton (OH),Visitor,Findlay (OH),0,47,3.2,714,"Opponent 'Findlay (OH)' is ALSO a risk-listed college-town name -- may be a college-vs-college guarantee game misfiled as HS, or confirms both sides need a look. | Margin (-47) is a 2.0-sigma outlier vs this team's usual margin (3.2 avg). | Recurs across 6 different seasons vs this same opponent -- looks like a real, stable HS conference rivalry. | 1930s/early-1940s season -- crossover games still happened, though less often than the 1920s.",The_Plain_Dealer_1935_09_22_29.csv,,,
4,1942,1942-10-03,Wooster (OH),Home,Oberlin (OH),18,0,0.1,1005,"Opponent 'Oberlin (OH)' is ALSO a risk-listed college-town name -- may be a college-vs-college guarantee game misfiled as HS, or confirms both sides need a look. | 1930s/early-1940s season -- crossover games still happened, though less often than the 1920s.",The_Zanesville_Signal_1942_10_03_5.csv,,,
4,1927,1927-11-05,Murray (KY),Home,Michigantown Clinton Central (IN),70,6,7.5,832,Margin (+64) is a 2.3-sigma outlier vs this team's usual margin (7.5 avg). | Pre-1930 season -- college/HS crossover games were common this early.,The_Courier_Journal_1927_11_05_Page_11.csv,,,
4,1939,1939-11-04,Chadron (NE),Home,Wayne (NE),14,0,8.0,742,"Opponent 'Wayne (NE)' is ALSO a risk-listed college-town name -- may be a college-vs-college guarantee game misfiled as HS, or confirms both sides need a look. | 1930s/early-1940s season -- crossover games still happened, though less often than the 1920s.",Lincoln_Journal_Star_1939_11_04_11.csv,,,
4,1932,1932-10-15,Bowling Green (OH),Visitor,Bluffton (OH),0,14,-2.0,691,"Opponent 'Bluffton (OH)' is ALSO a risk-listed college-town name -- may be a college-vs-college guarantee game misfiled as HS, or confirms both sides need a look. | 1930s/early-1940s season -- crossover games still happened, though less often than the 1920s.",The_Plain_Dealer_1932_10_15_19.csv,,,
4,1928,1928-10-07,Defiance (OH),Visitor,Fort Wayne South Side (IN),0,38,-1.0,862,Margin (-38) is a 1.5-sigma outlier vs this team's usual margin (-1.0 avg). | Pre-1930 season -- college/HS crossover games were common this early.,The_Plain_Dealer_1928_10_07_35.csv,,,
4,1932,1932-10-22,Georgetown Scott County (KY),Visitor,Ashland (KY),0,51,4.9,1007,"Margin (-51) is a 2.1-sigma outlier vs this team's usual margin (4.9 avg). | This opponent pairing is a one-off (not a recurring year-over-year matchup) -- more consistent with a one-time guarantee game than a conference rivalry. | 1930s/early-1940s season -- crossover games still happened, though less often than the 1920s.",The_Courier_Journal_1932_10_22_Page_13.csv,,,
4,1934,1934-10-20,Moorhead (MN),Visitor,Wahpeton (ND),0,40,7.8,900,"Opponent 'Wahpeton (ND)' is ALSO a risk-listed college-town name -- may be a college-vs-college guarantee game misfiled as HS, or confirms both sides need a look. | Margin (-40) is a 2.4-sigma outlier vs this team's usual margin (7.8 avg). | Recurs across 22 different seasons vs this same opponent -- looks like a real, stable HS conference rivalry. | 1930s/early-1940s season -- crossover games still happened, though less often than the 1920s.",Star_Tribune_1934_10_20_Page_19 (1).csv,,,
4,1932,1932-10-15,Bluffton (OH),Home,Bowling Green (OH),14,0,3.2,714,"Opponent 'Bowling Green (OH)' is ALSO a risk-listed college-town name -- may be a college-vs-college guarantee game misfiled as HS, or confirms both sides need a look. | 1930s/early-1940s season -- crossover games still happened, though less often than the 1920s.",The_Plain_Dealer_1932_10_15_19.csv,,,
4,1924,1924-11-14,Georgetown (KY),Home,Danville (KY),27,0,-18.5,35,Margin (+27) is a 1.7-sigma outlier vs this team's usual margin (-18.5 avg). | Pre-1930 season -- college/HS crossover games were common this early.,http://fourseasonsfootball.com/va.html,,,
4,1948,1948-11-06,Ashland (OH),Visitor,Oberlin (OH),0,7,1.4,651,"Opponent 'Oberlin (OH)' is ALSO a risk-listed college-town name -- may be a college-vs-college guarantee game misfiled as HS, or confirms both sides need a look. | This opponent pairing is a one-off (not a recurring year-over-year matchup) -- more consistent with a one-time guarantee game than a conference rivalry.",The_Akron_Beacon_Journal_1948_11_06_Page_10 (1).csv,,,
4,1938,1938-10-09,Hillsdale (MI),Visitor,Albion (MI),0,40,-1.6,695,"Opponent 'Albion (MI)' is ALSO a risk-listed college-town name -- may be a college-vs-college guarantee game misfiled as HS, or confirms both sides need a look. | Margin (-40) is a 1.5-sigma outlier vs this team's usual margin (-1.6 avg). | Recurs across 20 different seasons vs this same opponent -- looks like a real, stable HS conference rivalry. | 1930s/early-1940s season -- crossover games still happened, though less often than the 1920s.",The_Bay_City_Times_1938_10_09_14.csv,,,
4,1934,1934-10-20,Wahpeton (ND),Home,Moorhead (MN),40,0,-2.7,888,"Opponent 'Moorhead (MN)' is ALSO a risk-listed college-town name -- may be a college-vs-college guarantee game misfiled as HS, or confirms both sides need a look. | Margin (+40) is a 1.8-sigma outlier vs this team's usual margin (-2.7 avg). | Recurs across 22 different seasons vs this same opponent -- looks like a real, stable HS conference rivalry. | 1930s/early-1940s season -- crossover games still happened, though less often than the 1920s.",Star_Tribune_1934_10_20_Page_19 (1).csv,,,
4,1936,1936-09-19,Winona (MN),Home,Lewiston (MN),38,7,-3.4,915,"Margin (+31) is a 1.6-sigma outlier vs this team's usual margin (-3.4 avg). | This opponent pairing is a one-off (not a recurring year-over-year matchup) -- more consistent with a one-time guarantee game than a conference rivalry. | 1930s/early-1940s season -- crossover games still happened, though less often than the 1920s.",Star_Tribune_1936_09_19_Page_20.csv,,,
4,1936,1936-10-03,Rochester (MN),Home,Austin (MN),45,0,5.8,272,"Opponent 'Austin (MN)' is ALSO a risk-listed college-town name -- may be a college-vs-college guarantee game misfiled as HS, or confirms both sides need a look. | Margin (+45) is a 1.9-sigma outlier vs this team's usual margin (5.8 avg). | Recurs across 45 different seasons vs this same opponent -- looks like a real, stable HS conference rivalry. | 1930s/early-1940s season -- crossover games still happened, though less often than the 1920s.",Star_Tribune_1936_10_03_Page_25 (1).csv,,,
4,1935,1935-10-12,Adrian (MI),Visitor,Albion (MI),0,53,0.9,877,"Opponent 'Albion (MI)' is ALSO a risk-listed college-town name -- may be a college-vs-college guarantee game misfiled as HS, or confirms both sides need a look. | Margin (-53) is a 2.6-sigma outlier vs this team's usual margin (0.9 avg). | Recurs across 22 different seasons vs this same opponent -- looks like a real, stable HS conference rivalry. | 1930s/early-1940s season -- crossover games still happened, though less often than the 1920s.",The_Bay_City_Times_1935_10_12_7.csv,,,
4,1940,1940-09-14,Marietta (OH),Home,New Lexington (OH),38,0,-3.3,961,"Margin (+38) is a 1.8-sigma outlier vs this team's usual margin (-3.3 avg). | This opponent pairing is a one-off (not a recurring year-over-year matchup) -- more consistent with a one-time guarantee game than a conference rivalry. | 1930s/early-1940s season -- crossover games still happened, though less often than the 1920s.",The_Akron_Beacon_Journal_1940_09_14_Page_10.csv,,,
4,1941,1941-10-25,Valley City (ND),Visitor,Wahpeton (ND),0,39,1.2,953,"Opponent 'Wahpeton (ND)' is ALSO a risk-listed college-town name -- may be a college-vs-college guarantee game misfiled as HS, or confirms both sides need a look. | Margin (-39) is a 1.7-sigma outlier vs this team's usual margin (1.2 avg). | Recurs across 54 different seasons vs this same opponent -- looks like a real, stable HS conference rivalry. | 1930s/early-1940s season -- crossover games still happened, though less often than the 1920s.",The_Forum_1941_10_25_7.csv,,,
4,1927,1927-09-30,Rochester (MN),Home,Lake City (MN),50,0,5.8,272,Margin (+50) is a 2.1-sigma outlier vs this team's usual margin (5.8 avg). | Pre-1930 season -- college/HS crossover games were common this early.,https://www.classmates.com/siteui/yearbooks/83913?page=150,,,
4,1944,1944-10-21,Austin (MN),Home,Winona (MN),40,0,1.7,1094,"Opponent 'Winona (MN)' is ALSO a risk-listed college-town name -- may be a college-vs-college guarantee game misfiled as HS, or confirms both sides need a look. | Margin (+40) is a 1.8-sigma outlier vs this team's usual margin (1.7 avg). | Recurs across 91 different seasons vs this same opponent -- looks like a real, stable HS conference rivalry. | 1930s/early-1940s season -- crossover games still happened, though less often than the 1920s.",Star_Tribune_1944_10_21_Page_8 (1).csv,,,
4,1936,1936-10-03,Austin (MN),Visitor,Rochester (MN),0,45,1.7,1094,"Opponent 'Rochester (MN)' is ALSO a risk-listed college-town name -- may be a college-vs-college guarantee game misfiled as HS, or confirms both sides need a look. | Margin (-45) is a 2.2-sigma outlier vs this team's usual margin (1.7 avg). | Recurs across 45 different seasons vs this same opponent -- looks like a real, stable HS conference rivalry. | 1930s/early-1940s season -- crossover games still happened, though less often than the 1920s.",Star_Tribune_1936_10_03_Page_25 (1).csv,,,
4,1920,1920-10-01,Austin (MN),Home,Dodge Center (MN),47,0,1.7,1094,Margin (+47) is a 2.1-sigma outlier vs this team's usual margin (1.7 avg). | Pre-1930 season -- college/HS crossover games were common this early.,http://www.classmates.com/yearbooks/Austin-High-School/4182759208?page=136,,,
4,1944,1944-10-21,Winona (MN),Visitor,Austin (MN),0,40,-3.4,915,"Opponent 'Austin (MN)' is ALSO a risk-listed college-town name -- may be a college-vs-college guarantee game misfiled as HS, or confirms both sides need a look. | Margin (-40) is a 1.7-sigma outlier vs this team's usual margin (-3.4 avg). | Recurs across 91 different seasons vs this same opponent -- looks like a real, stable HS conference rivalry. | 1930s/early-1940s season -- crossover games still happened, though less often than the 1920s.",Star_Tribune_1944_10_21_Page_8 (1).csv,,,
4,1944,1944-11-03,Findlay (OH),Home,Washington Court House Washington (OH),65,0,2.7,1201,"Margin (+65) is a 2.8-sigma outlier vs this team's usual margin (2.7 avg). | This opponent pairing is a one-off (not a recurring year-over-year matchup) -- more consistent with a one-time guarantee game than a conference rivalry. | 1930s/early-1940s season -- crossover games still happened, though less often than the 1920s.",https://www.classmates.com/siteui/yearbooks/54698?page=35,,,
4,1937,1937-10-16,Bemidji (MN),Home,Crookston Agricultural School (MN),38,0,5.1,737,"Margin (+38) is a 1.6-sigma outlier vs this team's usual margin (5.1 avg). | This opponent pairing is a one-off (not a recurring year-over-year matchup) -- more consistent with a one-time guarantee game than a conference rivalry. | 1930s/early-1940s season -- crossover games still happened, though less often than the 1920s.",The_Forum_1937_10_16_13.csv,,,
4,1937,1937-10-16,Bemidji (MN),Home,Crookston Northwest Ag School (MN),38,0,5.1,737,"Margin (+38) is a 1.6-sigma outlier vs this team's usual margin (5.1 avg). | This opponent pairing is a one-off (not a recurring year-over-year matchup) -- more consistent with a one-time guarantee game than a conference rivalry. | 1930s/early-1940s season -- crossover games still happened, though less often than the 1920s.",Star_Tribune_1937_10_16_Page_19 (1).csv,,,
4,1937,1937-11-06,Sioux Falls (SD),Home,Moorhead (MN),31,0,7.5,125,"Opponent 'Moorhead (MN)' is ALSO a risk-listed college-town name -- may be a college-vs-college guarantee game misfiled as HS, or confirms both sides need a look. | 1930s/early-1940s season -- crossover games still happened, though less often than the 1920s.",Star_Tribune_1937_11_06_Page_23.csv,,,
4,1930,1930-10-03,Austin (MN),Visitor,Rochester (MN),7,40,1.7,1094,"Opponent 'Rochester (MN)' is ALSO a risk-listed college-town name -- may be a college-vs-college guarantee game misfiled as HS, or confirms both sides need a look. | Margin (-33) is a 1.6-sigma outlier vs this team's usual margin (1.7 avg). | Recurs across 45 different seasons vs this same opponent -- looks like a real, stable HS conference rivalry. | 1930s/early-1940s season -- crossover games still happened, though less often than the 1920s.",http://www.classmates.com/yearbooks/Austin-High-School/62294?page=84,,,
4,1938,1938-10-07,Bowling Green (OH),Visitor,Findlay (OH),0,35,-2.0,691,"Opponent 'Findlay (OH)' is ALSO a risk-listed college-town name -- may be a college-vs-college guarantee game misfiled as HS, or confirms both sides need a look. | Margin (-35) is a 1.5-sigma outlier vs this team's usual margin (-2.0 avg). | Recurs across 38 different seasons vs this same opponent -- looks like a real, stable HS conference rivalry. | 1930s/early-1940s season -- crossover games still happened, though less often than the 1920s.",https://www.classmates.com/siteui/yearbooks/71750?page=63,,,
4,1930,1930-11-01,Hastings (NE),Visitor,Imperial Chase County (NE),7,43,-1.5,909,"Margin (-36) is a 1.6-sigma outlier vs this team's usual margin (-1.5 avg). | This opponent pairing is a one-off (not a recurring year-over-year matchup) -- more consistent with a one-time guarantee game than a conference rivalry. | 1930s/early-1940s season -- crossover games still happened, though less often than the 1920s.",Lincoln_Journal_Star_1930_11_01_9.csv,,,
4,1935,1935-09-21,Moorhead (MN),Visitor,Jamestown (ND),0,26,7.8,900,"Opponent 'Jamestown (ND)' is ALSO a risk-listed college-town name -- may be a college-vs-college guarantee game misfiled as HS, or confirms both sides need a look. | Margin (-26) is a 1.7-sigma outlier vs this team's usual margin (7.8 avg). | Recurs across 4 different seasons vs this same opponent -- looks like a real, stable HS conference rivalry. | 1930s/early-1940s season -- crossover games still happened, though less often than the 1920s.",The_Forum_1935_09_21_11.csv,,,
4,1931,1931-10-23,Dickinson (ND),Visitor,Richardton Assumption Abbey Prep (ND),0,38,-0.9,982,"Margin (-38) is a 1.6-sigma outlier vs this team's usual margin (-0.9 avg). | This opponent pairing is a one-off (not a recurring year-over-year matchup) -- more consistent with a one-time guarantee game than a conference rivalry. | 1930s/early-1940s season -- crossover games still happened, though less often than the 1920s.",http://www.bhs.bismarckschools.org/bhs/bhsathletics/throwers/history-of-bismarck-high-football/,,,
4,1934,1934-10-28,Oberlin (OH),Visitor,Wooster (OH),0,25,-5.6,712,"Opponent 'Wooster (OH)' is ALSO a risk-listed college-town name -- may be a college-vs-college guarantee game misfiled as HS, or confirms both sides need a look. | 1930s/early-1940s season -- crossover games still happened, though less often than the 1920s.",The_Plain_Dealer_1934_10_28_33.csv,,,
4,1921,1921-10-23,Joliet (IL),Visitor,Freeport Lightweghts (IL),0,62,-9.3,928,Margin (-62) is a 2.3-sigma outlier vs this team's usual margin (-9.3 avg). | Pre-1930 season -- college/HS crossover games were common this early.,Chicago_Tribune_1921_10_23_25.csv,,,
4,1925,1925-10-30,Hillsdale (MI),Visitor,Ann Arbor Pioneer (MI),0,47,-1.6,695,Margin (-47) is a 1.8-sigma outlier vs this team's usual margin (-1.6 avg). | Pre-1930 season -- college/HS crossover games were common this early.,http://www.classmates.com/yearbooks/Ann-Arbor-High-School/87935?page=122,,,
4,1941,1941-09-13,Jamestown (ND),Home,Ashley (ND),63,7,3.9,347,"Margin (+56) is a 2.3-sigma outlier vs this team's usual margin (3.9 avg). | This opponent pairing is a one-off (not a recurring year-over-year matchup) -- more consistent with a one-time guarantee game than a conference rivalry. | 1930s/early-1940s season -- crossover games still happened, though less often than the 1920s.",The_Forum_1941_09_13_7.csv,,,
4,1941,1941-10-25,Wahpeton (ND),Home,Valley City (ND),39,0,-2.7,888,"Opponent 'Valley City (ND)' is ALSO a risk-listed college-town name -- may be a college-vs-college guarantee game misfiled as HS, or confirms both sides need a look. | Margin (+39) is a 1.7-sigma outlier vs this team's usual margin (-2.7 avg). | Recurs across 54 different seasons vs this same opponent -- looks like a real, stable HS conference rivalry. | 1930s/early-1940s season -- crossover games still happened, though less often than the 1920s.",The_Forum_1941_10_25_7.csv,,,
4,1934,1934-10-28,Wooster (OH),Home,Oberlin (OH),25,0,0.1,1005,"Opponent 'Oberlin (OH)' is ALSO a risk-listed college-town name -- may be a college-vs-college guarantee game misfiled as HS, or confirms both sides need a look. | 1930s/early-1940s season -- crossover games still happened, though less often than the 1920s.",The_Plain_Dealer_1934_10_28_33.csv,,,
4,1935,1935-09-22,Findlay (OH),Home,Bluffton (OH),47,0,2.7,1201,"Opponent 'Bluffton (OH)' is ALSO a risk-listed college-town name -- may be a college-vs-college guarantee game misfiled as HS, or confirms both sides need a look. | Margin (+47) is a 2.0-sigma outlier vs this team's usual margin (2.7 avg). | Recurs across 6 different seasons vs this same opponent -- looks like a real, stable HS conference rivalry. | 1930s/early-1940s season -- crossover games still happened, though less often than the 1920s.",The_Plain_Dealer_1935_09_22_29.csv,,,
4,1920,1920-11-14,Joliet (IL),Visitor,Chicago Depaul Academy (IL),0,87,-9.3,928,Margin (-87) is a 3.4-sigma outlier vs this team's usual margin (-9.3 avg). | Pre-1930 season -- college/HS crossover games were common this early.,Chicago_Tribune_1920_11_14_19 (3).csv,,,
4,1929,1929-09-29,Marietta (OH),Home,Elizabeth Wirt County (WV),43,0,-3.3,961,Margin (+43) is a 2.0-sigma outlier vs this team's usual margin (-3.3 avg). | Pre-1930 season -- college/HS crossover games were common this early.,The_Plain_Dealer_1929_09_29_27.csv,,,
4,1942,1942-10-23,Austin (MN),Home,Mankato (MN),40,0,1.7,1094,"Opponent 'Mankato (MN)' is ALSO a risk-listed college-town name -- may be a college-vs-college guarantee game misfiled as HS, or confirms both sides need a look. | Margin (+40) is a 1.8-sigma outlier vs this team's usual margin (1.7 avg). | Recurs across 32 different seasons vs this same opponent -- looks like a real, stable HS conference rivalry. | 1930s/early-1940s season -- crossover games still happened, though less often than the 1920s.",http://www.classmates.com/yearbooks/Austin-High-School/63464?page=86,,,
4,1932,1932-09-24,Mayville (ND),Visitor,East Grand Forks (MN),0,52,-3.0,134,"Margin (-52) is a 2.1-sigma outlier vs this team's usual margin (-3.0 avg). | This opponent pairing is a one-off (not a recurring year-over-year matchup) -- more consistent with a one-time guarantee game than a conference rivalry. | 1930s/early-1940s season -- crossover games still happened, though less often than the 1920s.",The_Forum_1932_09_24_8.csv,,,
4,1920,1920-11-05,Albion (MI),Home,Charlotte (MI),42,9,-4.1,550,Margin (+33) is a 1.7-sigma outlier vs this team's usual margin (-4.1 avg). | Pre-1930 season -- college/HS crossover games were common this early.,http://www.e-yearbook.com/sp/eybb?school=62177&year=1921&up=1&startpage=60,,,
4,1929,1929-09-06,Eureka (IL),Visitor,Normal University High (IL),0,19,1.1,682,"Opponent 'Normal University High (IL)' is ALREADY explicitly labeled a college/university -- a bare town-name team playing a confirmed college is very likely that same college's varsity/frosh, not the high school. | Recurs across 22 different seasons vs this same opponent -- looks like a real, stable HS conference rivalry. | Pre-1930 season -- college/HS crossover games were common this early.",http://www.classmates.com/yearbooks/University-High-School/72436?page=74,,,
4,1924,1924-09-28,Bluffton (OH),Visitor,Dayton Stivers (OH),0,49,3.2,714,Margin (-49) is a 2.1-sigma outlier vs this team's usual margin (3.2 avg). | Pre-1930 season -- college/HS crossover games were common this early.,The_Plain_Dealer_1924_09_28_41 (1).csv,,,
4,1923,1923-10-12,Alma (MI),Visitor,Flint Central (MI),6,51,-1.0,641,Margin (-45) is a 2.0-sigma outlier vs this team's usual margin (-1.0 avg). | Pre-1930 season -- college/HS crossover games were common this early.,http://www.classmates.com/yearbooks/Central-High-School/224005?page=86,,,
4,1942,1942-10-03,Oberlin (OH),Visitor,Wooster (OH),0,18,-5.6,712,"Opponent 'Wooster (OH)' is ALSO a risk-listed college-town name -- may be a college-vs-college guarantee game misfiled as HS, or confirms both sides need a look. | 1930s/early-1940s season -- crossover games still happened, though less often than the 1920s.",The_Zanesville_Signal_1942_10_03_5.csv,,,
4,1948,1948-09-18,Stevens Point (WI),Visitor,Oshkosh (WI),0,27,2.7,767,"Opponent 'Oshkosh (WI)' is ALSO a risk-listed college-town name -- may be a college-vs-college guarantee game misfiled as HS, or confirms both sides need a look. | This opponent pairing is a one-off (not a recurring year-over-year matchup) -- more consistent with a one-time guarantee game than a conference rivalry.",Wisconsin_State_Journal_1948_09_18_5.csv,,,
4,1920,1920-11-13,Ashland (OH),Visitor,Akron Central (OH),7,46,1.4,651,Margin (-39) is a 2.0-sigma outlier vs this team's usual margin (1.4 avg). | Pre-1930 season -- college/HS crossover games were common this early.,https://books.google.com/books?id=fWrK_hDZsEgC&printsec=frontcover&source=gbs_ge_summary_r&cad=0#v=onepage&q&f=false,,,
4,1922,1922-10-13,Mankato (MN),Visitor,Worthington (MN),3,34,2.3,366,Margin (-31) is a 1.7-sigma outlier vs this team's usual margin (2.3 avg). | Pre-1930 season -- college/HS crossover games were common this early.,https://www.classmates.com/siteui/yearbooks/95676?page=75,,,
4,1921,1921-11-06,DeKalb (IL),Visitor,Rockford Central Lightswieigts (IL),0,56,-3.7,886,Margin (-56) is a 2.3-sigma outlier vs this team's usual margin (-3.7 avg). | Pre-1930 season -- college/HS crossover games were common this early.,Chicago_Tribune_1921_11_06_27.csv,,,
4,1944,1944-09-22,Rochester (MN),Visitor,Austin (MN),0,30,5.8,272,"Opponent 'Austin (MN)' is ALSO a risk-listed college-town name -- may be a college-vs-college guarantee game misfiled as HS, or confirms both sides need a look. | Margin (-30) is a 1.7-sigma outlier vs this team's usual margin (5.8 avg). | Recurs across 45 different seasons vs this same opponent -- looks like a real, stable HS conference rivalry. | 1930s/early-1940s season -- crossover games still happened, though less often than the 1920s.",http://www.classmates.com/yearbooks/Austin-High-School/60113?page=84,,,
4,1943,1943-10-15,Winona (MN),Visitor,Austin (MN),0,38,-3.4,915,"Opponent 'Austin (MN)' is ALSO a risk-listed college-town name -- may be a college-vs-college guarantee game misfiled as HS, or confirms both sides need a look. | Margin (-38) is a 1.6-sigma outlier vs this team's usual margin (-3.4 avg). | Recurs across 91 different seasons vs this same opponent -- looks like a real, stable HS conference rivalry. | 1930s/early-1940s season -- crossover games still happened, though less often than the 1920s.",http://www.classmates.com/yearbooks/Austin-High-School/1000245206?page=84,,,
4,1947,1947-09-27,Dickinson (ND),Home,Mayville (ND),12,0,-0.9,982,"Opponent 'Mayville (ND)' is ALSO a risk-listed college-town name -- may be a college-vs-college guarantee game misfiled as HS, or confirms both sides need a look. | This opponent pairing is a one-off (not a recurring year-over-year matchup) -- more consistent with a one-time guarantee game than a conference rivalry.",The_Forum_1947_09_27_6.csv,,,
4,1935,1935-10-26,Marietta (OH),Home,Spencer (WV),40,0,-3.3,961,"Margin (+40) is a 1.8-sigma outlier vs this team's usual margin (-3.3 avg). | This opponent pairing is a one-off (not a recurring year-over-year matchup) -- more consistent with a one-time guarantee game than a conference rivalry. | 1930s/early-1940s season -- crossover games still happened, though less often than the 1920s.",The_Plain_Dealer_1935_10_26_20.csv,,,
4,1939,1939-10-21,Georgetown (KY),Home,William & Mary Norfolk Division (VA),39,6,-18.5,35,"Margin (+33) is a 1.9-sigma outlier vs this team's usual margin (-18.5 avg). | This opponent pairing is a one-off (not a recurring year-over-year matchup) -- more consistent with a one-time guarantee game than a conference rivalry. | 1930s/early-1940s season -- crossover games still happened, though less often than the 1920s.",The_Plain_Dealer_1939_10_21_17.csv,,,
4,1931,1931-10-02,Austin (MN),Visitor,Rochester (MN),0,32,1.7,1094,"Opponent 'Rochester (MN)' is ALSO a risk-listed college-town name -- may be a college-vs-college guarantee game misfiled as HS, or confirms both sides need a look. | Margin (-32) is a 1.6-sigma outlier vs this team's usual margin (1.7 avg). | Recurs across 45 different seasons vs this same opponent -- looks like a real, stable HS conference rivalry. | 1930s/early-1940s season -- crossover games still happened, though less often than the 1920s.",http://www.classmates.com/yearbooks/Austin-High-School/4182759213?page=82,,,
4,1944,1944-10-28,Milton (WI),Home,Delavan (WI),45,0,7.0,758,"Margin (+45) is a 1.7-sigma outlier vs this team's usual margin (7.0 avg). | This opponent pairing is a one-off (not a recurring year-over-year matchup) -- more consistent with a one-time guarantee game than a conference rivalry. | 1930s/early-1940s season -- crossover games still happened, though less often than the 1920s.",Wisconsin_State_Journal_1944_10_28_4.csv,,,
4,1948,1948-09-18,Oshkosh (WI),Home,Stevens Point (WI),27,0,4.9,268,"Opponent 'Stevens Point (WI)' is ALSO a risk-listed college-town name -- may be a college-vs-college guarantee game misfiled as HS, or confirms both sides need a look. | This opponent pairing is a one-off (not a recurring year-over-year matchup) -- more consistent with a one-time guarantee game than a conference rivalry.",Wisconsin_State_Journal_1948_09_18_5.csv,,,
4,1936,1936-10-30,Austin (MN),Visitor,Winona (MN),0,46,1.7,1094,"Opponent 'Winona (MN)' is ALSO a risk-listed college-town name -- may be a college-vs-college guarantee game misfiled as HS, or confirms both sides need a look. | Margin (-46) is a 2.2-sigma outlier vs this team's usual margin (1.7 avg). | Recurs across 91 different seasons vs this same opponent -- looks like a real, stable HS conference rivalry. | 1930s/early-1940s season -- crossover games still happened, though less often than the 1920s.",http://www.classmates.com/yearbooks/Austin-High-School/4182759215?page=94,,,
4,1924,1924-09-26,Austin (MN),Home,Adams (MN),66,0,1.7,1094,Margin (+66) is a 3.0-sigma outlier vs this team's usual margin (1.7 avg). | Pre-1930 season -- college/HS crossover games were common this early.,http://www.classmates.com/yearbooks/Austin-High-School/4182716188?page=130,,,
4,1938,1938-09-30,Rochester (MN),Visitor,Austin (MN),0,26,5.8,272,"Opponent 'Austin (MN)' is ALSO a risk-listed college-town name -- may be a college-vs-college guarantee game misfiled as HS, or confirms both sides need a look. | Margin (-26) is a 1.5-sigma outlier vs this team's usual margin (5.8 avg). | Recurs across 45 different seasons vs this same opponent -- looks like a real, stable HS conference rivalry. | 1930s/early-1940s season -- crossover games still happened, though less often than the 1920s.",http://www.classmates.com/yearbooks/Austin-High-School/53155?page=104,,,
4,1935,1935-11-15,Marietta (OH),Home,Spencer (OH),40,0,-3.3,961,"Margin (+40) is a 1.8-sigma outlier vs this team's usual margin (-3.3 avg). | This opponent pairing is a one-off (not a recurring year-over-year matchup) -- more consistent with a one-time guarantee game than a conference rivalry. | 1930s/early-1940s season -- crossover games still happened, though less often than the 1920s.",http://www.classmates.com/siteui/yearbooks/73496?page=99,,,
4,1924,1924-10-10,Alma (MI),Visitor,Flint Central (MI),0,47,-1.0,641,Margin (-47) is a 2.1-sigma outlier vs this team's usual margin (-1.0 avg). | Pre-1930 season -- college/HS crossover games were common this early.,http://www.classmates.com/yearbooks/Central-High-School/4182832281?page=100,,,
4,1933,1933-10-27,Mankato (MN),Visitor,Rochester (MN),0,31,2.3,366,"Opponent 'Rochester (MN)' is ALSO a risk-listed college-town name -- may be a college-vs-college guarantee game misfiled as HS, or confirms both sides need a look. | Margin (-31) is a 1.7-sigma outlier vs this team's usual margin (2.3 avg). | Recurs across 28 different seasons vs this same opponent -- looks like a real, stable HS conference rivalry. | 1930s/early-1940s season -- crossover games still happened, though less often than the 1920s.",https://www.classmates.com/siteui/yearbooks/4182773687?page=86,,,
4,1933,1933-10-07,Georgetown Scott County (KY),Visitor,Newport (KY),0,54,4.9,1007,"Margin (-54) is a 2.2-sigma outlier vs this team's usual margin (4.9 avg). | This opponent pairing is a one-off (not a recurring year-over-year matchup) -- more consistent with a one-time guarantee game than a conference rivalry. | 1930s/early-1940s season -- crossover games still happened, though less often than the 1920s.",The_Courier_Journal_1933_10_07_Page_13.csv,,,
4,1942,1942-10-23,Mankato (MN),Visitor,Austin (MN),0,40,2.3,366,"Opponent 'Austin (MN)' is ALSO a risk-listed college-town name -- may be a college-vs-college guarantee game misfiled as HS, or confirms both sides need a look. | Margin (-40) is a 2.2-sigma outlier vs this team's usual margin (2.3 avg). | Recurs across 32 different seasons vs this same opponent -- looks like a real, stable HS conference rivalry. | 1930s/early-1940s season -- crossover games still happened, though less often than the 1920s.",http://www.classmates.com/yearbooks/Austin-High-School/63464?page=86,,,
4,1928,1928-10-20,Georgetown Scott County (KY),Home,Falmouth Pendleton County (KY),111,0,4.9,1007,Margin (+111) is a 4.0-sigma outlier vs this team's usual margin (4.9 avg). | Pre-1930 season -- college/HS crossover games were common this early.,The_Courier_Journal_1928_10_20_Page_13.csv,,,
4,1920,1920-11-07,Defiance (OH),Home,Hicksville (OH),61,7,-1.0,862,Margin (+54) is a 2.3-sigma outlier vs this team's usual margin (-1.0 avg). | Pre-1930 season -- college/HS crossover games were common this early.,The_Plain_Dealer_1920_11_07_19.csv,,,
4,1922,1922-09-24,Danville (IL),Home,Sidell Jamaica (IL),76,0,4.2,926,Margin (+76) is a 3.1-sigma outlier vs this team's usual margin (4.2 avg). | Pre-1930 season -- college/HS crossover games were common this early.,Chicago_Tribune_1922_09_24_23.csv,,,
4,1936,1936-10-10,Danville (IL),Home,Terre Haute Gerstmeyer (IN),45,0,4.2,926,"Margin (+45) is a 1.8-sigma outlier vs this team's usual margin (4.2 avg). | This opponent pairing is a one-off (not a recurring year-over-year matchup) -- more consistent with a one-time guarantee game than a conference rivalry. | 1930s/early-1940s season -- crossover games still happened, though less often than the 1920s.",The_Indianapolis_Star_1936_10_10_Page_18.csv,,,
4,1943,1943-10-16,Pikeville (KY),Visitor,Attalla Etowah (AL),0,35,12.2,1276,"Margin (-35) is a 1.7-sigma outlier vs this team's usual margin (12.2 avg). | This opponent pairing is a one-off (not a recurring year-over-year matchup) -- more consistent with a one-time guarantee game than a conference rivalry. | 1930s/early-1940s season -- crossover games still happened, though less often than the 1920s.",The_Knoxville_News_Sentinel_1943_10_16_5.csv,,,
4,1940,1940-09-28,Rochester (MN),Visitor,Austin (MN),0,34,5.8,272,"Opponent 'Austin (MN)' is ALSO a risk-listed college-town name -- may be a college-vs-college guarantee game misfiled as HS, or confirms both sides need a look. | Margin (-34) is a 1.9-sigma outlier vs this team's usual margin (5.8 avg). | Recurs across 45 different seasons vs this same opponent -- looks like a real, stable HS conference rivalry. | 1930s/early-1940s season -- crossover games still happened, though less often than the 1920s.",The_Minneapolis_Star_1940_09_28_Page_8.csv,,,
4,1935,1935-10-04,Mayville (ND),Visitor,Grand Forks Central (ND),0,61,-3.0,134,"Margin (-61) is a 2.4-sigma outlier vs this team's usual margin (-3.0 avg). | This opponent pairing is a one-off (not a recurring year-over-year matchup) -- more consistent with a one-time guarantee game than a conference rivalry. | 1930s/early-1940s season -- crossover games still happened, though less often than the 1920s.",http://www.classmates.com/siteui/yearbooks/206601?page=107,,,
4,1925,1925-10-02,Moorhead (MN),Home,Frazee (MN),39,0,7.8,900,Margin (+39) is a 1.5-sigma outlier vs this team's usual margin (7.8 avg). | Pre-1930 season -- college/HS crossover games were common this early.,http://www.classmates.com/yearbooks/Moorhead-High-School/61881?page=86,,,
4,1940,1940-09-14,Marietta (OH),Home,Lexington (OH),38,0,-3.3,961,"Margin (+38) is a 1.8-sigma outlier vs this team's usual margin (-3.3 avg). | This opponent pairing is a one-off (not a recurring year-over-year matchup) -- more consistent with a one-time guarantee game than a conference rivalry. | 1930s/early-1940s season -- crossover games still happened, though less often than the 1920s.",The_Akron_Beacon_Journal_1940_09_14_Page_10.csv,,,
4,1930,1930-10-10,Georgetown (KY),Visitor,Ashland Boyd County (KY),0,73,-18.5,35,"Margin (-73) is a 2.0-sigma outlier vs this team's usual margin (-18.5 avg). | This opponent pairing is a one-off (not a recurring year-over-year matchup) -- more consistent with a one-time guarantee game than a conference rivalry. | 1930s/early-1940s season -- crossover games still happened, though less often than the 1920s.",http://www.rootsweb.ancestry.com/~kyboyd/Schools/AshlandHS/Yearbook1931/hl-100.htm,,,
3,1921,1921-10-23,Bluffton (OH),Home,Defiance (OH),19,6,3.2,714,"Opponent 'Defiance (OH)' is ALSO a risk-listed college-town name -- may be a college-vs-college guarantee game misfiled as HS, or confirms both sides need a look. | Recurs across 3 different seasons vs this same opponent -- looks like a real, stable HS conference rivalry. | Pre-1930 season -- college/HS crossover games were common this early.",The_Plain_Dealer_1921_10_23_21 (1).csv,,,
3,1941,1941-11-15,Defiance (OH),Home,Rossford (OH),52,0,-1.0,862,"Margin (+52) is a 2.2-sigma outlier vs this team's usual margin (-1.0 avg). | 1930s/early-1940s season -- crossover games still happened, though less often than the 1920s.",The_Zanesville_Signal_1941_11_15_6.csv,,,
3,1942,1942-11-14,Defiance (OH),Home,Rossford (OH),72,12,-1.0,862,"Margin (+60) is a 2.5-sigma outlier vs this team's usual margin (-1.0 avg). | 1930s/early-1940s season -- crossover games still happened, though less often than the 1920s.",The_Zanesville_Signal_1942_11_14_5.csv,,,
3,1924,1924-10-31,Moorhead (MN),Home,Lisbon (ND),36,6,7.8,900,This opponent pairing is a one-off (not a recurring year-over-year matchup) -- more consistent with a one-time guarantee game than a conference rivalry. | Pre-1930 season -- college/HS crossover games were common this early.,http://www.classmates.com/yearbooks/Moorhead-High-School/62112?page=60,,,
3,1920,1920-12-03,Findlay (OH),Visitor,Findlay Alumni (OH),0,27,2.7,1201,This opponent pairing is a one-off (not a recurring year-over-year matchup) -- more consistent with a one-time guarantee game than a conference rivalry. | Pre-1930 season -- college/HS crossover games were common this early.,https://www.classmates.com/siteui/yearbooks/72703?page=83,,,
3,1925,1925-10-23,Pikeville (KY),Visitor,Ceredo-Kenova (WV),6,12,12.2,1276,This opponent pairing is a one-off (not a recurring year-over-year matchup) -- more consistent with a one-time guarantee game than a conference rivalry. | Pre-1930 season -- college/HS crossover games were common this early.,http://fourseasonsfootball.com/va.html,,,
3,1927,1927-11-05,Kearney (NE),Visitor,Grand Island (NE),0,24,2.2,951,"Opponent 'Grand Island (NE)' is ALSO a risk-listed college-town name -- may be a college-vs-college guarantee game misfiled as HS, or confirms both sides need a look. | Recurs across 77 different seasons vs this same opponent -- looks like a real, stable HS conference rivalry. | Pre-1930 season -- college/HS crossover games were common this early.",Lincoln_Journal_Star_1927_11_05_7.csv,,,
3,1922,1922-09-29,Kearney (NE),Home,Grand Island (NE),26,0,2.2,951,"Opponent 'Grand Island (NE)' is ALSO a risk-listed college-town name -- may be a college-vs-college guarantee game misfiled as HS, or confirms both sides need a look. | Recurs across 77 different seasons vs this same opponent -- looks like a real, stable HS conference rivalry. | Pre-1930 season -- college/HS crossover games were common this early.",http://www.classmates.com/yearbooks/Kearney-High-School/65666?page=46,,,
3,1929,1929-10-04,Austin (MN),Home,Winona (MN),33,7,1.7,1094,"Opponent 'Winona (MN)' is ALSO a risk-listed college-town name -- may be a college-vs-college guarantee game misfiled as HS, or confirms both sides need a look. | Recurs across 91 different seasons vs this same opponent -- looks like a real, stable HS conference rivalry. | Pre-1930 season -- college/HS crossover games were common this early.",http://www.classmates.com/yearbooks/Austin-High-School/4182716190?page=78,,,
3,1946,1946-10-19,Valley City (ND),Visitor,Wahpeton (ND),0,65,1.2,953,"Opponent 'Wahpeton (ND)' is ALSO a risk-listed college-town name -- may be a college-vs-college guarantee game misfiled as HS, or confirms both sides need a look. | Margin (-65) is a 2.7-sigma outlier vs this team's usual margin (1.2 avg). | Recurs across 54 different seasons vs this same opponent -- looks like a real, stable HS conference rivalry.",The_Forum_1946_10_19_7.csv,,,
3,1925,1925-10-23,Austin (MN),Home,Bricelyn (MN),10,9,1.7,1094,This opponent pairing is a one-off (not a recurring year-over-year matchup) -- more consistent with a one-time guarantee game than a conference rivalry. | Pre-1930 season -- college/HS crossover games were common this early.,http://www.classmates.com/yearbooks/Austin-High-School/4182759212?page=130,,,
3,1926,1926-10-01,Moorhead (MN),Home,Valley City (ND),14,0,7.8,900,"Opponent 'Valley City (ND)' is ALSO a risk-listed college-town name -- may be a college-vs-college guarantee game misfiled as HS, or confirms both sides need a look. | Recurs across 18 different seasons vs this same opponent -- looks like a real, stable HS conference rivalry. | Pre-1930 season -- college/HS crossover games were common this early.",http://www.classmates.com/siteui/yearbooks/61867?page=85,,,
3,1928,1928-10-05,Austin (MN),Home,Rochester (MN),18,6,1.7,1094,"Opponent 'Rochester (MN)' is ALSO a risk-listed college-town name -- may be a college-vs-college guarantee game misfiled as HS, or confirms both sides need a look. | Recurs across 45 different seasons vs this same opponent -- looks like a real, stable HS conference rivalry. | Pre-1930 season -- college/HS crossover games were common this early.",http://www.classmates.com/yearbooks/Austin-High-School/78206?page=96,,,
3,1921,1921-10-01,Danville (IL),Home,Spring Valley Hall (IL),27,2,4.2,926,This opponent pairing is a one-off (not a recurring year-over-year matchup) -- more consistent with a one-time guarantee game than a conference rivalry. | Pre-1930 season -- college/HS crossover games were common this early.,https://www.newspapers.com/image/28737216,,,
3,1923,1923-10-07,Joliet (IL),Visitor,DeKalb (IL),7,26,-9.3,928,"Opponent 'DeKalb (IL)' is ALSO a risk-listed college-town name -- may be a college-vs-college guarantee game misfiled as HS, or confirms both sides need a look. | Recurs across 5 different seasons vs this same opponent -- looks like a real, stable HS conference rivalry. | Pre-1930 season -- college/HS crossover games were common this early.",Chicago_Tribune_1923_10_07_24.csv,,,
3,1942,1942-10-03,Grinnell (IA),Visitor,Drake University (IA),6,7,1.7,1110,"Opponent 'Drake University (IA)' is ALREADY explicitly labeled a college/university -- a bare town-name team playing a confirmed college is very likely that same college's varsity/frosh, not the high school. | Recurs across 5 different seasons vs this same opponent -- looks like a real, stable HS conference rivalry. | 1930s/early-1940s season -- crossover games still happened, though less often than the 1920s.",The_Des_Moines_Register_1942_10_03_Page_7.csv,,,
3,1923,1923-10-05,Winona (MN),Visitor,Rochester (MN),0,9,-3.4,915,"Opponent 'Rochester (MN)' is ALSO a risk-listed college-town name -- may be a college-vs-college guarantee game misfiled as HS, or confirms both sides need a look. | Recurs across 31 different seasons vs this same opponent -- looks like a real, stable HS conference rivalry. | Pre-1930 season -- college/HS crossover games were common this early.",https://www.classmates.com/siteui/yearbooks/206695?page=109,,,
3,1922,1922-10-27,Hastings (NE),Visitor,Kearney (NE),0,18,-1.5,909,"Opponent 'Kearney (NE)' is ALSO a risk-listed college-town name -- may be a college-vs-college guarantee game misfiled as HS, or confirms both sides need a look. | Recurs across 45 different seasons vs this same opponent -- looks like a real, stable HS conference rivalry. | Pre-1930 season -- college/HS crossover games were common this early.",http://www.classmates.com/yearbooks/Kearney-High-School/65666?page=46,,,
3,1921,1921-11-18,Wheaton (IL),Home,Freeport (IL),21,0,7.9,278,This opponent pairing is a one-off (not a recurring year-over-year matchup) -- more consistent with a one-time guarantee game than a conference rivalry. | Pre-1930 season -- college/HS crossover games were common this early.,http://www.classmates.com/yearbooks/Wheaton-Community-High-School/105245?page=52,,,
3,1921,1921-10-02,Joliet (IL),Home,DeKalb (IL),0,0,-9.3,928,"Opponent 'DeKalb (IL)' is ALSO a risk-listed college-town name -- may be a college-vs-college guarantee game misfiled as HS, or confirms both sides need a look. | Recurs across 5 different seasons vs this same opponent -- looks like a real, stable HS conference rivalry. | Pre-1930 season -- college/HS crossover games were common this early.",Chicago_Tribune_1921_10_02_23.csv,,,
3,1929,1929-10-13,Whitewater (WI),Visitor,Lake Mills (IA),0,31,-0.9,677,This opponent pairing is a one-off (not a recurring year-over-year matchup) -- more consistent with a one-time guarantee game than a conference rivalry. | Pre-1930 season -- college/HS crossover games were common this early.,Chicago_Tribune_1929_10_13_36.csv,,,
3,1925,1925-09-27,Wheaton (IL),Visitor,Maywood Proviso East (IL),0,6,7.9,278,This opponent pairing is a one-off (not a recurring year-over-year matchup) -- more consistent with a one-time guarantee game than a conference rivalry. | Pre-1930 season -- college/HS crossover games were common this early.,Chicago_Tribune_1925_09_27_35.csv,,,
3,1923,1923-10-14,DeKalb (IL),Visitor,Aurora East Lightweights (IL),6,0,-3.7,886,This opponent pairing is a one-off (not a recurring year-over-year matchup) -- more consistent with a one-time guarantee game than a conference rivalry. | Pre-1930 season -- college/HS crossover games were common this early.,Chicago_Tribune_1923_10_14_24.csv,,,
3,1923,1923-11-18,Bowling Green (OH),Visitor,Findlay (OH),6,34,-2.0,691,"Opponent 'Findlay (OH)' is ALSO a risk-listed college-town name -- may be a college-vs-college guarantee game misfiled as HS, or confirms both sides need a look. | Recurs across 38 different seasons vs this same opponent -- looks like a real, stable HS conference rivalry. | Pre-1930 season -- college/HS crossover games were common this early.",The_Plain_Dealer_1923_11_18_41 (1).csv,,,
3,1924,1924-10-03,Moorhead (MN),Visitor,Wahpeton (ND),0,6,7.8,900,"Opponent 'Wahpeton (ND)' is ALSO a risk-listed college-town name -- may be a college-vs-college guarantee game misfiled as HS, or confirms both sides need a look. | Recurs across 22 different seasons vs this same opponent -- looks like a real, stable HS conference rivalry. | Pre-1930 season -- college/HS crossover games were common this early.",http://www.classmates.com/yearbooks/Moorhead-High-School/62112?page=60,,,
3,1922,1922-09-08,Winona (MN),Visitor,Austin (MN),6,6,-3.4,915,"Opponent 'Austin (MN)' is ALSO a risk-listed college-town name -- may be a college-vs-college guarantee game misfiled as HS, or confirms both sides need a look. | Recurs across 91 different seasons vs this same opponent -- looks like a real, stable HS conference rivalry. | Pre-1930 season -- college/HS crossover games were common this early.",http://www.classmates.com/yearbooks/Winona-High-School/1000248424?page=68,,,
3,1923,1923-11-04,Joliet (IL),Visitor,Chicago St. Patrick (IL),0,21,-9.3,928,This opponent pairing is a one-off (not a recurring year-over-year matchup) -- more consistent with a one-time guarantee game than a conference rivalry. | Pre-1930 season -- college/HS crossover games were common this early.,Chicago_Tribune_1923_11_04_24.csv,,,
3,1925,1925-10-23,Wahpeton (ND),Visitor,Moorhead (MN),6,26,-2.7,888,"Opponent 'Moorhead (MN)' is ALSO a risk-listed college-town name -- may be a college-vs-college guarantee game misfiled as HS, or confirms both sides need a look. | Recurs across 22 different seasons vs this same opponent -- looks like a real, stable HS conference rivalry. | Pre-1930 season -- college/HS crossover games were common this early.",http://www.classmates.com/yearbooks/Moorhead-High-School/61881?page=86,,,
3,1949,1949-10-07,Kearney (NE),Visitor,Grand Island (NE),0,32,2.2,951,"Opponent 'Grand Island (NE)' is ALSO a risk-listed college-town name -- may be a college-vs-college guarantee game misfiled as HS, or confirms both sides need a look. | Margin (-32) is a 1.6-sigma outlier vs this team's usual margin (2.2 avg). | Recurs across 77 different seasons vs this same opponent -- looks like a real, stable HS conference rivalry.",http://www.classmates.com/yearbooks/Kearney-High-School/231045?page=72,,,
3,1949,1949-10-08,Adrian (MI),Home,Hillsdale (MI),33,0,0.9,877,"Opponent 'Hillsdale (MI)' is ALSO a risk-listed college-town name -- may be a college-vs-college guarantee game misfiled as HS, or confirms both sides need a look. | Margin (+33) is a 1.5-sigma outlier vs this team's usual margin (0.9 avg). | Recurs across 19 different seasons vs this same opponent -- looks like a real, stable HS conference rivalry.",The_Blade_MI_1949_10_08_11 (3).csv,,,
3,1921,1921-11-06,Findlay (OH),Home,Defiance (OH),33,0,2.7,1201,"Opponent 'Defiance (OH)' is ALSO a risk-listed college-town name -- may be a college-vs-college guarantee game misfiled as HS, or confirms both sides need a look. | Recurs across 11 different seasons vs this same opponent -- looks like a real, stable HS conference rivalry. | Pre-1930 season -- college/HS crossover games were common this early.",The_Plain_Dealer_1921_11_06_59 (1).csv,,,
3,1922,1922-11-26,Findlay (OH),Home,Saint Marys (WV),13,6,2.7,1201,This opponent pairing is a one-off (not a recurring year-over-year matchup) -- more consistent with a one-time guarantee game than a conference rivalry. | Pre-1930 season -- college/HS crossover games were common this early.,The_Plain_Dealer_1922_11_26_41 (1).csv,,,
3,1923,1923-10-19,Austin (MN),Visitor,Rochester (MN),0,3,1.7,1094,"Opponent 'Rochester (MN)' is ALSO a risk-listed college-town name -- may be a college-vs-college guarantee game misfiled as HS, or confirms both sides need a look. | Recurs across 45 different seasons vs this same opponent -- looks like a real, stable HS conference rivalry. | Pre-1930 season -- college/HS crossover games were common this early.",https://www.classmates.com/siteui/yearbooks/206695?page=109,,,
3,1924,1924-10-04,Monmouth (IL),Visitor,Wabasha (MN),0,26,-2.7,640,This opponent pairing is a one-off (not a recurring year-over-year matchup) -- more consistent with a one-time guarantee game than a conference rivalry. | Pre-1930 season -- college/HS crossover games were common this early.,Argus_Leader_1924_10_04_Page_9.csv,,,
3,1926,1926-10-23,Jamestown (ND),Visitor,Valley City (ND),0,7,3.9,347,"Opponent 'Valley City (ND)' is ALSO a risk-listed college-town name -- may be a college-vs-college guarantee game misfiled as HS, or confirms both sides need a look. | Recurs across 43 different seasons vs this same opponent -- looks like a real, stable HS conference rivalry. | Pre-1930 season -- college/HS crossover games were common this early.",The_Forum_1926_10_23_10.csv,,,
3,1927,1927-10-02,Jamestown (ND),Visitor,Concordia Academy (MN),7,19,3.9,347,This opponent pairing is a one-off (not a recurring year-over-year matchup) -- more consistent with a one-time guarantee game than a conference rivalry. | Pre-1930 season -- college/HS crossover games were common this early.,The_Forum_1927_10_02_15.csv,,,
3,1927,1927-10-15,Valley City (ND),Visitor,Moorhead (MN),6,6,1.2,953,"Opponent 'Moorhead (MN)' is ALSO a risk-listed college-town name -- may be a college-vs-college guarantee game misfiled as HS, or confirms both sides need a look. | Recurs across 18 different seasons vs this same opponent -- looks like a real, stable HS conference rivalry. | Pre-1930 season -- college/HS crossover games were common this early.",The_Forum_1927_10_15_8.csv,,,
3,1921,1921-10-14,Dickinson (ND),Home,Mandan State Industrial School (ND),28,14,-0.9,982,This opponent pairing is a one-off (not a recurring year-over-year matchup) -- more consistent with a one-time guarantee game than a conference rivalry. | Pre-1930 season -- college/HS crossover games were common this early.,http://www.bhs.bismarckschools.org/bhs/bhsathletics/throwers/history-of-bismarck-high-football/,,,
3,1925,1925-11-01,Monmouth (IL),Home,Bushnell (IL),0,0,-2.7,640,This opponent pairing is a one-off (not a recurring year-over-year matchup) -- more consistent with a one-time guarantee game than a conference rivalry. | Pre-1930 season -- college/HS crossover games were common this early.,The_Indianapolis_Star_1925_11_01_Page_25.csv,,,
3,1923,1923-10-19,Adrian (MI),Visitor,Detroit Northeastern (MI),10,13,0.9,877,This opponent pairing is a one-off (not a recurring year-over-year matchup) -- more consistent with a one-time guarantee game than a conference rivalry. | Pre-1930 season -- college/HS crossover games were common this early.,http://www.classmates.com/siteui/yearbooks/61962?page=98,,,
3,1922,1922-12-08,Findlay (OH),Visitor,Avon (IL),6,20,2.7,1201,This opponent pairing is a one-off (not a recurring year-over-year matchup) -- more consistent with a one-time guarantee game than a conference rivalry. | Pre-1930 season -- college/HS crossover games were common this early.,Aurora's East-West Football Rivalry-Steve Solarz,,,
3,1922,1922-10-27,Rochester (MN),Home,Mankato (MN),13,0,5.8,272,"Opponent 'Mankato (MN)' is ALSO a risk-listed college-town name -- may be a college-vs-college guarantee game misfiled as HS, or confirms both sides need a look. | Recurs across 28 different seasons vs this same opponent -- looks like a real, stable HS conference rivalry. | Pre-1930 season -- college/HS crossover games were common this early.",https://www.classmates.com/siteui/yearbooks/95676?page=75,,,
3,1925,1925-10-23,Moorhead (MN),Home,Wahpeton (ND),26,6,7.8,900,"Opponent 'Wahpeton (ND)' is ALSO a risk-listed college-town name -- may be a college-vs-college guarantee game misfiled as HS, or confirms both sides need a look. | Recurs across 22 different seasons vs this same opponent -- looks like a real, stable HS conference rivalry. | Pre-1930 season -- college/HS crossover games were common this early.",http://www.classmates.com/yearbooks/Moorhead-High-School/61881?page=86,,,
3,1921,1921-11-11,Danville (IL),Home,Taylorville (IL),34,0,4.2,926,This opponent pairing is a one-off (not a recurring year-over-year matchup) -- more consistent with a one-time guarantee game than a conference rivalry. | Pre-1930 season -- college/HS crossover games were common this early.,http://www.classmates.com/yearbooks/Danville-High-School/239951?page=76,,,
3,1927,1927-10-16,Joliet (IL),Home,Chicago Harrison Tech (IL),6,0,-9.3,928,This opponent pairing is a one-off (not a recurring year-over-year matchup) -- more consistent with a one-time guarantee game than a conference rivalry. | Pre-1930 season -- college/HS crossover games were common this early.,Chicago_Tribune_1927_10_16_35.csv,,,
3,1920,1920-10-08,Wooster (OH),Home,Canal Dover (OH),21,6,0.1,1005,This opponent pairing is a one-off (not a recurring year-over-year matchup) -- more consistent with a one-time guarantee game than a conference rivalry. | Pre-1930 season -- college/HS crossover games were common this early.,http://www.classmates.com/yearbooks/Wooster-High-School/1300336807?page=72,,,
3,1922,1922-11-17,Dickinson (ND),Visitor,"Dickinson Opp """"Marmonth"""" (ND)",6,20,-0.9,982,This opponent pairing is a one-off (not a recurring year-over-year matchup) -- more consistent with a one-time guarantee game than a conference rivalry. | Pre-1930 season -- college/HS crossover games were common this early.,http://www.bhs.bismarckschools.org/bhs/bhsathletics/throwers/history-of-bismarck-high-football/,,,
3,1927,1927-10-21,Austin (MN),Visitor,Rochester (MN),0,28,1.7,1094,"Opponent 'Rochester (MN)' is ALSO a risk-listed college-town name -- may be a college-vs-college guarantee game misfiled as HS, or confirms both sides need a look. | Recurs across 45 different seasons vs this same opponent -- looks like a real, stable HS conference rivalry. | Pre-1930 season -- college/HS crossover games were common this early.",https://www.classmates.com/siteui/yearbooks/83913?page=150,,,
3,1926,1926-11-06,Hastings (NE),Home,Kearney (NE),14,6,-1.5,909,"Opponent 'Kearney (NE)' is ALSO a risk-listed college-town name -- may be a college-vs-college guarantee game misfiled as HS, or confirms both sides need a look. | Recurs across 45 different seasons vs this same opponent -- looks like a real, stable HS conference rivalry. | Pre-1930 season -- college/HS crossover games were common this early.",Lincoln_Journal_Star_1926_11_06_7.csv,,,
3,1927,1927-11-11,Defiance (OH),Visitor,Findlay (OH),0,26,-1.0,862,"Opponent 'Findlay (OH)' is ALSO a risk-listed college-town name -- may be a college-vs-college guarantee game misfiled as HS, or confirms both sides need a look. | Recurs across 11 different seasons vs this same opponent -- looks like a real, stable HS conference rivalry. | Pre-1930 season -- college/HS crossover games were common this early.",https://www.classmates.com/siteui/yearbooks/53960?page=106,,,
3,1921,1921-10-21,Danville (IL),Visitor,Georgetown-Ridge Farm (IL),14,14,4.2,926,This opponent pairing is a one-off (not a recurring year-over-year matchup) -- more consistent with a one-time guarantee game than a conference rivalry. | Pre-1930 season -- college/HS crossover games were common this early.,http://www.classmates.com/siteui/yearbooks/65138?page=59,,,
3,1924,1924-10-10,Austin (MN),Visitor,Rochester (MN),0,12,1.7,1094,"Opponent 'Rochester (MN)' is ALSO a risk-listed college-town name -- may be a college-vs-college guarantee game misfiled as HS, or confirms both sides need a look. | Recurs across 45 different seasons vs this same opponent -- looks like a real, stable HS conference rivalry. | Pre-1930 season -- college/HS crossover games were common this early.",https://www.classmates.com/siteui/yearbooks/95582?page=119,,,
3,1923,1923-10-07,DeKalb (IL),Home,Joliet (IL),26,7,-3.7,886,"Opponent 'Joliet (IL)' is ALSO a risk-listed college-town name -- may be a college-vs-college guarantee game misfiled as HS, or confirms both sides need a look. | Recurs across 5 different seasons vs this same opponent -- looks like a real, stable HS conference rivalry. | Pre-1930 season -- college/HS crossover games were common this early.",Chicago_Tribune_1923_10_07_24.csv,,,
3,1927,1927-09-30,Austin (MN),Visitor,Virginia (MN),0,27,1.7,1094,This opponent pairing is a one-off (not a recurring year-over-year matchup) -- more consistent with a one-time guarantee game than a conference rivalry. | Pre-1930 season -- college/HS crossover games were common this early.,http://www.classmates.com/yearbooks/Austin-High-School/78996?page=132,,,
3,1928,1928-10-20,Jamestown (ND),Visitor,Valley City (ND),6,18,3.9,347,"Opponent 'Valley City (ND)' is ALSO a risk-listed college-town name -- may be a college-vs-college guarantee game misfiled as HS, or confirms both sides need a look. | Recurs across 43 different seasons vs this same opponent -- looks like a real, stable HS conference rivalry. | Pre-1930 season -- college/HS crossover games were common this early.",The_Forum_1928_10_20_8.csv,,,
3,1929,1929-09-29,Jamestown (ND),Visitor,Aberdeen (SD),0,27,3.9,347,This opponent pairing is a one-off (not a recurring year-over-year matchup) -- more consistent with a one-time guarantee game than a conference rivalry. | Pre-1930 season -- college/HS crossover games were common this early.,The_Forum_1929_09_29_15.csv,,,
3,1923,1923-11-18,Findlay (OH),Home,Bowling Green (OH),34,6,2.7,1201,"Opponent 'Bowling Green (OH)' is ALSO a risk-listed college-town name -- may be a college-vs-college guarantee game misfiled as HS, or confirms both sides need a look. | Recurs across 38 different seasons vs this same opponent -- looks like a real, stable HS conference rivalry. | Pre-1930 season -- college/HS crossover games were common this early.",The_Plain_Dealer_1923_11_18_41 (1).csv,,,
3,1924,1924-10-03,Wahpeton (ND),Home,Moorhead (MN),6,0,-2.7,888,"Opponent 'Moorhead (MN)' is ALSO a risk-listed college-town name -- may be a college-vs-college guarantee game misfiled as HS, or confirms both sides need a look. | Recurs across 22 different seasons vs this same opponent -- looks like a real, stable HS conference rivalry. | Pre-1930 season -- college/HS crossover games were common this early.",http://www.classmates.com/yearbooks/Moorhead-High-School/62112?page=60,,,
3,1922,1922-09-08,Austin (MN),Home,Winona (MN),6,6,1.7,1094,"Opponent 'Winona (MN)' is ALSO a risk-listed college-town name -- may be a college-vs-college guarantee game misfiled as HS, or confirms both sides need a look. | Recurs across 91 different seasons vs this same opponent -- looks like a real, stable HS conference rivalry. | Pre-1930 season -- college/HS crossover games were common this early.",http://www.classmates.com/yearbooks/Winona-High-School/1000248424?page=68,,,
3,1928,1928-09-30,Joliet (IL),Home,Chicago Fenger (IL),19,0,-9.3,928,This opponent pairing is a one-off (not a recurring year-over-year matchup) -- more consistent with a one-time guarantee game than a conference rivalry. | Pre-1930 season -- college/HS crossover games were common this early.,The_Pantagraph_1928_09_30_Page_17.csv,,,
3,1928,1928-09-23,Monmouth (IL),Home,Biggsville West Central (IL),37,6,-2.7,640,This opponent pairing is a one-off (not a recurring year-over-year matchup) -- more consistent with a one-time guarantee game than a conference rivalry. | Pre-1930 season -- college/HS crossover games were common this early.,The_Pantagraph_1928_09_23_Page_17.csv,,,
3,1921,1921-09-30,Murray (KY),Visitor,Brownsville Haywood (TN),0,10,7.5,832,This opponent pairing is a one-off (not a recurring year-over-year matchup) -- more consistent with a one-time guarantee game than a conference rivalry. | Pre-1930 season -- college/HS crossover games were common this early.,www.hsfdatabase.com-tennessee.htm,,,
3,1920,1920-10-08,Adrian (MI),Visitor,Detroit University of Detroit Jesuit (MI),14,19,0.9,877,This opponent pairing is a one-off (not a recurring year-over-year matchup) -- more consistent with a one-time guarantee game than a conference rivalry. | Pre-1930 season -- college/HS crossover games were common this early.,http://www.classmates.com/siteui/yearbooks/62022?page=82,,,
3,1925,1925-10-23,Kearney (NE),Visitor,Grand Island (NE),0,0,2.2,951,"Opponent 'Grand Island (NE)' is ALSO a risk-listed college-town name -- may be a college-vs-college guarantee game misfiled as HS, or confirms both sides need a look. | Recurs across 77 different seasons vs this same opponent -- looks like a real, stable HS conference rivalry. | Pre-1930 season -- college/HS crossover games were common this early.",https://www.classmates.com/siteui/yearbooks/184618?page=76,,,
3,1922,1922-11-17,Rochester (MN),Home,Duluth Denfeld (MN),14,0,5.8,272,This opponent pairing is a one-off (not a recurring year-over-year matchup) -- more consistent with a one-time guarantee game than a conference rivalry. | Pre-1930 season -- college/HS crossover games were common this early.,https://www.classmates.com/siteui/yearbooks/4182714196?page=114,,,
3,1939,1939-11-05,Marietta (OH),Home,Newcomerstown (OH),67,0,-3.3,961,"Margin (+67) is a 3.0-sigma outlier vs this team's usual margin (-3.3 avg). | 1930s/early-1940s season -- crossover games still happened, though less often than the 1920s.",The_Plain_Dealer_1939_11_05_55.csv,,,
3,1921,1921-10-07,Georgetown (KY),Visitor,Pineville (KY),7,6,-18.5,35,This opponent pairing is a one-off (not a recurring year-over-year matchup) -- more consistent with a one-time guarantee game than a conference rivalry. | Pre-1930 season -- college/HS crossover games were common this early.,http://fourseasonsfootball.com/va.html,,,
3,1928,1928-10-21,Oberlin (OH),Home,Tiffin (OH),13,0,-5.6,712,This opponent pairing is a one-off (not a recurring year-over-year matchup) -- more consistent with a one-time guarantee game than a conference rivalry. | Pre-1930 season -- college/HS crossover games were common this early.,The_Plain_Dealer_1928_10_21_33.csv,,,
3,1945,1945-10-02,Milton (WI),Home,Whitewater (WI),48,0,7.0,758,"Opponent 'Whitewater (WI)' is ALSO a risk-listed college-town name -- may be a college-vs-college guarantee game misfiled as HS, or confirms both sides need a look. | Margin (+48) is a 1.9-sigma outlier vs this team's usual margin (7.0 avg). | Recurs across 30 different seasons vs this same opponent -- looks like a real, stable HS conference rivalry.",Wisconsin_State_Journal_1945_10_02_11.csv,,,
3,1959,1959-10-24,Mayville (ND),Home,Dickinson College (PA),33,20,-3.0,134,"Opponent 'Dickinson College (PA)' is ALREADY explicitly labeled a college/university -- a bare town-name team playing a confirmed college is very likely that same college's varsity/frosh, not the high school. | This opponent pairing is a one-off (not a recurring year-over-year matchup) -- more consistent with a one-time guarantee game than a conference rivalry. | 1950 or later -- college/HS crossover games had essentially stopped by this point, so this is most likely a genuine same-name high school, not a misfiled college game.",The_Courier_Journal_1959_10_24_Page_21.csv,,,
3,1925,1925-11-13,Bowling Green (OH),Visitor,Findlay (OH),0,26,-2.0,691,"Opponent 'Findlay (OH)' is ALSO a risk-listed college-town name -- may be a college-vs-college guarantee game misfiled as HS, or confirms both sides need a look. | Recurs across 38 different seasons vs this same opponent -- looks like a real, stable HS conference rivalry. | Pre-1930 season -- college/HS crossover games were common this early.",https://www.classmates.com/siteui/yearbooks/232992?page=103,,,
3,1923,1923-11-09,Rochester (MN),Visitor,Mankato (MN),0,13,5.8,272,"Opponent 'Mankato (MN)' is ALSO a risk-listed college-town name -- may be a college-vs-college guarantee game misfiled as HS, or confirms both sides need a look. | Recurs across 28 different seasons vs this same opponent -- looks like a real, stable HS conference rivalry. | Pre-1930 season -- college/HS crossover games were common this early.",https://www.classmates.com/siteui/yearbooks/206695?page=109,,,
3,1922,1922-11-17,Ashland (OH),Visitor,Wooster (OH),6,35,1.4,651,"Opponent 'Wooster (OH)' is ALSO a risk-listed college-town name -- may be a college-vs-college guarantee game misfiled as HS, or confirms both sides need a look. | Recurs across 59 different seasons vs this same opponent -- looks like a real, stable HS conference rivalry. | Pre-1930 season -- college/HS crossover games were common this early.",https://www.classmates.com/siteui/yearbooks/180161?page=95,,,
3,1920,1920-11-05,Adrian (MI),Visitor,Hillsdale (MI),7,14,0.9,877,"Opponent 'Hillsdale (MI)' is ALSO a risk-listed college-town name -- may be a college-vs-college guarantee game misfiled as HS, or confirms both sides need a look. | Recurs across 19 different seasons vs this same opponent -- looks like a real, stable HS conference rivalry. | Pre-1930 season -- college/HS crossover games were common this early.",http://www.classmates.com/siteui/yearbooks/62022?page=82,,,
3,1921,1921-11-25,Defiance (OH),Home,Decatur (OH),12,6,-1.0,862,This opponent pairing is a one-off (not a recurring year-over-year matchup) -- more consistent with a one-time guarantee game than a conference rivalry. | Pre-1930 season -- college/HS crossover games were common this early.,The_Plain_Dealer_1921_11_25_18 (1).csv,,,
3,1922,1922-10-27,Macomb (IL),Home,Monmouth (IL),24,0,1.2,729,"Opponent 'Monmouth (IL)' is ALSO a risk-listed college-town name -- may be a college-vs-college guarantee game misfiled as HS, or confirms both sides need a look. | Recurs across 43 different seasons vs this same opponent -- looks like a real, stable HS conference rivalry. | Pre-1930 season -- college/HS crossover games were common this early.",https://www.classmates.com/siteui/yearbooks/61496?page=73#google_vignette,,,
3,1922,1922-09-29,Macomb (IL),Home,Carthage (IL),3,0,1.2,729,"Opponent 'Carthage (IL)' is ALSO a risk-listed college-town name -- may be a college-vs-college guarantee game misfiled as HS, or confirms both sides need a look. | Recurs across 6 different seasons vs this same opponent -- looks like a real, stable HS conference rivalry. | Pre-1930 season -- college/HS crossover games were common this early.",https://www.classmates.com/siteui/yearbooks/4182838512?page=98,,,
3,1922,1922-11-03,Macomb (IL),Home,Monmouth (IL),25,0,1.2,729,"Opponent 'Monmouth (IL)' is ALSO a risk-listed college-town name -- may be a college-vs-college guarantee game misfiled as HS, or confirms both sides need a look. | Recurs across 43 different seasons vs this same opponent -- looks like a real, stable HS conference rivalry. | Pre-1930 season -- college/HS crossover games were common this early.",https://www.classmates.com/siteui/yearbooks/4182838512?page=98,,,
3,1922,1922-11-24,Macomb (IL),Home,Chicago Marshall (IL),9,6,1.2,729,This opponent pairing is a one-off (not a recurring year-over-year matchup) -- more consistent with a one-time guarantee game than a conference rivalry. | Pre-1930 season -- college/HS crossover games were common this early.,https://www.classmates.com/siteui/yearbooks/4182838512?page=98,,,
3,1923,1923-10-19,Grand Island (NE),Visitor,Kearney (NE),0,6,6.2,931,"Opponent 'Kearney (NE)' is ALSO a risk-listed college-town name -- may be a college-vs-college guarantee game misfiled as HS, or confirms both sides need a look. | Recurs across 77 different seasons vs this same opponent -- looks like a real, stable HS conference rivalry. | Pre-1930 season -- college/HS crossover games were common this early.",https://www.classmates.com/siteui/yearbooks/64706?page=73,,,
3,1928,1928-10-05,Rochester (MN),Visitor,Austin (MN),6,18,5.8,272,"Opponent 'Austin (MN)' is ALSO a risk-listed college-town name -- may be a college-vs-college guarantee game misfiled as HS, or confirms both sides need a look. | Recurs across 45 different seasons vs this same opponent -- looks like a real, stable HS conference rivalry. | Pre-1930 season -- college/HS crossover games were common this early.",http://www.classmates.com/yearbooks/Austin-High-School/78206?page=96,,,
3,1920,1920-10-15,Macomb (IL),Visitor,Monmouth (IL),13,21,1.2,729,"Opponent 'Monmouth (IL)' is ALSO a risk-listed college-town name -- may be a college-vs-college guarantee game misfiled as HS, or confirms both sides need a look. | Recurs across 43 different seasons vs this same opponent -- looks like a real, stable HS conference rivalry. | Pre-1930 season -- college/HS crossover games were common this early.",http://www.classmates.com/yearbooks/Monmouth-High-School/97556?page=66,,,
3,1924,1924-11-21,Grand Island (NE),Visitor,York (NE),0,6,6.2,931,"Opponent 'York (NE)' is ALSO a risk-listed college-town name -- may be a college-vs-college guarantee game misfiled as HS, or confirms both sides need a look. | Recurs across 7 different seasons vs this same opponent -- looks like a real, stable HS conference rivalry. | Pre-1930 season -- college/HS crossover games were common this early.",https://www.classmates.com/siteui/yearbooks/65412?page=71,,,
3,1921,1921-11-06,Defiance (OH),Visitor,Findlay (OH),0,33,-1.0,862,"Opponent 'Findlay (OH)' is ALSO a risk-listed college-town name -- may be a college-vs-college guarantee game misfiled as HS, or confirms both sides need a look. | Recurs across 11 different seasons vs this same opponent -- looks like a real, stable HS conference rivalry. | Pre-1930 season -- college/HS crossover games were common this early.",The_Plain_Dealer_1921_11_06_59 (1).csv,,,
3,1926,1926-10-10,Whitewater (WI),Home,Janesville Lightweights (WI),20,0,-0.9,677,This opponent pairing is a one-off (not a recurring year-over-year matchup) -- more consistent with a one-time guarantee game than a conference rivalry. | Pre-1930 season -- college/HS crossover games were common this early.,Chicago_Tribune_1926_10_10_32.csv,,,
3,1921,1921-10-28,Bowling Green (OH),Visitor,Findlay (OH),0,33,-2.0,691,"Opponent 'Findlay (OH)' is ALSO a risk-listed college-town name -- may be a college-vs-college guarantee game misfiled as HS, or confirms both sides need a look. | Recurs across 38 different seasons vs this same opponent -- looks like a real, stable HS conference rivalry. | Pre-1930 season -- college/HS crossover games were common this early.",https://www.classmates.com/siteui/yearbooks/233809?page=52,,,
3,1920,1920-10-15,Austin (MN),Visitor,Kasson (MN),2,30,1.7,1094,This opponent pairing is a one-off (not a recurring year-over-year matchup) -- more consistent with a one-time guarantee game than a conference rivalry. | Pre-1930 season -- college/HS crossover games were common this early.,http://www.classmates.com/yearbooks/Austin-High-School/4182759208?page=136,,,
3,1928,1928-10-05,Bowling Green (OH),Home,Findlay (OH),26,0,-2.0,691,"Opponent 'Findlay (OH)' is ALSO a risk-listed college-town name -- may be a college-vs-college guarantee game misfiled as HS, or confirms both sides need a look. | Recurs across 38 different seasons vs this same opponent -- looks like a real, stable HS conference rivalry. | Pre-1930 season -- college/HS crossover games were common this early.",https://www.classmates.com/siteui/yearbooks/127279?page=100,,,
3,1921,1921-10-01,Joliet (IL),Home,DeKalb (IL),13,0,-9.3,928,"Opponent 'DeKalb (IL)' is ALSO a risk-listed college-town name -- may be a college-vs-college guarantee game misfiled as HS, or confirms both sides need a look. | Recurs across 5 different seasons vs this same opponent -- looks like a real, stable HS conference rivalry. | Pre-1930 season -- college/HS crossover games were common this early.",https://www.newspapers.com/image/28737216,,,
3,1928,1928-11-17,Kearney (NE),Home,Curtis Nebraska School of Agriculture (NE),24,0,2.2,951,This opponent pairing is a one-off (not a recurring year-over-year matchup) -- more consistent with a one-time guarantee game than a conference rivalry. | Pre-1930 season -- college/HS crossover games were common this early.,Lincoln_Journal_Star_1928_11_17_7.csv,,,
3,1922,1922-11-10,Normal (IL),Home,Lincoln (IL),16,0,20.8,4,This opponent pairing is a one-off (not a recurring year-over-year matchup) -- more consistent with a one-time guarantee game than a conference rivalry. | Pre-1930 season -- college/HS crossover games were common this early.,https://www.classmates.com/siteui/yearbooks/4182937769?page=84,,,
3,1921,1921-11-11,Wheaton (IL),Home,Elmhurst York (IL),35,13,7.9,278,This opponent pairing is a one-off (not a recurring year-over-year matchup) -- more consistent with a one-time guarantee game than a conference rivalry. | Pre-1930 season -- college/HS crossover games were common this early.,http://www.classmates.com/yearbooks/Wheaton-Community-High-School/105245?page=52,,,
3,1929,1929-09-27,Rochester (MN),Visitor,Austin (MN),0,6,5.8,272,"Opponent 'Austin (MN)' is ALSO a risk-listed college-town name -- may be a college-vs-college guarantee game misfiled as HS, or confirms both sides need a look. | Recurs across 45 different seasons vs this same opponent -- looks like a real, stable HS conference rivalry. | Pre-1930 season -- college/HS crossover games were common this early.",http://www.classmates.com/yearbooks/Austin-High-School/4182716190?page=78,,,
3,1921,1921-10-07,Austin (MN),Visitor,Winona (MN),0,25,1.7,1094,"Opponent 'Winona (MN)' is ALSO a risk-listed college-town name -- may be a college-vs-college guarantee game misfiled as HS, or confirms both sides need a look. | Recurs across 91 different seasons vs this same opponent -- looks like a real, stable HS conference rivalry. | Pre-1930 season -- college/HS crossover games were common this early.",http://www.classmates.com/yearbooks/Winona-High-School/58059?page=36,,,
3,1946,1946-10-19,Wahpeton (ND),Home,Valley City (ND),65,0,-2.7,888,"Opponent 'Valley City (ND)' is ALSO a risk-listed college-town name -- may be a college-vs-college guarantee game misfiled as HS, or confirms both sides need a look. | Margin (+65) is a 2.8-sigma outlier vs this team's usual margin (-2.7 avg). | Recurs across 54 different seasons vs this same opponent -- looks like a real, stable HS conference rivalry.",The_Forum_1946_10_19_7.csv,,,
3,1921,1921-09-30,Findlay (OH),Home,Bluffton (OH),21,0,2.7,1201,"Opponent 'Bluffton (OH)' is ALSO a risk-listed college-town name -- may be a college-vs-college guarantee game misfiled as HS, or confirms both sides need a look. | Recurs across 6 different seasons vs this same opponent -- looks like a real, stable HS conference rivalry. | Pre-1930 season -- college/HS crossover games were common this early.",https://www.classmates.com/siteui/yearbooks/233809?page=52,,,
3,1949,1949-10-22,Stevens Point (WI),Home,Mosinee (WI),42,2,2.7,767,Margin (+40) is a 1.7-sigma outlier vs this team's usual margin (2.7 avg). | This opponent pairing is a one-off (not a recurring year-over-year matchup) -- more consistent with a one-time guarantee game than a conference rivalry.,Wisconsin_State_Journal_1949_10_22_11.csv,,,
3,1928,1928-10-20,Valley City (ND),Home,Jamestown (ND),18,6,1.2,953,"Opponent 'Jamestown (ND)' is ALSO a risk-listed college-town name -- may be a college-vs-college guarantee game misfiled as HS, or confirms both sides need a look. | Recurs across 43 different seasons vs this same opponent -- looks like a real, stable HS conference rivalry. | Pre-1930 season -- college/HS crossover games were common this early.",The_Forum_1928_10_20_8.csv,,,
3,1920,1920-10-15,Monmouth (IL),Home,Macomb (IL),21,13,-2.7,640,"Opponent 'Macomb (IL)' is ALSO a risk-listed college-town name -- may be a college-vs-college guarantee game misfiled as HS, or confirms both sides need a look. | Recurs across 43 different seasons vs this same opponent -- looks like a real, stable HS conference rivalry. | Pre-1930 season -- college/HS crossover games were common this early.",http://www.classmates.com/yearbooks/Monmouth-High-School/97556?page=66,,,
3,1923,1923-11-30,Defiance (OH),Home,Stryker (OH),7,6,-1.0,862,This opponent pairing is a one-off (not a recurring year-over-year matchup) -- more consistent with a one-time guarantee game than a conference rivalry. | Pre-1930 season -- college/HS crossover games were common this early.,The_Plain_Dealer_1923_11_30_19 (1).csv,,,
3,1921,1921-10-22,Hastings (NE),Home,Kearney (NE),34,9,-1.5,909,"Opponent 'Kearney (NE)' is ALSO a risk-listed college-town name -- may be a college-vs-college guarantee game misfiled as HS, or confirms both sides need a look. | Recurs across 45 different seasons vs this same opponent -- looks like a real, stable HS conference rivalry. | Pre-1930 season -- college/HS crossover games were common this early.",Lincoln_Journal_Star_1921_10_22_3.csv,,,
3,1925,1925-10-02,Austin (MN),Home,Faribault Shattuck II (MN),16,0,1.7,1094,This opponent pairing is a one-off (not a recurring year-over-year matchup) -- more consistent with a one-time guarantee game than a conference rivalry. | Pre-1930 season -- college/HS crossover games were common this early.,http://www.classmates.com/yearbooks/Austin-High-School/4182759212?page=130,,,
3,1921,1921-10-01,Joliet (IL),Home,Lincoln (IL),0,0,-9.3,928,This opponent pairing is a one-off (not a recurring year-over-year matchup) -- more consistent with a one-time guarantee game than a conference rivalry. | Pre-1930 season -- college/HS crossover games were common this early.,https://www.newspapers.com/image/28737216,,,
3,1947,1947-10-11,Macomb (IL),Visitor,Monmouth (IL),0,45,1.2,729,"Opponent 'Monmouth (IL)' is ALSO a risk-listed college-town name -- may be a college-vs-college guarantee game misfiled as HS, or confirms both sides need a look. | Margin (-45) is a 2.0-sigma outlier vs this team's usual margin (1.2 avg). | Recurs across 43 different seasons vs this same opponent -- looks like a real, stable HS conference rivalry.",The_Pantagraph_1947_10_11_Page_8.csv,,,
3,1926,1926-10-29,Rochester (MN),Home,Winona (MN),12,0,5.8,272,"Opponent 'Winona (MN)' is ALSO a risk-listed college-town name -- may be a college-vs-college guarantee game misfiled as HS, or confirms both sides need a look. | Recurs across 31 different seasons vs this same opponent -- looks like a real, stable HS conference rivalry. | Pre-1930 season -- college/HS crossover games were common this early.",https://www.classmates.com/siteui/yearbooks/98465?page=141,,,
3,1921,1921-11-25,Oberlin (OH),Visitor,Lakewood (OH),7,13,-5.6,712,This opponent pairing is a one-off (not a recurring year-over-year matchup) -- more consistent with a one-time guarantee game than a conference rivalry. | Pre-1930 season -- college/HS crossover games were common this early.,https://www.classmates.com/siteui/yearbooks/103963?page=112,,,
3,1926,1926-10-29,Winona (MN),Visitor,Rochester (MN),0,12,-3.4,915,"Opponent 'Rochester (MN)' is ALSO a risk-listed college-town name -- may be a college-vs-college guarantee game misfiled as HS, or confirms both sides need a look. | Recurs across 31 different seasons vs this same opponent -- looks like a real, stable HS conference rivalry. | Pre-1930 season -- college/HS crossover games were common this early.",https://www.classmates.com/siteui/yearbooks/98465?page=141,,,
3,1921,1921-11-04,Dickinson (ND),Visitor,Mandan State Industrial School (ND),6,25,-0.9,982,This opponent pairing is a one-off (not a recurring year-over-year matchup) -- more consistent with a one-time guarantee game than a conference rivalry. | Pre-1930 season -- college/HS crossover games were common this early.,http://www.bhs.bismarckschools.org/bhs/bhsathletics/throwers/history-of-bismarck-high-football/,,,
3,1925,1925-10-18,Defiance (OH),Visitor,Springfield (OH),0,12,-1.0,862,This opponent pairing is a one-off (not a recurring year-over-year matchup) -- more consistent with a one-time guarantee game than a conference rivalry. | Pre-1930 season -- college/HS crossover games were common this early.,The_Plain_Dealer_1925_10_18_21 (1).csv,,,
3,1922,1922-09-22,Normal (IL),Home,Atlanta (IL),67,0,20.8,4,This opponent pairing is a one-off (not a recurring year-over-year matchup) -- more consistent with a one-time guarantee game than a conference rivalry. | Pre-1930 season -- college/HS crossover games were common this early.,https://www.classmates.com/siteui/yearbooks/218405?page=88,,,
3,1945,1945-10-02,Whitewater (WI),Visitor,Milton (WI),0,48,-0.9,677,"Opponent 'Milton (WI)' is ALSO a risk-listed college-town name -- may be a college-vs-college guarantee game misfiled as HS, or confirms both sides need a look. | Margin (-48) is a 1.9-sigma outlier vs this team's usual margin (-0.9 avg). | Recurs across 30 different seasons vs this same opponent -- looks like a real, stable HS conference rivalry.",Wisconsin_State_Journal_1945_10_02_11.csv,,,
3,1924,1924-10-18,Jamestown (ND),Visitor,Ellendale (MN),6,14,3.9,347,This opponent pairing is a one-off (not a recurring year-over-year matchup) -- more consistent with a one-time guarantee game than a conference rivalry. | Pre-1930 season -- college/HS crossover games were common this early.,The_Minneapolis_Star_1924_10_18_Page_12 (1).csv,,,
3,1923,1923-10-28,Jamestown (ND),Home,Valley City (ND),20,12,3.9,347,"Opponent 'Valley City (ND)' is ALSO a risk-listed college-town name -- may be a college-vs-college guarantee game misfiled as HS, or confirms both sides need a look. | Recurs across 43 different seasons vs this same opponent -- looks like a real, stable HS conference rivalry. | Pre-1930 season -- college/HS crossover games were common this early.",Grand_Forks_Herald_1923_10_28_9.csv,,,
3,1923,1923-10-28,Wahpeton (ND),Home,Moorhead (MN),12,6,-2.7,888,"Opponent 'Moorhead (MN)' is ALSO a risk-listed college-town name -- may be a college-vs-college guarantee game misfiled as HS, or confirms both sides need a look. | Recurs across 22 different seasons vs this same opponent -- looks like a real, stable HS conference rivalry. | Pre-1930 season -- college/HS crossover games were common this early.",Grand_Forks_Herald_1923_10_28_9.csv,,,
3,1936,1936-10-17,Minot (ND),Home,Grafton (ND),64,0,7.4,1098,"Margin (+64) is a 2.4-sigma outlier vs this team's usual margin (7.4 avg). | 1930s/early-1940s season -- crossover games still happened, though less often than the 1920s.",The_Forum_1936_10_17_10.csv,,,
3,1939,1939-09-23,Valley City (ND),Home,Hillsboro (ND),41,0,1.2,953,"Margin (+41) is a 1.7-sigma outlier vs this team's usual margin (1.2 avg). | 1930s/early-1940s season -- crossover games still happened, though less often than the 1920s.",The_Forum_1939_09_23_7.csv,,,
3,1927,1927-09-23,Winona (MN),Home,Saint Charles (MN),7,0,-3.4,915,This opponent pairing is a one-off (not a recurring year-over-year matchup) -- more consistent with a one-time guarantee game than a conference rivalry. | Pre-1930 season -- college/HS crossover games were common this early.,http://www.classmates.com/yearbooks/Winona-High-School/89872?page=70,,,
3,1925,1925-10-23,Grand Island (NE),Home,Kearney (NE),0,0,6.2,931,"Opponent 'Kearney (NE)' is ALSO a risk-listed college-town name -- may be a college-vs-college guarantee game misfiled as HS, or confirms both sides need a look. | Recurs across 77 different seasons vs this same opponent -- looks like a real, stable HS conference rivalry. | Pre-1930 season -- college/HS crossover games were common this early.",https://www.classmates.com/siteui/yearbooks/184618?page=76,,,
3,1923,1923-10-19,Rochester (MN),Home,Austin (MN),3,0,5.8,272,"Opponent 'Austin (MN)' is ALSO a risk-listed college-town name -- may be a college-vs-college guarantee game misfiled as HS, or confirms both sides need a look. | Recurs across 45 different seasons vs this same opponent -- looks like a real, stable HS conference rivalry. | Pre-1930 season -- college/HS crossover games were common this early.",https://www.classmates.com/siteui/yearbooks/206695?page=109,,,
3,1921,1921-09-30,Hastings (NE),Home,Fairfield (IA),12,7,-1.5,909,This opponent pairing is a one-off (not a recurring year-over-year matchup) -- more consistent with a one-time guarantee game than a conference rivalry. | Pre-1930 season -- college/HS crossover games were common this early.,https://www.classmates.com/siteui/yearbooks/4182785876?page=77,,,
3,1923,1923-11-09,Bluffton (OH),Home,Toledo Central Catholic (OH),14,0,3.2,714,This opponent pairing is a one-off (not a recurring year-over-year matchup) -- more consistent with a one-time guarantee game than a conference rivalry. | Pre-1930 season -- college/HS crossover games were common this early.,http://www.classmates.com/yearbooks/Central-Catholic-High-School/247909?page=70,,,
3,1921,1921-10-01,Monmouth (IL),Visitor,Sterling (IL),0,6,-2.7,640,This opponent pairing is a one-off (not a recurring year-over-year matchup) -- more consistent with a one-time guarantee game than a conference rivalry. | Pre-1930 season -- college/HS crossover games were common this early.,https://www.newspapers.com/image/28737216,,,
3,1937,1937-09-25,Murray Calloway County (KY),Home,Greenfield (TN),53,0,-5.1,603,"Margin (+53) is a 2.2-sigma outlier vs this team's usual margin (-5.1 avg). | 1930s/early-1940s season -- crossover games still happened, though less often than the 1920s.",Lexington_Herald_Leader_1937_09_25_5.csv,,,
3,1935,1935-10-11,Joliet (IL),Home,Naperville Central (IL),38,0,-9.3,928,"Margin (+38) is a 2.0-sigma outlier vs this team's usual margin (-9.3 avg). | 1930s/early-1940s season -- crossover games still happened, though less often than the 1920s.",http://www.classmates.com/siteui/yearbooks/4182790791?page=132,,,
3,1929,1929-11-01,Winona (MN),Home,Rochester (MN),7,0,-3.4,915,"Opponent 'Rochester (MN)' is ALSO a risk-listed college-town name -- may be a college-vs-college guarantee game misfiled as HS, or confirms both sides need a look. | Recurs across 31 different seasons vs this same opponent -- looks like a real, stable HS conference rivalry. | Pre-1930 season -- college/HS crossover games were common this early.",http://www.classmates.com/yearbooks/Winona-High-School/89952?page=62,,,
3,1941,1941-09-19,Minot (ND),Home,Bottineau (ND),59,0,7.4,1098,"Margin (+59) is a 2.2-sigma outlier vs this team's usual margin (7.4 avg). | 1930s/early-1940s season -- crossover games still happened, though less often than the 1920s.",http://www.bhs.bismarckschools.org/bhs/bhsathletics/throwers/history-of-bismarck-high-football/,,,
3,1924,1924-10-17,Kearney (NE),Home,Grand Island (NE),13,0,2.2,951,"Opponent 'Grand Island (NE)' is ALSO a risk-listed college-town name -- may be a college-vs-college guarantee game misfiled as HS, or confirms both sides need a look. | Recurs across 77 different seasons vs this same opponent -- looks like a real, stable HS conference rivalry. | Pre-1930 season -- college/HS crossover games were common this early.",https://www.classmates.com/siteui/yearbooks/65412?page=71,,,
3,1929,1929-10-26,Georgetown (KY),Visitor,Harlan County (KY),0,7,-18.5,35,This opponent pairing is a one-off (not a recurring year-over-year matchup) -- more consistent with a one-time guarantee game than a conference rivalry. | Pre-1930 season -- college/HS crossover games were common this early.,http://fourseasonsfootball.com/va.html,,,
3,1921,1921-10-15,Hastings (NE),Visitor,York (NE),0,7,-1.5,909,"Opponent 'York (NE)' is ALSO a risk-listed college-town name -- may be a college-vs-college guarantee game misfiled as HS, or confirms both sides need a look. | Recurs across 40 different seasons vs this same opponent -- looks like a real, stable HS conference rivalry. | Pre-1930 season -- college/HS crossover games were common this early.",Lincoln_Journal_Star_1921_10_15_3.csv,,,
3,1921,1921-11-25,Macomb (IL),Visitor,Elgin (IL),7,34,1.2,729,This opponent pairing is a one-off (not a recurring year-over-year matchup) -- more consistent with a one-time guarantee game than a conference rivalry. | Pre-1930 season -- college/HS crossover games were common this early.,https://www.classmates.com/siteui/yearbooks/115686?page=99,,,
3,1927,1927-11-11,Rochester (MN),Visitor,Winona (MN),6,7,5.8,272,"Opponent 'Winona (MN)' is ALSO a risk-listed college-town name -- may be a college-vs-college guarantee game misfiled as HS, or confirms both sides need a look. | Recurs across 31 different seasons vs this same opponent -- looks like a real, stable HS conference rivalry. | Pre-1930 season -- college/HS crossover games were common this early.",https://www.classmates.com/siteui/yearbooks/83913?page=150,,,
3,1920,1920-10-08,Defiance (OH),Visitor,Findlay (OH),0,1,-1.0,862,"Opponent 'Findlay (OH)' is ALSO a risk-listed college-town name -- may be a college-vs-college guarantee game misfiled as HS, or confirms both sides need a look. | Recurs across 11 different seasons vs this same opponent -- looks like a real, stable HS conference rivalry. | Pre-1930 season -- college/HS crossover games were common this early.",https://www.classmates.com/siteui/yearbooks/72703?page=83,,,
3,1924,1924-10-31,Winona (MN),Visitor,Rochester (MN),0,15,-3.4,915,"Opponent 'Rochester (MN)' is ALSO a risk-listed college-town name -- may be a college-vs-college guarantee game misfiled as HS, or confirms both sides need a look. | Recurs across 31 different seasons vs this same opponent -- looks like a real, stable HS conference rivalry. | Pre-1930 season -- college/HS crossover games were common this early.",https://www.classmates.com/siteui/yearbooks/95582?page=119,,,
3,1929,1929-10-05,Valley City (ND),Visitor,Moorhead (MN),0,0,1.2,953,"Opponent 'Moorhead (MN)' is ALSO a risk-listed college-town name -- may be a college-vs-college guarantee game misfiled as HS, or confirms both sides need a look. | Recurs across 18 different seasons vs this same opponent -- looks like a real, stable HS conference rivalry. | Pre-1930 season -- college/HS crossover games were common this early.",The_Forum_1929_10_05_11.csv,,,
3,1923,1923-10-28,Valley City (ND),Visitor,Jamestown (ND),12,20,1.2,953,"Opponent 'Jamestown (ND)' is ALSO a risk-listed college-town name -- may be a college-vs-college guarantee game misfiled as HS, or confirms both sides need a look. | Recurs across 43 different seasons vs this same opponent -- looks like a real, stable HS conference rivalry. | Pre-1930 season -- college/HS crossover games were common this early.",Grand_Forks_Herald_1923_10_28_9.csv,,,
3,1923,1923-10-28,Moorhead (MN),Visitor,Wahpeton (ND),6,12,7.8,900,"Opponent 'Wahpeton (ND)' is ALSO a risk-listed college-town name -- may be a college-vs-college guarantee game misfiled as HS, or confirms both sides need a look. | Recurs across 22 different seasons vs this same opponent -- looks like a real, stable HS conference rivalry. | Pre-1930 season -- college/HS crossover games were common this early.",Grand_Forks_Herald_1923_10_28_9.csv,,,
3,1927,1927-11-20,Bluffton (OH),Visitor,Toledo MR Waite Frosh (OH),0,25,3.2,714,This opponent pairing is a one-off (not a recurring year-over-year matchup) -- more consistent with a one-time guarantee game than a conference rivalry. | Pre-1930 season -- college/HS crossover games were common this early.,The_Plain_Dealer_1927_11_20_25.csv,,,
3,1926,1926-10-01,Austin (MN),Visitor,Rochester (MN),0,0,1.7,1094,"Opponent 'Rochester (MN)' is ALSO a risk-listed college-town name -- may be a college-vs-college guarantee game misfiled as HS, or confirms both sides need a look. | Recurs across 45 different seasons vs this same opponent -- looks like a real, stable HS conference rivalry. | Pre-1930 season -- college/HS crossover games were common this early.",https://www.classmates.com/siteui/yearbooks/98465?page=141,,,
3,1929,1929-10-04,Winona (MN),Visitor,Austin (MN),7,33,-3.4,915,"Opponent 'Austin (MN)' is ALSO a risk-listed college-town name -- may be a college-vs-college guarantee game misfiled as HS, or confirms both sides need a look. | Recurs across 91 different seasons vs this same opponent -- looks like a real, stable HS conference rivalry. | Pre-1930 season -- college/HS crossover games were common this early.",http://www.classmates.com/yearbooks/Austin-High-School/4182716190?page=78,,,
3,1948,1948-10-30,Rochester (MN),Visitor,Mankato (MN),0,27,5.8,272,"Opponent 'Mankato (MN)' is ALSO a risk-listed college-town name -- may be a college-vs-college guarantee game misfiled as HS, or confirms both sides need a look. | Margin (-27) is a 1.6-sigma outlier vs this team's usual margin (5.8 avg). | Recurs across 28 different seasons vs this same opponent -- looks like a real, stable HS conference rivalry.",Star_Tribune_1948_10_30_Page_13.csv,,,
3,1921,1921-10-02,DeKalb (IL),Visitor,Joliet (IL),0,0,-3.7,886,"Opponent 'Joliet (IL)' is ALSO a risk-listed college-town name -- may be a college-vs-college guarantee game misfiled as HS, or confirms both sides need a look. | Recurs across 5 different seasons vs this same opponent -- looks like a real, stable HS conference rivalry. | Pre-1930 season -- college/HS crossover games were common this early.",Chicago_Tribune_1921_10_02_23.csv,,,
3,1940,1940-10-26,Milton (WI),Home,Whitewater College High (WI),19,0,7.0,758,"Opponent 'Whitewater College High (WI)' is ALREADY explicitly labeled a college/university -- a bare town-name team playing a confirmed college is very likely that same college's varsity/frosh, not the high school. | Recurs across 3 different seasons vs this same opponent -- looks like a real, stable HS conference rivalry. | 1930s/early-1940s season -- crossover games still happened, though less often than the 1920s.",Wisconsin_State_Journal_1940_10_26_9.csv,,,
3,1929,1929-09-22,Moorhead (MN),Home,Devils Lake (ND),6,0,7.8,900,This opponent pairing is a one-off (not a recurring year-over-year matchup) -- more consistent with a one-time guarantee game than a conference rivalry. | Pre-1930 season -- college/HS crossover games were common this early.,The_Forum_1929_09_22_15.csv,,,
3,1929,1929-10-05,Moorhead (MN),Home,Valley City (ND),0,0,7.8,900,"Opponent 'Valley City (ND)' is ALSO a risk-listed college-town name -- may be a college-vs-college guarantee game misfiled as HS, or confirms both sides need a look. | Recurs across 18 different seasons vs this same opponent -- looks like a real, stable HS conference rivalry. | Pre-1930 season -- college/HS crossover games were common this early.",The_Forum_1929_10_05_11.csv,,,
3,1921,1921-11-13,Joliet (IL),Visitor,Plainfield (IL),0,3,-9.3,928,This opponent pairing is a one-off (not a recurring year-over-year matchup) -- more consistent with a one-time guarantee game than a conference rivalry. | Pre-1930 season -- college/HS crossover games were common this early.,Chicago_Tribune_1921_11_13_27.csv,,,
3,1925,1925-10-25,Wahpeton (ND),Visitor,Moorhead (MN),6,36,-2.7,888,"Opponent 'Moorhead (MN)' is ALSO a risk-listed college-town name -- may be a college-vs-college guarantee game misfiled as HS, or confirms both sides need a look. | Recurs across 22 different seasons vs this same opponent -- looks like a real, stable HS conference rivalry. | Pre-1930 season -- college/HS crossover games were common this early.",The_Forum_1925_10_25_17.csv,,,
3,1929,1929-10-04,Bowling Green (OH),Visitor,Findlay (OH),13,15,-2.0,691,"Opponent 'Findlay (OH)' is ALSO a risk-listed college-town name -- may be a college-vs-college guarantee game misfiled as HS, or confirms both sides need a look. | Recurs across 38 different seasons vs this same opponent -- looks like a real, stable HS conference rivalry. | Pre-1930 season -- college/HS crossover games were common this early.",https://www.classmates.com/siteui/yearbooks/53780?page=112,,,
3,1926,1926-11-06,Kearney (NE),Visitor,Hastings (NE),6,14,2.2,951,"Opponent 'Hastings (NE)' is ALSO a risk-listed college-town name -- may be a college-vs-college guarantee game misfiled as HS, or confirms both sides need a look. | Recurs across 45 different seasons vs this same opponent -- looks like a real, stable HS conference rivalry. | Pre-1930 season -- college/HS crossover games were common this early.",Lincoln_Journal_Star_1926_11_06_7.csv,,,
3,1922,1922-10-27,Mankato (MN),Visitor,Rochester (MN),0,13,2.3,366,"Opponent 'Rochester (MN)' is ALSO a risk-listed college-town name -- may be a college-vs-college guarantee game misfiled as HS, or confirms both sides need a look. | Recurs across 28 different seasons vs this same opponent -- looks like a real, stable HS conference rivalry. | Pre-1930 season -- college/HS crossover games were common this early.",https://www.classmates.com/siteui/yearbooks/95676?page=75,,,
3,1923,1923-10-12,Ashland (OH),Visitor,Lorain (OH),0,25,1.4,651,This opponent pairing is a one-off (not a recurring year-over-year matchup) -- more consistent with a one-time guarantee game than a conference rivalry. | Pre-1930 season -- college/HS crossover games were common this early.,http://www.classmates.com/yearbooks/Lorain-High-School/82709?page=44,,,
3,1921,1921-10-01,Macomb (IL),Home,Liberty West (IL),28,3,1.2,729,This opponent pairing is a one-off (not a recurring year-over-year matchup) -- more consistent with a one-time guarantee game than a conference rivalry. | Pre-1930 season -- college/HS crossover games were common this early.,https://www.newspapers.com/image/28737216,,,
3,1926,1926-10-08,Moorhead (MN),Home,Wahpeton (ND),19,0,7.8,900,"Opponent 'Wahpeton (ND)' is ALSO a risk-listed college-town name -- may be a college-vs-college guarantee game misfiled as HS, or confirms both sides need a look. | Recurs across 22 different seasons vs this same opponent -- looks like a real, stable HS conference rivalry. | Pre-1930 season -- college/HS crossover games were common this early.",http://www.classmates.com/siteui/yearbooks/61867?page=85,,,
3,1921,1921-09-24,York (NE),Home,Saline County Friend (NE),12,7,-0.5,821,This opponent pairing is a one-off (not a recurring year-over-year matchup) -- more consistent with a one-time guarantee game than a conference rivalry. | Pre-1930 season -- college/HS crossover games were common this early.,Omaha_World_Herald_1921_09_24_16.csv,,,
3,1926,1926-10-01,Rochester (MN),Home,Austin (MN),0,0,5.8,272,"Opponent 'Austin (MN)' is ALSO a risk-listed college-town name -- may be a college-vs-college guarantee game misfiled as HS, or confirms both sides need a look. | Recurs across 45 different seasons vs this same opponent -- looks like a real, stable HS conference rivalry. | Pre-1930 season -- college/HS crossover games were common this early.",https://www.classmates.com/siteui/yearbooks/98465?page=141,,,
3,1940,1940-09-21,Milton (WI),Home,Whitewater College High (WI),6,6,7.0,758,"Opponent 'Whitewater College High (WI)' is ALREADY explicitly labeled a college/university -- a bare town-name team playing a confirmed college is very likely that same college's varsity/frosh, not the high school. | Recurs across 3 different seasons vs this same opponent -- looks like a real, stable HS conference rivalry. | 1930s/early-1940s season -- crossover games still happened, though less often than the 1920s.",Wisconsin_State_Journal_1940_09_21_7.csv,,,
3,1926,1926-10-23,Valley City (ND),Home,Jamestown (ND),7,0,1.2,953,"Opponent 'Jamestown (ND)' is ALSO a risk-listed college-town name -- may be a college-vs-college guarantee game misfiled as HS, or confirms both sides need a look. | Recurs across 43 different seasons vs this same opponent -- looks like a real, stable HS conference rivalry. | Pre-1930 season -- college/HS crossover games were common this early.",The_Forum_1926_10_23_10.csv,,,
3,1927,1927-10-15,Moorhead (MN),Home,Valley City (ND),6,6,7.8,900,"Opponent 'Valley City (ND)' is ALSO a risk-listed college-town name -- may be a college-vs-college guarantee game misfiled as HS, or confirms both sides need a look. | Recurs across 18 different seasons vs this same opponent -- looks like a real, stable HS conference rivalry. | Pre-1930 season -- college/HS crossover games were common this early.",The_Forum_1927_10_15_8.csv,,,
3,1929,1929-11-02,Huron (SD),Home,West Saint Paul Saint Croix Lutheran (MN),13,13,-4.9,908,This opponent pairing is a one-off (not a recurring year-over-year matchup) -- more consistent with a one-time guarantee game than a conference rivalry. | Pre-1930 season -- college/HS crossover games were common this early.,The_Forum_1929_11_02_12.csv,,,
3,1927,1927-10-21,Rochester (MN),Home,Austin (MN),28,0,5.8,272,"Opponent 'Austin (MN)' is ALSO a risk-listed college-town name -- may be a college-vs-college guarantee game misfiled as HS, or confirms both sides need a look. | Recurs across 45 different seasons vs this same opponent -- looks like a real, stable HS conference rivalry. | Pre-1930 season -- college/HS crossover games were common this early.",https://www.classmates.com/siteui/yearbooks/83913?page=150,,,
3,1947,1947-10-11,Moorhead (MN),Visitor,Wahpeton (ND),0,30,7.8,900,"Opponent 'Wahpeton (ND)' is ALSO a risk-listed college-town name -- may be a college-vs-college guarantee game misfiled as HS, or confirms both sides need a look. | Margin (-30) is a 1.9-sigma outlier vs this team's usual margin (7.8 avg). | Recurs across 22 different seasons vs this same opponent -- looks like a real, stable HS conference rivalry.",Star_Tribune_1947_10_11_Page_11.csv,,,
3,1921,1921-10-23,Defiance (OH),Visitor,Bluffton (OH),6,19,-1.0,862,"Opponent 'Bluffton (OH)' is ALSO a risk-listed college-town name -- may be a college-vs-college guarantee game misfiled as HS, or confirms both sides need a look. | Recurs across 3 different seasons vs this same opponent -- looks like a real, stable HS conference rivalry. | Pre-1930 season -- college/HS crossover games were common this early.",The_Plain_Dealer_1921_10_23_21 (1).csv,,,
3,1920,1920-11-26,Bowling Green (OH),Visitor,Findlay (OH),6,13,-2.0,691,"Opponent 'Findlay (OH)' is ALSO a risk-listed college-town name -- may be a college-vs-college guarantee game misfiled as HS, or confirms both sides need a look. | Recurs across 38 different seasons vs this same opponent -- looks like a real, stable HS conference rivalry. | Pre-1930 season -- college/HS crossover games were common this early.",The_Plain_Dealer_1920_11_26_17.csv,,,
3,1946,1946-10-05,Danville (IL),Visitor,La Porte (IN),0,32,4.2,926,Margin (-32) is a 1.6-sigma outlier vs this team's usual margin (4.2 avg). | This opponent pairing is a one-off (not a recurring year-over-year matchup) -- more consistent with a one-time guarantee game than a conference rivalry.,The_Indianapolis_Star_1946_10_05_Page_18.csv,,,
3,1925,1925-10-25,Moorhead (MN),Home,Wahpeton (ND),36,6,7.8,900,"Opponent 'Wahpeton (ND)' is ALSO a risk-listed college-town name -- may be a college-vs-college guarantee game misfiled as HS, or confirms both sides need a look. | Recurs across 22 different seasons vs this same opponent -- looks like a real, stable HS conference rivalry. | Pre-1930 season -- college/HS crossover games were common this early.",The_Forum_1925_10_25_17.csv,,,
3,1928,1928-11-04,Joliet (IL),Home,Aurora East B (IL),13,6,-9.3,928,This opponent pairing is a one-off (not a recurring year-over-year matchup) -- more consistent with a one-time guarantee game than a conference rivalry. | Pre-1930 season -- college/HS crossover games were common this early.,The_Pantagraph_1928_11_04_Page_17.csv,,,
3,1924,1924-10-24,Rochester (MN),Home,Mankato (MN),9,0,5.8,272,"Opponent 'Mankato (MN)' is ALSO a risk-listed college-town name -- may be a college-vs-college guarantee game misfiled as HS, or confirms both sides need a look. | Recurs across 28 different seasons vs this same opponent -- looks like a real, stable HS conference rivalry. | Pre-1930 season -- college/HS crossover games were common this early.",https://www.classmates.com/siteui/yearbooks/95582?page=119,,,
3,1921,1921-09-24,York (NE),Home,Friend (NE),12,7,-0.5,821,This opponent pairing is a one-off (not a recurring year-over-year matchup) -- more consistent with a one-time guarantee game than a conference rivalry. | Pre-1930 season -- college/HS crossover games were common this early.,Lincoln_Journal_Star_1921_09_24_3.csv,,,
3,1923,1923-10-05,Rochester (MN),Home,Winona (MN),9,0,5.8,272,"Opponent 'Winona (MN)' is ALSO a risk-listed college-town name -- may be a college-vs-college guarantee game misfiled as HS, or confirms both sides need a look. | Recurs across 31 different seasons vs this same opponent -- looks like a real, stable HS conference rivalry. | Pre-1930 season -- college/HS crossover games were common this early.",https://www.classmates.com/siteui/yearbooks/206695?page=109,,,
3,1922,1922-10-27,Kearney (NE),Home,Hastings (NE),18,0,2.2,951,"Opponent 'Hastings (NE)' is ALSO a risk-listed college-town name -- may be a college-vs-college guarantee game misfiled as HS, or confirms both sides need a look. | Recurs across 45 different seasons vs this same opponent -- looks like a real, stable HS conference rivalry. | Pre-1930 season -- college/HS crossover games were common this early.",http://www.classmates.com/yearbooks/Kearney-High-School/65666?page=46,,,
3,1939,1939-10-28,Milton (WI),Home,Whitewater College High (WI),7,0,7.0,758,"Opponent 'Whitewater College High (WI)' is ALREADY explicitly labeled a college/university -- a bare town-name team playing a confirmed college is very likely that same college's varsity/frosh, not the high school. | Recurs across 3 different seasons vs this same opponent -- looks like a real, stable HS conference rivalry. | 1930s/early-1940s season -- crossover games still happened, though less often than the 1920s.",Wisconsin_State_Journal_1939_10_28_5.csv,,,
3,1924,1924-09-26,Moorhead (MN),Home,Valley City (ND),12,7,7.8,900,"Opponent 'Valley City (ND)' is ALSO a risk-listed college-town name -- may be a college-vs-college guarantee game misfiled as HS, or confirms both sides need a look. | Recurs across 18 different seasons vs this same opponent -- looks like a real, stable HS conference rivalry. | Pre-1930 season -- college/HS crossover games were common this early.",http://www.classmates.com/yearbooks/Moorhead-High-School/62112?page=60,,,
3,1920,1920-10-09,Elmhurst (IL),Home,Sycamore St. Alban's Academy (IL),82,0,37.0,3,This opponent pairing is a one-off (not a recurring year-over-year matchup) -- more consistent with a one-time guarantee game than a conference rivalry. | Pre-1930 season -- college/HS crossover games were common this early.,https://www.newspapers.com/image/28710290/,,,
3,1921,1921-10-29,Hastings (NE),Visitor,Grand Island (NE),0,21,-1.5,909,"Opponent 'Grand Island (NE)' is ALSO a risk-listed college-town name -- may be a college-vs-college guarantee game misfiled as HS, or confirms both sides need a look. | Recurs across 62 different seasons vs this same opponent -- looks like a real, stable HS conference rivalry. | Pre-1930 season -- college/HS crossover games were common this early.",Omaha_World_Herald_1921_10_29_18 (1).csv,,,
3,1921,1921-10-02,DeKalb (IL),Visitor,Joliet Lightweights (IL),0,22,-3.7,886,This opponent pairing is a one-off (not a recurring year-over-year matchup) -- more consistent with a one-time guarantee game than a conference rivalry. | Pre-1930 season -- college/HS crossover games were common this early.,Chicago_Tribune_1921_10_02_23.csv,,,
3,1921,1921-10-02,DeKalb (IL),Visitor,Joliet Lightweights (IL),0,20,-3.7,886,This opponent pairing is a one-off (not a recurring year-over-year matchup) -- more consistent with a one-time guarantee game than a conference rivalry. | Pre-1930 season -- college/HS crossover games were common this early.,Chicago_Tribune_1921_10_02_23.csv,,,
3,1954,1954-10-23,Milton (WI),Visitor,Madison Wisconsin University High (WI),2,14,7.0,758,"Opponent 'Madison Wisconsin University High (WI)' is ALREADY explicitly labeled a college/university -- a bare town-name team playing a confirmed college is very likely that same college's varsity/frosh, not the high school. | This opponent pairing is a one-off (not a recurring year-over-year matchup) -- more consistent with a one-time guarantee game than a conference rivalry. | 1950 or later -- college/HS crossover games had essentially stopped by this point, so this is most likely a genuine same-name high school, not a misfiled college game.",Wisconsin_State_Journal_1954_10_23_14.csv,,,
3,1925,1925-10-16,Austin (MN),Visitor,Rochester (MN),7,13,1.7,1094,"Opponent 'Rochester (MN)' is ALSO a risk-listed college-town name -- may be a college-vs-college guarantee game misfiled as HS, or confirms both sides need a look. | Recurs across 45 different seasons vs this same opponent -- looks like a real, stable HS conference rivalry. | Pre-1930 season -- college/HS crossover games were common this early.",http://www.classmates.com/yearbooks/Austin-High-School/4182759212?page=130,,,
3,1920,1920-09-10,Winona (MN),Visitor,Rochester (MN),0,34,-3.4,915,"Opponent 'Rochester (MN)' is ALSO a risk-listed college-town name -- may be a college-vs-college guarantee game misfiled as HS, or confirms both sides need a look. | Recurs across 31 different seasons vs this same opponent -- looks like a real, stable HS conference rivalry. | Pre-1930 season -- college/HS crossover games were common this early.",http://www.classmates.com/yearbooks/Winona-High-School/58110?page=46,,,
3,1925,1925-09-25,Valley City (ND),Visitor,Moorhead (MN),7,19,1.2,953,"Opponent 'Moorhead (MN)' is ALSO a risk-listed college-town name -- may be a college-vs-college guarantee game misfiled as HS, or confirms both sides need a look. | Recurs across 18 different seasons vs this same opponent -- looks like a real, stable HS conference rivalry. | Pre-1930 season -- college/HS crossover games were common this early.",http://www.classmates.com/yearbooks/Moorhead-High-School/61881?page=86,,,
3,1920,1920-09-24,Austin (MN),Home,Wells (MN),19,0,1.7,1094,This opponent pairing is a one-off (not a recurring year-over-year matchup) -- more consistent with a one-time guarantee game than a conference rivalry. | Pre-1930 season -- college/HS crossover games were common this early.,http://www.classmates.com/yearbooks/Austin-High-School/4182759208?page=136,,,
3,1924,1924-10-10,Austin (MN),Home,Kenyon (MN),6,0,1.7,1094,This opponent pairing is a one-off (not a recurring year-over-year matchup) -- more consistent with a one-time guarantee game than a conference rivalry. | Pre-1930 season -- college/HS crossover games were common this early.,http://www.classmates.com/yearbooks/Austin-High-School/4182716188?page=130,,,
3,1923,1923-10-19,Kearney (NE),Home,Grand Island (NE),6,0,2.2,951,"Opponent 'Grand Island (NE)' is ALSO a risk-listed college-town name -- may be a college-vs-college guarantee game misfiled as HS, or confirms both sides need a look. | Recurs across 77 different seasons vs this same opponent -- looks like a real, stable HS conference rivalry. | Pre-1930 season -- college/HS crossover games were common this early.",https://www.classmates.com/siteui/yearbooks/64706?page=73,,,
3,1924,1924-11-02,Bluffton (OH),Visitor,Tiffin Junior Order Orphans (OH),0,32,3.2,714,This opponent pairing is a one-off (not a recurring year-over-year matchup) -- more consistent with a one-time guarantee game than a conference rivalry. | Pre-1930 season -- college/HS crossover games were common this early.,The_Plain_Dealer_1924_11_02_36.csv,,,
3,1920,1920-11-19,Austin (MN),Home,Austin Alumni (MN),7,0,1.7,1094,This opponent pairing is a one-off (not a recurring year-over-year matchup) -- more consistent with a one-time guarantee game than a conference rivalry. | Pre-1930 season -- college/HS crossover games were common this early.,http://www.classmates.com/yearbooks/Austin-High-School/4182759208?page=136,,,
3,1929,1929-10-04,Findlay (OH),Home,Bowling Green (OH),15,13,2.7,1201,"Opponent 'Bowling Green (OH)' is ALSO a risk-listed college-town name -- may be a college-vs-college guarantee game misfiled as HS, or confirms both sides need a look. | Recurs across 38 different seasons vs this same opponent -- looks like a real, stable HS conference rivalry. | Pre-1930 season -- college/HS crossover games were common this early.",https://www.classmates.com/siteui/yearbooks/53780?page=112,,,
3,1927,1927-11-05,Grand Island (NE),Home,Kearney (NE),24,0,6.2,931,"Opponent 'Kearney (NE)' is ALSO a risk-listed college-town name -- may be a college-vs-college guarantee game misfiled as HS, or confirms both sides need a look. | Recurs across 77 different seasons vs this same opponent -- looks like a real, stable HS conference rivalry. | Pre-1930 season -- college/HS crossover games were common this early.",Lincoln_Journal_Star_1927_11_05_7.csv,,,
3,1921,1921-10-28,Austin (MN),Visitor,Winona (MN),0,27,1.7,1094,"Opponent 'Winona (MN)' is ALSO a risk-listed college-town name -- may be a college-vs-college guarantee game misfiled as HS, or confirms both sides need a look. | Recurs across 91 different seasons vs this same opponent -- looks like a real, stable HS conference rivalry. | Pre-1930 season -- college/HS crossover games were common this early.",http://www.classmates.com/yearbooks/Austin-High-School/82092?page=98,,,
3,1925,1925-11-20,Grand Island (NE),Home,York (NE),7,7,6.2,931,"Opponent 'York (NE)' is ALSO a risk-listed college-town name -- may be a college-vs-college guarantee game misfiled as HS, or confirms both sides need a look. | Recurs across 7 different seasons vs this same opponent -- looks like a real, stable HS conference rivalry. | Pre-1930 season -- college/HS crossover games were common this early.",https://www.classmates.com/siteui/yearbooks/184618?page=76,,,
3,1924,1924-10-31,Rochester (MN),Home,Winona (MN),15,0,5.8,272,"Opponent 'Winona (MN)' is ALSO a risk-listed college-town name -- may be a college-vs-college guarantee game misfiled as HS, or confirms both sides need a look. | Recurs across 31 different seasons vs this same opponent -- looks like a real, stable HS conference rivalry. | Pre-1930 season -- college/HS crossover games were common this early.",https://www.classmates.com/siteui/yearbooks/95582?page=119,,,
3,1927,1927-11-12,Moorhead (MN),Home,Aberdeen (SD),3,0,7.8,900,This opponent pairing is a one-off (not a recurring year-over-year matchup) -- more consistent with a one-time guarantee game than a conference rivalry. | Pre-1930 season -- college/HS crossover games were common this early.,Star_Tribune_1927_11_12_Page_25.csv,,,
3,1948,1948-09-25,Rochester (MN),Home,Litchfield (MN),58,0,5.8,272,Margin (+58) is a 2.5-sigma outlier vs this team's usual margin (5.8 avg). | This opponent pairing is a one-off (not a recurring year-over-year matchup) -- more consistent with a one-time guarantee game than a conference rivalry.,Star_Tribune_1948_09_25_Page_12.csv,,,
3,1925,1925-10-11,Bluffton (OH),Visitor,Lima Senior (OH),0,28,3.2,714,This opponent pairing is a one-off (not a recurring year-over-year matchup) -- more consistent with a one-time guarantee game than a conference rivalry. | Pre-1930 season -- college/HS crossover games were common this early.,The_Plain_Dealer_1925_10_11_21 (1).csv,,,
3,1927,1927-10-01,Rochester (MN),Home,Preston (MN),27,0,5.8,272,This opponent pairing is a one-off (not a recurring year-over-year matchup) -- more consistent with a one-time guarantee game than a conference rivalry. | Pre-1930 season -- college/HS crossover games were common this early.,Star_Tribune_1927_10_01_Page_24 (1).csv,,,
3,1925,1925-10-16,Rochester (MN),Home,Austin (MN),13,7,5.8,272,"Opponent 'Austin (MN)' is ALSO a risk-listed college-town name -- may be a college-vs-college guarantee game misfiled as HS, or confirms both sides need a look. | Recurs across 45 different seasons vs this same opponent -- looks like a real, stable HS conference rivalry. | Pre-1930 season -- college/HS crossover games were common this early.",http://www.classmates.com/yearbooks/Austin-High-School/4182759212?page=130,,,
3,1925,1925-10-18,Valley City (ND),Home,Jamestown (ND),15,0,1.2,953,"Opponent 'Jamestown (ND)' is ALSO a risk-listed college-town name -- may be a college-vs-college guarantee game misfiled as HS, or confirms both sides need a look. | Recurs across 43 different seasons vs this same opponent -- looks like a real, stable HS conference rivalry. | Pre-1930 season -- college/HS crossover games were common this early.",The_Forum_1925_10_18_17.csv,,,
3,1928,1928-10-06,Moorhead (MN),Home,Valley City (ND),25,0,7.8,900,"Opponent 'Valley City (ND)' is ALSO a risk-listed college-town name -- may be a college-vs-college guarantee game misfiled as HS, or confirms both sides need a look. | Recurs across 18 different seasons vs this same opponent -- looks like a real, stable HS conference rivalry. | Pre-1930 season -- college/HS crossover games were common this early.",Star_Tribune_1928_10_06_Page_27.csv,,,
3,1928,1928-10-06,Austin (MN),Home,Winona (MN),19,6,1.7,1094,"Opponent 'Winona (MN)' is ALSO a risk-listed college-town name -- may be a college-vs-college guarantee game misfiled as HS, or confirms both sides need a look. | Recurs across 91 different seasons vs this same opponent -- looks like a real, stable HS conference rivalry. | Pre-1930 season -- college/HS crossover games were common this early.",Star_Tribune_1928_10_06_Page_27.csv,,,
3,1938,1938-11-12,Hillsdale (MI),Visitor,Bryan (OH),0,45,-1.6,695,"Margin (-45) is a 1.7-sigma outlier vs this team's usual margin (-1.6 avg). | 1930s/early-1940s season -- crossover games still happened, though less often than the 1920s.",The_Bay_City_Times_1938_11_12_7.csv,,,
3,1949,1949-10-01,Bowling Green (OH),Visitor,Findlay (OH),7,42,-2.0,691,"Opponent 'Findlay (OH)' is ALSO a risk-listed college-town name -- may be a college-vs-college guarantee game misfiled as HS, or confirms both sides need a look. | Margin (-35) is a 1.5-sigma outlier vs this team's usual margin (-2.0 avg). | Recurs across 38 different seasons vs this same opponent -- looks like a real, stable HS conference rivalry.",The_Blade_1949_10_01_9.csv,,,
3,1921,1921-10-22,Chadron (NE),Home,Spearfish (SD),7,6,8.0,742,This opponent pairing is a one-off (not a recurring year-over-year matchup) -- more consistent with a one-time guarantee game than a conference rivalry. | Pre-1930 season -- college/HS crossover games were common this early.,Lincoln_Journal_Star_1921_10_22_3.csv,,,
3,1926,1926-10-15,Rochester (MN),Home,Mankato (MN),32,0,5.8,272,"Opponent 'Mankato (MN)' is ALSO a risk-listed college-town name -- may be a college-vs-college guarantee game misfiled as HS, or confirms both sides need a look. | Recurs across 28 different seasons vs this same opponent -- looks like a real, stable HS conference rivalry. | Pre-1930 season -- college/HS crossover games were common this early.",https://www.classmates.com/siteui/yearbooks/98465?page=141,,,
3,1927,1927-12-09,Findlay (OH),Home,Bowling Green (OH),12,0,2.7,1201,"Opponent 'Bowling Green (OH)' is ALSO a risk-listed college-town name -- may be a college-vs-college guarantee game misfiled as HS, or confirms both sides need a look. | Recurs across 38 different seasons vs this same opponent -- looks like a real, stable HS conference rivalry. | Pre-1930 season -- college/HS crossover games were common this early.",https://www.classmates.com/siteui/yearbooks/53960?page=106,,,
3,1944,1944-10-27,Milton (WI),Home,Whitewater College High (WI),32,0,7.0,758,"Opponent 'Whitewater College High (WI)' is ALREADY explicitly labeled a college/university -- a bare town-name team playing a confirmed college is very likely that same college's varsity/frosh, not the high school. | Recurs across 3 different seasons vs this same opponent -- looks like a real, stable HS conference rivalry. | 1930s/early-1940s season -- crossover games still happened, though less often than the 1920s.",https://www.classmates.com/siteui/yearbooks/1000244164?page=49,,,
3,1924,1924-10-04,Chadron (NE),Visitor,South Dakota School of Mines Pennington County (SD),7,0,8.0,742,This opponent pairing is a one-off (not a recurring year-over-year matchup) -- more consistent with a one-time guarantee game than a conference rivalry. | Pre-1930 season -- college/HS crossover games were common this early.,Argus_Leader_1924_10_04_Page_9.csv,,,
3,1920,1920-11-05,Marietta (OH),Home,Dayton Stivers (OH),26,21,-3.3,961,This opponent pairing is a one-off (not a recurring year-over-year matchup) -- more consistent with a one-time guarantee game than a conference rivalry. | Pre-1930 season -- college/HS crossover games were common this early.,https://www.classmates.com/siteui/yearbooks/4182780298?page=121,,,
3,1924,1924-10-10,Moorhead (MN),Visitor,Wadena-Deer Creek (MN),14,20,7.8,900,This opponent pairing is a one-off (not a recurring year-over-year matchup) -- more consistent with a one-time guarantee game than a conference rivalry. | Pre-1930 season -- college/HS crossover games were common this early.,http://www.classmates.com/yearbooks/Moorhead-High-School/62112?page=60,,,
3,1924,1924-10-24,Mankato (MN),Visitor,Rochester (MN),0,9,2.3,366,"Opponent 'Rochester (MN)' is ALSO a risk-listed college-town name -- may be a college-vs-college guarantee game misfiled as HS, or confirms both sides need a look. | Recurs across 28 different seasons vs this same opponent -- looks like a real, stable HS conference rivalry. | Pre-1930 season -- college/HS crossover games were common this early.",https://www.classmates.com/siteui/yearbooks/95582?page=119,,,
3,1921,1921-10-08,Kearney (NE),Visitor,Alma (NE),7,37,2.2,951,This opponent pairing is a one-off (not a recurring year-over-year matchup) -- more consistent with a one-time guarantee game than a conference rivalry. | Pre-1930 season -- college/HS crossover games were common this early.,Lincoln_Journal_Star_1921_10_08_3.csv,,,
3,1927,1927-11-11,Findlay (OH),Home,Defiance (OH),26,0,2.7,1201,"Opponent 'Defiance (OH)' is ALSO a risk-listed college-town name -- may be a college-vs-college guarantee game misfiled as HS, or confirms both sides need a look. | Recurs across 11 different seasons vs this same opponent -- looks like a real, stable HS conference rivalry. | Pre-1930 season -- college/HS crossover games were common this early.",https://www.classmates.com/siteui/yearbooks/53960?page=106,,,
3,1929,1929-10-13,Bowling Green (OH),Home,Defiance (OH),7,6,-2.0,691,"Opponent 'Defiance (OH)' is ALSO a risk-listed college-town name -- may be a college-vs-college guarantee game misfiled as HS, or confirms both sides need a look. | Recurs across 22 different seasons vs this same opponent -- looks like a real, stable HS conference rivalry. | Pre-1930 season -- college/HS crossover games were common this early.",The_Plain_Dealer_1929_10_13_25.csv,,,
3,1949,1949-10-29,Hastings (NE),Home,Deshler (NE),45,12,-1.5,909,Margin (+33) is a 1.6-sigma outlier vs this team's usual margin (-1.5 avg). | This opponent pairing is a one-off (not a recurring year-over-year matchup) -- more consistent with a one-time guarantee game than a conference rivalry.,Omaha_World_Herald_1949_10_29_12 (1).csv,,,
3,1928,1928-10-05,Findlay (OH),Visitor,Bowling Green (OH),0,26,2.7,1201,"Opponent 'Bowling Green (OH)' is ALSO a risk-listed college-town name -- may be a college-vs-college guarantee game misfiled as HS, or confirms both sides need a look. | Recurs across 38 different seasons vs this same opponent -- looks like a real, stable HS conference rivalry. | Pre-1930 season -- college/HS crossover games were common this early.",https://www.classmates.com/siteui/yearbooks/127279?page=100,,,
3,1921,1921-10-01,DeKalb (IL),Visitor,Joliet (IL),0,13,-3.7,886,"Opponent 'Joliet (IL)' is ALSO a risk-listed college-town name -- may be a college-vs-college guarantee game misfiled as HS, or confirms both sides need a look. | Recurs across 5 different seasons vs this same opponent -- looks like a real, stable HS conference rivalry. | Pre-1930 season -- college/HS crossover games were common this early.",https://www.newspapers.com/image/28737216,,,
3,1922,1922-11-18,Findlay (OH),Home,Saint Marys (WV),13,7,2.7,1201,This opponent pairing is a one-off (not a recurring year-over-year matchup) -- more consistent with a one-time guarantee game than a conference rivalry. | Pre-1930 season -- college/HS crossover games were common this early.,http://fourseasonsfootball.com/va.html,,,
3,1927,1927-11-11,Winona (MN),Home,Rochester (MN),7,6,-3.4,915,"Opponent 'Rochester (MN)' is ALSO a risk-listed college-town name -- may be a college-vs-college guarantee game misfiled as HS, or confirms both sides need a look. | Recurs across 31 different seasons vs this same opponent -- looks like a real, stable HS conference rivalry. | Pre-1930 season -- college/HS crossover games were common this early.",https://www.classmates.com/siteui/yearbooks/83913?page=150,,,
3,1929,1929-10-06,Minot (ND),Home,Jamestown (ND),45,6,7.4,1098,"Opponent 'Jamestown (ND)' is ALSO a risk-listed college-town name -- may be a college-vs-college guarantee game misfiled as HS, or confirms both sides need a look. | Recurs across 25 different seasons vs this same opponent -- looks like a real, stable HS conference rivalry. | Pre-1930 season -- college/HS crossover games were common this early.",The_Forum_1929_10_06_15.csv,,,
3,1948,1948-09-24,Wahpeton (ND),Home,"Wahpeton Opp """"Sacred Heart"""" (ND)",34,0,-2.7,888,Margin (+34) is a 1.5-sigma outlier vs this team's usual margin (-2.7 avg). | This opponent pairing is a one-off (not a recurring year-over-year matchup) -- more consistent with a one-time guarantee game than a conference rivalry.,http://www.classmates.com/yearbooks/Wahpeton-High-School/4182727410?page=52,,,
3,1924,1924-11-14,Valley City (ND),Home,Minot (ND),30,3,1.2,953,"Opponent 'Minot (ND)' is ALSO a risk-listed college-town name -- may be a college-vs-college guarantee game misfiled as HS, or confirms both sides need a look. | Recurs across 5 different seasons vs this same opponent -- looks like a real, stable HS conference rivalry. | Pre-1930 season -- college/HS crossover games were common this early.",http://www.ndhsaanow.com/champions/football,,,
3,1925,1925-09-25,Moorhead (MN),Home,Valley City (ND),19,7,7.8,900,"Opponent 'Valley City (ND)' is ALSO a risk-listed college-town name -- may be a college-vs-college guarantee game misfiled as HS, or confirms both sides need a look. | Recurs across 18 different seasons vs this same opponent -- looks like a real, stable HS conference rivalry. | Pre-1930 season -- college/HS crossover games were common this early.",http://www.classmates.com/yearbooks/Moorhead-High-School/61881?page=86,,,
3,1921,1921-09-25,Wheaton (IL),Home,Riverside (IL),47,6,7.9,278,This opponent pairing is a one-off (not a recurring year-over-year matchup) -- more consistent with a one-time guarantee game than a conference rivalry. | Pre-1930 season -- college/HS crossover games were common this early.,Chicago_Tribune_1921_09_25_21.csv,,,
3,1929,1929-11-16,Hillsdale (MI),Visitor,Adrian (MI),0,25,-1.6,695,"Opponent 'Adrian (MI)' is ALSO a risk-listed college-town name -- may be a college-vs-college guarantee game misfiled as HS, or confirms both sides need a look. | Recurs across 19 different seasons vs this same opponent -- looks like a real, stable HS conference rivalry. | Pre-1930 season -- college/HS crossover games were common this early.",The_Bay_City_Times_1929_11_16_6.csv,,,
3,1926,1926-09-25,Huron (SD),Home,Miller (MN),21,0,-4.9,908,This opponent pairing is a one-off (not a recurring year-over-year matchup) -- more consistent with a one-time guarantee game than a conference rivalry. | Pre-1930 season -- college/HS crossover games were common this early.,Star_Tribune_1926_09_25_Page_27.csv,,,
3,1926,1926-10-09,Yankton (SD),Home,Tyndall (SD),21,0,8.4,975,This opponent pairing is a one-off (not a recurring year-over-year matchup) -- more consistent with a one-time guarantee game than a conference rivalry. | Pre-1930 season -- college/HS crossover games were common this early.,Star_Tribune_1926_10_09_Page_30.csv,,,
3,1926,1926-10-16,Jamestown (ND),Home,Casselton Central Cass (ND),21,6,3.9,347,This opponent pairing is a one-off (not a recurring year-over-year matchup) -- more consistent with a one-time guarantee game than a conference rivalry. | Pre-1930 season -- college/HS crossover games were common this early.,Star_Tribune_1926_10_16_Page_35.csv,,,
3,1927,1927-10-29,Sioux Falls (SD),Visitor,Madison (SD),6,13,7.5,125,This opponent pairing is a one-off (not a recurring year-over-year matchup) -- more consistent with a one-time guarantee game than a conference rivalry. | Pre-1930 season -- college/HS crossover games were common this early.,Star_Tribune_1927_10_29_Page_26 (1).csv,,,
3,1928,1928-10-06,Valley City (ND),Visitor,Moorhead (MN),0,25,1.2,953,"Opponent 'Moorhead (MN)' is ALSO a risk-listed college-town name -- may be a college-vs-college guarantee game misfiled as HS, or confirms both sides need a look. | Recurs across 18 different seasons vs this same opponent -- looks like a real, stable HS conference rivalry. | Pre-1930 season -- college/HS crossover games were common this early.",Star_Tribune_1928_10_06_Page_27.csv,,,
3,1928,1928-10-06,Winona (MN),Visitor,Austin (MN),6,19,-3.4,915,"Opponent 'Austin (MN)' is ALSO a risk-listed college-town name -- may be a college-vs-college guarantee game misfiled as HS, or confirms both sides need a look. | Recurs across 91 different seasons vs this same opponent -- looks like a real, stable HS conference rivalry. | Pre-1930 season -- college/HS crossover games were common this early.",Star_Tribune_1928_10_06_Page_27.csv,,,
3,1939,1939-10-07,Grinnell (IA),Visitor,Drake University (IA),0,13,1.7,1110,"Opponent 'Drake University (IA)' is ALREADY explicitly labeled a college/university -- a bare town-name team playing a confirmed college is very likely that same college's varsity/frosh, not the high school. | Recurs across 5 different seasons vs this same opponent -- looks like a real, stable HS conference rivalry. | 1930s/early-1940s season -- crossover games still happened, though less often than the 1920s.",The_Des_Moines_Register_1939_10_07_Page_7.csv,,,
3,1926,1926-11-05,Moorhead (MN),Home,Montevideo (MN),23,0,7.8,900,This opponent pairing is a one-off (not a recurring year-over-year matchup) -- more consistent with a one-time guarantee game than a conference rivalry. | Pre-1930 season -- college/HS crossover games were common this early.,http://www.classmates.com/siteui/yearbooks/61867?page=85,,,
3,1922,1922-11-25,Danville (IL),Home,Chicago Bowen (IL),6,0,4.2,926,This opponent pairing is a one-off (not a recurring year-over-year matchup) -- more consistent with a one-time guarantee game than a conference rivalry. | Pre-1930 season -- college/HS crossover games were common this early.,https://www.classmates.com/siteui/yearbooks/4182837845?page=64,,,
3,1922,1922-10-27,Rochester (MN),Home,Austin (MN),32,0,5.8,272,"Opponent 'Austin (MN)' is ALSO a risk-listed college-town name -- may be a college-vs-college guarantee game misfiled as HS, or confirms both sides need a look. | Recurs across 45 different seasons vs this same opponent -- looks like a real, stable HS conference rivalry. | Pre-1930 season -- college/HS crossover games were common this early.",http://www.classmates.com/yearbooks/Austin-High-School/4182759210?page=122,,,
3,1924,1924-10-10,Rochester (MN),Home,Austin (MN),12,0,5.8,272,"Opponent 'Austin (MN)' is ALSO a risk-listed college-town name -- may be a college-vs-college guarantee game misfiled as HS, or confirms both sides need a look. | Recurs across 45 different seasons vs this same opponent -- looks like a real, stable HS conference rivalry. | Pre-1930 season -- college/HS crossover games were common this early.",https://www.classmates.com/siteui/yearbooks/95582?page=119,,,
3,1921,1921-09-30,Danville (IL),Home,Chicago Vermilion Grove (IL),25,0,4.2,926,This opponent pairing is a one-off (not a recurring year-over-year matchup) -- more consistent with a one-time guarantee game than a conference rivalry. | Pre-1930 season -- college/HS crossover games were common this early.,http://www.classmates.com/yearbooks/Danville-High-School/239951?page=76,,,
3,1925,1925-11-13,Findlay (OH),Home,Bowling Green (OH),26,0,2.7,1201,"Opponent 'Bowling Green (OH)' is ALSO a risk-listed college-town name -- may be a college-vs-college guarantee game misfiled as HS, or confirms both sides need a look. | Recurs across 38 different seasons vs this same opponent -- looks like a real, stable HS conference rivalry. | Pre-1930 season -- college/HS crossover games were common this early.",https://www.classmates.com/siteui/yearbooks/232992?page=103,,,
3,1921,1921-11-12,Grand Island (NE),Visitor,Omaha Commerce (NE),7,14,6.2,931,This opponent pairing is a one-off (not a recurring year-over-year matchup) -- more consistent with a one-time guarantee game than a conference rivalry. | Pre-1930 season -- college/HS crossover games were common this early.,Lincoln_Journal_Star_1921_11_12_3.csv,,,
3,1929,1929-09-28,Alma (MI),Visitor,Saginaw Eastern (MI),0,25,-1.0,641,This opponent pairing is a one-off (not a recurring year-over-year matchup) -- more consistent with a one-time guarantee game than a conference rivalry. | Pre-1930 season -- college/HS crossover games were common this early.,The_Bay_City_Times_1929_09_28_6.csv,,,
3,1929,1929-10-13,Albion (MI),Visitor,Grosse Pointe (MI),6,7,-4.1,550,This opponent pairing is a one-off (not a recurring year-over-year matchup) -- more consistent with a one-time guarantee game than a conference rivalry. | Pre-1930 season -- college/HS crossover games were common this early.,The_Bay_City_Times_1929_10_13_25.csv,,,
3,1929,1929-11-09,Hillsdale (MI),Visitor,Albion (MI),0,14,-1.6,695,"Opponent 'Albion (MI)' is ALSO a risk-listed college-town name -- may be a college-vs-college guarantee game misfiled as HS, or confirms both sides need a look. | Recurs across 20 different seasons vs this same opponent -- looks like a real, stable HS conference rivalry. | Pre-1930 season -- college/HS crossover games were common this early.",The_Bay_City_Times_1929_11_09_6.csv,,,
3,1925,1925-10-25,Bowling Green (OH),Home,Kenton (OH),0,0,-2.0,691,This opponent pairing is a one-off (not a recurring year-over-year matchup) -- more consistent with a one-time guarantee game than a conference rivalry. | Pre-1930 season -- college/HS crossover games were common this early.,The_Plain_Dealer_1925_10_25_23 (2).csv,,,
3,1921,1921-10-28,Findlay (OH),Home,Bowling Green (OH),33,0,2.7,1201,"Opponent 'Bowling Green (OH)' is ALSO a risk-listed college-town name -- may be a college-vs-college guarantee game misfiled as HS, or confirms both sides need a look. | Recurs across 38 different seasons vs this same opponent -- looks like a real, stable HS conference rivalry. | Pre-1930 season -- college/HS crossover games were common this early.",https://www.classmates.com/siteui/yearbooks/233809?page=52,,,
3,1925,1925-11-22,Marietta (OH),Visitor,Steubenville (OH),0,20,-3.3,961,This opponent pairing is a one-off (not a recurring year-over-year matchup) -- more consistent with a one-time guarantee game than a conference rivalry. | Pre-1930 season -- college/HS crossover games were common this early.,The_Plain_Dealer_1925_11_22_23 (1).csv,,,
3,1924,1924-11-14,Minot (ND),Visitor,Valley City (ND),3,30,7.4,1098,"Opponent 'Valley City (ND)' is ALSO a risk-listed college-town name -- may be a college-vs-college guarantee game misfiled as HS, or confirms both sides need a look. | Recurs across 5 different seasons vs this same opponent -- looks like a real, stable HS conference rivalry. | Pre-1930 season -- college/HS crossover games were common this early.",http://www.ndhsaanow.com/champions/football,,,
3,1946,1946-10-11,Mankato (MN),Visitor,Austin (MN),6,39,2.3,366,"Opponent 'Austin (MN)' is ALSO a risk-listed college-town name -- may be a college-vs-college guarantee game misfiled as HS, or confirms both sides need a look. | Margin (-33) is a 1.9-sigma outlier vs this team's usual margin (2.3 avg). | Recurs across 32 different seasons vs this same opponent -- looks like a real, stable HS conference rivalry.",http://www.classmates.com/yearbooks/Austin-High-School/60154?page=52,,,
3,1928,1928-09-07,Ripon (WI),Visitor,Ripon Alumni (WI),6,12,-0.8,850,This opponent pairing is a one-off (not a recurring year-over-year matchup) -- more consistent with a one-time guarantee game than a conference rivalry. | Pre-1930 season -- college/HS crossover games were common this early.,http://www.riponlibrary.org,,,
3,1949,1949-10-21,Mankato (MN),Visitor,Rochester (MN),0,27,2.3,366,"Opponent 'Rochester (MN)' is ALSO a risk-listed college-town name -- may be a college-vs-college guarantee game misfiled as HS, or confirms both sides need a look. | Margin (-27) is a 1.5-sigma outlier vs this team's usual margin (2.3 avg). | Recurs across 28 different seasons vs this same opponent -- looks like a real, stable HS conference rivalry.",https://www.classmates.com/siteui/yearbooks/41651?page=44,,,
3,1926,1926-10-08,Wahpeton (ND),Visitor,Moorhead (MN),0,19,-2.7,888,"Opponent 'Moorhead (MN)' is ALSO a risk-listed college-town name -- may be a college-vs-college guarantee game misfiled as HS, or confirms both sides need a look. | Recurs across 22 different seasons vs this same opponent -- looks like a real, stable HS conference rivalry. | Pre-1930 season -- college/HS crossover games were common this early.",http://www.classmates.com/siteui/yearbooks/61867?page=85,,,
3,1946,1946-11-28,Murray (KY),Visitor,Lexington Henry Clay (KY),0,38,7.5,832,Margin (-38) is a 1.9-sigma outlier vs this team's usual margin (7.5 avg). | This opponent pairing is a one-off (not a recurring year-over-year matchup) -- more consistent with a one-time guarantee game than a conference rivalry.,http://fourseasonsfootball.com/va.html,,,
3,1924,1924-09-26,Valley City (ND),Visitor,Moorhead (MN),7,12,1.2,953,"Opponent 'Moorhead (MN)' is ALSO a risk-listed college-town name -- may be a college-vs-college guarantee game misfiled as HS, or confirms both sides need a look. | Recurs across 18 different seasons vs this same opponent -- looks like a real, stable HS conference rivalry. | Pre-1930 season -- college/HS crossover games were common this early.",http://www.classmates.com/yearbooks/Moorhead-High-School/62112?page=60,,,
3,1935,1935-10-12,Wooster (OH),Visitor,Sandusky (OH),0,67,0.1,1005,"Margin (-67) is a 3.0-sigma outlier vs this team's usual margin (0.1 avg). | 1930s/early-1940s season -- crossover games still happened, though less often than the 1920s.",The_Plain_Dealer_1935_10_12_20.csv,,,
3,1927,1927-09-16,Winona (MN),Home,Plainview-Elgin-Millville (MN),12,0,-3.4,915,This opponent pairing is a one-off (not a recurring year-over-year matchup) -- more consistent with a one-time guarantee game than a conference rivalry. | Pre-1930 season -- college/HS crossover games were common this early.,http://www.classmates.com/yearbooks/Winona-High-School/89872?page=70,,,
3,1947,1947-09-20,Jamestown (ND),Visitor,Wahpeton (ND),0,33,3.9,347,"Opponent 'Wahpeton (ND)' is ALSO a risk-listed college-town name -- may be a college-vs-college guarantee game misfiled as HS, or confirms both sides need a look. | Margin (-33) is a 1.7-sigma outlier vs this team's usual margin (3.9 avg). | Recurs across 17 different seasons vs this same opponent -- looks like a real, stable HS conference rivalry.",The_Forum_1947_09_20_6.csv,,,
3,1947,1947-11-01,Hastings (NE),Home,York (NE),51,9,-1.5,909,"Opponent 'York (NE)' is ALSO a risk-listed college-town name -- may be a college-vs-college guarantee game misfiled as HS, or confirms both sides need a look. | Margin (+42) is a 2.0-sigma outlier vs this team's usual margin (-1.5 avg). | Recurs across 40 different seasons vs this same opponent -- looks like a real, stable HS conference rivalry.",Omaha_World_Herald_1947_11_01_10.csv,,,
3,1944,1944-11-18,Kearney (NE),Home,Curtis (NE),59,6,2.2,951,"Margin (+53) is a 2.3-sigma outlier vs this team's usual margin (2.2 avg). | 1930s/early-1940s season -- crossover games still happened, though less often than the 1920s.",Omaha_World_Herald_1944_11_18_9.csv,,,
3,1921,1921-10-30,Huron Beadle County (SD),Visitor,Aberdeen Brown County (SD),0,16,-16.0,1,This opponent pairing is a one-off (not a recurring year-over-year matchup) -- more consistent with a one-time guarantee game than a conference rivalry. | Pre-1930 season -- college/HS crossover games were common this early.,The_Billings_Gazette_1921_10_30_7.csv,,,
3,1921,1921-10-08,Kearney (NE),Visitor,Kearney Military Academy (NE),6,6,2.2,951,This opponent pairing is a one-off (not a recurring year-over-year matchup) -- more consistent with a one-time guarantee game than a conference rivalry. | Pre-1930 season -- college/HS crossover games were common this early.,Lincoln_Journal_Star_1921_10_08_3.csv,,,
3,1925,1925-10-18,Jamestown (ND),Visitor,Valley City (ND),0,15,3.9,347,"Opponent 'Valley City (ND)' is ALSO a risk-listed college-town name -- may be a college-vs-college guarantee game misfiled as HS, or confirms both sides need a look. | Recurs across 43 different seasons vs this same opponent -- looks like a real, stable HS conference rivalry. | Pre-1930 season -- college/HS crossover games were common this early.",The_Forum_1925_10_18_17.csv,,,
3,1921,1921-10-07,Winona (MN),Home,Austin (MN),25,0,-3.4,915,"Opponent 'Austin (MN)' is ALSO a risk-listed college-town name -- may be a college-vs-college guarantee game misfiled as HS, or confirms both sides need a look. | Recurs across 91 different seasons vs this same opponent -- looks like a real, stable HS conference rivalry. | Pre-1930 season -- college/HS crossover games were common this early.",http://www.classmates.com/yearbooks/Winona-High-School/58059?page=36,,,
3,1921,1921-10-15,York (NE),Home,Hastings (NE),7,0,-0.5,821,"Opponent 'Hastings (NE)' is ALSO a risk-listed college-town name -- may be a college-vs-college guarantee game misfiled as HS, or confirms both sides need a look. | Recurs across 40 different seasons vs this same opponent -- looks like a real, stable HS conference rivalry. | Pre-1930 season -- college/HS crossover games were common this early.",Lincoln_Journal_Star_1921_10_15_3.csv,,,
3,1929,1929-09-27,Ripon (WI),Home,Milwaukee St. Peter (WI),20,0,-0.8,850,This opponent pairing is a one-off (not a recurring year-over-year matchup) -- more consistent with a one-time guarantee game than a conference rivalry. | Pre-1930 season -- college/HS crossover games were common this early.,http://www.riponlibrary.org/sites/riponlibrary.org/files/RHS1930c.pdf,,,
3,1921,1921-10-14,Wheaton (IL),Home,Chicago Austin Poly (IL),21,0,7.9,278,This opponent pairing is a one-off (not a recurring year-over-year matchup) -- more consistent with a one-time guarantee game than a conference rivalry. | Pre-1930 season -- college/HS crossover games were common this early.,http://www.classmates.com/yearbooks/Wheaton-Community-High-School/105245?page=52,,,
3,1921,1921-09-16,Danville (IL),Home,Villa Grove-Heritage (IL),39,0,4.2,926,This opponent pairing is a one-off (not a recurring year-over-year matchup) -- more consistent with a one-time guarantee game than a conference rivalry. | Pre-1930 season -- college/HS crossover games were common this early.,http://www.classmates.com/yearbooks/Danville-High-School/239951?page=76,,,
3,1929,1929-11-09,Murray (KY),Visitor,Cumberland (KY),14,26,7.5,832,This opponent pairing is a one-off (not a recurring year-over-year matchup) -- more consistent with a one-time guarantee game than a conference rivalry. | Pre-1930 season -- college/HS crossover games were common this early.,The_Courier_Journal_1929_11_09_Page_17.csv,,,
3,1926,1926-11-06,Georgetown Scott County (KY),Visitor,Midway (KY),9,13,4.9,1007,This opponent pairing is a one-off (not a recurring year-over-year matchup) -- more consistent with a one-time guarantee game than a conference rivalry. | Pre-1930 season -- college/HS crossover games were common this early.,The_Courier_Journal_1926_11_06_Page_13.csv,,,
3,1921,1921-10-28,Winona (MN),Home,Austin (MN),27,0,-3.4,915,"Opponent 'Austin (MN)' is ALSO a risk-listed college-town name -- may be a college-vs-college guarantee game misfiled as HS, or confirms both sides need a look. | Recurs across 91 different seasons vs this same opponent -- looks like a real, stable HS conference rivalry. | Pre-1930 season -- college/HS crossover games were common this early.",http://www.classmates.com/yearbooks/Austin-High-School/82092?page=98,,,
3,1927,1927-10-30,Defiance (OH),Home,Bluffton (OH),13,0,-1.0,862,"Opponent 'Bluffton (OH)' is ALSO a risk-listed college-town name -- may be a college-vs-college guarantee game misfiled as HS, or confirms both sides need a look. | Recurs across 3 different seasons vs this same opponent -- looks like a real, stable HS conference rivalry. | Pre-1930 season -- college/HS crossover games were common this early.",The_Plain_Dealer_1927_10_30_24.csv,,,
3,1923,1923-11-09,Mankato (MN),Home,Rochester (MN),13,0,2.3,366,"Opponent 'Rochester (MN)' is ALSO a risk-listed college-town name -- may be a college-vs-college guarantee game misfiled as HS, or confirms both sides need a look. | Recurs across 28 different seasons vs this same opponent -- looks like a real, stable HS conference rivalry. | Pre-1930 season -- college/HS crossover games were common this early.",https://www.classmates.com/siteui/yearbooks/206695?page=109,,,
3,1922,1922-11-17,Wooster (OH),Home,Ashland (OH),35,6,0.1,1005,"Opponent 'Ashland (OH)' is ALSO a risk-listed college-town name -- may be a college-vs-college guarantee game misfiled as HS, or confirms both sides need a look. | Recurs across 59 different seasons vs this same opponent -- looks like a real, stable HS conference rivalry. | Pre-1930 season -- college/HS crossover games were common this early.",https://www.classmates.com/siteui/yearbooks/180161?page=95,,,
3,1920,1920-11-05,Hillsdale (MI),Home,Adrian (MI),14,7,-1.6,695,"Opponent 'Adrian (MI)' is ALSO a risk-listed college-town name -- may be a college-vs-college guarantee game misfiled as HS, or confirms both sides need a look. | Recurs across 19 different seasons vs this same opponent -- looks like a real, stable HS conference rivalry. | Pre-1930 season -- college/HS crossover games were common this early.",http://www.classmates.com/siteui/yearbooks/62022?page=82,,,
3,1922,1922-11-10,Wooster (OH),Home,Apple Creek Waynedale (OH),25,7,0.1,1005,This opponent pairing is a one-off (not a recurring year-over-year matchup) -- more consistent with a one-time guarantee game than a conference rivalry. | Pre-1930 season -- college/HS crossover games were common this early.,https://www.classmates.com/siteui/yearbooks/180161?page=95,,,
3,1948,1948-10-30,Hastings (NE),Home,York (NE),33,0,-1.5,909,"Opponent 'York (NE)' is ALSO a risk-listed college-town name -- may be a college-vs-college guarantee game misfiled as HS, or confirms both sides need a look. | Margin (+33) is a 1.6-sigma outlier vs this team's usual margin (-1.5 avg). | Recurs across 40 different seasons vs this same opponent -- looks like a real, stable HS conference rivalry.",Omaha_World_Herald_1948_10_30_14.csv,,,
3,1927,1927-12-09,Bowling Green (OH),Visitor,Findlay (OH),0,12,-2.0,691,"Opponent 'Findlay (OH)' is ALSO a risk-listed college-town name -- may be a college-vs-college guarantee game misfiled as HS, or confirms both sides need a look. | Recurs across 38 different seasons vs this same opponent -- looks like a real, stable HS conference rivalry. | Pre-1930 season -- college/HS crossover games were common this early.",https://www.classmates.com/siteui/yearbooks/53960?page=106,,,
3,1921,1921-11-25,La Crosse (WI),Visitor,Madison Central (WI),0,7,-7.9,7,This opponent pairing is a one-off (not a recurring year-over-year matchup) -- more consistent with a one-time guarantee game than a conference rivalry. | Pre-1930 season -- college/HS crossover games were common this early.,http://www.e-yearbook.com/sp/eybb?school=118196&year=1922&up=1&startpage=138,,,
3,1926,1926-10-15,Minot (ND),Home,Great Falls (MT),27,17,7.4,1098,This opponent pairing is a one-off (not a recurring year-over-year matchup) -- more consistent with a one-time guarantee game than a conference rivalry. | Pre-1930 season -- college/HS crossover games were common this early.,https://www.classmates.com/siteui/yearbooks/94055?page=98,,,
3,1924,1924-10-12,Sioux Falls (SD),Home,Cherokee Washington (IA),20,2,7.5,125,This opponent pairing is a one-off (not a recurring year-over-year matchup) -- more consistent with a one-time guarantee game than a conference rivalry. | Pre-1930 season -- college/HS crossover games were common this early.,The_Des_Moines_Register_1924_10_12_Page_17 (1).csv,,,
3,1921,1921-11-13,Stevens Point (WI),Home,Maynard West Central (IA),34,7,2.7,767,This opponent pairing is a one-off (not a recurring year-over-year matchup) -- more consistent with a one-time guarantee game than a conference rivalry. | Pre-1930 season -- college/HS crossover games were common this early.,The_Des_Moines_Register_1921_11_13_Page_63.csv,,,
3,1946,1946-10-05,Joliet (IL),Home,Chicago St. Elizabeth (IL),31,0,-9.3,928,Margin (+31) is a 1.7-sigma outlier vs this team's usual margin (-9.3 avg). | This opponent pairing is a one-off (not a recurring year-over-year matchup) -- more consistent with a one-time guarantee game than a conference rivalry.,The_Pantagraph_1946_10_05_Page_8.csv,,,
3,1927,1927-10-14,Mankato (MN),Home,Owatonna Pillsbury College Prep (MN),28,6,2.3,366,This opponent pairing is a one-off (not a recurring year-over-year matchup) -- more consistent with a one-time guarantee game than a conference rivalry. | Pre-1930 season -- college/HS crossover games were common this early.,https://www.classmates.com/siteui/yearbooks/72190?page=83,,,
3,1949,1949-10-14,Wooster (OH),Home,Columbus South (OH),40,0,0.1,1005,Margin (+40) is a 1.8-sigma outlier vs this team's usual margin (0.1 avg). | This opponent pairing is a one-off (not a recurring year-over-year matchup) -- more consistent with a one-time guarantee game than a conference rivalry.,http://www.classmates.com/yearbooks/Wooster-High-School/1000236563/?page=86,,,
3,1929,1929-09-27,Austin (MN),Home,Rochester (MN),6,0,1.7,1094,"Opponent 'Rochester (MN)' is ALSO a risk-listed college-town name -- may be a college-vs-college guarantee game misfiled as HS, or confirms both sides need a look. | Recurs across 45 different seasons vs this same opponent -- looks like a real, stable HS conference rivalry. | Pre-1930 season -- college/HS crossover games were common this early.",http://www.classmates.com/yearbooks/Austin-High-School/4182716190?page=78,,,
3,1922,1922-09-29,Wooster (OH),Home,Apple Creek Waynedale (OH),28,0,0.1,1005,This opponent pairing is a one-off (not a recurring year-over-year matchup) -- more consistent with a one-time guarantee game than a conference rivalry. | Pre-1930 season -- college/HS crossover games were common this early.,https://www.classmates.com/siteui/yearbooks/180161?page=95,,,
3,1923,1923-11-03,Grand Island (NE),Home,York (NE),0,0,6.2,931,"Opponent 'York (NE)' is ALSO a risk-listed college-town name -- may be a college-vs-college guarantee game misfiled as HS, or confirms both sides need a look. | Recurs across 7 different seasons vs this same opponent -- looks like a real, stable HS conference rivalry. | Pre-1930 season -- college/HS crossover games were common this early.",Lincoln_Journal_Star_1923_11_03_7.csv,,,
3,1922,1922-11-18,York (NE),Home,Grand Island (NE),21,0,-0.5,821,"Opponent 'Grand Island (NE)' is ALSO a risk-listed college-town name -- may be a college-vs-college guarantee game misfiled as HS, or confirms both sides need a look. | Recurs across 7 different seasons vs this same opponent -- looks like a real, stable HS conference rivalry. | Pre-1930 season -- college/HS crossover games were common this early.",Lincoln_Journal_Star_1922_11_18_5.csv,,,
3,1937,1937-11-06,Wayne (NE),Home,Coleridge (NE),51,0,-2.3,595,"Margin (+51) is a 2.2-sigma outlier vs this team's usual margin (-2.3 avg). | 1930s/early-1940s season -- crossover games still happened, though less often than the 1920s.",Lincoln_Journal_Star_1937_11_06_5 (1).csv,,,
3,1927,1927-10-08,Hastings (NE),Home,Nelson (NE),15,7,-1.5,909,This opponent pairing is a one-off (not a recurring year-over-year matchup) -- more consistent with a one-time guarantee game than a conference rivalry. | Pre-1930 season -- college/HS crossover games were common this early.,Lincoln_Journal_Star_1927_10_08_7.csv,,,
3,1929,1929-10-26,Yankton (SD),Visitor,Canton (SD),19,6,8.4,975,This opponent pairing is a one-off (not a recurring year-over-year matchup) -- more consistent with a one-time guarantee game than a conference rivalry. | Pre-1930 season -- college/HS crossover games were common this early.,Argus_Leader_1929_10_26_Page_3 (1).csv,,,
3,1921,1921-10-17,Huron (SD),Visitor,De Smet (SD),0,26,-4.9,908,This opponent pairing is a one-off (not a recurring year-over-year matchup) -- more consistent with a one-time guarantee game than a conference rivalry. | Pre-1930 season -- college/HS crossover games were common this early.,Argus_Leader_1921_10_17_Page_9.csv,,,
3,1923,1923-10-27,Hastings (NE),Home,Kearney (NE),12,7,-1.5,909,"Opponent 'Kearney (NE)' is ALSO a risk-listed college-town name -- may be a college-vs-college guarantee game misfiled as HS, or confirms both sides need a look. | Recurs across 45 different seasons vs this same opponent -- looks like a real, stable HS conference rivalry. | Pre-1930 season -- college/HS crossover games were common this early.",Lincoln_Journal_Star_1923_10_27_7.csv,,,
3,1929,1929-11-17,Oberlin (OH),Visitor,Tiffin Junior Order Orphans (OH),6,12,-5.6,712,This opponent pairing is a one-off (not a recurring year-over-year matchup) -- more consistent with a one-time guarantee game than a conference rivalry. | Pre-1930 season -- college/HS crossover games were common this early.,The_Plain_Dealer_1929_11_17_27 (1).csv,,,
3,1929,1929-09-28,Kearney (NE),Home,Imperial Chase County (NE),14,6,2.2,951,This opponent pairing is a one-off (not a recurring year-over-year matchup) -- more consistent with a one-time guarantee game than a conference rivalry. | Pre-1930 season -- college/HS crossover games were common this early.,Lincoln_Journal_Star_1929_09_28_7.csv,,,
3,1927,1927-11-12,Hastings (NE),Home,York (NE),7,6,-1.5,909,"Opponent 'York (NE)' is ALSO a risk-listed college-town name -- may be a college-vs-college guarantee game misfiled as HS, or confirms both sides need a look. | Recurs across 40 different seasons vs this same opponent -- looks like a real, stable HS conference rivalry. | Pre-1930 season -- college/HS crossover games were common this early.",Lincoln_Journal_Star_1927_11_12_9.csv,,,
3,1927,1927-10-29,Kearney (NE),Home,Hastings (NE),13,7,2.2,951,"Opponent 'Hastings (NE)' is ALSO a risk-listed college-town name -- may be a college-vs-college guarantee game misfiled as HS, or confirms both sides need a look. | Recurs across 45 different seasons vs this same opponent -- looks like a real, stable HS conference rivalry. | Pre-1930 season -- college/HS crossover games were common this early.",Lincoln_Journal_Star_1927_10_29_9.csv,,,
3,1927,1927-09-24,Chadron (NE),Home,Harrison Sioux County (NE),30,0,8.0,742,This opponent pairing is a one-off (not a recurring year-over-year matchup) -- more consistent with a one-time guarantee game than a conference rivalry. | Pre-1930 season -- college/HS crossover games were common this early.,Lincoln_Journal_Star_1927_09_24_6.csv,,,
3,1923,1923-10-01,Yankton (SD),Visitor,Hawarden (IA),12,10,8.4,975,This opponent pairing is a one-off (not a recurring year-over-year matchup) -- more consistent with a one-time guarantee game than a conference rivalry. | Pre-1930 season -- college/HS crossover games were common this early.,Argus_Leader_1923_10_01_Page_9.csv,,,
3,1925,1925-11-01,Grinnell (IA),Visitor,Waverly Bremer County (IA),3,12,1.7,1110,This opponent pairing is a one-off (not a recurring year-over-year matchup) -- more consistent with a one-time guarantee game than a conference rivalry. | Pre-1930 season -- college/HS crossover games were common this early.,The_Des_Moines_Register_1925_11_01_Page_69.csv,,,
3,1929,1929-10-13,Defiance (OH),Visitor,Bowling Green (OH),6,7,-1.0,862,"Opponent 'Bowling Green (OH)' is ALSO a risk-listed college-town name -- may be a college-vs-college guarantee game misfiled as HS, or confirms both sides need a look. | Recurs across 22 different seasons vs this same opponent -- looks like a real, stable HS conference rivalry. | Pre-1930 season -- college/HS crossover games were common this early.",The_Plain_Dealer_1929_10_13_25.csv,,,
3,1948,1948-10-30,York (NE),Visitor,Hastings (NE),0,33,-0.5,821,"Opponent 'Hastings (NE)' is ALSO a risk-listed college-town name -- may be a college-vs-college guarantee game misfiled as HS, or confirms both sides need a look. | Margin (-33) is a 1.5-sigma outlier vs this team's usual margin (-0.5 avg). | Recurs across 40 different seasons vs this same opponent -- looks like a real, stable HS conference rivalry.",Omaha_World_Herald_1948_10_30_14.csv,,,
3,1947,1947-11-01,York (NE),Visitor,Hastings (NE),9,51,-0.5,821,"Opponent 'Hastings (NE)' is ALSO a risk-listed college-town name -- may be a college-vs-college guarantee game misfiled as HS, or confirms both sides need a look. | Margin (-42) is a 1.9-sigma outlier vs this team's usual margin (-0.5 avg). | Recurs across 40 different seasons vs this same opponent -- looks like a real, stable HS conference rivalry.",Omaha_World_Herald_1947_11_01_10.csv,,,
3,1926,1926-11-13,Hastings (NE),Home,York (NE),3,3,-1.5,909,"Opponent 'York (NE)' is ALSO a risk-listed college-town name -- may be a college-vs-college guarantee game misfiled as HS, or confirms both sides need a look. | Recurs across 40 different seasons vs this same opponent -- looks like a real, stable HS conference rivalry. | Pre-1930 season -- college/HS crossover games were common this early.",Lincoln_Journal_Star_1926_11_13_4.csv,,,
3,1925,1925-10-24,Hastings (NE),Home,Kearney (NE),6,0,-1.5,909,"Opponent 'Kearney (NE)' is ALSO a risk-listed college-town name -- may be a college-vs-college guarantee game misfiled as HS, or confirms both sides need a look. | Recurs across 45 different seasons vs this same opponent -- looks like a real, stable HS conference rivalry. | Pre-1930 season -- college/HS crossover games were common this early.",Lincoln_Journal_Star_1925_10_24_5.csv,,,
3,1925,1925-11-21,Wayne (NE),Home,Omaha Central (NE),16,6,-2.3,595,This opponent pairing is a one-off (not a recurring year-over-year matchup) -- more consistent with a one-time guarantee game than a conference rivalry. | Pre-1930 season -- college/HS crossover games were common this early.,Lincoln_Journal_Star_1925_11_21_7.csv,,,
3,1924,1924-10-25,Kearney (NE),Home,Hastings (NE),14,7,2.2,951,"Opponent 'Hastings (NE)' is ALSO a risk-listed college-town name -- may be a college-vs-college guarantee game misfiled as HS, or confirms both sides need a look. | Recurs across 45 different seasons vs this same opponent -- looks like a real, stable HS conference rivalry. | Pre-1930 season -- college/HS crossover games were common this early.",Lincoln_Journal_Star_1924_10_25_7.csv,,,
3,1925,1925-09-26,Kearney (NE),Home,Ord (NE),28,0,2.2,951,This opponent pairing is a one-off (not a recurring year-over-year matchup) -- more consistent with a one-time guarantee game than a conference rivalry. | Pre-1930 season -- college/HS crossover games were common this early.,Lincoln_Journal_Star_1925_09_26_9.csv,,,
3,1923,1923-11-24,Hastings (NE),Home,York (NE),13,13,-1.5,909,"Opponent 'York (NE)' is ALSO a risk-listed college-town name -- may be a college-vs-college guarantee game misfiled as HS, or confirms both sides need a look. | Recurs across 40 different seasons vs this same opponent -- looks like a real, stable HS conference rivalry. | Pre-1930 season -- college/HS crossover games were common this early.",Lincoln_Journal_Star_1923_11_24_10.csv,,,
3,1922,1922-11-04,Kearney (NE),Home,York (NE),14,6,2.2,951,"Opponent 'York (NE)' is ALSO a risk-listed college-town name -- may be a college-vs-college guarantee game misfiled as HS, or confirms both sides need a look. | Recurs across 4 different seasons vs this same opponent -- looks like a real, stable HS conference rivalry. | Pre-1930 season -- college/HS crossover games were common this early.",Lincoln_Journal_Star_1922_11_04_5.csv,,,
3,1949,1949-10-08,Dickinson (ND),Visitor,Minot (ND),0,39,-0.9,982,"Opponent 'Minot (ND)' is ALSO a risk-listed college-town name -- may be a college-vs-college guarantee game misfiled as HS, or confirms both sides need a look. | Margin (-39) is a 1.6-sigma outlier vs this team's usual margin (-0.9 avg). | Recurs across 74 different seasons vs this same opponent -- looks like a real, stable HS conference rivalry.",The_Forum_1949_10_08_8.csv,,,
3,1923,1923-11-25,Bowling Green (OH),Visitor,Morenci (MI),6,18,-2.0,691,This opponent pairing is a one-off (not a recurring year-over-year matchup) -- more consistent with a one-time guarantee game than a conference rivalry. | Pre-1930 season -- college/HS crossover games were common this early.,The_Plain_Dealer_1923_11_25_41 (1).csv,,,
3,1928,1928-11-03,Georgetown Scott County (KY),Visitor,Madison County (KY),19,19,4.9,1007,This opponent pairing is a one-off (not a recurring year-over-year matchup) -- more consistent with a one-time guarantee game than a conference rivalry. | Pre-1930 season -- college/HS crossover games were common this early.,The_Courier_Journal_1928_11_03_Page_18.csv,,,
3,1927,1927-12-02,Findlay (OH),Home,Chicago Marshall (IL),25,0,2.7,1201,This opponent pairing is a one-off (not a recurring year-over-year matchup) -- more consistent with a one-time guarantee game than a conference rivalry. | Pre-1930 season -- college/HS crossover games were common this early.,https://www.classmates.com/siteui/yearbooks/53960?page=106,,,
3,1945,1945-09-14,Rochester (MN),Visitor,Austin (MN),0,27,5.8,272,"Opponent 'Austin (MN)' is ALSO a risk-listed college-town name -- may be a college-vs-college guarantee game misfiled as HS, or confirms both sides need a look. | Margin (-27) is a 1.6-sigma outlier vs this team's usual margin (5.8 avg). | Recurs across 45 different seasons vs this same opponent -- looks like a real, stable HS conference rivalry.",https://www.classmates.com/siteui/yearbooks/80503?page=50,,,
3,1925,1925-11-20,York (NE),Visitor,Grand Island (NE),7,7,-0.5,821,"Opponent 'Grand Island (NE)' is ALSO a risk-listed college-town name -- may be a college-vs-college guarantee game misfiled as HS, or confirms both sides need a look. | Recurs across 7 different seasons vs this same opponent -- looks like a real, stable HS conference rivalry. | Pre-1930 season -- college/HS crossover games were common this early.",https://www.classmates.com/siteui/yearbooks/184618?page=76,,,
3,1929,1929-11-01,Rochester (MN),Visitor,Winona (MN),0,7,5.8,272,"Opponent 'Winona (MN)' is ALSO a risk-listed college-town name -- may be a college-vs-college guarantee game misfiled as HS, or confirms both sides need a look. | Recurs across 31 different seasons vs this same opponent -- looks like a real, stable HS conference rivalry. | Pre-1930 season -- college/HS crossover games were common this early.",http://www.classmates.com/yearbooks/Winona-High-School/89952?page=62,,,
3,1924,1924-10-17,Grand Island (NE),Visitor,Kearney (NE),0,13,6.2,931,"Opponent 'Kearney (NE)' is ALSO a risk-listed college-town name -- may be a college-vs-college guarantee game misfiled as HS, or confirms both sides need a look. | Recurs across 77 different seasons vs this same opponent -- looks like a real, stable HS conference rivalry. | Pre-1930 season -- college/HS crossover games were common this early.",https://www.classmates.com/siteui/yearbooks/65412?page=71,,,
3,1922,1922-09-29,Dickinson (ND),Visitor,Culbertson (MT),13,40,-0.9,982,This opponent pairing is a one-off (not a recurring year-over-year matchup) -- more consistent with a one-time guarantee game than a conference rivalry. | Pre-1930 season -- college/HS crossover games were common this early.,http://www.bhs.bismarckschools.org/bhs/bhsathletics/throwers/history-of-bismarck-high-football/,,,
3,1926,1926-10-01,Valley City (ND),Visitor,Moorhead (MN),0,14,1.2,953,"Opponent 'Moorhead (MN)' is ALSO a risk-listed college-town name -- may be a college-vs-college guarantee game misfiled as HS, or confirms both sides need a look. | Recurs across 18 different seasons vs this same opponent -- looks like a real, stable HS conference rivalry. | Pre-1930 season -- college/HS crossover games were common this early.",http://www.classmates.com/siteui/yearbooks/61867?page=85,,,
3,1922,1922-10-20,Oshkosh (WI),Home,Mayville (WI),18,6,4.9,268,This opponent pairing is a one-off (not a recurring year-over-year matchup) -- more consistent with a one-time guarantee game than a conference rivalry. | Pre-1930 season -- college/HS crossover games were common this early.,http://www.classmates.com/yearbooks/Mayville-High-School/61463?page=40,,,
3,1948,1948-09-18,Wooster (OH),Home,Akron Hower Vocational (OH),66,0,0.1,1005,Margin (+66) is a 2.9-sigma outlier vs this team's usual margin (0.1 avg). | This opponent pairing is a one-off (not a recurring year-over-year matchup) -- more consistent with a one-time guarantee game than a conference rivalry.,The_Akron_Beacon_Journal_1948_09_18_Page_11.csv,,,
3,1929,1929-10-26,Hastings (NE),Home,Grand Island (NE),7,7,-1.5,909,"Opponent 'Grand Island (NE)' is ALSO a risk-listed college-town name -- may be a college-vs-college guarantee game misfiled as HS, or confirms both sides need a look. | Recurs across 62 different seasons vs this same opponent -- looks like a real, stable HS conference rivalry. | Pre-1930 season -- college/HS crossover games were common this early.",Lincoln_Journal_Star_1929_10_26_7.csv,,,
3,1929,1929-11-23,York (NE),Home,Kearney (NE),6,6,-0.5,821,"Opponent 'Kearney (NE)' is ALSO a risk-listed college-town name -- may be a college-vs-college guarantee game misfiled as HS, or confirms both sides need a look. | Recurs across 4 different seasons vs this same opponent -- looks like a real, stable HS conference rivalry. | Pre-1930 season -- college/HS crossover games were common this early.",Lincoln_Journal_Star_1929_11_23_7.csv,,,
3,1929,1929-10-05,Kearney (NE),Home,Broken Bow (NE),31,0,2.2,951,This opponent pairing is a one-off (not a recurring year-over-year matchup) -- more consistent with a one-time guarantee game than a conference rivalry. | Pre-1930 season -- college/HS crossover games were common this early.,Lincoln_Journal_Star_1929_10_05_7.csv,,,
3,1929,1929-09-28,Hastings (NE),Home,Harvard (NE),27,0,-1.5,909,This opponent pairing is a one-off (not a recurring year-over-year matchup) -- more consistent with a one-time guarantee game than a conference rivalry. | Pre-1930 season -- college/HS crossover games were common this early.,Lincoln_Journal_Star_1929_09_28_7.csv,,,
3,1948,1948-11-06,Kent (OH),Home,Tallmadge (OH),27,0,-16.7,23,Margin (+27) is a 1.9-sigma outlier vs this team's usual margin (-16.7 avg). | This opponent pairing is a one-off (not a recurring year-over-year matchup) -- more consistent with a one-time guarantee game than a conference rivalry.,The_Blade_1948_11_06_11.csv,,,
3,1943,1943-11-06,Wooster (OH),Home,Doylestown Chippewa (OH),42,7,0.1,1005,"Margin (+35) is a 1.5-sigma outlier vs this team's usual margin (0.1 avg). | 1930s/early-1940s season -- crossover games still happened, though less often than the 1920s.",The_Akron_Beacon_Journal_1943_11_06_Page_9.csv,,,
3,1921,1921-10-01,Hastings (NE),Home,Fairfield Sandy Creek (NE),12,7,-1.5,909,This opponent pairing is a one-off (not a recurring year-over-year matchup) -- more consistent with a one-time guarantee game than a conference rivalry. | Pre-1930 season -- college/HS crossover games were common this early.,Lincoln_Journal_Star_1921_10_01_3.csv,,,
3,1921,1921-10-08,Kearney (NE),Home,Central City (NE),7,0,2.2,951,This opponent pairing is a one-off (not a recurring year-over-year matchup) -- more consistent with a one-time guarantee game than a conference rivalry. | Pre-1930 season -- college/HS crossover games were common this early.,Lincoln_Journal_Star_1921_10_08_3.csv,,,
3,1929,1929-11-09,Albion (MI),Home,Hillsdale (MI),14,0,-4.1,550,"Opponent 'Hillsdale (MI)' is ALSO a risk-listed college-town name -- may be a college-vs-college guarantee game misfiled as HS, or confirms both sides need a look. | Recurs across 20 different seasons vs this same opponent -- looks like a real, stable HS conference rivalry. | Pre-1930 season -- college/HS crossover games were common this early.",The_Bay_City_Times_1929_11_09_6.csv,,,
3,1924,1924-11-23,Bluffton (OH),Visitor,Columbus Central (OH),12,13,3.2,714,This opponent pairing is a one-off (not a recurring year-over-year matchup) -- more consistent with a one-time guarantee game than a conference rivalry. | Pre-1930 season -- college/HS crossover games were common this early.,The_Plain_Dealer_1924_11_23_25.csv,,,
3,1938,1938-10-22,Huron (SD),Home,Flandreau Indian (SD),26,0,-4.9,908,"Margin (+26) is a 1.5-sigma outlier vs this team's usual margin (-4.9 avg). | 1930s/early-1940s season -- crossover games still happened, though less often than the 1920s.",Argus_Leader_1938_10_22_Page_3 (1).csv,,,
3,1926,1926-10-16,Huron (SD),Home,Onida (SD),6,0,-4.9,908,This opponent pairing is a one-off (not a recurring year-over-year matchup) -- more consistent with a one-time guarantee game than a conference rivalry. | Pre-1930 season -- college/HS crossover games were common this early.,Argus_Leader_1926_10_16_Page_9.csv,,,
3,1925,1925-09-26,Jamestown (ND),Home,Ellendale (ND),6,0,3.9,347,This opponent pairing is a one-off (not a recurring year-over-year matchup) -- more consistent with a one-time guarantee game than a conference rivalry. | Pre-1930 season -- college/HS crossover games were common this early.,Argus_Leader_1925_09_26_Page_9.csv,,,
3,1925,1925-09-28,Sioux Falls (SD),Home,Rock Rapids Central Lyon (IA),18,0,7.5,125,This opponent pairing is a one-off (not a recurring year-over-year matchup) -- more consistent with a one-time guarantee game than a conference rivalry. | Pre-1930 season -- college/HS crossover games were common this early.,Argus_Leader_1925_09_28_Page_9.csv,,,
3,1922,1922-10-16,Sioux Falls (SD),Home,Yankton (SD),20,0,7.5,125,"Opponent 'Yankton (SD)' is ALSO a risk-listed college-town name -- may be a college-vs-college guarantee game misfiled as HS, or confirms both sides need a look. | Recurs across 3 different seasons vs this same opponent -- looks like a real, stable HS conference rivalry. | Pre-1930 season -- college/HS crossover games were common this early.",Argus_Leader_1922_10_16_Page_9.csv,,,
3,1926,1926-10-24,Findlay (OH),Home,Bowling Green (OH),7,6,2.7,1201,"Opponent 'Bowling Green (OH)' is ALSO a risk-listed college-town name -- may be a college-vs-college guarantee game misfiled as HS, or confirms both sides need a look. | Recurs across 38 different seasons vs this same opponent -- looks like a real, stable HS conference rivalry. | Pre-1930 season -- college/HS crossover games were common this early.",The_Plain_Dealer_1926_10_24_28.csv,,,
3,1948,1948-09-18,Monmouth (IL),Home,Aledo (TX),53,0,-2.7,640,Margin (+53) is a 2.4-sigma outlier vs this team's usual margin (-2.7 avg). | This opponent pairing is a one-off (not a recurring year-over-year matchup) -- more consistent with a one-time guarantee game than a conference rivalry.,The_Times_1948_09_18_5.csv,,,
3,1922,1922-10-01,Yankton (SD),Visitor,Hawarden West Sioux (IA),6,21,8.4,975,This opponent pairing is a one-off (not a recurring year-over-year matchup) -- more consistent with a one-time guarantee game than a conference rivalry. | Pre-1930 season -- college/HS crossover games were common this early.,The_Des_Moines_Register_1922_10_01_Page_67 (1).csv,,,
3,1940,1940-10-05,Grinnell (IA),Visitor,Drake University (IA),7,20,1.7,1110,"Opponent 'Drake University (IA)' is ALREADY explicitly labeled a college/university -- a bare town-name team playing a confirmed college is very likely that same college's varsity/frosh, not the high school. | Recurs across 5 different seasons vs this same opponent -- looks like a real, stable HS conference rivalry. | 1930s/early-1940s season -- crossover games still happened, though less often than the 1920s.",The_Des_Moines_Register_1940_10_05_Page_7.csv,,,
3,1947,1947-10-11,Monmouth (IL),Home,Macomb (IL),45,0,-2.7,640,"Opponent 'Macomb (IL)' is ALSO a risk-listed college-town name -- may be a college-vs-college guarantee game misfiled as HS, or confirms both sides need a look. | Margin (+45) is a 2.0-sigma outlier vs this team's usual margin (-2.7 avg). | Recurs across 43 different seasons vs this same opponent -- looks like a real, stable HS conference rivalry.",The_Pantagraph_1947_10_11_Page_8.csv,,,
3,1941,1941-10-04,Grinnell (IA),Visitor,Drake University (IA),0,8,1.7,1110,"Opponent 'Drake University (IA)' is ALREADY explicitly labeled a college/university -- a bare town-name team playing a confirmed college is very likely that same college's varsity/frosh, not the high school. | Recurs across 5 different seasons vs this same opponent -- looks like a real, stable HS conference rivalry. | 1930s/early-1940s season -- crossover games still happened, though less often than the 1920s.",The_Des_Moines_Register_1941_10_04_Page_7.csv,,,
3,1922,1922-11-04,York (NE),Visitor,Kearney (NE),6,14,-0.5,821,"Opponent 'Kearney (NE)' is ALSO a risk-listed college-town name -- may be a college-vs-college guarantee game misfiled as HS, or confirms both sides need a look. | Recurs across 4 different seasons vs this same opponent -- looks like a real, stable HS conference rivalry. | Pre-1930 season -- college/HS crossover games were common this early.",Lincoln_Journal_Star_1922_11_04_5.csv,,,
3,1927,1927-11-12,York (NE),Visitor,Hastings (NE),6,7,-0.5,821,"Opponent 'Hastings (NE)' is ALSO a risk-listed college-town name -- may be a college-vs-college guarantee game misfiled as HS, or confirms both sides need a look. | Recurs across 40 different seasons vs this same opponent -- looks like a real, stable HS conference rivalry. | Pre-1930 season -- college/HS crossover games were common this early.",Lincoln_Journal_Star_1927_11_12_9.csv,,,
3,1927,1927-10-29,Hastings (NE),Visitor,Kearney (NE),7,13,-1.5,909,"Opponent 'Kearney (NE)' is ALSO a risk-listed college-town name -- may be a college-vs-college guarantee game misfiled as HS, or confirms both sides need a look. | Recurs across 45 different seasons vs this same opponent -- looks like a real, stable HS conference rivalry. | Pre-1930 season -- college/HS crossover games were common this early.",Lincoln_Journal_Star_1927_10_29_9.csv,,,
3,1926,1926-11-13,York (NE),Visitor,Hastings (NE),3,3,-0.5,821,"Opponent 'Hastings (NE)' is ALSO a risk-listed college-town name -- may be a college-vs-college guarantee game misfiled as HS, or confirms both sides need a look. | Recurs across 40 different seasons vs this same opponent -- looks like a real, stable HS conference rivalry. | Pre-1930 season -- college/HS crossover games were common this early.",Lincoln_Journal_Star_1926_11_13_4.csv,,,
3,1925,1925-10-24,Kearney (NE),Visitor,Hastings (NE),0,6,2.2,951,"Opponent 'Hastings (NE)' is ALSO a risk-listed college-town name -- may be a college-vs-college guarantee game misfiled as HS, or confirms both sides need a look. | Recurs across 45 different seasons vs this same opponent -- looks like a real, stable HS conference rivalry. | Pre-1930 season -- college/HS crossover games were common this early.",Lincoln_Journal_Star_1925_10_24_5.csv,,,
3,1924,1924-10-25,Hastings (NE),Visitor,Kearney (NE),7,14,-1.5,909,"Opponent 'Kearney (NE)' is ALSO a risk-listed college-town name -- may be a college-vs-college guarantee game misfiled as HS, or confirms both sides need a look. | Recurs across 45 different seasons vs this same opponent -- looks like a real, stable HS conference rivalry. | Pre-1930 season -- college/HS crossover games were common this early.",Lincoln_Journal_Star_1924_10_25_7.csv,,,
3,1948,1948-10-30,Grinnell (IA),Visitor,Cedar Rapids Wilson (IA),7,41,1.7,1110,Margin (-34) is a 1.6-sigma outlier vs this team's usual margin (1.7 avg). | This opponent pairing is a one-off (not a recurring year-over-year matchup) -- more consistent with a one-time guarantee game than a conference rivalry.,The_Des_Moines_Register_1948_10_30_Page_10.csv,,,
3,1929,1929-10-26,Grand Island (NE),Visitor,Hastings (NE),7,7,6.2,931,"Opponent 'Hastings (NE)' is ALSO a risk-listed college-town name -- may be a college-vs-college guarantee game misfiled as HS, or confirms both sides need a look. | Recurs across 62 different seasons vs this same opponent -- looks like a real, stable HS conference rivalry. | Pre-1930 season -- college/HS crossover games were common this early.",Lincoln_Journal_Star_1929_10_26_7.csv,,,
3,1929,1929-11-23,Kearney (NE),Visitor,York (NE),6,6,2.2,951,"Opponent 'York (NE)' is ALSO a risk-listed college-town name -- may be a college-vs-college guarantee game misfiled as HS, or confirms both sides need a look. | Recurs across 4 different seasons vs this same opponent -- looks like a real, stable HS conference rivalry. | Pre-1930 season -- college/HS crossover games were common this early.",Lincoln_Journal_Star_1929_11_23_7.csv,,,
3,1942,1942-10-24,Huron (SD),Home,Winner (SD),68,2,-4.9,908,"Margin (+66) is a 3.5-sigma outlier vs this team's usual margin (-4.9 avg). | 1930s/early-1940s season -- crossover games still happened, though less often than the 1920s.",Argus_Leader_1942_10_24_Page_3.csv,,,
3,1922,1922-10-16,Yankton (SD),Visitor,Sioux Falls (SD),0,20,8.4,975,"Opponent 'Sioux Falls (SD)' is ALSO a risk-listed college-town name -- may be a college-vs-college guarantee game misfiled as HS, or confirms both sides need a look. | Recurs across 3 different seasons vs this same opponent -- looks like a real, stable HS conference rivalry. | Pre-1930 season -- college/HS crossover games were common this early.",Argus_Leader_1922_10_16_Page_9.csv,,,
3,1927,1927-10-30,Bluffton (OH),Visitor,Defiance (OH),0,13,3.2,714,"Opponent 'Defiance (OH)' is ALSO a risk-listed college-town name -- may be a college-vs-college guarantee game misfiled as HS, or confirms both sides need a look. | Recurs across 3 different seasons vs this same opponent -- looks like a real, stable HS conference rivalry. | Pre-1930 season -- college/HS crossover games were common this early.",The_Plain_Dealer_1927_10_30_24.csv,,,
3,1954,1954-09-18,Hastings (NE),Home,Lincoln College View (NE),19,9,-1.5,909,"Opponent 'Lincoln College View (NE)' is ALREADY explicitly labeled a college/university -- a bare town-name team playing a confirmed college is very likely that same college's varsity/frosh, not the high school. | This opponent pairing is a one-off (not a recurring year-over-year matchup) -- more consistent with a one-time guarantee game than a conference rivalry. | 1950 or later -- college/HS crossover games had essentially stopped by this point, so this is most likely a genuine same-name high school, not a misfiled college game.",Omaha_World_Herald_1954_09_18_10.csv,,,
3,1921,1921-10-29,Grand Island (NE),Home,Hastings (NE),21,0,6.2,931,"Opponent 'Hastings (NE)' is ALSO a risk-listed college-town name -- may be a college-vs-college guarantee game misfiled as HS, or confirms both sides need a look. | Recurs across 62 different seasons vs this same opponent -- looks like a real, stable HS conference rivalry. | Pre-1930 season -- college/HS crossover games were common this early.",Omaha_World_Herald_1921_10_29_18 (1).csv,,,
3,1921,1921-09-24,Kearney (NE),Home,Shelton (NE),18,0,2.2,951,This opponent pairing is a one-off (not a recurring year-over-year matchup) -- more consistent with a one-time guarantee game than a conference rivalry. | Pre-1930 season -- college/HS crossover games were common this early.,Lincoln_Journal_Star_1921_09_24_3.csv,,,
3,1929,1929-10-18,Findlay (OH),Home,Columbus West (OH),25,6,2.7,1201,This opponent pairing is a one-off (not a recurring year-over-year matchup) -- more consistent with a one-time guarantee game than a conference rivalry. | Pre-1930 season -- college/HS crossover games were common this early.,https://www.classmates.com/siteui/yearbooks/53780?page=112,,,
3,1920,1920-10-08,Findlay (OH),Home,Defiance (OH),1,0,2.7,1201,"Opponent 'Defiance (OH)' is ALSO a risk-listed college-town name -- may be a college-vs-college guarantee game misfiled as HS, or confirms both sides need a look. | Recurs across 11 different seasons vs this same opponent -- looks like a real, stable HS conference rivalry. | Pre-1930 season -- college/HS crossover games were common this early.",https://www.classmates.com/siteui/yearbooks/72703?page=83,,,
3,1923,1923-10-26,Marietta (OH),Home,West Union Doddridge County (WV),7,6,-3.3,961,This opponent pairing is a one-off (not a recurring year-over-year matchup) -- more consistent with a one-time guarantee game than a conference rivalry. | Pre-1930 season -- college/HS crossover games were common this early.,http://fourseasonsfootball.com/va.html,,,
3,1926,1926-10-31,Bowling Green (OH),Home,Mount Pleasant (OH),13,0,-2.0,691,This opponent pairing is a one-off (not a recurring year-over-year matchup) -- more consistent with a one-time guarantee game than a conference rivalry. | Pre-1930 season -- college/HS crossover games were common this early.,The_Plain_Dealer_1926_10_31_28.csv,,,
3,1920,1920-09-10,Rochester (MN),Home,Winona (MN),34,0,5.8,272,"Opponent 'Winona (MN)' is ALSO a risk-listed college-town name -- may be a college-vs-college guarantee game misfiled as HS, or confirms both sides need a look. | Recurs across 31 different seasons vs this same opponent -- looks like a real, stable HS conference rivalry. | Pre-1930 season -- college/HS crossover games were common this early.",http://www.classmates.com/yearbooks/Winona-High-School/58110?page=46,,,
3,1925,1925-10-02,Austin (MN),Home,Faribault Shattuck-St. Mary's 2nds (MN),16,0,1.7,1094,This opponent pairing is a one-off (not a recurring year-over-year matchup) -- more consistent with a one-time guarantee game than a conference rivalry. | Pre-1930 season -- college/HS crossover games were common this early.,http://www.classmates.com/yearbooks/Austin-High-School/4182759212?page=130,,,
3,1921,1921-10-02,Danville (IL),Home,Villa Grove (IL),39,0,4.2,926,This opponent pairing is a one-off (not a recurring year-over-year matchup) -- more consistent with a one-time guarantee game than a conference rivalry. | Pre-1930 season -- college/HS crossover games were common this early.,Chicago_Tribune_1921_10_02_23.csv,,,
3,1920,1920-11-26,Findlay (OH),Home,Bowling Green (OH),13,6,2.7,1201,"Opponent 'Bowling Green (OH)' is ALSO a risk-listed college-town name -- may be a college-vs-college guarantee game misfiled as HS, or confirms both sides need a look. | Recurs across 38 different seasons vs this same opponent -- looks like a real, stable HS conference rivalry. | Pre-1930 season -- college/HS crossover games were common this early.",The_Plain_Dealer_1920_11_26_17.csv,,,
3,1929,1929-11-17,Joliet (IL),Home,Cedar Rapids Grant Voc (IA),21,0,-9.3,928,This opponent pairing is a one-off (not a recurring year-over-year matchup) -- more consistent with a one-time guarantee game than a conference rivalry. | Pre-1930 season -- college/HS crossover games were common this early.,The_Des_Moines_Register_1929_11_17_Page_5 (1).csv,,,
3,1928,1928-10-13,Alma (MI),Home,Mount Pleasant Indian Industrial Boarding School (MI),27,13,-1.0,641,This opponent pairing is a one-off (not a recurring year-over-year matchup) -- more consistent with a one-time guarantee game than a conference rivalry. | Pre-1930 season -- college/HS crossover games were common this early.,The_Bay_City_Times_1928_10_13_9.csv,,,
3,1929,1929-10-26,Albion (MI),Home,Lansing Eastern (MI),14,0,-4.1,550,This opponent pairing is a one-off (not a recurring year-over-year matchup) -- more consistent with a one-time guarantee game than a conference rivalry. | Pre-1930 season -- college/HS crossover games were common this early.,The_Bay_City_Times_1929_10_26_6.csv,,,
3,1929,1929-11-16,Adrian (MI),Home,Hillsdale (MI),25,0,0.9,877,"Opponent 'Hillsdale (MI)' is ALSO a risk-listed college-town name -- may be a college-vs-college guarantee game misfiled as HS, or confirms both sides need a look. | Recurs across 19 different seasons vs this same opponent -- looks like a real, stable HS conference rivalry. | Pre-1930 season -- college/HS crossover games were common this early.",The_Bay_City_Times_1929_11_16_6.csv,,,
3,1924,1924-10-12,Oberlin (OH),Home,Cleveland YMCA Prep (OH),12,0,-5.6,712,This opponent pairing is a one-off (not a recurring year-over-year matchup) -- more consistent with a one-time guarantee game than a conference rivalry. | Pre-1930 season -- college/HS crossover games were common this early.,The_Plain_Dealer_1924_10_12_41.csv,,,
3,1921,1921-11-05,Wayne (NE),Home,Western (NE),14,7,-2.3,595,This opponent pairing is a one-off (not a recurring year-over-year matchup) -- more consistent with a one-time guarantee game than a conference rivalry. | Pre-1930 season -- college/HS crossover games were common this early.,Lincoln_Journal_Star_1921_11_05_3.csv,,,
3,1927,1927-10-28,Minot (ND),Home,Bottineau Forest (ND),1,0,7.4,1098,This opponent pairing is a one-off (not a recurring year-over-year matchup) -- more consistent with a one-time guarantee game than a conference rivalry. | Pre-1930 season -- college/HS crossover games were common this early.,http://www.bhs.bismarckschools.org/bhs/bhsathletics/throwers/history-of-bismarck-high-football/,,,
3,1926,1926-10-24,Bowling Green (OH),Visitor,Findlay (OH),6,7,-2.0,691,"Opponent 'Findlay (OH)' is ALSO a risk-listed college-town name -- may be a college-vs-college guarantee game misfiled as HS, or confirms both sides need a look. | Recurs across 38 different seasons vs this same opponent -- looks like a real, stable HS conference rivalry. | Pre-1930 season -- college/HS crossover games were common this early.",The_Plain_Dealer_1926_10_24_28.csv,,,
3,1921,1921-09-30,Bluffton (OH),Visitor,Findlay (OH),0,21,3.2,714,"Opponent 'Findlay (OH)' is ALSO a risk-listed college-town name -- may be a college-vs-college guarantee game misfiled as HS, or confirms both sides need a look. | Recurs across 6 different seasons vs this same opponent -- looks like a real, stable HS conference rivalry. | Pre-1930 season -- college/HS crossover games were common this early.",https://www.classmates.com/siteui/yearbooks/233809?page=52,,,
3,1923,1923-11-24,York (NE),Visitor,Hastings (NE),13,13,-0.5,821,"Opponent 'Hastings (NE)' is ALSO a risk-listed college-town name -- may be a college-vs-college guarantee game misfiled as HS, or confirms both sides need a look. | Recurs across 40 different seasons vs this same opponent -- looks like a real, stable HS conference rivalry. | Pre-1930 season -- college/HS crossover games were common this early.",Lincoln_Journal_Star_1923_11_24_10.csv,,,
3,1923,1924-02-08,Kent (OH),Visitor,Cleveland Heights (OH),7,14,-16.7,23,This opponent pairing is a one-off (not a recurring year-over-year matchup) -- more consistent with a one-time guarantee game than a conference rivalry. | Pre-1930 season -- college/HS crossover games were common this early.,https://www.classmates.com/siteui/yearbooks/233795?page=33,,,
3,1922,1922-09-29,Normal (IL),Visitor,Lincoln (IL),0,0,20.8,4,This opponent pairing is a one-off (not a recurring year-over-year matchup) -- more consistent with a one-time guarantee game than a conference rivalry. | Pre-1930 season -- college/HS crossover games were common this early.,https://www.classmates.com/siteui/yearbooks/4182937769?page=84,,,
3,1922,1922-11-03,Monmouth (IL),Visitor,Macomb (IL),0,25,-2.7,640,"Opponent 'Macomb (IL)' is ALSO a risk-listed college-town name -- may be a college-vs-college guarantee game misfiled as HS, or confirms both sides need a look. | Recurs across 43 different seasons vs this same opponent -- looks like a real, stable HS conference rivalry. | Pre-1930 season -- college/HS crossover games were common this early.",https://www.classmates.com/siteui/yearbooks/4182838512?page=98,,,
3,1922,1922-09-29,Carthage (IL),Visitor,Macomb (IL),0,3,14.4,457,"Opponent 'Macomb (IL)' is ALSO a risk-listed college-town name -- may be a college-vs-college guarantee game misfiled as HS, or confirms both sides need a look. | Recurs across 6 different seasons vs this same opponent -- looks like a real, stable HS conference rivalry. | Pre-1930 season -- college/HS crossover games were common this early.",https://www.classmates.com/siteui/yearbooks/4182838512?page=98,,,
3,1922,1922-10-27,Monmouth (IL),Visitor,Macomb (IL),0,24,-2.7,640,"Opponent 'Macomb (IL)' is ALSO a risk-listed college-town name -- may be a college-vs-college guarantee game misfiled as HS, or confirms both sides need a look. | Recurs across 43 different seasons vs this same opponent -- looks like a real, stable HS conference rivalry. | Pre-1930 season -- college/HS crossover games were common this early.",https://www.classmates.com/siteui/yearbooks/61496?page=73#google_vignette,,,
3,1921,1921-10-22,Kearney (NE),Visitor,Hastings (NE),9,34,2.2,951,"Opponent 'Hastings (NE)' is ALSO a risk-listed college-town name -- may be a college-vs-college guarantee game misfiled as HS, or confirms both sides need a look. | Recurs across 45 different seasons vs this same opponent -- looks like a real, stable HS conference rivalry. | Pre-1930 season -- college/HS crossover games were common this early.",Lincoln_Journal_Star_1921_10_22_3.csv,,,
3,1941,1941-09-20,Marietta (OH),Home,Woodsfield (OH),43,0,-3.3,961,"Margin (+43) is a 2.0-sigma outlier vs this team's usual margin (-3.3 avg). | 1930s/early-1940s season -- crossover games still happened, though less often than the 1920s.",The_Zanesville_Signal_1941_09_20_6.csv,,,
3,1923,1923-10-27,Kearney (NE),Visitor,Hastings (NE),7,12,2.2,951,"Opponent 'Hastings (NE)' is ALSO a risk-listed college-town name -- may be a college-vs-college guarantee game misfiled as HS, or confirms both sides need a look. | Recurs across 45 different seasons vs this same opponent -- looks like a real, stable HS conference rivalry. | Pre-1930 season -- college/HS crossover games were common this early.",Lincoln_Journal_Star_1923_10_27_7.csv,,,
3,1923,1923-11-03,York (NE),Visitor,Grand Island (NE),0,0,-0.5,821,"Opponent 'Grand Island (NE)' is ALSO a risk-listed college-town name -- may be a college-vs-college guarantee game misfiled as HS, or confirms both sides need a look. | Recurs across 7 different seasons vs this same opponent -- looks like a real, stable HS conference rivalry. | Pre-1930 season -- college/HS crossover games were common this early.",Lincoln_Journal_Star_1923_11_03_7.csv,,,
3,1922,1922-11-18,Grand Island (NE),Visitor,York (NE),0,21,6.2,931,"Opponent 'York (NE)' is ALSO a risk-listed college-town name -- may be a college-vs-college guarantee game misfiled as HS, or confirms both sides need a look. | Recurs across 7 different seasons vs this same opponent -- looks like a real, stable HS conference rivalry. | Pre-1930 season -- college/HS crossover games were common this early.",Lincoln_Journal_Star_1922_11_18_5.csv,,,
3,1923,1923-10-21,Joliet (IL),Visitor,Chicago St. Cyril (IL),0,13,-9.3,928,This opponent pairing is a one-off (not a recurring year-over-year matchup) -- more consistent with a one-time guarantee game than a conference rivalry. | Pre-1930 season -- college/HS crossover games were common this early.,Chicago_Tribune_1923_10_21_24.csv,,,
3,1923,1923-10-21,Wheaton (IL),Visitor,Mooseheart Lightweights (IL),0,7,7.9,278,This opponent pairing is a one-off (not a recurring year-over-year matchup) -- more consistent with a one-time guarantee game than a conference rivalry. | Pre-1930 season -- college/HS crossover games were common this early.,Chicago_Tribune_1923_10_21_24.csv,,,
3,1922,1922-10-07,Normal (IL),Home,Lincoln Community (IA),0,0,20.8,4,This opponent pairing is a one-off (not a recurring year-over-year matchup) -- more consistent with a one-time guarantee game than a conference rivalry. | Pre-1930 season -- college/HS crossover games were common this early.,https://www.classmates.com/siteui/yearbooks/4182937769?page=84,,,
3,1924,1924-11-21,York (NE),Home,Grand Island (NE),6,0,-0.5,821,"Opponent 'Grand Island (NE)' is ALSO a risk-listed college-town name -- may be a college-vs-college guarantee game misfiled as HS, or confirms both sides need a look. | Recurs across 7 different seasons vs this same opponent -- looks like a real, stable HS conference rivalry. | Pre-1930 season -- college/HS crossover games were common this early.",https://www.classmates.com/siteui/yearbooks/65412?page=71,,,
2,1939,1939-10-21,Macomb (IL),Visitor,Monmouth (IL),0,2,1.2,729,"Opponent 'Monmouth (IL)' is ALSO a risk-listed college-town name -- may be a college-vs-college guarantee game misfiled as HS, or confirms both sides need a look. | Recurs across 43 different seasons vs this same opponent -- looks like a real, stable HS conference rivalry. | 1930s/early-1940s season -- crossover games still happened, though less often than the 1920s.",The_Pantagraph_1939_10_21_Page_8.csv,,,
2,1930,1930-11-02,Joliet (IL),Visitor,Cleveland St. Ignatius (OH),6,8,-9.3,928,"This opponent pairing is a one-off (not a recurring year-over-year matchup) -- more consistent with a one-time guarantee game than a conference rivalry. | 1930s/early-1940s season -- crossover games still happened, though less often than the 1920s.",The_Pantagraph_1930_11_02_Page_21.csv,,,
2,1926,1926-10-17,DeKalb (IL),Visitor,Rockford Central Lightswieigts (IL),0,0,-3.7,886,Pre-1930 season -- college/HS crossover games were common this early.,Chicago_Tribune_1926_10_17_34.csv,,,
2,1928,1928-11-04,Albion (MI),Visitor,Ionia (MI),6,26,-4.1,550,Pre-1930 season -- college/HS crossover games were common this early.,Chicago_Tribune_1928_11_04_36.csv,,,
2,1926,1926-10-10,Monmouth (IL),Visitor,Alexis United (IL),0,38,-2.7,640,"Margin (-38) is a 1.5-sigma outlier vs this team's usual margin (-2.7 avg). | Recurs across 3 different seasons vs this same opponent -- looks like a real, stable HS conference rivalry. | Pre-1930 season -- college/HS crossover games were common this early.",Chicago_Tribune_1926_10_10_32.csv,,,
2,1926,1926-10-10,Milton (WI),Visitor,Fort Atkinson (WI),0,59,7.0,758,"Margin (-59) is a 3.0-sigma outlier vs this team's usual margin (7.0 avg). | Recurs across 30 different seasons vs this same opponent -- looks like a real, stable HS conference rivalry. | Pre-1930 season -- college/HS crossover games were common this early.",Chicago_Tribune_1926_10_10_32.csv,,,
2,1923,1923-10-14,Joliet (IL),Visitor,Rockford Central Lightswieigts (IL),0,0,-9.3,928,Pre-1930 season -- college/HS crossover games were common this early.,Chicago_Tribune_1923_10_14_24.csv,,,
2,1926,1926-09-24,Minot (ND),Home,Harvey (ND),55,0,7.4,1098,"Margin (+55) is a 2.0-sigma outlier vs this team's usual margin (7.4 avg). | Recurs across 7 different seasons vs this same opponent -- looks like a real, stable HS conference rivalry. | Pre-1930 season -- college/HS crossover games were common this early.",https://www.classmates.com/siteui/yearbooks/94055?page=98,,,
2,1932,1932-10-15,Georgetown Scott County (KY),Visitor,Indianapolis Marshall (IN),0,7,4.9,1007,"This opponent pairing is a one-off (not a recurring year-over-year matchup) -- more consistent with a one-time guarantee game than a conference rivalry. | 1930s/early-1940s season -- crossover games still happened, though less often than the 1920s.",The_Courier_Journal_1932_10_15_Page_13.csv,,,
2,1936,1936-10-03,Valley City (ND),Home,Jamestown (ND),14,0,1.2,953,"Opponent 'Jamestown (ND)' is ALSO a risk-listed college-town name -- may be a college-vs-college guarantee game misfiled as HS, or confirms both sides need a look. | Recurs across 43 different seasons vs this same opponent -- looks like a real, stable HS conference rivalry. | 1930s/early-1940s season -- crossover games still happened, though less often than the 1920s.",The_Forum_1936_10_03_10.csv,,,
2,1944,1944-09-15,Whitewater (WI),Visitor,Milton (WI),0,21,-0.9,677,"Opponent 'Milton (WI)' is ALSO a risk-listed college-town name -- may be a college-vs-college guarantee game misfiled as HS, or confirms both sides need a look. | Recurs across 30 different seasons vs this same opponent -- looks like a real, stable HS conference rivalry. | 1930s/early-1940s season -- crossover games still happened, though less often than the 1920s.",https://www.classmates.com/siteui/yearbooks/1000244164?page=49,,,
2,1932,1932-10-07,Austin (MN),Visitor,Rochester (MN),0,0,1.7,1094,"Opponent 'Rochester (MN)' is ALSO a risk-listed college-town name -- may be a college-vs-college guarantee game misfiled as HS, or confirms both sides need a look. | Recurs across 45 different seasons vs this same opponent -- looks like a real, stable HS conference rivalry. | 1930s/early-1940s season -- crossover games still happened, though less often than the 1920s.",http://www.classmates.com/yearbooks/Austin-High-School/76615?page=88,,,
2,1931,1931-10-03,Moorhead (MN),Home,Valley City (ND),6,0,7.8,900,"Opponent 'Valley City (ND)' is ALSO a risk-listed college-town name -- may be a college-vs-college guarantee game misfiled as HS, or confirms both sides need a look. | Recurs across 18 different seasons vs this same opponent -- looks like a real, stable HS conference rivalry. | 1930s/early-1940s season -- crossover games still happened, though less often than the 1920s.",The_Forum_1931_10_03_11.csv,,,
2,1940,1940-11-08,Austin (MN),Home,Mankato (MN),7,0,1.7,1094,"Opponent 'Mankato (MN)' is ALSO a risk-listed college-town name -- may be a college-vs-college guarantee game misfiled as HS, or confirms both sides need a look. | Recurs across 32 different seasons vs this same opponent -- looks like a real, stable HS conference rivalry. | 1930s/early-1940s season -- crossover games still happened, though less often than the 1920s.",http://www.classmates.com/yearbooks/Austin-High-School/62262?page=86,,,
2,1931,1931-09-04,Ripon (WI),Home,Fort Atkinson (WI),6,0,-0.8,850,"This opponent pairing is a one-off (not a recurring year-over-year matchup) -- more consistent with a one-time guarantee game than a conference rivalry. | 1930s/early-1940s season -- crossover games still happened, though less often than the 1920s.",http://www.riponlibrary.org,,,
2,1943,1943-09-10,Alma (MI),Home,Cadillac (MI),27,6,-1.0,641,"This opponent pairing is a one-off (not a recurring year-over-year matchup) -- more consistent with a one-time guarantee game than a conference rivalry. | 1930s/early-1940s season -- crossover games still happened, though less often than the 1920s.",http://www.classmates.com/yearbooks/Alma-High-School/129569?page=48,,,
2,1944,1944-10-13,Dickinson (ND),Home,Minot (ND),0,0,-0.9,982,"Opponent 'Minot (ND)' is ALSO a risk-listed college-town name -- may be a college-vs-college guarantee game misfiled as HS, or confirms both sides need a look. | Recurs across 74 different seasons vs this same opponent -- looks like a real, stable HS conference rivalry. | 1930s/early-1940s season -- crossover games still happened, though less often than the 1920s.",http://www.bhs.bismarckschools.org/bhs/bhsathletics/throwers/history-of-bismarck-high-football/,,,
2,1925,1925-10-09,Minot (ND),Home,Bowbells (ND),86,0,7.4,1098,"Margin (+86) is a 3.4-sigma outlier vs this team's usual margin (7.4 avg). | Recurs across 4 different seasons vs this same opponent -- looks like a real, stable HS conference rivalry. | Pre-1930 season -- college/HS crossover games were common this early.",https://www.classmates.com/siteui/yearbooks/94214?page=83,,,
2,1920,1920-10-24,Wheaton (IL),Home,Downers Grove (IL),51,0,7.9,278,"Margin (+51) is a 1.8-sigma outlier vs this team's usual margin (7.9 avg). | Recurs across 8 different seasons vs this same opponent -- looks like a real, stable HS conference rivalry. | Pre-1930 season -- college/HS crossover games were common this early.",Chicago_Tribune_1920_10_24_19 (1).csv,,,
2,1935,1935-09-20,Rochester (MN),Visitor,Austin (MN),0,7,5.8,272,"Opponent 'Austin (MN)' is ALSO a risk-listed college-town name -- may be a college-vs-college guarantee game misfiled as HS, or confirms both sides need a look. | Recurs across 45 different seasons vs this same opponent -- looks like a real, stable HS conference rivalry. | 1930s/early-1940s season -- crossover games still happened, though less often than the 1920s.",http://www.classmates.com/yearbooks/Austin-High-School/62106?page=86,,,
2,1936,1936-10-09,Adrian (MI),Visitor,Albion (MI),0,13,0.9,877,"Opponent 'Albion (MI)' is ALSO a risk-listed college-town name -- may be a college-vs-college guarantee game misfiled as HS, or confirms both sides need a look. | Recurs across 22 different seasons vs this same opponent -- looks like a real, stable HS conference rivalry. | 1930s/early-1940s season -- crossover games still happened, though less often than the 1920s.",https://www.newspapers.com/image/97527690,,,
2,1926,1926-11-05,Hillsdale (MI),Visitor,Ann Arbor Pioneer (MI),0,20,-1.6,695,Pre-1930 season -- college/HS crossover games were common this early.,http://www.classmates.com/yearbooks/Ann-Arbor-High-School/87979?page=140,,,
2,1944,1944-11-11,Pikeville (KY),Visitor,Soddy-Daisy (TN),14,25,12.2,1276,"This opponent pairing is a one-off (not a recurring year-over-year matchup) -- more consistent with a one-time guarantee game than a conference rivalry. | 1930s/early-1940s season -- crossover games still happened, though less often than the 1920s.",The_Knoxville_News_Sentinel_1944_11_11_5.csv,,,
2,1937,1937-11-06,Valley City (ND),Visitor,Jamestown (ND),0,0,1.2,953,"Opponent 'Jamestown (ND)' is ALSO a risk-listed college-town name -- may be a college-vs-college guarantee game misfiled as HS, or confirms both sides need a look. | Recurs across 43 different seasons vs this same opponent -- looks like a real, stable HS conference rivalry. | 1930s/early-1940s season -- crossover games still happened, though less often than the 1920s.",The_Forum_1937_11_06_11.csv,,,
2,1943,1943-10-16,Wahpeton (ND),Visitor,Moorhead (MN),7,31,-2.7,888,"Opponent 'Moorhead (MN)' is ALSO a risk-listed college-town name -- may be a college-vs-college guarantee game misfiled as HS, or confirms both sides need a look. | Recurs across 22 different seasons vs this same opponent -- looks like a real, stable HS conference rivalry. | 1930s/early-1940s season -- crossover games still happened, though less often than the 1920s.",The_Forum_1943_10_16_6.csv,,,
2,1928,1928-11-09,Moorhead (MN),Home,Aberdeen Central (SD),3,0,7.8,900,Pre-1930 season -- college/HS crossover games were common this early.,http://www.classmates.com/yearbooks/Central-High-School/4182712973?page=132,,,
2,1922,1922-11-10,Kearney (NE),Home,Holdrege (NE),57,6,2.2,951,"Margin (+51) is a 2.3-sigma outlier vs this team's usual margin (2.2 avg). | Recurs across 43 different seasons vs this same opponent -- looks like a real, stable HS conference rivalry. | Pre-1930 season -- college/HS crossover games were common this early.",http://www.classmates.com/yearbooks/Kearney-High-School/65666?page=46,,,
2,1927,1927-09-30,Findlay (OH),Home,Maumee (OH),31,12,2.7,1201,Pre-1930 season -- college/HS crossover games were common this early.,https://www.classmates.com/siteui/yearbooks/53960?page=106,,,
2,1924,1924-10-18,York (NE),Visitor,Fremont (NE),1,13,-0.5,821,Pre-1930 season -- college/HS crossover games were common this early.,Lincoln_Journal_Star_1924_10_18_7.csv,,,
2,1924,1924-10-25,Grand Island (NE),Visitor,Central City (NE),7,20,6.2,931,Pre-1930 season -- college/HS crossover games were common this early.,Lincoln_Journal_Star_1924_10_25_7.csv,,,
2,1924,1924-10-04,Chadron (NE),Visitor,Alliance (NE),0,37,8.0,742,"Margin (-37) is a 2.0-sigma outlier vs this team's usual margin (8.0 avg). | Recurs across 71 different seasons vs this same opponent -- looks like a real, stable HS conference rivalry. | Pre-1930 season -- college/HS crossover games were common this early.",Lincoln_Journal_Star_1924_10_04_4.csv,,,
2,1926,1926-10-09,Hastings (NE),Visitor,Lincoln (NE),0,37,-1.5,909,"Margin (-37) is a 1.6-sigma outlier vs this team's usual margin (-1.5 avg). | Recurs across 20 different seasons vs this same opponent -- looks like a real, stable HS conference rivalry. | Pre-1930 season -- college/HS crossover games were common this early.",Lincoln_Journal_Star_1926_10_09_7.csv,,,
2,1926,1926-11-20,Kearney (NE),Visitor,Gothenburg (NE),0,34,2.2,951,"Margin (-34) is a 1.7-sigma outlier vs this team's usual margin (2.2 avg). | Recurs across 24 different seasons vs this same opponent -- looks like a real, stable HS conference rivalry. | Pre-1930 season -- college/HS crossover games were common this early.",Lincoln_Journal_Star_1926_11_20_7.csv,,,
2,1926,1926-11-27,Hastings (NE),Visitor,Beatrice (NE),0,41,-1.5,909,"Margin (-41) is a 1.8-sigma outlier vs this team's usual margin (-1.5 avg). | Recurs across 55 different seasons vs this same opponent -- looks like a real, stable HS conference rivalry. | Pre-1930 season -- college/HS crossover games were common this early.",Lincoln_Journal_Star_1926_11_27_7.csv,,,
2,1927,1927-10-29,Wayne (NE),Visitor,Stanton (NE),0,45,-2.3,595,"Margin (-45) is a 1.8-sigma outlier vs this team's usual margin (-2.3 avg). | Recurs across 14 different seasons vs this same opponent -- looks like a real, stable HS conference rivalry. | Pre-1930 season -- college/HS crossover games were common this early.",Lincoln_Journal_Star_1927_10_29_9.csv,,,
2,1928,1928-10-06,Wayne (NE),Visitor,Stanton (NE),0,88,-2.3,595,"Margin (-88) is a 3.6-sigma outlier vs this team's usual margin (-2.3 avg). | Recurs across 14 different seasons vs this same opponent -- looks like a real, stable HS conference rivalry. | Pre-1930 season -- college/HS crossover games were common this early.",Lincoln_Journal_Star_1928_10_06_7.csv,,,
2,1934,1934-11-03,Adrian (MI),Home,Albion (MI),19,6,0.9,877,"Opponent 'Albion (MI)' is ALSO a risk-listed college-town name -- may be a college-vs-college guarantee game misfiled as HS, or confirms both sides need a look. | Recurs across 22 different seasons vs this same opponent -- looks like a real, stable HS conference rivalry. | 1930s/early-1940s season -- crossover games still happened, though less often than the 1920s.",The_Bay_City_Times_1934_11_03_6.csv,,,
2,1933,1933-11-18,Hillsdale (MI),Home,Adrian (MI),6,6,-1.6,695,"Opponent 'Adrian (MI)' is ALSO a risk-listed college-town name -- may be a college-vs-college guarantee game misfiled as HS, or confirms both sides need a look. | Recurs across 19 different seasons vs this same opponent -- looks like a real, stable HS conference rivalry. | 1930s/early-1940s season -- crossover games still happened, though less often than the 1920s.",The_Bay_City_Times_1933_11_18_5.csv,,,
2,1938,1938-10-22,Adrian (MI),Home,Hillsdale (MI),14,14,0.9,877,"Opponent 'Hillsdale (MI)' is ALSO a risk-listed college-town name -- may be a college-vs-college guarantee game misfiled as HS, or confirms both sides need a look. | Recurs across 19 different seasons vs this same opponent -- looks like a real, stable HS conference rivalry. | 1930s/early-1940s season -- crossover games still happened, though less often than the 1920s.",The_Bay_City_Times_1938_10_22_8.csv,,,
2,1938,1938-10-15,Albion (MI),Home,Adrian (MI),12,7,-4.1,550,"Opponent 'Adrian (MI)' is ALSO a risk-listed college-town name -- may be a college-vs-college guarantee game misfiled as HS, or confirms both sides need a look. | Recurs across 22 different seasons vs this same opponent -- looks like a real, stable HS conference rivalry. | 1930s/early-1940s season -- crossover games still happened, though less often than the 1920s.",The_Bay_City_Times_1938_10_15_7.csv,,,
2,1936,1936-10-31,Adrian (MI),Home,Adrian St. Mary's (MI),16,0,0.9,877,"This opponent pairing is a one-off (not a recurring year-over-year matchup) -- more consistent with a one-time guarantee game than a conference rivalry. | 1930s/early-1940s season -- crossover games still happened, though less often than the 1920s.",The_Bay_City_Times_1936_10_31_7.csv,,,
2,1929,1929-10-05,Hastings (NE),Visitor,Lincoln (NE),0,45,-1.5,909,"Margin (-45) is a 2.0-sigma outlier vs this team's usual margin (-1.5 avg). | Recurs across 20 different seasons vs this same opponent -- looks like a real, stable HS conference rivalry. | Pre-1930 season -- college/HS crossover games were common this early.",Lincoln_Journal_Star_1929_10_05_7.csv,,,
2,1936,1936-10-10,Hastings (NE),Visitor,Grand Island (NE),0,6,-1.5,909,"Opponent 'Grand Island (NE)' is ALSO a risk-listed college-town name -- may be a college-vs-college guarantee game misfiled as HS, or confirms both sides need a look. | Recurs across 62 different seasons vs this same opponent -- looks like a real, stable HS conference rivalry. | 1930s/early-1940s season -- crossover games still happened, though less often than the 1920s.",Lincoln_Journal_Star_1936_10_10_7.csv,,,
2,1936,1936-11-07,Hastings (NE),Visitor,York (NE),0,6,-1.5,909,"Opponent 'York (NE)' is ALSO a risk-listed college-town name -- may be a college-vs-college guarantee game misfiled as HS, or confirms both sides need a look. | Recurs across 40 different seasons vs this same opponent -- looks like a real, stable HS conference rivalry. | 1930s/early-1940s season -- crossover games still happened, though less often than the 1920s.",Lincoln_Journal_Star_1936_11_07_13.csv,,,
2,1928,1928-10-20,Albion (MI),Home,Charlotte (MI),12,7,-4.1,550,Pre-1930 season -- college/HS crossover games were common this early.,The_Bay_City_Times_1928_10_20_6.csv,,,
2,1932,1932-10-15,Hillsdale (MI),Home,Albion (MI),19,6,-1.6,695,"Opponent 'Albion (MI)' is ALSO a risk-listed college-town name -- may be a college-vs-college guarantee game misfiled as HS, or confirms both sides need a look. | Recurs across 20 different seasons vs this same opponent -- looks like a real, stable HS conference rivalry. | 1930s/early-1940s season -- crossover games still happened, though less often than the 1920s.",The_Bay_City_Times_1932_10_15_5.csv,,,
2,1932,1932-09-24,Adrian (MI),Home,Brookfield (MI),13,0,0.9,877,"This opponent pairing is a one-off (not a recurring year-over-year matchup) -- more consistent with a one-time guarantee game than a conference rivalry. | 1930s/early-1940s season -- crossover games still happened, though less often than the 1920s.",The_Bay_City_Times_1932_09_24_5.csv,,,
2,1931,1931-10-24,Albion (MI),Home,Hudson (MI),12,6,-4.1,550,"This opponent pairing is a one-off (not a recurring year-over-year matchup) -- more consistent with a one-time guarantee game than a conference rivalry. | 1930s/early-1940s season -- crossover games still happened, though less often than the 1920s.",The_Bay_City_Times_1931_10_24_5.csv,,,
2,1939,1939-09-23,Murray Calloway County (KY),Home,McKenzie (TN),13,7,-5.1,603,"This opponent pairing is a one-off (not a recurring year-over-year matchup) -- more consistent with a one-time guarantee game than a conference rivalry. | 1930s/early-1940s season -- crossover games still happened, though less often than the 1920s.",Lexington_Herald_Leader_1939_09_23_6.csv,,,
2,1921,1921-09-25,Oberlin (OH),Home,Rocky River (OH),41,0,-5.6,712,"Margin (+41) is a 1.9-sigma outlier vs this team's usual margin (-5.6 avg). | Recurs across 14 different seasons vs this same opponent -- looks like a real, stable HS conference rivalry. | Pre-1930 season -- college/HS crossover games were common this early.",The_Plain_Dealer_1921_09_25_23.csv,,,
2,1925,1925-11-07,Huron (SD),Home,Groton (SD),6,0,-4.9,908,Pre-1930 season -- college/HS crossover games were common this early.,Argus_Leader_1925_11_07_Page_9 (1).csv,,,
2,1939,1939-09-30,Murray Calloway County (KY),Home,Dawson Springs (KY),14,6,-5.1,603,"This opponent pairing is a one-off (not a recurring year-over-year matchup) -- more consistent with a one-time guarantee game than a conference rivalry. | 1930s/early-1940s season -- crossover games still happened, though less often than the 1920s.",Lexington_Herald_Leader_1939_09_30_6.csv,,,
2,1940,1940-10-12,Wooster (OH),Home,Ashland (OH),13,0,0.1,1005,"Opponent 'Ashland (OH)' is ALSO a risk-listed college-town name -- may be a college-vs-college guarantee game misfiled as HS, or confirms both sides need a look. | Recurs across 59 different seasons vs this same opponent -- looks like a real, stable HS conference rivalry. | 1930s/early-1940s season -- crossover games still happened, though less often than the 1920s.",The_Akron_Beacon_Journal_1940_10_12_Page_11.csv,,,
2,1939,1939-10-28,Hillsdale (MI),Home,Grand Ledge (MI),27,0,-1.6,695,"This opponent pairing is a one-off (not a recurring year-over-year matchup) -- more consistent with a one-time guarantee game than a conference rivalry. | 1930s/early-1940s season -- crossover games still happened, though less often than the 1920s.",The_Bay_City_Times_1939_10_28_7.csv,,,
2,1931,1931-11-14,York (NE),Visitor,Hastings (NE),0,9,-0.5,821,"Opponent 'Hastings (NE)' is ALSO a risk-listed college-town name -- may be a college-vs-college guarantee game misfiled as HS, or confirms both sides need a look. | Recurs across 40 different seasons vs this same opponent -- looks like a real, stable HS conference rivalry. | 1930s/early-1940s season -- crossover games still happened, though less often than the 1920s.",Lincoln_Journal_Star_1931_11_14_7.csv,,,
2,1932,1932-11-19,York (NE),Visitor,Genoa Indian (NE),0,0,-0.5,821,"This opponent pairing is a one-off (not a recurring year-over-year matchup) -- more consistent with a one-time guarantee game than a conference rivalry. | 1930s/early-1940s season -- crossover games still happened, though less often than the 1920s.",Lincoln_Journal_Star_1932_11_19_7.csv,,,
2,1932,1932-11-12,York (NE),Visitor,Hastings (NE),0,19,-0.5,821,"Opponent 'Hastings (NE)' is ALSO a risk-listed college-town name -- may be a college-vs-college guarantee game misfiled as HS, or confirms both sides need a look. | Recurs across 40 different seasons vs this same opponent -- looks like a real, stable HS conference rivalry. | 1930s/early-1940s season -- crossover games still happened, though less often than the 1920s.",Lincoln_Journal_Star_1932_11_12_9.csv,,,
2,1933,1933-11-11,York (NE),Visitor,Hastings (NE),0,6,-0.5,821,"Opponent 'Hastings (NE)' is ALSO a risk-listed college-town name -- may be a college-vs-college guarantee game misfiled as HS, or confirms both sides need a look. | Recurs across 40 different seasons vs this same opponent -- looks like a real, stable HS conference rivalry. | 1930s/early-1940s season -- crossover games still happened, though less often than the 1920s.",Lincoln_Journal_Star_1933_11_11_13.csv,,,
2,1930,1930-10-19,Alma (MI),Home,Hope (MI),21,6,-1.0,641,"This opponent pairing is a one-off (not a recurring year-over-year matchup) -- more consistent with a one-time guarantee game than a conference rivalry. | 1930s/early-1940s season -- crossover games still happened, though less often than the 1920s.",The_Bay_City_Times_1930_10_19_13.csv,,,
2,1935,1935-10-06,Albion (MI),Home,Hillsdale (MI),19,7,-4.1,550,"Opponent 'Hillsdale (MI)' is ALSO a risk-listed college-town name -- may be a college-vs-college guarantee game misfiled as HS, or confirms both sides need a look. | Recurs across 20 different seasons vs this same opponent -- looks like a real, stable HS conference rivalry. | 1930s/early-1940s season -- crossover games still happened, though less often than the 1920s.",The_Bay_City_Times_1935_10_06_11.csv,,,
2,1943,1943-10-23,Wooster (OH),Home,Ashland (OH),27,0,0.1,1005,"Opponent 'Ashland (OH)' is ALSO a risk-listed college-town name -- may be a college-vs-college guarantee game misfiled as HS, or confirms both sides need a look. | Recurs across 59 different seasons vs this same opponent -- looks like a real, stable HS conference rivalry. | 1930s/early-1940s season -- crossover games still happened, though less often than the 1920s.",The_Akron_Beacon_Journal_1943_10_23_Page_9.csv,,,
2,1942,1942-10-24,Ashland (OH),Home,Wooster (OH),7,7,1.4,651,"Opponent 'Wooster (OH)' is ALSO a risk-listed college-town name -- may be a college-vs-college guarantee game misfiled as HS, or confirms both sides need a look. | Recurs across 59 different seasons vs this same opponent -- looks like a real, stable HS conference rivalry. | 1930s/early-1940s season -- crossover games still happened, though less often than the 1920s.",The_Akron_Beacon_Journal_1942_10_24_Page_10.csv,,,
2,1933,1933-10-14,Hastings (NE),Visitor,Grand Island (NE),7,12,-1.5,909,"Opponent 'Grand Island (NE)' is ALSO a risk-listed college-town name -- may be a college-vs-college guarantee game misfiled as HS, or confirms both sides need a look. | Recurs across 62 different seasons vs this same opponent -- looks like a real, stable HS conference rivalry. | 1930s/early-1940s season -- crossover games still happened, though less often than the 1920s.",Lincoln_Journal_Star_1933_10_14_11.csv,,,
2,1934,1934-10-27,Hastings (NE),Visitor,Kearney (NE),7,16,-1.5,909,"Opponent 'Kearney (NE)' is ALSO a risk-listed college-town name -- may be a college-vs-college guarantee game misfiled as HS, or confirms both sides need a look. | Recurs across 45 different seasons vs this same opponent -- looks like a real, stable HS conference rivalry. | 1930s/early-1940s season -- crossover games still happened, though less often than the 1920s.",Lincoln_Journal_Star_1934_10_27_5.csv,,,
2,1934,1934-11-10,York (NE),Visitor,Hastings (NE),0,0,-0.5,821,"Opponent 'Hastings (NE)' is ALSO a risk-listed college-town name -- may be a college-vs-college guarantee game misfiled as HS, or confirms both sides need a look. | Recurs across 40 different seasons vs this same opponent -- looks like a real, stable HS conference rivalry. | 1930s/early-1940s season -- crossover games still happened, though less often than the 1920s.",Lincoln_Journal_Star_1934_11_10_5.csv,,,
2,1935,1935-10-05,Hastings (NE),Visitor,Grand Island (NE),13,14,-1.5,909,"Opponent 'Grand Island (NE)' is ALSO a risk-listed college-town name -- may be a college-vs-college guarantee game misfiled as HS, or confirms both sides need a look. | Recurs across 62 different seasons vs this same opponent -- looks like a real, stable HS conference rivalry. | 1930s/early-1940s season -- crossover games still happened, though less often than the 1920s.",Lincoln_Journal_Star_1935_10_05_5.csv,,,
2,1935,1935-11-09,York (NE),Visitor,Hastings (NE),0,18,-0.5,821,"Opponent 'Hastings (NE)' is ALSO a risk-listed college-town name -- may be a college-vs-college guarantee game misfiled as HS, or confirms both sides need a look. | Recurs across 40 different seasons vs this same opponent -- looks like a real, stable HS conference rivalry. | 1930s/early-1940s season -- crossover games still happened, though less often than the 1920s.",Lincoln_Journal_Star_1935_11_09_5.csv,,,
2,1940,1940-09-21,Findlay (OH),Home,Defiance (OH),26,0,2.7,1201,"Opponent 'Defiance (OH)' is ALSO a risk-listed college-town name -- may be a college-vs-college guarantee game misfiled as HS, or confirms both sides need a look. | Recurs across 11 different seasons vs this same opponent -- looks like a real, stable HS conference rivalry. | 1930s/early-1940s season -- crossover games still happened, though less often than the 1920s.",The_Akron_Beacon_Journal_1940_09_21_Page_10.csv,,,
2,1938,1938-10-01,Oshkosh (WI),Home,Milwaukee Rufus King (WI),23,12,4.9,268,"This opponent pairing is a one-off (not a recurring year-over-year matchup) -- more consistent with a one-time guarantee game than a conference rivalry. | 1930s/early-1940s season -- crossover games still happened, though less often than the 1920s.",Milwaukee_News_1938_10_01_9.csv,,,
2,1942,1942-10-03,Albion (MI),Home,Adrian (MI),6,0,-4.1,550,"Opponent 'Adrian (MI)' is ALSO a risk-listed college-town name -- may be a college-vs-college guarantee game misfiled as HS, or confirms both sides need a look. | Recurs across 22 different seasons vs this same opponent -- looks like a real, stable HS conference rivalry. | 1930s/early-1940s season -- crossover games still happened, though less often than the 1920s.",The_Bay_City_Times_1942_10_03_9.csv,,,
2,1937,1937-09-18,Oshkosh (WI),Home,Milwaukee Boys Tech (WI),7,0,4.9,268,"This opponent pairing is a one-off (not a recurring year-over-year matchup) -- more consistent with a one-time guarantee game than a conference rivalry. | 1930s/early-1940s season -- crossover games still happened, though less often than the 1920s.",Milwaukee_News_1937_09_18_7.csv,,,
2,1934,1934-11-11,Hillsdale (MI),Home,Vicksburg (MI),19,0,-1.6,695,"This opponent pairing is a one-off (not a recurring year-over-year matchup) -- more consistent with a one-time guarantee game than a conference rivalry. | 1930s/early-1940s season -- crossover games still happened, though less often than the 1920s.",The_Bay_City_Times_1934_11_11_11.csv,,,
2,1939,1939-09-23,Whitewater (WI),Home,Milton (WI),18,12,-0.9,677,"Opponent 'Milton (WI)' is ALSO a risk-listed college-town name -- may be a college-vs-college guarantee game misfiled as HS, or confirms both sides need a look. | Recurs across 30 different seasons vs this same opponent -- looks like a real, stable HS conference rivalry. | 1930s/early-1940s season -- crossover games still happened, though less often than the 1920s.",Wisconsin_State_Journal_1939_09_23_7.csv,,,
2,1921,1921-10-23,Marietta (OH),Home,Caldwell (OH),26,0,-3.3,961,Pre-1930 season -- college/HS crossover games were common this early.,The_Plain_Dealer_1921_10_23_21 (1).csv,,,
2,1951,1951-09-29,Bluffton (OH),Home,University of Findlay (OH),12,3,3.2,714,"Opponent 'University of Findlay (OH)' is ALREADY explicitly labeled a college/university -- a bare town-name team playing a confirmed college is very likely that same college's varsity/frosh, not the high school. | 1950 or later -- college/HS crossover games had essentially stopped by this point, so this is most likely a genuine same-name high school, not a misfiled college game.",The_Des_Moines_Register_1951_09_29_Page_10.csv,,,
2,1929,1929-10-12,Alma (MI),Home,Mount Pleasant (MI),49,0,-1.0,641,"Margin (+49) is a 2.3-sigma outlier vs this team's usual margin (-1.0 avg). | Recurs across 69 different seasons vs this same opponent -- looks like a real, stable HS conference rivalry. | Pre-1930 season -- college/HS crossover games were common this early.",The_Bay_City_Times_1929_10_12_6.csv,,,
2,1923,1923-10-07,Macomb (IL),Visitor,Moline (IL),1,40,1.2,729,"Margin (-39) is a 1.7-sigma outlier vs this team's usual margin (1.2 avg). | Recurs across 3 different seasons vs this same opponent -- looks like a real, stable HS conference rivalry. | Pre-1930 season -- college/HS crossover games were common this early.",The_Des_Moines_Register_1923_10_07_Page_21.csv,,,
2,1923,1923-10-20,Monmouth (IL),Visitor,Burlington (IA),0,51,-2.7,640,"Margin (-51) is a 2.1-sigma outlier vs this team's usual margin (-2.7 avg). | Recurs across 5 different seasons vs this same opponent -- looks like a real, stable HS conference rivalry. | Pre-1930 season -- college/HS crossover games were common this early.",The_Des_Moines_Register_1923_10_20_Page_4 (1).csv,,,
2,1940,1940-11-23,Wheaton (IL),Home,Arlington Heights (IL),38,30,7.9,278,"This opponent pairing is a one-off (not a recurring year-over-year matchup) -- more consistent with a one-time guarantee game than a conference rivalry. | 1930s/early-1940s season -- crossover games still happened, though less often than the 1920s.",Chicago_Tribune_1940_11_23_17.csv,,,
2,1943,1943-09-25,Eureka (IL),Home,Farmer City Blue Ridge (IL),19,7,1.1,682,"This opponent pairing is a one-off (not a recurring year-over-year matchup) -- more consistent with a one-time guarantee game than a conference rivalry. | 1930s/early-1940s season -- crossover games still happened, though less often than the 1920s.",The_Dispatch_1943_09_25_10.csv,,,
2,1943,1943-09-25,Monmouth (IL),Home,Macomb (IL),12,6,-2.7,640,"Opponent 'Macomb (IL)' is ALSO a risk-listed college-town name -- may be a college-vs-college guarantee game misfiled as HS, or confirms both sides need a look. | Recurs across 43 different seasons vs this same opponent -- looks like a real, stable HS conference rivalry. | 1930s/early-1940s season -- crossover games still happened, though less often than the 1920s.",The_Dispatch_1943_09_25_10.csv,,,
2,1942,1942-10-24,Danville (IL),Home,Terre Haute Wiley (IN),19,7,4.2,926,"This opponent pairing is a one-off (not a recurring year-over-year matchup) -- more consistent with a one-time guarantee game than a conference rivalry. | 1930s/early-1940s season -- crossover games still happened, though less often than the 1920s.",The_Dispatch_1942_10_24_14.csv,,,
2,1942,1942-09-19,DeKalb (IL),Home,Rochelle (TX),20,6,-3.7,886,"This opponent pairing is a one-off (not a recurring year-over-year matchup) -- more consistent with a one-time guarantee game than a conference rivalry. | 1930s/early-1940s season -- crossover games still happened, though less often than the 1920s.",The_Dispatch_1942_09_19_15.csv,,,
2,1942,1942-09-19,Wheaton (IL),Home,Elgin York (IL),13,2,7.9,278,"This opponent pairing is a one-off (not a recurring year-over-year matchup) -- more consistent with a one-time guarantee game than a conference rivalry. | 1930s/early-1940s season -- crossover games still happened, though less often than the 1920s.",The_Dispatch_1942_09_19_15.csv,,,
2,1939,1939-10-21,Kearney (NE),Visitor,Grand Island (NE),0,19,2.2,951,"Opponent 'Grand Island (NE)' is ALSO a risk-listed college-town name -- may be a college-vs-college guarantee game misfiled as HS, or confirms both sides need a look. | Recurs across 77 different seasons vs this same opponent -- looks like a real, stable HS conference rivalry. | 1930s/early-1940s season -- crossover games still happened, though less often than the 1920s.",Lincoln_Journal_Star_1939_10_21_9.csv,,,
2,1939,1939-11-11,Hastings (NE),Visitor,York (NE),7,19,-1.5,909,"Opponent 'York (NE)' is ALSO a risk-listed college-town name -- may be a college-vs-college guarantee game misfiled as HS, or confirms both sides need a look. | Recurs across 40 different seasons vs this same opponent -- looks like a real, stable HS conference rivalry. | 1930s/early-1940s season -- crossover games still happened, though less often than the 1920s.",Lincoln_Journal_Star_1939_11_11_11.csv,,,
2,1939,1939-11-04,Kearney (NE),Visitor,Hastings (NE),0,13,2.2,951,"Opponent 'Hastings (NE)' is ALSO a risk-listed college-town name -- may be a college-vs-college guarantee game misfiled as HS, or confirms both sides need a look. | Recurs across 45 different seasons vs this same opponent -- looks like a real, stable HS conference rivalry. | 1930s/early-1940s season -- crossover games still happened, though less often than the 1920s.",Lincoln_Journal_Star_1939_11_04_11.csv,,,
2,1942,1942-11-07,York (NE),Visitor,Hastings (NE),13,37,-0.5,821,"Opponent 'Hastings (NE)' is ALSO a risk-listed college-town name -- may be a college-vs-college guarantee game misfiled as HS, or confirms both sides need a look. | Recurs across 40 different seasons vs this same opponent -- looks like a real, stable HS conference rivalry. | 1930s/early-1940s season -- crossover games still happened, though less often than the 1920s.",Omaha_World_Herald_1942_11_07_11.csv,,,
2,1940,1940-10-12,Grinnell (IA),Visitor,Mason City (IA),6,14,1.7,1110,"This opponent pairing is a one-off (not a recurring year-over-year matchup) -- more consistent with a one-time guarantee game than a conference rivalry. | 1930s/early-1940s season -- crossover games still happened, though less often than the 1920s.",The_Des_Moines_Register_1940_10_12_Page_8.csv,,,
2,1921,1921-10-15,Kearney (NE),Home,Minden (NE),47,0,2.2,951,"Margin (+47) is a 2.1-sigma outlier vs this team's usual margin (2.2 avg). | Recurs across 6 different seasons vs this same opponent -- looks like a real, stable HS conference rivalry. | Pre-1930 season -- college/HS crossover games were common this early.",Omaha_World_Herald_1921_10_15_20.csv,,,
2,1944,1944-10-21,Ashland (OH),Home,Wooster (OH),19,0,1.4,651,"Opponent 'Wooster (OH)' is ALSO a risk-listed college-town name -- may be a college-vs-college guarantee game misfiled as HS, or confirms both sides need a look. | Recurs across 59 different seasons vs this same opponent -- looks like a real, stable HS conference rivalry. | 1930s/early-1940s season -- crossover games still happened, though less often than the 1920s.",The_Akron_Beacon_Journal_1944_10_21_Page_8.csv,,,
2,1943,1943-11-06,Findlay (OH),Home,Fremont St. Joseph Central Catholic (OH),31,6,2.7,1201,"This opponent pairing is a one-off (not a recurring year-over-year matchup) -- more consistent with a one-time guarantee game than a conference rivalry. | 1930s/early-1940s season -- crossover games still happened, though less often than the 1920s.",The_Akron_Beacon_Journal_1943_11_06_Page_9 (1).csv,,,
2,1930,1930-11-22,Hastings (NE),Visitor,Kearney (NE),7,19,-1.5,909,"Opponent 'Kearney (NE)' is ALSO a risk-listed college-town name -- may be a college-vs-college guarantee game misfiled as HS, or confirms both sides need a look. | Recurs across 45 different seasons vs this same opponent -- looks like a real, stable HS conference rivalry. | 1930s/early-1940s season -- crossover games still happened, though less often than the 1920s.",Lincoln_Journal_Star_1930_11_22_9.csv,,,
2,1931,1931-10-10,Grand Island (NE),Visitor,Hastings (NE),0,7,6.2,931,"Opponent 'Hastings (NE)' is ALSO a risk-listed college-town name -- may be a college-vs-college guarantee game misfiled as HS, or confirms both sides need a look. | Recurs across 62 different seasons vs this same opponent -- looks like a real, stable HS conference rivalry. | 1930s/early-1940s season -- crossover games still happened, though less often than the 1920s.",Lincoln_Journal_Star_1931_10_10_7.csv,,,
2,1931,1931-10-03,York (NE),Visitor,Kearney (NE),6,20,-0.5,821,"Opponent 'Kearney (NE)' is ALSO a risk-listed college-town name -- may be a college-vs-college guarantee game misfiled as HS, or confirms both sides need a look. | Recurs across 4 different seasons vs this same opponent -- looks like a real, stable HS conference rivalry. | 1930s/early-1940s season -- crossover games still happened, though less often than the 1920s.",Lincoln_Journal_Star_1931_10_03_7.csv,,,
2,1931,1931-10-25,Hastings (NE),Visitor,Kearney (NE),0,7,-1.5,909,"Opponent 'Kearney (NE)' is ALSO a risk-listed college-town name -- may be a college-vs-college guarantee game misfiled as HS, or confirms both sides need a look. | Recurs across 45 different seasons vs this same opponent -- looks like a real, stable HS conference rivalry. | 1930s/early-1940s season -- crossover games still happened, though less often than the 1920s.",Lincoln_Journal_Star_1931_10_25_5.csv,,,
2,1941,1941-11-01,Eureka (IL),Home,Gibson City (IL),6,0,1.1,682,"This opponent pairing is a one-off (not a recurring year-over-year matchup) -- more consistent with a one-time guarantee game than a conference rivalry. | 1930s/early-1940s season -- crossover games still happened, though less often than the 1920s.",The_Dispatch_1941_11_01_19.csv,,,
2,1941,1941-10-04,Danville (IL),Home,Bradley-Bourbonnais Community (IL),35,0,4.2,926,"This opponent pairing is a one-off (not a recurring year-over-year matchup) -- more consistent with a one-time guarantee game than a conference rivalry. | 1930s/early-1940s season -- crossover games still happened, though less often than the 1920s.",The_Dispatch_1941_10_04_19.csv,,,
2,1922,1922-11-18,Danville (IL),Home,Fithian Oakwood (IL),51,3,4.2,926,"Margin (+48) is a 1.9-sigma outlier vs this team's usual margin (4.2 avg). | Recurs across 6 different seasons vs this same opponent -- looks like a real, stable HS conference rivalry. | Pre-1930 season -- college/HS crossover games were common this early.",https://www.classmates.com/siteui/yearbooks/4182837845?page=64,,,
2,1940,1940-10-05,Danville (IL),Home,Momence Coop (IL),19,0,4.2,926,"This opponent pairing is a one-off (not a recurring year-over-year matchup) -- more consistent with a one-time guarantee game than a conference rivalry. | 1930s/early-1940s season -- crossover games still happened, though less often than the 1920s.",The_Dispatch_1940_10_05_19 (1).csv,,,
2,1940,1940-09-21,Danville (IL),Home,Bloomington Trinity (IL),39,7,4.2,926,"This opponent pairing is a one-off (not a recurring year-over-year matchup) -- more consistent with a one-time guarantee game than a conference rivalry. | 1930s/early-1940s season -- crossover games still happened, though less often than the 1920s.",The_Dispatch_1940_09_21_19.csv,,,
2,1940,1940-10-05,Grand Island (NE),Visitor,Hastings (NE),2,6,6.2,931,"Opponent 'Hastings (NE)' is ALSO a risk-listed college-town name -- may be a college-vs-college guarantee game misfiled as HS, or confirms both sides need a look. | Recurs across 62 different seasons vs this same opponent -- looks like a real, stable HS conference rivalry. | 1930s/early-1940s season -- crossover games still happened, though less often than the 1920s.",Lincoln_Journal_Star_1940_10_05_9.csv,,,
2,1940,1940-10-19,Kearney (NE),Visitor,Grand Island (NE),14,39,2.2,951,"Opponent 'Grand Island (NE)' is ALSO a risk-listed college-town name -- may be a college-vs-college guarantee game misfiled as HS, or confirms both sides need a look. | Recurs across 77 different seasons vs this same opponent -- looks like a real, stable HS conference rivalry. | 1930s/early-1940s season -- crossover games still happened, though less often than the 1920s.",Lincoln_Journal_Star_1940_10_19_9.csv,,,
2,1925,1925-10-10,Valley City (ND),Visitor,Fargo Central (ND),0,77,1.2,953,"Margin (-77) is a 3.2-sigma outlier vs this team's usual margin (1.2 avg). | Recurs across 28 different seasons vs this same opponent -- looks like a real, stable HS conference rivalry. | Pre-1930 season -- college/HS crossover games were common this early.",Argus_Leader_1925_10_10_Page_9.csv,,,
2,1941,1941-09-27,Yankton (SD),Home,Huron (SD),0,0,8.4,975,"Opponent 'Huron (SD)' is ALSO a risk-listed college-town name -- may be a college-vs-college guarantee game misfiled as HS, or confirms both sides need a look. | Recurs across 83 different seasons vs this same opponent -- looks like a real, stable HS conference rivalry. | 1930s/early-1940s season -- crossover games still happened, though less often than the 1920s.",Argus_Leader_1941_09_27_Page_3 (1).csv,,,
2,1944,1944-10-07,Huron (SD),Home,Yankton (SD),12,6,-4.9,908,"Opponent 'Yankton (SD)' is ALSO a risk-listed college-town name -- may be a college-vs-college guarantee game misfiled as HS, or confirms both sides need a look. | Recurs across 83 different seasons vs this same opponent -- looks like a real, stable HS conference rivalry. | 1930s/early-1940s season -- crossover games still happened, though less often than the 1920s.",Argus_Leader_1944_10_07_Page_3.csv,,,
2,1925,1925-10-05,Jamestown (ND),Visitor,Fargo (ND),0,80,3.9,347,"Margin (-80) is a 3.8-sigma outlier vs this team's usual margin (3.9 avg). | Recurs across 19 different seasons vs this same opponent -- looks like a real, stable HS conference rivalry. | Pre-1930 season -- college/HS crossover games were common this early.",Argus_Leader_1925_10_05_Page_9 (1).csv,,,
2,1929,1929-11-09,Chadron (NE),Visitor,Crawford (NE),0,34,8.0,742,"Margin (-34) is a 1.8-sigma outlier vs this team's usual margin (8.0 avg). | Recurs across 25 different seasons vs this same opponent -- looks like a real, stable HS conference rivalry. | Pre-1930 season -- college/HS crossover games were common this early.",Lincoln_Journal_Star_1929_11_09_7.csv,,,
2,1921,1921-10-31,Yankton (SD),Home,Beresford (SD),0,0,8.4,975,Pre-1930 season -- college/HS crossover games were common this early.,Argus_Leader_1921_10_31_Page_9.csv,,,
2,1925,1925-10-05,Sioux Falls (SD),Home,Flandreau (SD),38,0,7.5,125,Pre-1930 season -- college/HS crossover games were common this early.,Argus_Leader_1925_10_05_Page_9.csv,,,
2,1924,1924-10-18,Oshkosh (WI),Home,La Crosse Central (WI),19,0,4.9,268,Pre-1930 season -- college/HS crossover games were common this early.,Argus_Leader_1924_10_18_Page_9.csv,,,
2,1926,1926-10-02,Huron (SD),Home,Clark (SD),36,0,-4.9,908,"Margin (+36) is a 2.0-sigma outlier vs this team's usual margin (-4.9 avg). | Recurs across 3 different seasons vs this same opponent -- looks like a real, stable HS conference rivalry. | Pre-1930 season -- college/HS crossover games were common this early.",Argus_Leader_1926_10_02_Page_9 (1).csv,,,
2,1927,1927-11-12,Yankton (SD),Home,Avon (SD),13,0,8.4,975,Pre-1930 season -- college/HS crossover games were common this early.,Argus_Leader_1927_11_12_Page_9 (1).csv,,,
2,1929,1929-10-05,Yankton (SD),Home,Parker (SD),21,0,8.4,975,Pre-1930 season -- college/HS crossover games were common this early.,Argus_Leader_1929_10_05_Page_3.csv,,,
2,1929,1929-10-19,Sioux Falls (SD),Home,Madison (MN),52,0,7.5,125,"Margin (+52) is a 2.0-sigma outlier vs this team's usual margin (7.5 avg). | Recurs across 4 different seasons vs this same opponent -- looks like a real, stable HS conference rivalry. | Pre-1930 season -- college/HS crossover games were common this early.",Argus_Leader_1929_10_19_Page_3.csv,,,
2,1937,1937-11-06,Huron (SD),Home,Yankton (SD),27,6,-4.9,908,"Opponent 'Yankton (SD)' is ALSO a risk-listed college-town name -- may be a college-vs-college guarantee game misfiled as HS, or confirms both sides need a look. | Recurs across 83 different seasons vs this same opponent -- looks like a real, stable HS conference rivalry. | 1930s/early-1940s season -- crossover games still happened, though less often than the 1920s.",Argus_Leader_1937_11_06_Page_3 (1).csv,,,
2,1938,1938-10-01,Huron (SD),Home,Yankton (SD),20,0,-4.9,908,"Opponent 'Yankton (SD)' is ALSO a risk-listed college-town name -- may be a college-vs-college guarantee game misfiled as HS, or confirms both sides need a look. | Recurs across 83 different seasons vs this same opponent -- looks like a real, stable HS conference rivalry. | 1930s/early-1940s season -- crossover games still happened, though less often than the 1920s.",Argus_Leader_1938_10_01_Page_3.csv,,,
2,1939,1939-09-30,Yankton (SD),Home,Huron (SD),0,0,8.4,975,"Opponent 'Huron (SD)' is ALSO a risk-listed college-town name -- may be a college-vs-college guarantee game misfiled as HS, or confirms both sides need a look. | Recurs across 83 different seasons vs this same opponent -- looks like a real, stable HS conference rivalry. | 1930s/early-1940s season -- crossover games still happened, though less often than the 1920s.",Argus_Leader_1939_09_30_Page_3 (1).csv,,,
2,1940,1940-09-28,Yankton (SD),Home,Huron (SD),14,0,8.4,975,"Opponent 'Huron (SD)' is ALSO a risk-listed college-town name -- may be a college-vs-college guarantee game misfiled as HS, or confirms both sides need a look. | Recurs across 83 different seasons vs this same opponent -- looks like a real, stable HS conference rivalry. | 1930s/early-1940s season -- crossover games still happened, though less often than the 1920s.",Argus_Leader_1940_09_28_Page_3 (1).csv,,,
2,1924,1924-10-19,Marietta (OH),Visitor,The Plains Athens (OH),7,60,-3.3,961,"Margin (-53) is a 2.1-sigma outlier vs this team's usual margin (-3.3 avg). | Recurs across 33 different seasons vs this same opponent -- looks like a real, stable HS conference rivalry. | Pre-1930 season -- college/HS crossover games were common this early.",The_Plain_Dealer_1924_10_19_41.csv,,,
2,1924,1924-11-16,Sioux Falls (SD),Visitor,Sioux City Central (IA),0,30,7.5,125,"Margin (-30) is a 1.7-sigma outlier vs this team's usual margin (7.5 avg). | Recurs across 13 different seasons vs this same opponent -- looks like a real, stable HS conference rivalry. | Pre-1930 season -- college/HS crossover games were common this early.",The_Des_Moines_Register_1924_11_16_Page_15 (1).csv,,,
2,1925,1925-11-08,Sioux Falls (SD),Visitor,Cedar Rapids Washington (IA),12,14,7.5,125,Pre-1930 season -- college/HS crossover games were common this early.,The_Des_Moines_Register_1925_11_08_Page_72 (1).csv,,,
2,1926,1926-10-03,Yankton (SD),Visitor,Sioux City Central (IA),0,7,8.4,975,Pre-1930 season -- college/HS crossover games were common this early.,The_Des_Moines_Register_1926_10_03_Page_29.csv,,,
2,1930,1930-10-18,Grand Island (NE),Visitor,Kearney (NE),8,8,6.2,931,"Opponent 'Kearney (NE)' is ALSO a risk-listed college-town name -- may be a college-vs-college guarantee game misfiled as HS, or confirms both sides need a look. | Recurs across 77 different seasons vs this same opponent -- looks like a real, stable HS conference rivalry. | 1930s/early-1940s season -- crossover games still happened, though less often than the 1920s.",Lincoln_Journal_Star_1930_10_18_9.csv,,,
2,1928,1928-09-29,Hastings (NE),Home,Geneva (NE),40,0,-1.5,909,"Margin (+40) is a 1.9-sigma outlier vs this team's usual margin (-1.5 avg). | Recurs across 4 different seasons vs this same opponent -- looks like a real, stable HS conference rivalry. | Pre-1930 season -- college/HS crossover games were common this early.",Lincoln_Journal_Star_1928_09_29_7.csv,,,
2,1929,1929-09-28,Kearney (NE),Home,Nelson (NE),14,6,2.2,951,Pre-1930 season -- college/HS crossover games were common this early.,Lincoln_Journal_Star_1929_09_28_7.csv,,,
2,1929,1929-10-19,York (NE),Home,Fremont (NE),19,0,-0.5,821,Pre-1930 season -- college/HS crossover games were common this early.,Lincoln_Journal_Star_1929_10_19_7.csv,,,
2,1940,1940-11-09,York (NE),Visitor,Hastings (NE),7,21,-0.5,821,"Opponent 'Hastings (NE)' is ALSO a risk-listed college-town name -- may be a college-vs-college guarantee game misfiled as HS, or confirms both sides need a look. | Recurs across 40 different seasons vs this same opponent -- looks like a real, stable HS conference rivalry. | 1930s/early-1940s season -- crossover games still happened, though less often than the 1920s.",Lincoln_Journal_Star_1940_11_09_8.csv,,,
2,1940,1940-11-02,Kearney (NE),Visitor,Hastings (NE),7,32,2.2,951,"Opponent 'Hastings (NE)' is ALSO a risk-listed college-town name -- may be a college-vs-college guarantee game misfiled as HS, or confirms both sides need a look. | Recurs across 45 different seasons vs this same opponent -- looks like a real, stable HS conference rivalry. | 1930s/early-1940s season -- crossover games still happened, though less often than the 1920s.",Lincoln_Journal_Star_1940_11_02_11.csv,,,
2,1941,1941-10-18,Grand Island (NE),Visitor,Kearney (NE),0,7,6.2,931,"Opponent 'Kearney (NE)' is ALSO a risk-listed college-town name -- may be a college-vs-college guarantee game misfiled as HS, or confirms both sides need a look. | Recurs across 77 different seasons vs this same opponent -- looks like a real, stable HS conference rivalry. | 1930s/early-1940s season -- crossover games still happened, though less often than the 1920s.",Lincoln_Journal_Star_1941_10_18_10.csv,,,
2,1941,1941-11-08,Hastings (NE),Visitor,York (NE),0,33,-1.5,909,"Opponent 'York (NE)' is ALSO a risk-listed college-town name -- may be a college-vs-college guarantee game misfiled as HS, or confirms both sides need a look. | Recurs across 40 different seasons vs this same opponent -- looks like a real, stable HS conference rivalry. | 1930s/early-1940s season -- crossover games still happened, though less often than the 1920s.",Lincoln_Journal_Star_1941_11_08_11.csv,,,
2,1938,1938-11-12,Hastings (NE),Visitor,York (NE),7,13,-1.5,909,"Opponent 'York (NE)' is ALSO a risk-listed college-town name -- may be a college-vs-college guarantee game misfiled as HS, or confirms both sides need a look. | Recurs across 40 different seasons vs this same opponent -- looks like a real, stable HS conference rivalry. | 1930s/early-1940s season -- crossover games still happened, though less often than the 1920s.",Lincoln_Journal_Star_1938_11_12_11.csv,,,
2,1938,1938-11-19,York (NE),Visitor,Albion (NE),7,7,-0.5,821,"This opponent pairing is a one-off (not a recurring year-over-year matchup) -- more consistent with a one-time guarantee game than a conference rivalry. | 1930s/early-1940s season -- crossover games still happened, though less often than the 1920s.",Lincoln_Journal_Star_1938_11_19_10 (1).csv,,,
2,1937,1937-10-01,Bowling Green (OH),Home,Findlay (OH),19,6,-2.0,691,"Opponent 'Findlay (OH)' is ALSO a risk-listed college-town name -- may be a college-vs-college guarantee game misfiled as HS, or confirms both sides need a look. | Recurs across 38 different seasons vs this same opponent -- looks like a real, stable HS conference rivalry. | 1930s/early-1940s season -- crossover games still happened, though less often than the 1920s.",https://www.classmates.com/siteui/yearbooks/71649?page=57,,,
2,1940,1940-10-21,Joliet (IL),Home,Wilmette Loyola Academy (IL),18,0,-9.3,928,"This opponent pairing is a one-off (not a recurring year-over-year matchup) -- more consistent with a one-time guarantee game than a conference rivalry. | 1930s/early-1940s season -- crossover games still happened, though less often than the 1920s.",Chicago_Tribune_1940_10_21_23.csv,,,
2,1940,1940-10-12,Hillsdale (MI),Home,Hudson (OH),34,7,-1.6,695,"This opponent pairing is a one-off (not a recurring year-over-year matchup) -- more consistent with a one-time guarantee game than a conference rivalry. | 1930s/early-1940s season -- crossover games still happened, though less often than the 1920s.",Lansing_State_Journal_1940_10_12_Page_10.csv,,,
2,1943,1943-09-11,Danville (IL),Home,Catlin (IL),34,0,4.2,926,"This opponent pairing is a one-off (not a recurring year-over-year matchup) -- more consistent with a one-time guarantee game than a conference rivalry. | 1930s/early-1940s season -- crossover games still happened, though less often than the 1920s.",The_Pantagraph_1943_09_11_Page_7.csv,,,
2,1940,1940-11-02,Adrian (MI),Home,Hillsdale (MI),20,6,0.9,877,"Opponent 'Hillsdale (MI)' is ALSO a risk-listed college-town name -- may be a college-vs-college guarantee game misfiled as HS, or confirms both sides need a look. | Recurs across 19 different seasons vs this same opponent -- looks like a real, stable HS conference rivalry. | 1930s/early-1940s season -- crossover games still happened, though less often than the 1920s.",Detroit_Free_Press_1940_11_02_Page_13 (1).csv,,,
2,1925,1925-10-11,Grinnell (IA),Home,State Center (IA),7,3,1.7,1110,Pre-1930 season -- college/HS crossover games were common this early.,The_Des_Moines_Register_1925_10_11_Page_70.csv,,,
2,1926,1926-10-24,Grinnell (IA),Home,State Center (IA),0,0,1.7,1110,Pre-1930 season -- college/HS crossover games were common this early.,The_Des_Moines_Register_1926_10_24_Page_13.csv,,,
2,1925,1925-10-10,Grand Island (NE),Home,Central City (NE),12,0,6.2,931,Pre-1930 season -- college/HS crossover games were common this early.,Lincoln_Journal_Star_1925_10_10_5.csv,,,
2,1927,1927-10-08,Wayne (NE),Home,Ponca (NE),9,0,-2.3,595,Pre-1930 season -- college/HS crossover games were common this early.,Lincoln_Journal_Star_1927_10_08_7.csv,,,
2,1944,1944-11-04,York (NE),Visitor,Hastings (NE),12,39,-0.5,821,"Opponent 'Hastings (NE)' is ALSO a risk-listed college-town name -- may be a college-vs-college guarantee game misfiled as HS, or confirms both sides need a look. | Recurs across 40 different seasons vs this same opponent -- looks like a real, stable HS conference rivalry. | 1930s/early-1940s season -- crossover games still happened, though less often than the 1920s.",Omaha_World_Herald_1944_11_04_9 (1).csv,,,
2,1943,1943-11-06,York (NE),Visitor,Hastings (NE),0,20,-0.5,821,"Opponent 'Hastings (NE)' is ALSO a risk-listed college-town name -- may be a college-vs-college guarantee game misfiled as HS, or confirms both sides need a look. | Recurs across 40 different seasons vs this same opponent -- looks like a real, stable HS conference rivalry. | 1930s/early-1940s season -- crossover games still happened, though less often than the 1920s.",Lincoln_Journal_Star_1943_11_06_5.csv,,,
2,1943,1943-10-16,Kearney (NE),Visitor,Grand Island (NE),6,13,2.2,951,"Opponent 'Grand Island (NE)' is ALSO a risk-listed college-town name -- may be a college-vs-college guarantee game misfiled as HS, or confirms both sides need a look. | Recurs across 77 different seasons vs this same opponent -- looks like a real, stable HS conference rivalry. | 1930s/early-1940s season -- crossover games still happened, though less often than the 1920s.",Lincoln_Journal_Star_1943_10_16_5.csv,,,
2,1922,1922-09-29,Ripon (WI),Home,Mayville (WI),60,0,-0.8,850,"Margin (+60) is a 2.6-sigma outlier vs this team's usual margin (-0.8 avg). | Recurs across 64 different seasons vs this same opponent -- looks like a real, stable HS conference rivalry. | Pre-1930 season -- college/HS crossover games were common this early.",http://www.riponlibrary.org/sites/riponlibrary.org/files/RHS1923c.pdf,,,
2,1941,1941-09-27,Findlay (OH),Home,Bowling Green (OH),6,2,2.7,1201,"Opponent 'Bowling Green (OH)' is ALSO a risk-listed college-town name -- may be a college-vs-college guarantee game misfiled as HS, or confirms both sides need a look. | Recurs across 38 different seasons vs this same opponent -- looks like a real, stable HS conference rivalry. | 1930s/early-1940s season -- crossover games still happened, though less often than the 1920s.",The_Akron_Beacon_Journal_1941_09_27_Page_10 (1).csv,,,
2,1939,1939-11-03,Austin (MN),Home,Mankato (MN),7,0,1.7,1094,"Opponent 'Mankato (MN)' is ALSO a risk-listed college-town name -- may be a college-vs-college guarantee game misfiled as HS, or confirms both sides need a look. | Recurs across 32 different seasons vs this same opponent -- looks like a real, stable HS conference rivalry. | 1930s/early-1940s season -- crossover games still happened, though less often than the 1920s.",http://www.classmates.com/yearbooks/Austin-High-School/21508/?page=108,,,
2,1941,1941-10-31,Ashland (OH),Home,Wooster (OH),25,6,1.4,651,"Opponent 'Wooster (OH)' is ALSO a risk-listed college-town name -- may be a college-vs-college guarantee game misfiled as HS, or confirms both sides need a look. | Recurs across 59 different seasons vs this same opponent -- looks like a real, stable HS conference rivalry. | 1930s/early-1940s season -- crossover games still happened, though less often than the 1920s.",https://www.classmates.com/siteui/yearbooks/247977?page=80,,,
2,1941,1941-09-12,Minot (ND),Home,New Rockford (ND),21,2,7.4,1098,"This opponent pairing is a one-off (not a recurring year-over-year matchup) -- more consistent with a one-time guarantee game than a conference rivalry. | 1930s/early-1940s season -- crossover games still happened, though less often than the 1920s.",http://www.bhs.bismarckschools.org/bhs/bhsathletics/throwers/history-of-bismarck-high-football/,,,
2,1933,1933-10-27,Rochester (MN),Home,Winona (MN),19,0,5.8,272,"Opponent 'Winona (MN)' is ALSO a risk-listed college-town name -- may be a college-vs-college guarantee game misfiled as HS, or confirms both sides need a look. | Recurs across 31 different seasons vs this same opponent -- looks like a real, stable HS conference rivalry. | 1930s/early-1940s season -- crossover games still happened, though less often than the 1920s.",http://www.classmates.com/yearbooks/Winona-High-School/1000247384?page=52,,,
2,1936,1936-11-27,Valley City (ND),Home,Minot (ND),13,6,1.2,953,"Opponent 'Minot (ND)' is ALSO a risk-listed college-town name -- may be a college-vs-college guarantee game misfiled as HS, or confirms both sides need a look. | Recurs across 5 different seasons vs this same opponent -- looks like a real, stable HS conference rivalry. | 1930s/early-1940s season -- crossover games still happened, though less often than the 1920s.",http://www.bhs.bismarckschools.org/bhs/bhsathletics/throwers/history-of-bismarck-high-football/,,,
2,1927,1927-10-01,Yankton (SD),Home,Hartington (NE),46,0,8.4,975,"Margin (+46) is a 1.9-sigma outlier vs this team's usual margin (8.4 avg). | Recurs across 4 different seasons vs this same opponent -- looks like a real, stable HS conference rivalry. | Pre-1930 season -- college/HS crossover games were common this early.",Argus_Leader_1927_10_01_Page_9.csv,,,
2,1927,1927-11-19,York (NE),Home,Central City (NE),42,0,-0.5,821,"Margin (+42) is a 2.0-sigma outlier vs this team's usual margin (-0.5 avg). | Recurs across 38 different seasons vs this same opponent -- looks like a real, stable HS conference rivalry. | Pre-1930 season -- college/HS crossover games were common this early.",Lincoln_Journal_Star_1927_11_19_7.csv,,,
2,1928,1928-10-06,York (NE),Home,Fairbury (NE),53,0,-0.5,821,"Margin (+53) is a 2.5-sigma outlier vs this team's usual margin (-0.5 avg). | Recurs across 63 different seasons vs this same opponent -- looks like a real, stable HS conference rivalry. | Pre-1930 season -- college/HS crossover games were common this early.",Lincoln_Journal_Star_1928_10_06_7.csv,,,
2,1928,1928-09-29,Kearney (NE),Home,Nelson (NE),6,6,2.2,951,Pre-1930 season -- college/HS crossover games were common this early.,Lincoln_Journal_Star_1928_09_29_7.csv,,,
2,1937,1937-11-06,Hastings (NE),Home,York (NE),25,7,-1.5,909,"Opponent 'York (NE)' is ALSO a risk-listed college-town name -- may be a college-vs-college guarantee game misfiled as HS, or confirms both sides need a look. | Recurs across 40 different seasons vs this same opponent -- looks like a real, stable HS conference rivalry. | 1930s/early-1940s season -- crossover games still happened, though less often than the 1920s.",Lincoln_Journal_Star_1937_11_06_5 (1).csv,,,
2,1923,1923-11-03,Hastings (NE),Home,Cambridge (NE),14,3,-1.5,909,Pre-1930 season -- college/HS crossover games were common this early.,Lincoln_Journal_Star_1923_11_03_7.csv,,,
2,1927,1927-10-07,Defiance (OH),Home,Fort Wayne South Side (IN),13,13,-1.0,862,Pre-1930 season -- college/HS crossover games were common this early.,http://ifca.zebras.net/ifca/candler/football.htm,,,
2,1944,1944-09-22,Austin (MN),Home,Rochester (MN),30,0,1.7,1094,"Opponent 'Rochester (MN)' is ALSO a risk-listed college-town name -- may be a college-vs-college guarantee game misfiled as HS, or confirms both sides need a look. | Recurs across 45 different seasons vs this same opponent -- looks like a real, stable HS conference rivalry. | 1930s/early-1940s season -- crossover games still happened, though less often than the 1920s.",http://www.classmates.com/yearbooks/Austin-High-School/60113?page=84,,,
2,1931,1931-10-02,Rochester (MN),Home,Austin (MN),32,0,5.8,272,"Opponent 'Austin (MN)' is ALSO a risk-listed college-town name -- may be a college-vs-college guarantee game misfiled as HS, or confirms both sides need a look. | Recurs across 45 different seasons vs this same opponent -- looks like a real, stable HS conference rivalry. | 1930s/early-1940s season -- crossover games still happened, though less often than the 1920s.",http://www.classmates.com/yearbooks/Austin-High-School/4182759213?page=82,,,
2,1936,1936-10-23,Grinnell (IA),Home,Newton 2nds (IA),18,0,1.7,1110,"This opponent pairing is a one-off (not a recurring year-over-year matchup) -- more consistent with a one-time guarantee game than a conference rivalry. | 1930s/early-1940s season -- crossover games still happened, though less often than the 1920s.",https://www.classmates.com/siteui/yearbooks/228193?page=52,,,
2,1926,1926-11-12,Findlay (OH),Home,Bucyrus (OH),47,7,2.7,1201,"Margin (+40) is a 1.6-sigma outlier vs this team's usual margin (2.7 avg). | Recurs across 12 different seasons vs this same opponent -- looks like a real, stable HS conference rivalry. | Pre-1930 season -- college/HS crossover games were common this early.",https://www.classmates.com/siteui/yearbooks/62260?page=106,,,
2,1939,1939-11-18,Pikeville (KY),Home,Van Lear Johnson County (KY),21,6,12.2,1276,"This opponent pairing is a one-off (not a recurring year-over-year matchup) -- more consistent with a one-time guarantee game than a conference rivalry. | 1930s/early-1940s season -- crossover games still happened, though less often than the 1920s.",Lexington_Herald_Leader_1939_11_18_6.csv,,,
2,1943,1943-09-24,Albion (MI),Home,Hillsdale (MI),21,0,-4.1,550,"Opponent 'Hillsdale (MI)' is ALSO a risk-listed college-town name -- may be a college-vs-college guarantee game misfiled as HS, or confirms both sides need a look. | Recurs across 20 different seasons vs this same opponent -- looks like a real, stable HS conference rivalry. | 1930s/early-1940s season -- crossover games still happened, though less often than the 1920s.",https://www.newspapers.com/image/1047515,,,
2,1927,1927-11-04,Rochester (MN),Home,Owatonna (MN),38,0,5.8,272,"Margin (+38) is a 1.6-sigma outlier vs this team's usual margin (5.8 avg). | Recurs across 21 different seasons vs this same opponent -- looks like a real, stable HS conference rivalry. | Pre-1930 season -- college/HS crossover games were common this early.",https://www.classmates.com/siteui/yearbooks/83913?page=150,,,
2,1935,1935-10-04,Marietta (OH),Home,Glouster (OH),18,0,-3.3,961,"This opponent pairing is a one-off (not a recurring year-over-year matchup) -- more consistent with a one-time guarantee game than a conference rivalry. | 1930s/early-1940s season -- crossover games still happened, though less often than the 1920s.",http://www.classmates.com/siteui/yearbooks/73496?page=99,,,
2,1940,1940-09-21,Grinnell (IA),Home,Cedar Rapids Mckinley (IA),19,0,1.7,1110,"This opponent pairing is a one-off (not a recurring year-over-year matchup) -- more consistent with a one-time guarantee game than a conference rivalry. | 1930s/early-1940s season -- crossover games still happened, though less often than the 1920s.",The_Des_Moines_Register_1940_09_21_Page_8 (1).csv,,,
2,1923,1923-09-29,Kearney (NE),Home,Gibbon (NE),28,0,2.2,951,Pre-1930 season -- college/HS crossover games were common this early.,Lincoln_Journal_Star_1923_09_29_3.csv,,,
2,1923,1923-10-27,York (NE),Home,Geneva (NE),92,0,-0.5,821,"Margin (+92) is a 4.3-sigma outlier vs this team's usual margin (-0.5 avg). | Recurs across 4 different seasons vs this same opponent -- looks like a real, stable HS conference rivalry. | Pre-1930 season -- college/HS crossover games were common this early.",Lincoln_Journal_Star_1923_10_27_7.csv,,,
2,1924,1924-11-15,Hastings (NE),Home,Geneva (NE),34,0,-1.5,909,"Margin (+34) is a 1.6-sigma outlier vs this team's usual margin (-1.5 avg). | Recurs across 4 different seasons vs this same opponent -- looks like a real, stable HS conference rivalry. | Pre-1930 season -- college/HS crossover games were common this early.",Lincoln_Journal_Star_1924_11_15_7.csv,,,
2,1924,1924-10-04,Hastings (NE),Home,McCook (NE),34,0,-1.5,909,"Margin (+34) is a 1.6-sigma outlier vs this team's usual margin (-1.5 avg). | Recurs across 32 different seasons vs this same opponent -- looks like a real, stable HS conference rivalry. | Pre-1930 season -- college/HS crossover games were common this early.",Lincoln_Journal_Star_1924_10_04_4.csv,,,
2,1933,1933-10-14,Grand Island (NE),Home,Hastings (NE),12,7,6.2,931,"Opponent 'Hastings (NE)' is ALSO a risk-listed college-town name -- may be a college-vs-college guarantee game misfiled as HS, or confirms both sides need a look. | Recurs across 62 different seasons vs this same opponent -- looks like a real, stable HS conference rivalry. | 1930s/early-1940s season -- crossover games still happened, though less often than the 1920s.",Lincoln_Journal_Star_1933_10_14_11.csv,,,
2,1934,1934-10-27,Kearney (NE),Home,Hastings (NE),16,7,2.2,951,"Opponent 'Hastings (NE)' is ALSO a risk-listed college-town name -- may be a college-vs-college guarantee game misfiled as HS, or confirms both sides need a look. | Recurs across 45 different seasons vs this same opponent -- looks like a real, stable HS conference rivalry. | 1930s/early-1940s season -- crossover games still happened, though less often than the 1920s.",Lincoln_Journal_Star_1934_10_27_5.csv,,,
2,1934,1934-11-10,Hastings (NE),Home,York (NE),0,0,-1.5,909,"Opponent 'York (NE)' is ALSO a risk-listed college-town name -- may be a college-vs-college guarantee game misfiled as HS, or confirms both sides need a look. | Recurs across 40 different seasons vs this same opponent -- looks like a real, stable HS conference rivalry. | 1930s/early-1940s season -- crossover games still happened, though less often than the 1920s.",Lincoln_Journal_Star_1934_11_10_5.csv,,,
2,1925,1925-10-19,Chadron (NE),Visitor,Hot Springs (SD),0,63,8.0,742,"Margin (-63) is a 3.1-sigma outlier vs this team's usual margin (8.0 avg). | Recurs across 19 different seasons vs this same opponent -- looks like a real, stable HS conference rivalry. | Pre-1930 season -- college/HS crossover games were common this early.",Argus_Leader_1925_10_19_Page_9.csv,,,
2,1926,1926-10-11,Huron (SD),Visitor,Sioux Falls Washington (SD),0,46,-4.9,908,"Margin (-46) is a 2.0-sigma outlier vs this team's usual margin (-4.9 avg). | Recurs across 21 different seasons vs this same opponent -- looks like a real, stable HS conference rivalry. | Pre-1930 season -- college/HS crossover games were common this early.",Argus_Leader_1926_10_11_Page_9.csv,,,
2,1927,1927-11-12,Moorhead (MN),Visitor,Aberdeen Central (SD),3,0,7.8,900,Pre-1930 season -- college/HS crossover games were common this early.,Argus_Leader_1927_11_12_Page_9 (1).csv,,,
2,1927,1927-10-29,Dickinson (ND),Visitor,Mandan (ND),9,63,-0.9,982,"Margin (-54) is a 2.2-sigma outlier vs this team's usual margin (-0.9 avg). | Recurs across 103 different seasons vs this same opponent -- looks like a real, stable HS conference rivalry. | Pre-1930 season -- college/HS crossover games were common this early.",Argus_Leader_1927_10_29_Page_9 (1).csv,,,
2,1928,1928-10-20,Yankton (SD),Visitor,Vermillion (SD),0,26,8.4,975,"Margin (-26) is a 1.7-sigma outlier vs this team's usual margin (8.4 avg). | Recurs across 61 different seasons vs this same opponent -- looks like a real, stable HS conference rivalry. | Pre-1930 season -- college/HS crossover games were common this early.",Argus_Leader_1928_10_20_Page_11.csv,,,
2,1937,1937-11-06,Yankton (SD),Visitor,Huron (SD),6,27,8.4,975,"Opponent 'Huron (SD)' is ALSO a risk-listed college-town name -- may be a college-vs-college guarantee game misfiled as HS, or confirms both sides need a look. | Recurs across 83 different seasons vs this same opponent -- looks like a real, stable HS conference rivalry. | 1930s/early-1940s season -- crossover games still happened, though less often than the 1920s.",Argus_Leader_1937_11_06_Page_3 (1).csv,,,
2,1938,1938-09-17,Mankato (MN),Visitor,Mason City (IA),6,19,2.3,366,"This opponent pairing is a one-off (not a recurring year-over-year matchup) -- more consistent with a one-time guarantee game than a conference rivalry. | 1930s/early-1940s season -- crossover games still happened, though less often than the 1920s.",Argus_Leader_1938_09_17_Page_3 (1).csv,,,
2,1938,1938-10-01,Yankton (SD),Visitor,Huron (SD),0,20,8.4,975,"Opponent 'Huron (SD)' is ALSO a risk-listed college-town name -- may be a college-vs-college guarantee game misfiled as HS, or confirms both sides need a look. | Recurs across 83 different seasons vs this same opponent -- looks like a real, stable HS conference rivalry. | 1930s/early-1940s season -- crossover games still happened, though less often than the 1920s.",Argus_Leader_1938_10_01_Page_3.csv,,,
2,1935,1935-11-09,Hastings (NE),Home,York (NE),18,0,-1.5,909,"Opponent 'York (NE)' is ALSO a risk-listed college-town name -- may be a college-vs-college guarantee game misfiled as HS, or confirms both sides need a look. | Recurs across 40 different seasons vs this same opponent -- looks like a real, stable HS conference rivalry. | 1930s/early-1940s season -- crossover games still happened, though less often than the 1920s.",Lincoln_Journal_Star_1935_11_09_5.csv,,,
2,1936,1936-10-10,Grand Island (NE),Home,Hastings (NE),6,0,6.2,931,"Opponent 'Hastings (NE)' is ALSO a risk-listed college-town name -- may be a college-vs-college guarantee game misfiled as HS, or confirms both sides need a look. | Recurs across 62 different seasons vs this same opponent -- looks like a real, stable HS conference rivalry. | 1930s/early-1940s season -- crossover games still happened, though less often than the 1920s.",Lincoln_Journal_Star_1936_10_10_7.csv,,,
2,1936,1936-11-07,York (NE),Home,Hastings (NE),6,0,-0.5,821,"Opponent 'Hastings (NE)' is ALSO a risk-listed college-town name -- may be a college-vs-college guarantee game misfiled as HS, or confirms both sides need a look. | Recurs across 40 different seasons vs this same opponent -- looks like a real, stable HS conference rivalry. | 1930s/early-1940s season -- crossover games still happened, though less often than the 1920s.",Lincoln_Journal_Star_1936_11_07_13.csv,,,
2,1936,1936-10-17,Grand Island (NE),Home,Kearney (NE),20,0,6.2,931,"Opponent 'Kearney (NE)' is ALSO a risk-listed college-town name -- may be a college-vs-college guarantee game misfiled as HS, or confirms both sides need a look. | Recurs across 77 different seasons vs this same opponent -- looks like a real, stable HS conference rivalry. | 1930s/early-1940s season -- crossover games still happened, though less often than the 1920s.",Lincoln_Journal_Star_1936_10_17_5.csv,,,
2,1937,1937-10-30,Grand Island (NE),Home,Kearney (NE),19,0,6.2,931,"Opponent 'Kearney (NE)' is ALSO a risk-listed college-town name -- may be a college-vs-college guarantee game misfiled as HS, or confirms both sides need a look. | Recurs across 77 different seasons vs this same opponent -- looks like a real, stable HS conference rivalry. | 1930s/early-1940s season -- crossover games still happened, though less often than the 1920s.",Lincoln_Journal_Star_1937_10_30_9.csv,,,
2,1939,1939-10-28,Wayne (NE),Home,Pender (NE),14,12,-2.3,595,"This opponent pairing is a one-off (not a recurring year-over-year matchup) -- more consistent with a one-time guarantee game than a conference rivalry. | 1930s/early-1940s season -- crossover games still happened, though less often than the 1920s.",Lincoln_Journal_Star_1939_10_28_9.csv,,,
2,1930,1930-09-27,Kearney (NE),Home,Superior (NE),21,7,2.2,951,"This opponent pairing is a one-off (not a recurring year-over-year matchup) -- more consistent with a one-time guarantee game than a conference rivalry. | 1930s/early-1940s season -- crossover games still happened, though less often than the 1920s.",Lincoln_Journal_Star_1930_09_27_9.csv,,,
2,1942,1942-11-07,Hastings (NE),Home,York (NE),37,13,-1.5,909,"Opponent 'York (NE)' is ALSO a risk-listed college-town name -- may be a college-vs-college guarantee game misfiled as HS, or confirms both sides need a look. | Recurs across 40 different seasons vs this same opponent -- looks like a real, stable HS conference rivalry. | 1930s/early-1940s season -- crossover games still happened, though less often than the 1920s.",Omaha_World_Herald_1942_11_07_11.csv,,,
2,1930,1930-10-18,Kearney (NE),Home,Grand Island (NE),8,8,2.2,951,"Opponent 'Grand Island (NE)' is ALSO a risk-listed college-town name -- may be a college-vs-college guarantee game misfiled as HS, or confirms both sides need a look. | Recurs across 77 different seasons vs this same opponent -- looks like a real, stable HS conference rivalry. | 1930s/early-1940s season -- crossover games still happened, though less often than the 1920s.",Lincoln_Journal_Star_1930_10_18_9.csv,,,
2,1931,1931-09-26,Hastings (NE),Home,Cozad (NE),37,6,-1.5,909,"This opponent pairing is a one-off (not a recurring year-over-year matchup) -- more consistent with a one-time guarantee game than a conference rivalry. | 1930s/early-1940s season -- crossover games still happened, though less often than the 1920s.",Lincoln_Journal_Star_1931_09_26_7.csv,,,
2,1930,1930-11-22,Kearney (NE),Home,Hastings (NE),19,7,2.2,951,"Opponent 'Hastings (NE)' is ALSO a risk-listed college-town name -- may be a college-vs-college guarantee game misfiled as HS, or confirms both sides need a look. | Recurs across 45 different seasons vs this same opponent -- looks like a real, stable HS conference rivalry. | 1930s/early-1940s season -- crossover games still happened, though less often than the 1920s.",Lincoln_Journal_Star_1930_11_22_9.csv,,,
2,1931,1931-10-10,Hastings (NE),Home,Grand Island (NE),7,0,-1.5,909,"Opponent 'Grand Island (NE)' is ALSO a risk-listed college-town name -- may be a college-vs-college guarantee game misfiled as HS, or confirms both sides need a look. | Recurs across 62 different seasons vs this same opponent -- looks like a real, stable HS conference rivalry. | 1930s/early-1940s season -- crossover games still happened, though less often than the 1920s.",Lincoln_Journal_Star_1931_10_10_7.csv,,,
2,1931,1931-10-03,Kearney (NE),Home,York (NE),20,6,2.2,951,"Opponent 'York (NE)' is ALSO a risk-listed college-town name -- may be a college-vs-college guarantee game misfiled as HS, or confirms both sides need a look. | Recurs across 4 different seasons vs this same opponent -- looks like a real, stable HS conference rivalry. | 1930s/early-1940s season -- crossover games still happened, though less often than the 1920s.",Lincoln_Journal_Star_1931_10_03_7.csv,,,
2,1932,1932-09-24,York (NE),Home,Fairmont (NE),20,0,-0.5,821,"This opponent pairing is a one-off (not a recurring year-over-year matchup) -- more consistent with a one-time guarantee game than a conference rivalry. | 1930s/early-1940s season -- crossover games still happened, though less often than the 1920s.",Lincoln_Journal_Star_1932_09_24_8.csv,,,
2,1931,1931-11-14,Hastings (NE),Home,York (NE),9,0,-1.5,909,"Opponent 'York (NE)' is ALSO a risk-listed college-town name -- may be a college-vs-college guarantee game misfiled as HS, or confirms both sides need a look. | Recurs across 40 different seasons vs this same opponent -- looks like a real, stable HS conference rivalry. | 1930s/early-1940s season -- crossover games still happened, though less often than the 1920s.",Lincoln_Journal_Star_1931_11_14_7.csv,,,
2,1932,1932-10-22,Grand Island (NE),Home,Kearney (NE),37,0,6.2,931,"Opponent 'Kearney (NE)' is ALSO a risk-listed college-town name -- may be a college-vs-college guarantee game misfiled as HS, or confirms both sides need a look. | Recurs across 77 different seasons vs this same opponent -- looks like a real, stable HS conference rivalry. | 1930s/early-1940s season -- crossover games still happened, though less often than the 1920s.",Lincoln_Journal_Star_1932_10_22_7.csv,,,
2,1932,1932-09-24,Kearney (NE),Home,Franklin (NE),7,0,2.2,951,"This opponent pairing is a one-off (not a recurring year-over-year matchup) -- more consistent with a one-time guarantee game than a conference rivalry. | 1930s/early-1940s season -- crossover games still happened, though less often than the 1920s.",Lincoln_Journal_Star_1932_09_24_8.csv,,,
2,1932,1932-11-12,Hastings (NE),Home,York (NE),19,0,-1.5,909,"Opponent 'York (NE)' is ALSO a risk-listed college-town name -- may be a college-vs-college guarantee game misfiled as HS, or confirms both sides need a look. | Recurs across 40 different seasons vs this same opponent -- looks like a real, stable HS conference rivalry. | 1930s/early-1940s season -- crossover games still happened, though less often than the 1920s.",Lincoln_Journal_Star_1932_11_12_9.csv,,,
2,1932,1932-11-12,Kearney (NE),Home,Huntley (WY),26,6,2.2,951,"This opponent pairing is a one-off (not a recurring year-over-year matchup) -- more consistent with a one-time guarantee game than a conference rivalry. | 1930s/early-1940s season -- crossover games still happened, though less often than the 1920s.",Lincoln_Journal_Star_1932_11_12_9.csv,,,
2,1933,1933-11-11,Hastings (NE),Home,York (NE),6,0,-1.5,909,"Opponent 'York (NE)' is ALSO a risk-listed college-town name -- may be a college-vs-college guarantee game misfiled as HS, or confirms both sides need a look. | Recurs across 40 different seasons vs this same opponent -- looks like a real, stable HS conference rivalry. | 1930s/early-1940s season -- crossover games still happened, though less often than the 1920s.",Lincoln_Journal_Star_1933_11_11_13.csv,,,
2,1933,1933-10-21,Grand Island (NE),Home,Kearney (NE),36,0,6.2,931,"Opponent 'Kearney (NE)' is ALSO a risk-listed college-town name -- may be a college-vs-college guarantee game misfiled as HS, or confirms both sides need a look. | Recurs across 77 different seasons vs this same opponent -- looks like a real, stable HS conference rivalry. | 1930s/early-1940s season -- crossover games still happened, though less often than the 1920s.",Lincoln_Journal_Star_1933_10_21_11.csv,,,
2,1940,1940-09-28,Huron (SD),Visitor,Yankton (SD),0,14,-4.9,908,"Opponent 'Yankton (SD)' is ALSO a risk-listed college-town name -- may be a college-vs-college guarantee game misfiled as HS, or confirms both sides need a look. | Recurs across 83 different seasons vs this same opponent -- looks like a real, stable HS conference rivalry. | 1930s/early-1940s season -- crossover games still happened, though less often than the 1920s.",Argus_Leader_1940_09_28_Page_3 (1).csv,,,
2,1941,1941-09-27,Huron (SD),Visitor,Yankton (SD),0,0,-4.9,908,"Opponent 'Yankton (SD)' is ALSO a risk-listed college-town name -- may be a college-vs-college guarantee game misfiled as HS, or confirms both sides need a look. | Recurs across 83 different seasons vs this same opponent -- looks like a real, stable HS conference rivalry. | 1930s/early-1940s season -- crossover games still happened, though less often than the 1920s.",Argus_Leader_1941_09_27_Page_3 (1).csv,,,
2,1943,1943-10-22,Rochester (MN),Home,Winona (MN),6,0,5.8,272,"Opponent 'Winona (MN)' is ALSO a risk-listed college-town name -- may be a college-vs-college guarantee game misfiled as HS, or confirms both sides need a look. | Recurs across 31 different seasons vs this same opponent -- looks like a real, stable HS conference rivalry. | 1930s/early-1940s season -- crossover games still happened, though less often than the 1920s.",http://www.classmates.com/yearbooks/Winona-High-School/80326?page=62,,,
2,1925,1925-10-30,Grand Island (NE),Home,Fairbury (NE),43,0,6.2,931,"Margin (+43) is a 1.7-sigma outlier vs this team's usual margin (6.2 avg). | Recurs across 12 different seasons vs this same opponent -- looks like a real, stable HS conference rivalry. | Pre-1930 season -- college/HS crossover games were common this early.",https://www.classmates.com/siteui/yearbooks/184618?page=76,,,
2,1937,1937-10-22,Hillsdale (MI),Home,Adrian (MI),7,0,-1.6,695,"Opponent 'Adrian (MI)' is ALSO a risk-listed college-town name -- may be a college-vs-college guarantee game misfiled as HS, or confirms both sides need a look. | Recurs across 19 different seasons vs this same opponent -- looks like a real, stable HS conference rivalry. | 1930s/early-1940s season -- crossover games still happened, though less often than the 1920s.",http://www.classmates.com/siteui/yearbooks/61321?page=52,,,
2,1940,1940-11-22,Mankato (MN),Home,Fort Dodge (IA),7,32,2.3,366,"This opponent pairing is a one-off (not a recurring year-over-year matchup) -- more consistent with a one-time guarantee game than a conference rivalry. | 1930s/early-1940s season -- crossover games still happened, though less often than the 1920s.",http://www.classmates.com/yearbooks/Ft-Dodge-High-School/115857?page=102,,,
2,1925,1925-10-09,Grinnell (IA),Home,State Central West Marshall (IA),7,3,1.7,1110,Pre-1930 season -- college/HS crossover games were common this early.,https://www.classmates.com/siteui/yearbooks/1000247895?page=67,,,
2,1933,1933-10-08,Bowling Green (OH),Visitor,Defiance (OH),6,25,-2.0,691,"Opponent 'Defiance (OH)' is ALSO a risk-listed college-town name -- may be a college-vs-college guarantee game misfiled as HS, or confirms both sides need a look. | Recurs across 22 different seasons vs this same opponent -- looks like a real, stable HS conference rivalry. | 1930s/early-1940s season -- crossover games still happened, though less often than the 1920s.",The_Plain_Dealer_1933_10_08_22 (1).csv,,,
2,1932,1932-10-16,Findlay (OH),Visitor,Toledo Devilbiss (OH),0,13,2.7,1201,"This opponent pairing is a one-off (not a recurring year-over-year matchup) -- more consistent with a one-time guarantee game than a conference rivalry. | 1930s/early-1940s season -- crossover games still happened, though less often than the 1920s.",The_Plain_Dealer_1932_10_16_21.csv,,,
2,1932,1932-10-09,Defiance (OH),Visitor,Bowling Green (OH),0,7,-1.0,862,"Opponent 'Bowling Green (OH)' is ALSO a risk-listed college-town name -- may be a college-vs-college guarantee game misfiled as HS, or confirms both sides need a look. | Recurs across 22 different seasons vs this same opponent -- looks like a real, stable HS conference rivalry. | 1930s/early-1940s season -- crossover games still happened, though less often than the 1920s.",The_Plain_Dealer_1932_10_09_20.csv,,,
2,1930,1930-10-12,Defiance (OH),Visitor,Bowling Green (OH),6,7,-1.0,862,"Opponent 'Bowling Green (OH)' is ALSO a risk-listed college-town name -- may be a college-vs-college guarantee game misfiled as HS, or confirms both sides need a look. | Recurs across 22 different seasons vs this same opponent -- looks like a real, stable HS conference rivalry. | 1930s/early-1940s season -- crossover games still happened, though less often than the 1920s.",The_Plain_Dealer_1930_10_12_24 (1).csv,,,
2,1944,1944-10-07,Yankton (SD),Visitor,Huron (SD),6,12,8.4,975,"Opponent 'Huron (SD)' is ALSO a risk-listed college-town name -- may be a college-vs-college guarantee game misfiled as HS, or confirms both sides need a look. | Recurs across 83 different seasons vs this same opponent -- looks like a real, stable HS conference rivalry. | 1930s/early-1940s season -- crossover games still happened, though less often than the 1920s.",Argus_Leader_1944_10_07_Page_3.csv,,,
2,1935,1935-10-05,Grand Island (NE),Home,Hastings (NE),14,13,6.2,931,"Opponent 'Hastings (NE)' is ALSO a risk-listed college-town name -- may be a college-vs-college guarantee game misfiled as HS, or confirms both sides need a look. | Recurs across 62 different seasons vs this same opponent -- looks like a real, stable HS conference rivalry. | 1930s/early-1940s season -- crossover games still happened, though less often than the 1920s.",Lincoln_Journal_Star_1935_10_05_5.csv,,,
2,1939,1939-10-21,Grand Island (NE),Home,Kearney (NE),19,0,6.2,931,"Opponent 'Kearney (NE)' is ALSO a risk-listed college-town name -- may be a college-vs-college guarantee game misfiled as HS, or confirms both sides need a look. | Recurs across 77 different seasons vs this same opponent -- looks like a real, stable HS conference rivalry. | 1930s/early-1940s season -- crossover games still happened, though less often than the 1920s.",Lincoln_Journal_Star_1939_10_21_9.csv,,,
2,1939,1939-11-11,York (NE),Home,Hastings (NE),19,7,-0.5,821,"Opponent 'Hastings (NE)' is ALSO a risk-listed college-town name -- may be a college-vs-college guarantee game misfiled as HS, or confirms both sides need a look. | Recurs across 40 different seasons vs this same opponent -- looks like a real, stable HS conference rivalry. | 1930s/early-1940s season -- crossover games still happened, though less often than the 1920s.",Lincoln_Journal_Star_1939_11_11_11.csv,,,
2,1939,1939-11-04,Hastings (NE),Home,Kearney (NE),13,0,-1.5,909,"Opponent 'Kearney (NE)' is ALSO a risk-listed college-town name -- may be a college-vs-college guarantee game misfiled as HS, or confirms both sides need a look. | Recurs across 45 different seasons vs this same opponent -- looks like a real, stable HS conference rivalry. | 1930s/early-1940s season -- crossover games still happened, though less often than the 1920s.",Lincoln_Journal_Star_1939_11_04_11.csv,,,
2,1927,1927-11-24,Marietta (OH),Home,Saint Marys (WV),40,0,-3.3,961,"Margin (+40) is a 1.8-sigma outlier vs this team's usual margin (-3.3 avg). | Recurs across 28 different seasons vs this same opponent -- looks like a real, stable HS conference rivalry. | Pre-1930 season -- college/HS crossover games were common this early.",http://fourseasonsfootball.com/va.html,,,
2,1924,1924-10-31,Minot (ND),Home,Rugby (ND),47,0,7.4,1098,"Margin (+47) is a 1.7-sigma outlier vs this team's usual margin (7.4 avg). | Recurs across 12 different seasons vs this same opponent -- looks like a real, stable HS conference rivalry. | Pre-1930 season -- college/HS crossover games were common this early.",http://www.bhs.bismarckschools.org/bhs/bhsathletics/throwers/history-of-bismarck-high-football/,,,
2,1936,1936-10-02,Grinnell (IA),Home,Lynnville-Sully (IA),19,6,1.7,1110,"This opponent pairing is a one-off (not a recurring year-over-year matchup) -- more consistent with a one-time guarantee game than a conference rivalry. | 1930s/early-1940s season -- crossover games still happened, though less often than the 1920s.",https://www.classmates.com/siteui/yearbooks/228193?page=52,,,
2,1944,1944-09-22,Hastings (NE),Home,Grand Island (NE),19,0,-1.5,909,"Opponent 'Grand Island (NE)' is ALSO a risk-listed college-town name -- may be a college-vs-college guarantee game misfiled as HS, or confirms both sides need a look. | Recurs across 62 different seasons vs this same opponent -- looks like a real, stable HS conference rivalry. | 1930s/early-1940s season -- crossover games still happened, though less often than the 1920s.",https://www.classmates.com/siteui/yearbooks/1000241227?page=20,,,
2,1921,1921-11-25,Wheaton (IL),Home,Downers Grove (IL),63,14,7.9,278,"Margin (+49) is a 1.8-sigma outlier vs this team's usual margin (7.9 avg). | Recurs across 8 different seasons vs this same opponent -- looks like a real, stable HS conference rivalry. | Pre-1930 season -- college/HS crossover games were common this early.",http://www.classmates.com/yearbooks/Wheaton-Community-High-School/105245?page=52,,,
2,1955,1955-10-08,Wheaton (IL),Home,Danville (IL),20,0,7.9,278,"Opponent 'Danville (IL)' is ALSO a risk-listed college-town name -- may be a college-vs-college guarantee game misfiled as HS, or confirms both sides need a look. | This opponent pairing is a one-off (not a recurring year-over-year matchup) -- more consistent with a one-time guarantee game than a conference rivalry. | 1950 or later -- college/HS crossover games had essentially stopped by this point, so this is most likely a genuine same-name high school, not a misfiled college game.",The_State_Journal_Register_1955_10_08_12 (1).csv,,,
2,1928,1928-10-07,Marietta (OH),Home,Gallipolis Gallia Academy (OH),54,0,-3.3,961,"Margin (+54) is a 2.4-sigma outlier vs this team's usual margin (-3.3 avg). | Recurs across 27 different seasons vs this same opponent -- looks like a real, stable HS conference rivalry. | Pre-1930 season -- college/HS crossover games were common this early.",The_Plain_Dealer_1928_10_07_35.csv,,,
2,1927,1927-10-23,Marietta (OH),Home,Ashland (KY),0,0,-3.3,961,Pre-1930 season -- college/HS crossover games were common this early.,The_Plain_Dealer_1927_10_23_26.csv,,,
2,1940,1940-10-05,Hastings (NE),Home,Grand Island (NE),6,2,-1.5,909,"Opponent 'Grand Island (NE)' is ALSO a risk-listed college-town name -- may be a college-vs-college guarantee game misfiled as HS, or confirms both sides need a look. | Recurs across 62 different seasons vs this same opponent -- looks like a real, stable HS conference rivalry. | 1930s/early-1940s season -- crossover games still happened, though less often than the 1920s.",Lincoln_Journal_Star_1940_10_05_9.csv,,,
2,1940,1940-10-19,Grand Island (NE),Home,Kearney (NE),39,14,6.2,931,"Opponent 'Kearney (NE)' is ALSO a risk-listed college-town name -- may be a college-vs-college guarantee game misfiled as HS, or confirms both sides need a look. | Recurs across 77 different seasons vs this same opponent -- looks like a real, stable HS conference rivalry. | 1930s/early-1940s season -- crossover games still happened, though less often than the 1920s.",Lincoln_Journal_Star_1940_10_19_9.csv,,,
2,1940,1940-11-09,Hastings (NE),Home,York (NE),21,7,-1.5,909,"Opponent 'York (NE)' is ALSO a risk-listed college-town name -- may be a college-vs-college guarantee game misfiled as HS, or confirms both sides need a look. | Recurs across 40 different seasons vs this same opponent -- looks like a real, stable HS conference rivalry. | 1930s/early-1940s season -- crossover games still happened, though less often than the 1920s.",Lincoln_Journal_Star_1940_11_09_8.csv,,,
2,1940,1940-11-02,Hastings (NE),Home,Kearney (NE),32,7,-1.5,909,"Opponent 'Kearney (NE)' is ALSO a risk-listed college-town name -- may be a college-vs-college guarantee game misfiled as HS, or confirms both sides need a look. | Recurs across 45 different seasons vs this same opponent -- looks like a real, stable HS conference rivalry. | 1930s/early-1940s season -- crossover games still happened, though less often than the 1920s.",Lincoln_Journal_Star_1940_11_02_11.csv,,,
2,1941,1941-10-18,Kearney (NE),Home,Grand Island (NE),7,0,2.2,951,"Opponent 'Grand Island (NE)' is ALSO a risk-listed college-town name -- may be a college-vs-college guarantee game misfiled as HS, or confirms both sides need a look. | Recurs across 77 different seasons vs this same opponent -- looks like a real, stable HS conference rivalry. | 1930s/early-1940s season -- crossover games still happened, though less often than the 1920s.",Lincoln_Journal_Star_1941_10_18_10.csv,,,
2,1938,1938-11-12,York (NE),Home,Hastings (NE),13,7,-0.5,821,"Opponent 'Hastings (NE)' is ALSO a risk-listed college-town name -- may be a college-vs-college guarantee game misfiled as HS, or confirms both sides need a look. | Recurs across 40 different seasons vs this same opponent -- looks like a real, stable HS conference rivalry. | 1930s/early-1940s season -- crossover games still happened, though less often than the 1920s.",Lincoln_Journal_Star_1938_11_12_11.csv,,,
2,1939,1939-11-04,Hastings (NE),Home,Peru (KS),14,0,-1.5,909,"This opponent pairing is a one-off (not a recurring year-over-year matchup) -- more consistent with a one-time guarantee game than a conference rivalry. | 1930s/early-1940s season -- crossover games still happened, though less often than the 1920s.",Lincoln_Journal_Star_1939_11_04_11.csv,,,
2,1939,1939-09-30,Huron (SD),Visitor,Yankton (SD),0,0,-4.9,908,"Opponent 'Yankton (SD)' is ALSO a risk-listed college-town name -- may be a college-vs-college guarantee game misfiled as HS, or confirms both sides need a look. | Recurs across 83 different seasons vs this same opponent -- looks like a real, stable HS conference rivalry. | 1930s/early-1940s season -- crossover games still happened, though less often than the 1920s.",Argus_Leader_1939_09_30_Page_3 (1).csv,,,
2,1929,1929-11-29,Defiance (OH),Home,Van Wert (OH),52,0,-1.0,862,"Margin (+52) is a 2.2-sigma outlier vs this team's usual margin (-1.0 avg). | Recurs across 80 different seasons vs this same opponent -- looks like a real, stable HS conference rivalry. | Pre-1930 season -- college/HS crossover games were common this early.",The_Plain_Dealer_1929_11_29_22 (1).csv,,,
2,1944,1944-10-14,Kearney (NE),Home,Grand Island (NE),28,0,2.2,951,"Opponent 'Grand Island (NE)' is ALSO a risk-listed college-town name -- may be a college-vs-college guarantee game misfiled as HS, or confirms both sides need a look. | Recurs across 77 different seasons vs this same opponent -- looks like a real, stable HS conference rivalry. | 1930s/early-1940s season -- crossover games still happened, though less often than the 1920s.",Omaha_World_Herald_1944_10_14_9.csv,,,
2,1929,1929-10-25,Mankato (MN),Home,Sleepy Eye (MN),33,0,2.3,366,"Margin (+33) is a 1.6-sigma outlier vs this team's usual margin (2.3 avg). | Recurs across 5 different seasons vs this same opponent -- looks like a real, stable HS conference rivalry. | Pre-1930 season -- college/HS crossover games were common this early.",https://www.classmates.com/siteui/yearbooks/60897?page=102,,,
2,1925,1925-10-09,Grand Island (NE),Home,Central City (NE),13,0,6.2,931,Pre-1930 season -- college/HS crossover games were common this early.,https://www.classmates.com/siteui/yearbooks/184618?page=76,,,
2,1934,1934-10-05,Findlay (OH),Home,Bryan (OH),27,0,2.7,1201,"This opponent pairing is a one-off (not a recurring year-over-year matchup) -- more consistent with a one-time guarantee game than a conference rivalry. | 1930s/early-1940s season -- crossover games still happened, though less often than the 1920s.",https://www.classmates.com/siteui/yearbooks/54685?page=67,,,
2,1933,1933-11-11,Findlay (OH),Visitor,Columbus Academy (OH),0,25,2.7,1201,"This opponent pairing is a one-off (not a recurring year-over-year matchup) -- more consistent with a one-time guarantee game than a conference rivalry. | 1930s/early-1940s season -- crossover games still happened, though less often than the 1920s.",The_Plain_Dealer_1933_11_11_19.csv,,,
2,1933,1933-09-30,Winona (MN),Visitor,Cresco Crestwood (IA),0,13,-3.4,915,"This opponent pairing is a one-off (not a recurring year-over-year matchup) -- more consistent with a one-time guarantee game than a conference rivalry. | 1930s/early-1940s season -- crossover games still happened, though less often than the 1920s.",The_Des_Moines_Register_1933_09_30_Page_6.csv,,,
2,1921,1921-10-01,York (NE),Visitor,Superior (NE),0,41,-0.5,821,"Margin (-41) is a 1.9-sigma outlier vs this team's usual margin (-0.5 avg). | Recurs across 8 different seasons vs this same opponent -- looks like a real, stable HS conference rivalry. | Pre-1930 season -- college/HS crossover games were common this early.",Lincoln_Journal_Star_1921_10_01_3.csv,,,
2,1944,1944-10-21,Wooster (OH),Visitor,Ashland (OH),0,19,0.1,1005,"Opponent 'Ashland (OH)' is ALSO a risk-listed college-town name -- may be a college-vs-college guarantee game misfiled as HS, or confirms both sides need a look. | Recurs across 59 different seasons vs this same opponent -- looks like a real, stable HS conference rivalry. | 1930s/early-1940s season -- crossover games still happened, though less often than the 1920s.",The_Akron_Beacon_Journal_1944_10_21_Page_8.csv,,,
2,1943,1943-10-23,Ashland (OH),Visitor,Wooster (OH),0,27,1.4,651,"Opponent 'Wooster (OH)' is ALSO a risk-listed college-town name -- may be a college-vs-college guarantee game misfiled as HS, or confirms both sides need a look. | Recurs across 59 different seasons vs this same opponent -- looks like a real, stable HS conference rivalry. | 1930s/early-1940s season -- crossover games still happened, though less often than the 1920s.",The_Akron_Beacon_Journal_1943_10_23_Page_9.csv,,,
2,1942,1942-10-24,Wooster (OH),Visitor,Ashland (OH),7,7,0.1,1005,"Opponent 'Ashland (OH)' is ALSO a risk-listed college-town name -- may be a college-vs-college guarantee game misfiled as HS, or confirms both sides need a look. | Recurs across 59 different seasons vs this same opponent -- looks like a real, stable HS conference rivalry. | 1930s/early-1940s season -- crossover games still happened, though less often than the 1920s.",The_Akron_Beacon_Journal_1942_10_24_Page_10.csv,,,
2,1943,1943-11-06,Hastings (NE),Home,York (NE),20,0,-1.5,909,"Opponent 'York (NE)' is ALSO a risk-listed college-town name -- may be a college-vs-college guarantee game misfiled as HS, or confirms both sides need a look. | Recurs across 40 different seasons vs this same opponent -- looks like a real, stable HS conference rivalry. | 1930s/early-1940s season -- crossover games still happened, though less often than the 1920s.",Lincoln_Journal_Star_1943_11_06_5.csv,,,
2,1943,1943-10-16,Grand Island (NE),Home,Kearney (NE),13,6,6.2,931,"Opponent 'Kearney (NE)' is ALSO a risk-listed college-town name -- may be a college-vs-college guarantee game misfiled as HS, or confirms both sides need a look. | Recurs across 77 different seasons vs this same opponent -- looks like a real, stable HS conference rivalry. | 1930s/early-1940s season -- crossover games still happened, though less often than the 1920s.",Lincoln_Journal_Star_1943_10_16_5.csv,,,
2,1931,1931-10-25,Kearney (NE),Home,Hastings (NE),7,0,2.2,951,"Opponent 'Hastings (NE)' is ALSO a risk-listed college-town name -- may be a college-vs-college guarantee game misfiled as HS, or confirms both sides need a look. | Recurs across 45 different seasons vs this same opponent -- looks like a real, stable HS conference rivalry. | 1930s/early-1940s season -- crossover games still happened, though less often than the 1920s.",Lincoln_Journal_Star_1931_10_25_5.csv,,,
2,1929,1929-10-20,Oberlin (OH),Visitor,Norwalk (OH),0,45,-5.6,712,"Margin (-45) is a 1.6-sigma outlier vs this team's usual margin (-5.6 avg). | Recurs across 20 different seasons vs this same opponent -- looks like a real, stable HS conference rivalry. | Pre-1930 season -- college/HS crossover games were common this early.",The_Plain_Dealer_1929_10_20_29.csv,,,
2,1932,1932-09-09,Wheaton (IL),Home,Libertyville (IL),7,6,7.9,278,"This opponent pairing is a one-off (not a recurring year-over-year matchup) -- more consistent with a one-time guarantee game than a conference rivalry. | 1930s/early-1940s season -- crossover games still happened, though less often than the 1920s.",http://www.classmates.com/yearbooks/Libertyville-High-School/96144?page=50,,,
2,1939,1939-09-23,Milton (WI),Visitor,Whitewater (WI),12,18,7.0,758,"Opponent 'Whitewater (WI)' is ALSO a risk-listed college-town name -- may be a college-vs-college guarantee game misfiled as HS, or confirms both sides need a look. | Recurs across 30 different seasons vs this same opponent -- looks like a real, stable HS conference rivalry. | 1930s/early-1940s season -- crossover games still happened, though less often than the 1920s.",Wisconsin_State_Journal_1939_09_23_7.csv,,,
2,1948,1948-09-04,Pikeville (KY),Visitor,Rhea Central (TN),0,34,12.2,1276,Margin (-34) is a 1.7-sigma outlier vs this team's usual margin (12.2 avg).,The_Knoxville_News_Sentinel_1948_09_04_6.csv,,,
2,1924,1924-10-12,Wooster (OH),Visitor,Akron West (OH),0,127,0.1,1005,"Margin (-127) is a 5.6-sigma outlier vs this team's usual margin (0.1 avg). | Recurs across 4 different seasons vs this same opponent -- looks like a real, stable HS conference rivalry. | Pre-1930 season -- college/HS crossover games were common this early.",The_Plain_Dealer_1924_10_12_41.csv,,,
2,1929,1929-11-24,Albion (MI),Visitor,Ionia (MI),0,14,-4.1,550,Pre-1930 season -- college/HS crossover games were common this early.,The_Bay_City_Times_1929_11_24_16.csv,,,
2,1933,1933-10-07,Hastings (NE),Visitor,York (NE),6,6,-1.5,909,"Opponent 'York (NE)' is ALSO a risk-listed college-town name -- may be a college-vs-college guarantee game misfiled as HS, or confirms both sides need a look. | Recurs across 40 different seasons vs this same opponent -- looks like a real, stable HS conference rivalry. | 1930s/early-1940s season -- crossover games still happened, though less often than the 1920s.",The_Des_Moines_Register_1933_10_07_Page_8.csv,,,
2,1934,1934-10-26,Winona (MN),Home,Austin (MN),13,6,-3.4,915,"Opponent 'Austin (MN)' is ALSO a risk-listed college-town name -- may be a college-vs-college guarantee game misfiled as HS, or confirms both sides need a look. | Recurs across 91 different seasons vs this same opponent -- looks like a real, stable HS conference rivalry. | 1930s/early-1940s season -- crossover games still happened, though less often than the 1920s.",http://www.classmates.com/yearbooks/Winona-High-School/1000248311?page=56,,,
2,1929,1929-10-12,Pikeville (KY),Home,Belfry (KY),79,0,12.2,1276,"Margin (+79) is a 2.5-sigma outlier vs this team's usual margin (12.2 avg). | Recurs across 79 different seasons vs this same opponent -- looks like a real, stable HS conference rivalry. | Pre-1930 season -- college/HS crossover games were common this early.",http://fourseasonsfootball.com/va.html,,,
2,1936,1936-10-16,Hillsdale (MI),Home,Adrian (MI),6,0,-1.6,695,"Opponent 'Adrian (MI)' is ALSO a risk-listed college-town name -- may be a college-vs-college guarantee game misfiled as HS, or confirms both sides need a look. | Recurs across 19 different seasons vs this same opponent -- looks like a real, stable HS conference rivalry. | 1930s/early-1940s season -- crossover games still happened, though less often than the 1920s.",https://www.newspapers.com/image/97540774,,,
2,1930,1930-11-14,Wooster (OH),Home,Ashland (OH),26,6,0.1,1005,"Opponent 'Ashland (OH)' is ALSO a risk-listed college-town name -- may be a college-vs-college guarantee game misfiled as HS, or confirms both sides need a look. | Recurs across 59 different seasons vs this same opponent -- looks like a real, stable HS conference rivalry. | 1930s/early-1940s season -- crossover games still happened, though less often than the 1920s.",http://www.classmates.com/siteui/yearbooks/229948?page=51,,,
2,1926,1926-10-22,Grinnell (IA),Home,State Central West Marshall (IA),0,0,1.7,1110,Pre-1930 season -- college/HS crossover games were common this early.,https://www.classmates.com/siteui/yearbooks/1000247839?page=59,,,
2,1929,1929-10-13,Marietta (OH),Home,The Plains Athens (OH),35,0,-3.3,961,"Margin (+35) is a 1.6-sigma outlier vs this team's usual margin (-3.3 avg). | Recurs across 33 different seasons vs this same opponent -- looks like a real, stable HS conference rivalry. | Pre-1930 season -- college/HS crossover games were common this early.",The_Plain_Dealer_1929_10_13_25.csv,,,
2,1933,1933-10-08,Defiance (OH),Home,Bowling Green (OH),25,6,-1.0,862,"Opponent 'Bowling Green (OH)' is ALSO a risk-listed college-town name -- may be a college-vs-college guarantee game misfiled as HS, or confirms both sides need a look. | Recurs across 22 different seasons vs this same opponent -- looks like a real, stable HS conference rivalry. | 1930s/early-1940s season -- crossover games still happened, though less often than the 1920s.",The_Plain_Dealer_1933_10_08_22 (1).csv,,,
2,1933,1933-10-01,Defiance (OH),Home,Gibsonburg (OH),18,0,-1.0,862,"This opponent pairing is a one-off (not a recurring year-over-year matchup) -- more consistent with a one-time guarantee game than a conference rivalry. | 1930s/early-1940s season -- crossover games still happened, though less often than the 1920s.",The_Plain_Dealer_1933_10_01_21 (1).csv,,,
2,1933,1933-09-30,Findlay (OH),Home,Dennison (OH),13,0,2.7,1201,"This opponent pairing is a one-off (not a recurring year-over-year matchup) -- more consistent with a one-time guarantee game than a conference rivalry. | 1930s/early-1940s season -- crossover games still happened, though less often than the 1920s.",The_Plain_Dealer_1933_09_30_17.csv,,,
2,1932,1932-10-09,Bowling Green (OH),Home,Defiance (OH),7,0,-2.0,691,"Opponent 'Defiance (OH)' is ALSO a risk-listed college-town name -- may be a college-vs-college guarantee game misfiled as HS, or confirms both sides need a look. | Recurs across 22 different seasons vs this same opponent -- looks like a real, stable HS conference rivalry. | 1930s/early-1940s season -- crossover games still happened, though less often than the 1920s.",The_Plain_Dealer_1932_10_09_20.csv,,,
2,1930,1930-10-12,Bowling Green (OH),Home,Defiance (OH),7,6,-2.0,691,"Opponent 'Defiance (OH)' is ALSO a risk-listed college-town name -- may be a college-vs-college guarantee game misfiled as HS, or confirms both sides need a look. | Recurs across 22 different seasons vs this same opponent -- looks like a real, stable HS conference rivalry. | 1930s/early-1940s season -- crossover games still happened, though less often than the 1920s.",The_Plain_Dealer_1930_10_12_24 (1).csv,,,
2,1944,1944-11-04,Hastings (NE),Home,York (NE),39,12,-1.5,909,"Opponent 'York (NE)' is ALSO a risk-listed college-town name -- may be a college-vs-college guarantee game misfiled as HS, or confirms both sides need a look. | Recurs across 40 different seasons vs this same opponent -- looks like a real, stable HS conference rivalry. | 1930s/early-1940s season -- crossover games still happened, though less often than the 1920s.",Omaha_World_Herald_1944_11_04_9 (1).csv,,,
2,1925,1925-10-18,Minot (ND),Home,Mandan (ND),67,0,7.4,1098,"Margin (+67) is a 2.5-sigma outlier vs this team's usual margin (7.4 avg). | Recurs across 95 different seasons vs this same opponent -- looks like a real, stable HS conference rivalry. | Pre-1930 season -- college/HS crossover games were common this early.",The_Forum_1925_10_18_17.csv,,,
2,1942,1942-09-18,Findlay (OH),Home,Bowling Green (OH),27,6,2.7,1201,"Opponent 'Bowling Green (OH)' is ALSO a risk-listed college-town name -- may be a college-vs-college guarantee game misfiled as HS, or confirms both sides need a look. | Recurs across 38 different seasons vs this same opponent -- looks like a real, stable HS conference rivalry. | 1930s/early-1940s season -- crossover games still happened, though less often than the 1920s.",https://www.classmates.com/siteui/yearbooks/4182714257?page=25,,,
2,1921,1921-11-11,Danville (IL),Home,Fithian Oakwood (IL),80,0,4.2,926,"Margin (+80) is a 3.3-sigma outlier vs this team's usual margin (4.2 avg). | Recurs across 6 different seasons vs this same opponent -- looks like a real, stable HS conference rivalry. | Pre-1930 season -- college/HS crossover games were common this early.",http://www.classmates.com/siteui/yearbooks/4182821426?page=72,,,
2,1937,1937-10-15,Albion (MI),Home,Adrian (MI),6,0,-4.1,550,"Opponent 'Adrian (MI)' is ALSO a risk-listed college-town name -- may be a college-vs-college guarantee game misfiled as HS, or confirms both sides need a look. | Recurs across 22 different seasons vs this same opponent -- looks like a real, stable HS conference rivalry. | 1930s/early-1940s season -- crossover games still happened, though less often than the 1920s.",http://www.classmates.com/siteui/yearbooks/61321?page=52,,,
2,1922,1922-10-13,Minot (ND),Home,Rugby (ND),49,0,7.4,1098,"Margin (+49) is a 1.8-sigma outlier vs this team's usual margin (7.4 avg). | Recurs across 12 different seasons vs this same opponent -- looks like a real, stable HS conference rivalry. | Pre-1930 season -- college/HS crossover games were common this early.",http://www.bhs.bismarckschools.org/bhs/bhsathletics/throwers/history-of-bismarck-high-football/,,,
2,1926,1926-10-15,Moorhead (MN),Home,Fergus Falls (MN),39,0,7.8,900,"Margin (+39) is a 1.5-sigma outlier vs this team's usual margin (7.8 avg). | Recurs across 52 different seasons vs this same opponent -- looks like a real, stable HS conference rivalry. | Pre-1930 season -- college/HS crossover games were common this early.",http://www.classmates.com/siteui/yearbooks/61867?page=85,,,
2,1937,1937-10-30,Winona (MN),Visitor,Austin (MN),6,19,-3.4,915,"Opponent 'Austin (MN)' is ALSO a risk-listed college-town name -- may be a college-vs-college guarantee game misfiled as HS, or confirms both sides need a look. | Recurs across 91 different seasons vs this same opponent -- looks like a real, stable HS conference rivalry. | 1930s/early-1940s season -- crossover games still happened, though less often than the 1920s.",Star_Tribune_1937_10_30_Page_20.csv,,,
2,1936,1936-10-31,Mayville (ND),Visitor,Page (ND),0,12,-3.0,134,"This opponent pairing is a one-off (not a recurring year-over-year matchup) -- more consistent with a one-time guarantee game than a conference rivalry. | 1930s/early-1940s season -- crossover games still happened, though less often than the 1920s.",Star_Tribune_1936_10_31_Page_22 (1).csv,,,
2,1936,1936-10-17,Yankton (SD),Visitor,Huron (SD),12,33,8.4,975,"Opponent 'Huron (SD)' is ALSO a risk-listed college-town name -- may be a college-vs-college guarantee game misfiled as HS, or confirms both sides need a look. | Recurs across 83 different seasons vs this same opponent -- looks like a real, stable HS conference rivalry. | 1930s/early-1940s season -- crossover games still happened, though less often than the 1920s.",Star_Tribune_1936_10_17_Page_24.csv,,,
2,1935,1935-09-28,Winona (MN),Visitor,Mankato (MN),0,19,-3.4,915,"Opponent 'Mankato (MN)' is ALSO a risk-listed college-town name -- may be a college-vs-college guarantee game misfiled as HS, or confirms both sides need a look. | Recurs across 32 different seasons vs this same opponent -- looks like a real, stable HS conference rivalry. | 1930s/early-1940s season -- crossover games still happened, though less often than the 1920s.",Star_Tribune_1935_09_28_Page_21.csv,,,
2,1926,1926-10-09,Mankato (MN),Home,Sleepy Eye (MN),36,0,2.3,366,"Margin (+36) is a 1.8-sigma outlier vs this team's usual margin (2.3 avg). | Recurs across 5 different seasons vs this same opponent -- looks like a real, stable HS conference rivalry. | Pre-1930 season -- college/HS crossover games were common this early.",Star_Tribune_1926_10_09_Page_30.csv,,,
2,1926,1926-10-02,Huron (SD),Home,Clark (SD),38,0,-4.9,908,"Margin (+38) is a 2.1-sigma outlier vs this team's usual margin (-4.9 avg). | Recurs across 3 different seasons vs this same opponent -- looks like a real, stable HS conference rivalry. | Pre-1930 season -- college/HS crossover games were common this early.",Star_Tribune_1926_10_02_Page_38.csv,,,
2,1925,1925-11-07,Yankton (SD),Home,Avon (SD),7,7,8.4,975,Pre-1930 season -- college/HS crossover games were common this early.,Star_Tribune_1925_11_07_Page_29.csv,,,
2,1933,1933-09-23,Sioux Falls (SD),Home,Hawarden West Sioux (IA),7,0,7.5,125,"This opponent pairing is a one-off (not a recurring year-over-year matchup) -- more consistent with a one-time guarantee game than a conference rivalry. | 1930s/early-1940s season -- crossover games still happened, though less often than the 1920s.",The_Des_Moines_Register_1933_09_23_Page_8.csv,,,
2,1933,1933-10-07,York (NE),Home,Hastings (NE),6,6,-0.5,821,"Opponent 'Hastings (NE)' is ALSO a risk-listed college-town name -- may be a college-vs-college guarantee game misfiled as HS, or confirms both sides need a look. | Recurs across 40 different seasons vs this same opponent -- looks like a real, stable HS conference rivalry. | 1930s/early-1940s season -- crossover games still happened, though less often than the 1920s.",The_Des_Moines_Register_1933_10_07_Page_8.csv,,,
2,1938,1938-10-29,Jamestown (ND),Home,Valley City (ND),15,6,3.9,347,"Opponent 'Valley City (ND)' is ALSO a risk-listed college-town name -- may be a college-vs-college guarantee game misfiled as HS, or confirms both sides need a look. | Recurs across 43 different seasons vs this same opponent -- looks like a real, stable HS conference rivalry. | 1930s/early-1940s season -- crossover games still happened, though less often than the 1920s.",Star_Tribune_1938_10_29_Page_18 (1).csv,,,
2,1937,1937-11-06,Minot (ND),Home,Crosby Divide County (ND),41,0,7.4,1098,"This opponent pairing is a one-off (not a recurring year-over-year matchup) -- more consistent with a one-time guarantee game than a conference rivalry. | 1930s/early-1940s season -- crossover games still happened, though less often than the 1920s.",Star_Tribune_1937_11_06_Page_23.csv,,,
2,1937,1937-10-30,Austin (MN),Home,Winona (MN),19,6,1.7,1094,"Opponent 'Winona (MN)' is ALSO a risk-listed college-town name -- may be a college-vs-college guarantee game misfiled as HS, or confirms both sides need a look. | Recurs across 91 different seasons vs this same opponent -- looks like a real, stable HS conference rivalry. | 1930s/early-1940s season -- crossover games still happened, though less often than the 1920s.",Star_Tribune_1937_10_30_Page_20.csv,,,
2,1932,1932-10-15,Albion (MI),Visitor,Hillsdale (MI),6,19,-4.1,550,"Opponent 'Hillsdale (MI)' is ALSO a risk-listed college-town name -- may be a college-vs-college guarantee game misfiled as HS, or confirms both sides need a look. | Recurs across 20 different seasons vs this same opponent -- looks like a real, stable HS conference rivalry. | 1930s/early-1940s season -- crossover games still happened, though less often than the 1920s.",The_Bay_City_Times_1932_10_15_5.csv,,,
2,1928,1928-09-23,Albion (MI),Visitor,Kalamazoo Central (MI),0,2,-4.1,550,Pre-1930 season -- college/HS crossover games were common this early.,The_Bay_City_Times_1928_09_23_25.csv,,,
2,1935,1935-10-06,Hillsdale (MI),Visitor,Albion (MI),7,19,-1.6,695,"Opponent 'Albion (MI)' is ALSO a risk-listed college-town name -- may be a college-vs-college guarantee game misfiled as HS, or confirms both sides need a look. | Recurs across 20 different seasons vs this same opponent -- looks like a real, stable HS conference rivalry. | 1930s/early-1940s season -- crossover games still happened, though less often than the 1920s.",The_Bay_City_Times_1935_10_06_11.csv,,,
2,1934,1934-11-03,Albion (MI),Visitor,Adrian (MI),6,19,-4.1,550,"Opponent 'Adrian (MI)' is ALSO a risk-listed college-town name -- may be a college-vs-college guarantee game misfiled as HS, or confirms both sides need a look. | Recurs across 22 different seasons vs this same opponent -- looks like a real, stable HS conference rivalry. | 1930s/early-1940s season -- crossover games still happened, though less often than the 1920s.",The_Bay_City_Times_1934_11_03_6.csv,,,
2,1933,1933-11-18,Adrian (MI),Visitor,Hillsdale (MI),6,6,0.9,877,"Opponent 'Hillsdale (MI)' is ALSO a risk-listed college-town name -- may be a college-vs-college guarantee game misfiled as HS, or confirms both sides need a look. | Recurs across 19 different seasons vs this same opponent -- looks like a real, stable HS conference rivalry. | 1930s/early-1940s season -- crossover games still happened, though less often than the 1920s.",The_Bay_City_Times_1933_11_18_5.csv,,,
2,1938,1938-10-22,Hillsdale (MI),Visitor,Adrian (MI),14,14,-1.6,695,"Opponent 'Adrian (MI)' is ALSO a risk-listed college-town name -- may be a college-vs-college guarantee game misfiled as HS, or confirms both sides need a look. | Recurs across 19 different seasons vs this same opponent -- looks like a real, stable HS conference rivalry. | 1930s/early-1940s season -- crossover games still happened, though less often than the 1920s.",The_Bay_City_Times_1938_10_22_8.csv,,,
2,1938,1938-10-15,Adrian (MI),Visitor,Albion (MI),7,12,0.9,877,"Opponent 'Albion (MI)' is ALSO a risk-listed college-town name -- may be a college-vs-college guarantee game misfiled as HS, or confirms both sides need a look. | Recurs across 22 different seasons vs this same opponent -- looks like a real, stable HS conference rivalry. | 1930s/early-1940s season -- crossover games still happened, though less often than the 1920s.",The_Bay_City_Times_1938_10_15_7.csv,,,
2,1938,1938-10-15,Grinnell (IA),Home,Bondurant (IA),26,8,1.7,1110,"This opponent pairing is a one-off (not a recurring year-over-year matchup) -- more consistent with a one-time guarantee game than a conference rivalry. | 1930s/early-1940s season -- crossover games still happened, though less often than the 1920s.",The_Des_Moines_Register_1938_10_15_Page_6.csv,,,
2,1935,1935-09-28,Mankato (MN),Home,Winona (MN),19,0,2.3,366,"Opponent 'Winona (MN)' is ALSO a risk-listed college-town name -- may be a college-vs-college guarantee game misfiled as HS, or confirms both sides need a look. | Recurs across 32 different seasons vs this same opponent -- looks like a real, stable HS conference rivalry. | 1930s/early-1940s season -- crossover games still happened, though less often than the 1920s.",Star_Tribune_1935_09_28_Page_21.csv,,,
2,1933,1933-09-16,Minot (ND),Home,Minot Alumni (MN),0,0,7.4,1098,"This opponent pairing is a one-off (not a recurring year-over-year matchup) -- more consistent with a one-time guarantee game than a conference rivalry. | 1930s/early-1940s season -- crossover games still happened, though less often than the 1920s.",Star_Tribune_1933_09_16_Page_20.csv,,,
2,1931,1931-10-17,Mayville (ND),Home,Anita (IA),6,0,-3.0,134,"This opponent pairing is a one-off (not a recurring year-over-year matchup) -- more consistent with a one-time guarantee game than a conference rivalry. | 1930s/early-1940s season -- crossover games still happened, though less often than the 1920s.",Star_Tribune_1931_10_17_Page_27.csv,,,
2,1930,1930-10-04,Jamestown (ND),Home,Minot (ND),6,0,3.9,347,"Opponent 'Minot (ND)' is ALSO a risk-listed college-town name -- may be a college-vs-college guarantee game misfiled as HS, or confirms both sides need a look. | Recurs across 25 different seasons vs this same opponent -- looks like a real, stable HS conference rivalry. | 1930s/early-1940s season -- crossover games still happened, though less often than the 1920s.",Star_Tribune_1930_10_04_Page_27 (1).csv,,,
2,1927,1927-11-12,Yankton (SD),Home,Avon (SD),12,0,8.4,975,Pre-1930 season -- college/HS crossover games were common this early.,Star_Tribune_1927_11_12_Page_25.csv,,,
2,1939,1939-10-21,Jamestown (ND),Home,Valley City (ND),12,6,3.9,347,"Opponent 'Valley City (ND)' is ALSO a risk-listed college-town name -- may be a college-vs-college guarantee game misfiled as HS, or confirms both sides need a look. | Recurs across 43 different seasons vs this same opponent -- looks like a real, stable HS conference rivalry. | 1930s/early-1940s season -- crossover games still happened, though less often than the 1920s.",The_Forum_1939_10_21_7.csv,,,
2,1943,1943-10-09,Wahpeton (ND),Home,Jamestown (ND),13,7,-2.7,888,"Opponent 'Jamestown (ND)' is ALSO a risk-listed college-town name -- may be a college-vs-college guarantee game misfiled as HS, or confirms both sides need a look. | Recurs across 17 different seasons vs this same opponent -- looks like a real, stable HS conference rivalry. | 1930s/early-1940s season -- crossover games still happened, though less often than the 1920s.",Star_Tribune_1943_10_09_Page_8.csv,,,
2,1932,1932-10-29,Moorhead (MN),Visitor,Milbank (SD),0,7,7.8,900,"This opponent pairing is a one-off (not a recurring year-over-year matchup) -- more consistent with a one-time guarantee game than a conference rivalry. | 1930s/early-1940s season -- crossover games still happened, though less often than the 1920s.",Star_Tribune_1932_10_29_Page_25.csv,,,
2,1930,1930-10-04,Minot (ND),Visitor,Jamestown (ND),0,6,7.4,1098,"Opponent 'Jamestown (ND)' is ALSO a risk-listed college-town name -- may be a college-vs-college guarantee game misfiled as HS, or confirms both sides need a look. | Recurs across 25 different seasons vs this same opponent -- looks like a real, stable HS conference rivalry. | 1930s/early-1940s season -- crossover games still happened, though less often than the 1920s.",Star_Tribune_1930_10_04_Page_27 (1).csv,,,
2,1925,1925-10-02,Valley City (ND),Home,Mandan (ND),41,0,1.2,953,"Margin (+41) is a 1.7-sigma outlier vs this team's usual margin (1.2 avg). | Recurs across 14 different seasons vs this same opponent -- looks like a real, stable HS conference rivalry. | Pre-1930 season -- college/HS crossover games were common this early.",http://www.bhs.bismarckschools.org/bhs/bhsathletics/throwers/history-of-bismarck-high-football/,,,
2,1941,1941-09-26,Minot (ND),Home,Dickinson (ND),19,0,7.4,1098,"Opponent 'Dickinson (ND)' is ALSO a risk-listed college-town name -- may be a college-vs-college guarantee game misfiled as HS, or confirms both sides need a look. | Recurs across 74 different seasons vs this same opponent -- looks like a real, stable HS conference rivalry. | 1930s/early-1940s season -- crossover games still happened, though less often than the 1920s.",http://www.bhs.bismarckschools.org/bhs/bhsathletics/throwers/history-of-bismarck-high-football/,,,
2,1941,1941-10-18,Jamestown (ND),Home,Valley City (ND),40,6,3.9,347,"Opponent 'Valley City (ND)' is ALSO a risk-listed college-town name -- may be a college-vs-college guarantee game misfiled as HS, or confirms both sides need a look. | Recurs across 43 different seasons vs this same opponent -- looks like a real, stable HS conference rivalry. | 1930s/early-1940s season -- crossover games still happened, though less often than the 1920s.",The_Forum_1941_10_18_9.csv,,,
2,1929,1929-09-28,Defiance (OH),Home,Auburn (IN),26,6,-1.0,862,Pre-1930 season -- college/HS crossover games were common this early.,http://ifca.zebras.net/ifca/candler/football.htm,,,
2,1924,1924-10-17,Minot (ND),Home,Kenmare (ND),59,3,7.4,1098,"Margin (+56) is a 2.1-sigma outlier vs this team's usual margin (7.4 avg). | Recurs across 12 different seasons vs this same opponent -- looks like a real, stable HS conference rivalry. | Pre-1930 season -- college/HS crossover games were common this early.",http://www.bhs.bismarckschools.org/bhs/bhsathletics/throwers/history-of-bismarck-high-football/,,,
2,1921,1921-10-07,Wheaton (IL),Home,Riverside-Brookfield (IL),47,6,7.9,278,Pre-1930 season -- college/HS crossover games were common this early.,http://www.classmates.com/yearbooks/Wheaton-Community-High-School/105245?page=52,,,
2,1940,1940-10-11,Grinnell (IA),Home,Eldora State Training School for Boys (IA),33,0,1.7,1110,"This opponent pairing is a one-off (not a recurring year-over-year matchup) -- more consistent with a one-time guarantee game than a conference rivalry. | 1930s/early-1940s season -- crossover games still happened, though less often than the 1920s.",http://www.classmates.com/yearbooks/Grinnell-Community-High-School/1000247888/?page=22,,,
2,1944,1944-10-27,Rochester (MN),Home,Winona (MN),6,6,5.8,272,"Opponent 'Winona (MN)' is ALSO a risk-listed college-town name -- may be a college-vs-college guarantee game misfiled as HS, or confirms both sides need a look. | Recurs across 31 different seasons vs this same opponent -- looks like a real, stable HS conference rivalry. | 1930s/early-1940s season -- crossover games still happened, though less often than the 1920s.",http://www.classmates.com/yearbooks/Winona-High-School/181644?page=62,,,
2,1927,1927-11-25,Marietta (OH),Home,Saint Marys (WV),41,0,-3.3,961,"Margin (+41) is a 1.9-sigma outlier vs this team's usual margin (-3.3 avg). | Recurs across 28 different seasons vs this same opponent -- looks like a real, stable HS conference rivalry. | Pre-1930 season -- college/HS crossover games were common this early.",The_Plain_Dealer_1927_11_25_18 (1).csv,,,
2,1929,1929-10-04,Mankato (MN),Home,Fairmont (MN),39,7,2.3,366,"Margin (+32) is a 1.6-sigma outlier vs this team's usual margin (2.3 avg). | Recurs across 7 different seasons vs this same opponent -- looks like a real, stable HS conference rivalry. | Pre-1930 season -- college/HS crossover games were common this early.",https://www.classmates.com/siteui/yearbooks/60897?page=102,,,
2,1943,1943-09-18,Bemidji (MN),Home,Devils Lake (ND),6,0,5.1,737,"This opponent pairing is a one-off (not a recurring year-over-year matchup) -- more consistent with a one-time guarantee game than a conference rivalry. | 1930s/early-1940s season -- crossover games still happened, though less often than the 1920s.",Star_Tribune_1943_09_18_Page_7.csv,,,
2,1938,1938-11-05,Mankato (MN),Home,Saint Paul Harding (MN),7,0,2.3,366,"This opponent pairing is a one-off (not a recurring year-over-year matchup) -- more consistent with a one-time guarantee game than a conference rivalry. | 1930s/early-1940s season -- crossover games still happened, though less often than the 1920s.",Star_Tribune_1938_11_05_Page_18.csv,,,
2,1930,1930-11-01,Moorhead (MN),Home,Jamestown (ND),13,12,7.8,900,"Opponent 'Jamestown (ND)' is ALSO a risk-listed college-town name -- may be a college-vs-college guarantee game misfiled as HS, or confirms both sides need a look. | Recurs across 4 different seasons vs this same opponent -- looks like a real, stable HS conference rivalry. | 1930s/early-1940s season -- crossover games still happened, though less often than the 1920s.",The_Forum_1930_11_01_13.csv,,,
2,1940,1940-09-28,Jamestown (ND),Home,East Grand Forks Sacred Heart (MN),27,7,3.9,347,"This opponent pairing is a one-off (not a recurring year-over-year matchup) -- more consistent with a one-time guarantee game than a conference rivalry. | 1930s/early-1940s season -- crossover games still happened, though less often than the 1920s.",The_Forum_1940_09_28_7.csv,,,
2,1931,1931-10-17,Mayville (ND),Home,Aneta Nelson County (ND),6,0,-3.0,134,"This opponent pairing is a one-off (not a recurring year-over-year matchup) -- more consistent with a one-time guarantee game than a conference rivalry. | 1930s/early-1940s season -- crossover games still happened, though less often than the 1920s.",The_Forum_1931_10_17_11.csv,,,
2,1925,1925-10-17,Yankton (SD),Visitor,Wagner (SD),0,39,8.4,975,"Margin (-39) is a 2.3-sigma outlier vs this team's usual margin (8.4 avg). | Recurs across 7 different seasons vs this same opponent -- looks like a real, stable HS conference rivalry. | Pre-1930 season -- college/HS crossover games were common this early.",The_Forum_1925_10_17_10.csv,,,
2,1925,1925-10-11,Wahpeton (ND),Visitor,Milnor (ND),6,7,-2.7,888,Pre-1930 season -- college/HS crossover games were common this early.,The_Forum_1925_10_11_16.csv,,,
2,1936,1936-09-19,Jamestown (ND),Visitor,Canton Augustana Academy (SD),12,25,3.9,347,"This opponent pairing is a one-off (not a recurring year-over-year matchup) -- more consistent with a one-time guarantee game than a conference rivalry. | 1930s/early-1940s season -- crossover games still happened, though less often than the 1920s.",Rapid_City_Journal_1936_09_19_6.csv,,,
2,1926,1926-10-24,Marietta (OH),Visitor,Ashland (KY),2,20,-3.3,961,Pre-1930 season -- college/HS crossover games were common this early.,The_Plain_Dealer_1926_10_24_28.csv,,,
2,1940,1940-10-12,Ashland (OH),Visitor,Wooster (OH),0,13,1.4,651,"Opponent 'Wooster (OH)' is ALSO a risk-listed college-town name -- may be a college-vs-college guarantee game misfiled as HS, or confirms both sides need a look. | Recurs across 59 different seasons vs this same opponent -- looks like a real, stable HS conference rivalry. | 1930s/early-1940s season -- crossover games still happened, though less often than the 1920s.",The_Akron_Beacon_Journal_1940_10_12_Page_11.csv,,,
2,1937,1937-10-02,Hillsdale (MI),Visitor,Albion (MI),0,33,-1.6,695,"Opponent 'Albion (MI)' is ALSO a risk-listed college-town name -- may be a college-vs-college guarantee game misfiled as HS, or confirms both sides need a look. | Recurs across 20 different seasons vs this same opponent -- looks like a real, stable HS conference rivalry. | 1930s/early-1940s season -- crossover games still happened, though less often than the 1920s.",The_Bay_City_Times_1937_10_02_6.csv,,,
2,1936,1936-09-27,Hillsdale (MI),Visitor,Grand Rapids South (MI),7,45,-1.6,695,"This opponent pairing is a one-off (not a recurring year-over-year matchup) -- more consistent with a one-time guarantee game than a conference rivalry. | 1930s/early-1940s season -- crossover games still happened, though less often than the 1920s.",The_Bay_City_Times_1936_09_27_13.csv,,,
2,1944,1944-11-11,Kent (OH),Visitor,Akron St. Vincent (OH),6,18,-16.7,23,"This opponent pairing is a one-off (not a recurring year-over-year matchup) -- more consistent with a one-time guarantee game than a conference rivalry. | 1930s/early-1940s season -- crossover games still happened, though less often than the 1920s.",The_Zanesville_Signal_1944_11_11_7.csv,,,
2,1940,1940-09-28,Bowling Green (OH),Visitor,Findlay (OH),0,34,-2.0,691,"Opponent 'Findlay (OH)' is ALSO a risk-listed college-town name -- may be a college-vs-college guarantee game misfiled as HS, or confirms both sides need a look. | Recurs across 38 different seasons vs this same opponent -- looks like a real, stable HS conference rivalry. | 1930s/early-1940s season -- crossover games still happened, though less often than the 1920s.",The_Akron_Beacon_Journal_1940_09_28_Page_10.csv,,,
2,1936,1936-10-17,Huron (SD),Home,Yankton (SD),33,12,-4.9,908,"Opponent 'Yankton (SD)' is ALSO a risk-listed college-town name -- may be a college-vs-college guarantee game misfiled as HS, or confirms both sides need a look. | Recurs across 83 different seasons vs this same opponent -- looks like a real, stable HS conference rivalry. | 1930s/early-1940s season -- crossover games still happened, though less often than the 1920s.",Star_Tribune_1936_10_17_Page_24.csv,,,
2,1944,1944-10-21,Valley City (ND),Home,Jamestown (ND),6,0,1.2,953,"Opponent 'Jamestown (ND)' is ALSO a risk-listed college-town name -- may be a college-vs-college guarantee game misfiled as HS, or confirms both sides need a look. | Recurs across 43 different seasons vs this same opponent -- looks like a real, stable HS conference rivalry. | 1930s/early-1940s season -- crossover games still happened, though less often than the 1920s.",Star_Tribune_1944_10_21_Page_8 (1).csv,,,
2,1944,1944-10-14,Dickinson (ND),Home,Minot (ND),9,0,-0.9,982,"Opponent 'Minot (ND)' is ALSO a risk-listed college-town name -- may be a college-vs-college guarantee game misfiled as HS, or confirms both sides need a look. | Recurs across 74 different seasons vs this same opponent -- looks like a real, stable HS conference rivalry. | 1930s/early-1940s season -- crossover games still happened, though less often than the 1920s.",Star_Tribune_1944_10_14_Page_9 (1).csv,,,
2,1943,1943-10-23,Wahpeton (ND),Home,Valley City (ND),20,0,-2.7,888,"Opponent 'Valley City (ND)' is ALSO a risk-listed college-town name -- may be a college-vs-college guarantee game misfiled as HS, or confirms both sides need a look. | Recurs across 54 different seasons vs this same opponent -- looks like a real, stable HS conference rivalry. | 1930s/early-1940s season -- crossover games still happened, though less often than the 1920s.",Star_Tribune_1943_10_23_Page_7.csv,,,
2,1938,1938-10-01,Mankato (MN),Home,Saint Cloud (MN),13,0,2.3,366,"This opponent pairing is a one-off (not a recurring year-over-year matchup) -- more consistent with a one-time guarantee game than a conference rivalry. | 1930s/early-1940s season -- crossover games still happened, though less often than the 1920s.",The_Forum_1938_10_01_7.csv,,,
2,1937,1937-10-02,Jamestown (ND),Home,Valley City (ND),13,0,3.9,347,"Opponent 'Valley City (ND)' is ALSO a risk-listed college-town name -- may be a college-vs-college guarantee game misfiled as HS, or confirms both sides need a look. | Recurs across 43 different seasons vs this same opponent -- looks like a real, stable HS conference rivalry. | 1930s/early-1940s season -- crossover games still happened, though less often than the 1920s.",The_Forum_1937_10_02_11.csv,,,
2,1937,1937-09-18,Minot (ND),Home,Underwood (ND),39,0,7.4,1098,"This opponent pairing is a one-off (not a recurring year-over-year matchup) -- more consistent with a one-time guarantee game than a conference rivalry. | 1930s/early-1940s season -- crossover games still happened, though less often than the 1920s.",The_Forum_1937_09_18_11.csv,,,
2,1936,1936-10-31,Huron (SD),Home,Doland (SD),26,6,-4.9,908,"This opponent pairing is a one-off (not a recurring year-over-year matchup) -- more consistent with a one-time guarantee game than a conference rivalry. | 1930s/early-1940s season -- crossover games still happened, though less often than the 1920s.",The_Forum_1936_10_31_16.csv,,,
2,1941,1941-09-12,Austin (MN),Home,Rochester (MN),29,6,1.7,1094,"Opponent 'Rochester (MN)' is ALSO a risk-listed college-town name -- may be a college-vs-college guarantee game misfiled as HS, or confirms both sides need a look. | Recurs across 45 different seasons vs this same opponent -- looks like a real, stable HS conference rivalry. | 1930s/early-1940s season -- crossover games still happened, though less often than the 1920s.",http://www.classmates.com/yearbooks/Austin-High-School/63739?page=26,,,
2,1942,1942-09-18,Austin (MN),Home,Rochester (MN),6,0,1.7,1094,"Opponent 'Rochester (MN)' is ALSO a risk-listed college-town name -- may be a college-vs-college guarantee game misfiled as HS, or confirms both sides need a look. | Recurs across 45 different seasons vs this same opponent -- looks like a real, stable HS conference rivalry. | 1930s/early-1940s season -- crossover games still happened, though less often than the 1920s.",http://www.classmates.com/yearbooks/Austin-High-School/63464?page=86,,,
2,1938,1938-11-11,Austin (MN),Home,Winona (MN),26,0,1.7,1094,"Opponent 'Winona (MN)' is ALSO a risk-listed college-town name -- may be a college-vs-college guarantee game misfiled as HS, or confirms both sides need a look. | Recurs across 91 different seasons vs this same opponent -- looks like a real, stable HS conference rivalry. | 1930s/early-1940s season -- crossover games still happened, though less often than the 1920s.",http://www.classmates.com/yearbooks/Austin-High-School/53155?page=104,,,
2,1941,1941-11-14,Monmouth (IL),Home,Monmouth Alumni (IL),7,6,-2.7,640,"This opponent pairing is a one-off (not a recurring year-over-year matchup) -- more consistent with a one-time guarantee game than a conference rivalry. | 1930s/early-1940s season -- crossover games still happened, though less often than the 1920s.",http://www.classmates.com/siteui/yearbooks/90609?page=41,,,
2,1920,1920-11-06,Wheaton (IL),Home,Hinsdale Central (IL),46,0,7.9,278,"Margin (+46) is a 1.6-sigma outlier vs this team's usual margin (7.9 avg). | Recurs across 4 different seasons vs this same opponent -- looks like a real, stable HS conference rivalry. | Pre-1930 season -- college/HS crossover games were common this early.",https://www.newspapers.com/image/28989726,,,
2,1944,1944-10-21,Jamestown (ND),Visitor,Valley City (ND),0,6,3.9,347,"Opponent 'Valley City (ND)' is ALSO a risk-listed college-town name -- may be a college-vs-college guarantee game misfiled as HS, or confirms both sides need a look. | Recurs across 43 different seasons vs this same opponent -- looks like a real, stable HS conference rivalry. | 1930s/early-1940s season -- crossover games still happened, though less often than the 1920s.",Star_Tribune_1944_10_21_Page_8 (1).csv,,,
2,1944,1944-10-14,Minot (ND),Visitor,Dickinson (ND),0,9,7.4,1098,"Opponent 'Dickinson (ND)' is ALSO a risk-listed college-town name -- may be a college-vs-college guarantee game misfiled as HS, or confirms both sides need a look. | Recurs across 74 different seasons vs this same opponent -- looks like a real, stable HS conference rivalry. | 1930s/early-1940s season -- crossover games still happened, though less often than the 1920s.",Star_Tribune_1944_10_14_Page_9 (1).csv,,,
2,1944,1944-10-07,Rochester (MN),Visitor,Marshall (MN),6,6,5.8,272,"This opponent pairing is a one-off (not a recurring year-over-year matchup) -- more consistent with a one-time guarantee game than a conference rivalry. | 1930s/early-1940s season -- crossover games still happened, though less often than the 1920s.",Star_Tribune_1944_10_07_Page_9.csv,,,
2,1943,1943-10-23,Valley City (ND),Visitor,Wahpeton (ND),0,20,1.2,953,"Opponent 'Wahpeton (ND)' is ALSO a risk-listed college-town name -- may be a college-vs-college guarantee game misfiled as HS, or confirms both sides need a look. | Recurs across 54 different seasons vs this same opponent -- looks like a real, stable HS conference rivalry. | 1930s/early-1940s season -- crossover games still happened, though less often than the 1920s.",Star_Tribune_1943_10_23_Page_7.csv,,,
2,1939,1939-10-21,Valley City (ND),Visitor,Jamestown (ND),6,12,1.2,953,"Opponent 'Jamestown (ND)' is ALSO a risk-listed college-town name -- may be a college-vs-college guarantee game misfiled as HS, or confirms both sides need a look. | Recurs across 43 different seasons vs this same opponent -- looks like a real, stable HS conference rivalry. | 1930s/early-1940s season -- crossover games still happened, though less often than the 1920s.",The_Forum_1939_10_21_7.csv,,,
2,1943,1943-10-09,Jamestown (ND),Visitor,Wahpeton (ND),7,13,3.9,347,"Opponent 'Wahpeton (ND)' is ALSO a risk-listed college-town name -- may be a college-vs-college guarantee game misfiled as HS, or confirms both sides need a look. | Recurs across 17 different seasons vs this same opponent -- looks like a real, stable HS conference rivalry. | 1930s/early-1940s season -- crossover games still happened, though less often than the 1920s.",Star_Tribune_1943_10_09_Page_8.csv,,,
2,1930,1930-11-08,Valley City (ND),Home,Jamestown (ND),6,0,1.2,953,"Opponent 'Jamestown (ND)' is ALSO a risk-listed college-town name -- may be a college-vs-college guarantee game misfiled as HS, or confirms both sides need a look. | Recurs across 43 different seasons vs this same opponent -- looks like a real, stable HS conference rivalry. | 1930s/early-1940s season -- crossover games still happened, though less often than the 1920s.",The_Forum_1930_11_08_11.csv,,,
2,1940,1940-10-12,Mankato (MN),Home,Rochester (MN),18,0,2.3,366,"Opponent 'Rochester (MN)' is ALSO a risk-listed college-town name -- may be a college-vs-college guarantee game misfiled as HS, or confirms both sides need a look. | Recurs across 28 different seasons vs this same opponent -- looks like a real, stable HS conference rivalry. | 1930s/early-1940s season -- crossover games still happened, though less often than the 1920s.",The_Minneapolis_Star_1940_10_12_Page_6.csv,,,
2,1940,1940-09-28,Austin (MN),Home,Rochester (MN),34,0,1.7,1094,"Opponent 'Rochester (MN)' is ALSO a risk-listed college-town name -- may be a college-vs-college guarantee game misfiled as HS, or confirms both sides need a look. | Recurs across 45 different seasons vs this same opponent -- looks like a real, stable HS conference rivalry. | 1930s/early-1940s season -- crossover games still happened, though less often than the 1920s.",The_Minneapolis_Star_1940_09_28_Page_8.csv,,,
2,1940,1940-09-28,Sioux Falls (SD),Home,Duluth Denfeld (MN),13,7,7.5,125,"This opponent pairing is a one-off (not a recurring year-over-year matchup) -- more consistent with a one-time guarantee game than a conference rivalry. | 1930s/early-1940s season -- crossover games still happened, though less often than the 1920s.",The_Minneapolis_Star_1940_09_28_Page_8.csv,,,
2,1940,1940-09-21,Jamestown (ND),Home,Minot (ND),13,0,3.9,347,"Opponent 'Minot (ND)' is ALSO a risk-listed college-town name -- may be a college-vs-college guarantee game misfiled as HS, or confirms both sides need a look. | Recurs across 25 different seasons vs this same opponent -- looks like a real, stable HS conference rivalry. | 1930s/early-1940s season -- crossover games still happened, though less often than the 1920s.",The_Minneapolis_Star_1940_09_21_Page_6.csv,,,
2,1939,1939-11-04,Huron (SD),Home,Sioux Falls (SD),20,0,-4.9,908,"Opponent 'Sioux Falls (SD)' is ALSO a risk-listed college-town name -- may be a college-vs-college guarantee game misfiled as HS, or confirms both sides need a look. | Recurs across 4 different seasons vs this same opponent -- looks like a real, stable HS conference rivalry. | 1930s/early-1940s season -- crossover games still happened, though less often than the 1920s.",The_Minneapolis_Star_1939_11_04_Page_6.csv,,,
2,1939,1939-09-30,Mankato (MN),Home,Winona (MN),25,6,2.3,366,"Opponent 'Winona (MN)' is ALSO a risk-listed college-town name -- may be a college-vs-college guarantee game misfiled as HS, or confirms both sides need a look. | Recurs across 32 different seasons vs this same opponent -- looks like a real, stable HS conference rivalry. | 1930s/early-1940s season -- crossover games still happened, though less often than the 1920s.",The_Minneapolis_Star_1939_09_30_Page_9.csv,,,
2,1943,1943-09-27,Joliet (IL),Visitor,Chicago Weber (IL),6,12,-9.3,928,"This opponent pairing is a one-off (not a recurring year-over-year matchup) -- more consistent with a one-time guarantee game than a conference rivalry. | 1930s/early-1940s season -- crossover games still happened, though less often than the 1920s.",Chicago_Tribune_1943_09_27_24.csv,,,
2,1940,1940-09-21,Defiance (OH),Visitor,Findlay (OH),0,26,-1.0,862,"Opponent 'Findlay (OH)' is ALSO a risk-listed college-town name -- may be a college-vs-college guarantee game misfiled as HS, or confirms both sides need a look. | Recurs across 11 different seasons vs this same opponent -- looks like a real, stable HS conference rivalry. | 1930s/early-1940s season -- crossover games still happened, though less often than the 1920s.",The_Akron_Beacon_Journal_1940_09_21_Page_10.csv,,,
2,1943,1943-10-23,Hillsdale (MI),Visitor,Adrian (MI),13,48,-1.6,695,"Opponent 'Adrian (MI)' is ALSO a risk-listed college-town name -- may be a college-vs-college guarantee game misfiled as HS, or confirms both sides need a look. | Recurs across 19 different seasons vs this same opponent -- looks like a real, stable HS conference rivalry. | 1930s/early-1940s season -- crossover games still happened, though less often than the 1920s.",Lansing_State_Journal_1943_10_23_Page_8.csv,,,
2,1942,1942-10-03,Adrian (MI),Visitor,Albion (MI),0,6,0.9,877,"Opponent 'Albion (MI)' is ALSO a risk-listed college-town name -- may be a college-vs-college guarantee game misfiled as HS, or confirms both sides need a look. | Recurs across 22 different seasons vs this same opponent -- looks like a real, stable HS conference rivalry. | 1930s/early-1940s season -- crossover games still happened, though less often than the 1920s.",The_Bay_City_Times_1942_10_03_9.csv,,,
2,1921,1921-11-05,Grand Island (NE),Visitor,Ord (NE),7,0,6.2,931,Pre-1930 season -- college/HS crossover games were common this early.,Omaha_World_Herald_1921_11_05_20 (2).csv,,,
2,1941,1941-11-01,Albion (MI),Visitor,Kalamazoo St. Augustine (MI),2,6,-4.1,550,"This opponent pairing is a one-off (not a recurring year-over-year matchup) -- more consistent with a one-time guarantee game than a conference rivalry. | 1930s/early-1940s season -- crossover games still happened, though less often than the 1920s.",Detroit_Free_Press_1941_11_01_Page_15.csv,,,
2,1937,1937-09-25,Jamestown (ND),Home,Minot (ND),7,6,3.9,347,"Opponent 'Minot (ND)' is ALSO a risk-listed college-town name -- may be a college-vs-college guarantee game misfiled as HS, or confirms both sides need a look. | Recurs across 25 different seasons vs this same opponent -- looks like a real, stable HS conference rivalry. | 1930s/early-1940s season -- crossover games still happened, though less often than the 1920s.",The_Forum_1937_09_25_10.csv,,,
2,1925,1925-10-03,Bemidji (MN),Home,Park Rapids Area (MN),66,0,5.1,737,"Margin (+66) is a 2.9-sigma outlier vs this team's usual margin (5.1 avg). | Recurs across 22 different seasons vs this same opponent -- looks like a real, stable HS conference rivalry. | Pre-1930 season -- college/HS crossover games were common this early.",The_Minneapolis_Star_1925_10_03_Page_14.csv,,,
2,1924,1924-09-27,Yankton (SD),Home,Beresford (SD),28,0,8.4,975,Pre-1930 season -- college/HS crossover games were common this early.,The_Minneapolis_Star_1924_09_27_Page_9.csv,,,
2,1931,1931-11-07,Jamestown (ND),Home,Valley City (ND),21,0,3.9,347,"Opponent 'Valley City (ND)' is ALSO a risk-listed college-town name -- may be a college-vs-college guarantee game misfiled as HS, or confirms both sides need a look. | Recurs across 43 different seasons vs this same opponent -- looks like a real, stable HS conference rivalry. | 1930s/early-1940s season -- crossover games still happened, though less often than the 1920s.",The_Forum_1931_11_07_11.csv,,,
2,1941,1941-10-11,Jamestown (ND),Home,Wahpeton (ND),20,0,3.9,347,"Opponent 'Wahpeton (ND)' is ALSO a risk-listed college-town name -- may be a college-vs-college guarantee game misfiled as HS, or confirms both sides need a look. | Recurs across 17 different seasons vs this same opponent -- looks like a real, stable HS conference rivalry. | 1930s/early-1940s season -- crossover games still happened, though less often than the 1920s.",The_Minneapolis_Star_1941_10_11_Page_7 (1).csv,,,
2,1941,1941-10-11,Bemidji (MN),Home,Crookston Athletic Club (MN),13,0,5.1,737,"This opponent pairing is a one-off (not a recurring year-over-year matchup) -- more consistent with a one-time guarantee game than a conference rivalry. | 1930s/early-1940s season -- crossover games still happened, though less often than the 1920s.",The_Minneapolis_Star_1941_10_11_Page_7 (1).csv,,,
2,1941,1941-09-13,Jamestown (ND),Home,Ashley (ND),33,7,3.9,347,"This opponent pairing is a one-off (not a recurring year-over-year matchup) -- more consistent with a one-time guarantee game than a conference rivalry. | 1930s/early-1940s season -- crossover games still happened, though less often than the 1920s.",The_Minneapolis_Star_1941_09_13_Page_6.csv,,,
2,1941,1941-09-13,Rochester (MN),Home,Minneapolis South (MN),13,0,5.8,272,"This opponent pairing is a one-off (not a recurring year-over-year matchup) -- more consistent with a one-time guarantee game than a conference rivalry. | 1930s/early-1940s season -- crossover games still happened, though less often than the 1920s.",The_Minneapolis_Star_1941_09_13_Page_6.csv,,,
2,1938,1938-10-29,Valley City (ND),Visitor,Jamestown (ND),6,15,1.2,953,"Opponent 'Jamestown (ND)' is ALSO a risk-listed college-town name -- may be a college-vs-college guarantee game misfiled as HS, or confirms both sides need a look. | Recurs across 43 different seasons vs this same opponent -- looks like a real, stable HS conference rivalry. | 1930s/early-1940s season -- crossover games still happened, though less often than the 1920s.",Star_Tribune_1938_10_29_Page_18 (1).csv,,,
2,1927,1927-10-22,Pikeville (KY),Home,Van Lear (KY),0,33,12.2,1276,"Margin (-33) is a 1.7-sigma outlier vs this team's usual margin (12.2 avg). | Recurs across 13 different seasons vs this same opponent -- looks like a real, stable HS conference rivalry. | Pre-1930 season -- college/HS crossover games were common this early.",http://fourseasonsfootball.com/va.html,,,
2,1921,1921-11-18,Hastings (NE),Home,Central City (NE),7,0,-1.5,909,Pre-1930 season -- college/HS crossover games were common this early.,https://www.classmates.com/siteui/yearbooks/4182785876?page=77,,,
2,1937,1937-10-29,Ripon (WI),Home,Land 'O Lakes (WI),32,6,-0.8,850,"This opponent pairing is a one-off (not a recurring year-over-year matchup) -- more consistent with a one-time guarantee game than a conference rivalry. | 1930s/early-1940s season -- crossover games still happened, though less often than the 1920s.",http://www.riponlibrary.org/sites/riponlibrary.org/files/RHS1938c.pdf,,,
2,1938,1938-10-07,Minot (ND),Home,Garrison (ND),20,0,7.4,1098,"This opponent pairing is a one-off (not a recurring year-over-year matchup) -- more consistent with a one-time guarantee game than a conference rivalry. | 1930s/early-1940s season -- crossover games still happened, though less often than the 1920s.",http://www.bhs.bismarckschools.org/bhs/bhsathletics/throwers/history-of-bismarck-high-football/,,,
2,1940,1940-09-27,Austin (MN),Home,Saint Paul Central (MN),0,0,1.7,1094,"This opponent pairing is a one-off (not a recurring year-over-year matchup) -- more consistent with a one-time guarantee game than a conference rivalry. | 1930s/early-1940s season -- crossover games still happened, though less often than the 1920s.",http://www.classmates.com/yearbooks/Central-High-School/1000240090?page=100,,,
2,1935,1935-11-01,Danville (IL),Home,Chicago Marshall (IL),14,6,4.2,926,"This opponent pairing is a one-off (not a recurring year-over-year matchup) -- more consistent with a one-time guarantee game than a conference rivalry. | 1930s/early-1940s season -- crossover games still happened, though less often than the 1920s.",http://www.classmates.com/yearbooks/Danville-High-School/58084?page=118,,,
2,1941,1941-09-13,Rochester (MN),Home,Minneapolis South B (MN),13,9,5.8,272,"This opponent pairing is a one-off (not a recurring year-over-year matchup) -- more consistent with a one-time guarantee game than a conference rivalry. | 1930s/early-1940s season -- crossover games still happened, though less often than the 1920s.",The_Minneapolis_Star_1941_09_13_Page_6 (1).csv,,,
2,1940,1940-10-26,Valley City (ND),Home,Wahpeton (ND),27,18,1.2,953,"Opponent 'Wahpeton (ND)' is ALSO a risk-listed college-town name -- may be a college-vs-college guarantee game misfiled as HS, or confirms both sides need a look. | Recurs across 54 different seasons vs this same opponent -- looks like a real, stable HS conference rivalry. | 1930s/early-1940s season -- crossover games still happened, though less often than the 1920s.",The_Minneapolis_Star_1940_10_26_Page_9.csv,,,
2,1940,1940-10-19,Valley City (ND),Home,Jamestown (ND),7,6,1.2,953,"Opponent 'Jamestown (ND)' is ALSO a risk-listed college-town name -- may be a college-vs-college guarantee game misfiled as HS, or confirms both sides need a look. | Recurs across 43 different seasons vs this same opponent -- looks like a real, stable HS conference rivalry. | 1930s/early-1940s season -- crossover games still happened, though less often than the 1920s.",The_Minneapolis_Star_1940_10_19_Page_8 (1).csv,,,
2,1940,1940-10-19,Wahpeton (ND),Home,Moorhead (MN),13,0,-2.7,888,"Opponent 'Moorhead (MN)' is ALSO a risk-listed college-town name -- may be a college-vs-college guarantee game misfiled as HS, or confirms both sides need a look. | Recurs across 22 different seasons vs this same opponent -- looks like a real, stable HS conference rivalry. | 1930s/early-1940s season -- crossover games still happened, though less often than the 1920s.",The_Minneapolis_Star_1940_10_19_Page_8 (1).csv,,,
2,1940,1940-10-12,Jamestown (ND),Home,Wahpeton (ND),18,6,3.9,347,"Opponent 'Wahpeton (ND)' is ALSO a risk-listed college-town name -- may be a college-vs-college guarantee game misfiled as HS, or confirms both sides need a look. | Recurs across 17 different seasons vs this same opponent -- looks like a real, stable HS conference rivalry. | 1930s/early-1940s season -- crossover games still happened, though less often than the 1920s.",The_Minneapolis_Star_1940_10_12_Page_6.csv,,,
2,1936,1936-10-17,Whitewater (WI),Visitor,Milton (WI),0,26,-0.9,677,"Opponent 'Milton (WI)' is ALSO a risk-listed college-town name -- may be a college-vs-college guarantee game misfiled as HS, or confirms both sides need a look. | Recurs across 30 different seasons vs this same opponent -- looks like a real, stable HS conference rivalry. | 1930s/early-1940s season -- crossover games still happened, though less often than the 1920s.",Milwaukee_News_1936_10_17_11.csv,,,
2,1936,1936-10-10,Whitewater (WI),Visitor,Brodhead (WI),0,0,-0.9,677,"This opponent pairing is a one-off (not a recurring year-over-year matchup) -- more consistent with a one-time guarantee game than a conference rivalry. | 1930s/early-1940s season -- crossover games still happened, though less often than the 1920s.",Milwaukee_News_1936_10_10_12.csv,,,
2,1940,1940-10-12,Kent (OH),Visitor,Canton Lehman (OH),0,6,-16.7,23,"This opponent pairing is a one-off (not a recurring year-over-year matchup) -- more consistent with a one-time guarantee game than a conference rivalry. | 1930s/early-1940s season -- crossover games still happened, though less often than the 1920s.",The_Zanesville_Signal_1940_10_12_5.csv,,,
2,1927,1927-10-23,Wheaton (IL),Home,Batavia (IL),56,0,7.9,278,"Margin (+56) is a 2.1-sigma outlier vs this team's usual margin (7.9 avg). | Recurs across 9 different seasons vs this same opponent -- looks like a real, stable HS conference rivalry. | Pre-1930 season -- college/HS crossover games were common this early.",Chicago_Tribune_1927_10_23_34 (2).csv,,,
2,1930,1930-10-31,Winona (MN),Home,Austin (MN),6,0,-3.4,915,"Opponent 'Austin (MN)' is ALSO a risk-listed college-town name -- may be a college-vs-college guarantee game misfiled as HS, or confirms both sides need a look. | Recurs across 91 different seasons vs this same opponent -- looks like a real, stable HS conference rivalry. | 1930s/early-1940s season -- crossover games still happened, though less often than the 1920s.",http://www.classmates.com/yearbooks/Austin-High-School/62294?page=84,,,
2,1937,1937-09-24,Austin (MN),Home,Rochester (MN),7,0,1.7,1094,"Opponent 'Rochester (MN)' is ALSO a risk-listed college-town name -- may be a college-vs-college guarantee game misfiled as HS, or confirms both sides need a look. | Recurs across 45 different seasons vs this same opponent -- looks like a real, stable HS conference rivalry. | 1930s/early-1940s season -- crossover games still happened, though less often than the 1920s.",http://www.classmates.com/yearbooks/Austin-High-School/1000245096?page=96,,,
2,1926,1926-10-01,Elmhurst (IL),Home,Libertyville (IL),37,7,37.0,3,Pre-1930 season -- college/HS crossover games were common this early.,http://www.classmates.com/yearbooks/Libertyville-High-School/96136?page=58,,,
2,1943,1943-09-25,Macomb (IL),Visitor,Monmouth (IL),6,12,1.2,729,"Opponent 'Monmouth (IL)' is ALSO a risk-listed college-town name -- may be a college-vs-college guarantee game misfiled as HS, or confirms both sides need a look. | Recurs across 43 different seasons vs this same opponent -- looks like a real, stable HS conference rivalry. | 1930s/early-1940s season -- crossover games still happened, though less often than the 1920s.",The_Dispatch_1943_09_25_10.csv,,,
2,1944,1944-10-21,Valley City (ND),Home,Jamestown (ND),6,6,1.2,953,"Opponent 'Jamestown (ND)' is ALSO a risk-listed college-town name -- may be a college-vs-college guarantee game misfiled as HS, or confirms both sides need a look. | Recurs across 43 different seasons vs this same opponent -- looks like a real, stable HS conference rivalry. | 1930s/early-1940s season -- crossover games still happened, though less often than the 1920s.",The_Forum_1944_10_21_6.csv,,,
2,1927,1927-10-22,Moorhead (MN),Home,Breckenridge (MN),57,0,7.8,900,"Margin (+57) is a 2.4-sigma outlier vs this team's usual margin (7.8 avg). | Recurs across 30 different seasons vs this same opponent -- looks like a real, stable HS conference rivalry. | Pre-1930 season -- college/HS crossover games were common this early.",The_Forum_1927_10_22_10.csv,,,
2,1927,1927-10-15,Jamestown (ND),Home,Oakes (ND),13,6,3.9,347,Pre-1930 season -- college/HS crossover games were common this early.,The_Forum_1927_10_15_8.csv,,,
2,1932,1932-10-01,Minot (ND),Home,Jamestown (ND),7,0,7.4,1098,"Opponent 'Jamestown (ND)' is ALSO a risk-listed college-town name -- may be a college-vs-college guarantee game misfiled as HS, or confirms both sides need a look. | Recurs across 25 different seasons vs this same opponent -- looks like a real, stable HS conference rivalry. | 1930s/early-1940s season -- crossover games still happened, though less often than the 1920s.",The_Forum_1932_10_01_9.csv,,,
2,1942,1942-10-31,Valley City (ND),Home,Jamestown (ND),0,0,1.2,953,"Opponent 'Jamestown (ND)' is ALSO a risk-listed college-town name -- may be a college-vs-college guarantee game misfiled as HS, or confirms both sides need a look. | Recurs across 43 different seasons vs this same opponent -- looks like a real, stable HS conference rivalry. | 1930s/early-1940s season -- crossover games still happened, though less often than the 1920s.",The_Minneapolis_Star_1942_10_31_Page_6.csv,,,
2,1942,1942-10-24,Wahpeton (ND),Home,Valley City (ND),31,6,-2.7,888,"Opponent 'Valley City (ND)' is ALSO a risk-listed college-town name -- may be a college-vs-college guarantee game misfiled as HS, or confirms both sides need a look. | Recurs across 54 different seasons vs this same opponent -- looks like a real, stable HS conference rivalry. | 1930s/early-1940s season -- crossover games still happened, though less often than the 1920s.",The_Minneapolis_Star_1942_10_24_Page_6 (1).csv,,,
2,1941,1941-10-18,Ripon (WI),Home,Beloit Memorial (WI),26,0,-0.8,850,"This opponent pairing is a one-off (not a recurring year-over-year matchup) -- more consistent with a one-time guarantee game than a conference rivalry. | 1930s/early-1940s season -- crossover games still happened, though less often than the 1920s.",The_Minneapolis_Star_1941_10_18_Page_6.csv,,,
2,1941,1941-10-18,Wahpeton (ND),Home,Moorhead (MN),13,0,-2.7,888,"Opponent 'Moorhead (MN)' is ALSO a risk-listed college-town name -- may be a college-vs-college guarantee game misfiled as HS, or confirms both sides need a look. | Recurs across 22 different seasons vs this same opponent -- looks like a real, stable HS conference rivalry. | 1930s/early-1940s season -- crossover games still happened, though less often than the 1920s.",The_Minneapolis_Star_1941_10_18_Page_6 (2).csv,,,
2,1928,1928-10-13,Sioux Falls (SD),Home,Flandreau (SD),32,0,7.5,125,Pre-1930 season -- college/HS crossover games were common this early.,The_Forum_1928_10_13_8.csv,,,
2,1929,1929-10-05,Wahpeton (ND),Home,Breckenridge (MN),36,0,-2.7,888,"Margin (+36) is a 1.6-sigma outlier vs this team's usual margin (-2.7 avg). | Recurs across 73 different seasons vs this same opponent -- looks like a real, stable HS conference rivalry. | Pre-1930 season -- college/HS crossover games were common this early.",The_Forum_1929_10_05_11.csv,,,
2,1929,1929-09-28,Yankton (SD),Home,Springfield (SD),7,0,8.4,975,Pre-1930 season -- college/HS crossover games were common this early.,The_Forum_1929_09_28_11.csv,,,
2,1941,1941-09-20,Oshkosh (WI),Home,Racine Horlick (WI),17,0,4.9,268,"This opponent pairing is a one-off (not a recurring year-over-year matchup) -- more consistent with a one-time guarantee game than a conference rivalry. | 1930s/early-1940s season -- crossover games still happened, though less often than the 1920s.",Wisconsin_State_Journal_1941_09_20_9.csv,,,
2,1927,1927-10-22,Sioux Falls (SD),Home,Mitchell (SD),46,0,7.5,125,"Margin (+46) is a 1.7-sigma outlier vs this team's usual margin (7.5 avg). | Recurs across 7 different seasons vs this same opponent -- looks like a real, stable HS conference rivalry. | Pre-1930 season -- college/HS crossover games were common this early.",The_Forum_1927_10_22_10.csv,,,
2,1941,1941-09-27,Valley City (ND),Home,Collegeville St. John's Prep (MN),32,6,1.2,953,"This opponent pairing is a one-off (not a recurring year-over-year matchup) -- more consistent with a one-time guarantee game than a conference rivalry. | 1930s/early-1940s season -- crossover games still happened, though less often than the 1920s.",The_Minneapolis_Star_1941_09_27_Page_6.csv,,,
2,1928,1928-10-20,Wahpeton (ND),Home,Milnor (ND),13,0,-2.7,888,Pre-1930 season -- college/HS crossover games were common this early.,The_Forum_1928_10_20_8.csv,,,
2,1940,1940-10-26,Whitewater (WI),Home,Woodstock (IL),19,0,-0.9,677,"This opponent pairing is a one-off (not a recurring year-over-year matchup) -- more consistent with a one-time guarantee game than a conference rivalry. | 1930s/early-1940s season -- crossover games still happened, though less often than the 1920s.",Wisconsin_State_Journal_1940_10_26_9.csv,,,
2,1933,1933-10-14,Jamestown (ND),Home,Valley City (ND),13,0,3.9,347,"Opponent 'Valley City (ND)' is ALSO a risk-listed college-town name -- may be a college-vs-college guarantee game misfiled as HS, or confirms both sides need a look. | Recurs across 43 different seasons vs this same opponent -- looks like a real, stable HS conference rivalry. | 1930s/early-1940s season -- crossover games still happened, though less often than the 1920s.",The_Forum_1933_10_14_10.csv,,,
2,1933,1933-10-07,Minot (ND),Home,Drake (ND),28,0,7.4,1098,"This opponent pairing is a one-off (not a recurring year-over-year matchup) -- more consistent with a one-time guarantee game than a conference rivalry. | 1930s/early-1940s season -- crossover games still happened, though less often than the 1920s.",The_Forum_1933_10_07_10.csv,,,
2,1935,1935-11-02,Jamestown (ND),Home,Valley City (ND),6,0,3.9,347,"Opponent 'Valley City (ND)' is ALSO a risk-listed college-town name -- may be a college-vs-college guarantee game misfiled as HS, or confirms both sides need a look. | Recurs across 43 different seasons vs this same opponent -- looks like a real, stable HS conference rivalry. | 1930s/early-1940s season -- crossover games still happened, though less often than the 1920s.",The_Forum_1935_11_02_12.csv,,,
2,1935,1935-09-21,Jamestown (ND),Home,Moorhead (MN),26,0,3.9,347,"Opponent 'Moorhead (MN)' is ALSO a risk-listed college-town name -- may be a college-vs-college guarantee game misfiled as HS, or confirms both sides need a look. | Recurs across 4 different seasons vs this same opponent -- looks like a real, stable HS conference rivalry. | 1930s/early-1940s season -- crossover games still happened, though less often than the 1920s.",The_Forum_1935_09_21_11.csv,,,
2,1934,1934-11-03,Valley City (ND),Home,Jamestown (ND),13,7,1.2,953,"Opponent 'Jamestown (ND)' is ALSO a risk-listed college-town name -- may be a college-vs-college guarantee game misfiled as HS, or confirms both sides need a look. | Recurs across 43 different seasons vs this same opponent -- looks like a real, stable HS conference rivalry. | 1930s/early-1940s season -- crossover games still happened, though less often than the 1920s.",The_Forum_1934_11_03_12.csv,,,
2,1933,1933-09-30,Jamestown (ND),Home,Moorhead (MN),7,6,3.9,347,"Opponent 'Moorhead (MN)' is ALSO a risk-listed college-town name -- may be a college-vs-college guarantee game misfiled as HS, or confirms both sides need a look. | Recurs across 4 different seasons vs this same opponent -- looks like a real, stable HS conference rivalry. | 1930s/early-1940s season -- crossover games still happened, though less often than the 1920s.",The_Forum_1933_09_30_10.csv,,,
2,1941,1941-09-27,Valley City (ND),Home,Edgeley (ND),20,0,1.2,953,"This opponent pairing is a one-off (not a recurring year-over-year matchup) -- more consistent with a one-time guarantee game than a conference rivalry. | 1930s/early-1940s season -- crossover games still happened, though less often than the 1920s.",The_Forum_1941_09_27_7.csv,,,
2,1943,1943-10-02,Minot (ND),Home,Valley City (ND),13,0,7.4,1098,"Opponent 'Valley City (ND)' is ALSO a risk-listed college-town name -- may be a college-vs-college guarantee game misfiled as HS, or confirms both sides need a look. | Recurs across 5 different seasons vs this same opponent -- looks like a real, stable HS conference rivalry. | 1930s/early-1940s season -- crossover games still happened, though less often than the 1920s.",The_Forum_1943_10_02_6.csv,,,
2,1941,1941-10-31,Wooster (OH),Visitor,Ashland (OH),6,25,0.1,1005,"Opponent 'Ashland (OH)' is ALSO a risk-listed college-town name -- may be a college-vs-college guarantee game misfiled as HS, or confirms both sides need a look. | Recurs across 59 different seasons vs this same opponent -- looks like a real, stable HS conference rivalry. | 1930s/early-1940s season -- crossover games still happened, though less often than the 1920s.",https://www.classmates.com/siteui/yearbooks/247977?page=80,,,
2,1934,1934-11-02,Mankato (MN),Home,Minnesota School for the Deaf (MN),28,0,2.3,366,"This opponent pairing is a one-off (not a recurring year-over-year matchup) -- more consistent with a one-time guarantee game than a conference rivalry. | 1930s/early-1940s season -- crossover games still happened, though less often than the 1920s.",https://www.classmates.com/siteui/yearbooks/232899?page=91,,,
2,1920,1920-10-24,Oberlin (OH),Home,Vermilion (OH),68,0,-5.6,712,"Margin (+68) is a 3.0-sigma outlier vs this team's usual margin (-5.6 avg). | Recurs across 20 different seasons vs this same opponent -- looks like a real, stable HS conference rivalry. | Pre-1930 season -- college/HS crossover games were common this early.",The_Plain_Dealer_1920_10_24_21 (1).csv,,,
2,1931,1931-10-16,Rochester (MN),Home,Mankato (MN),14,0,5.8,272,"Opponent 'Mankato (MN)' is ALSO a risk-listed college-town name -- may be a college-vs-college guarantee game misfiled as HS, or confirms both sides need a look. | Recurs across 28 different seasons vs this same opponent -- looks like a real, stable HS conference rivalry. | 1930s/early-1940s season -- crossover games still happened, though less often than the 1920s.",https://www.classmates.com/siteui/yearbooks/63074?page=103,,,
2,1934,1934-10-12,Austin (MN),Home,Mankato (MN),8,6,1.7,1094,"Opponent 'Mankato (MN)' is ALSO a risk-listed college-town name -- may be a college-vs-college guarantee game misfiled as HS, or confirms both sides need a look. | Recurs across 32 different seasons vs this same opponent -- looks like a real, stable HS conference rivalry. | 1930s/early-1940s season -- crossover games still happened, though less often than the 1920s.",https://www.classmates.com/siteui/yearbooks/232899?page=91,,,
2,1942,1942-11-07,Wooster (OH),Home,Doylestown (OH),32,0,0.1,1005,"This opponent pairing is a one-off (not a recurring year-over-year matchup) -- more consistent with a one-time guarantee game than a conference rivalry. | 1930s/early-1940s season -- crossover games still happened, though less often than the 1920s.",The_Zanesville_Signal_1942_11_07_5.csv,,,
2,1933,1933-10-27,Rochester (MN),Home,Mankato (MN),31,0,5.8,272,"Opponent 'Mankato (MN)' is ALSO a risk-listed college-town name -- may be a college-vs-college guarantee game misfiled as HS, or confirms both sides need a look. | Recurs across 28 different seasons vs this same opponent -- looks like a real, stable HS conference rivalry. | 1930s/early-1940s season -- crossover games still happened, though less often than the 1920s.",https://www.classmates.com/siteui/yearbooks/4182773687?page=86,,,
2,1939,1939-09-16,Bemidji (MN),Visitor,Virginia (MN),0,19,5.1,737,"This opponent pairing is a one-off (not a recurring year-over-year matchup) -- more consistent with a one-time guarantee game than a conference rivalry. | 1930s/early-1940s season -- crossover games still happened, though less often than the 1920s.",The_Minneapolis_Star_1939_09_16_Page_8.csv,,,
2,1937,1937-09-25,Minot (ND),Visitor,Jamestown (ND),6,7,7.4,1098,"Opponent 'Jamestown (ND)' is ALSO a risk-listed college-town name -- may be a college-vs-college guarantee game misfiled as HS, or confirms both sides need a look. | Recurs across 25 different seasons vs this same opponent -- looks like a real, stable HS conference rivalry. | 1930s/early-1940s season -- crossover games still happened, though less often than the 1920s.",The_Forum_1937_09_25_10.csv,,,
2,1925,1925-10-10,Valley City (ND),Visitor,Fargo (ND),0,77,1.2,953,"Margin (-77) is a 3.2-sigma outlier vs this team's usual margin (1.2 avg). | Recurs across 24 different seasons vs this same opponent -- looks like a real, stable HS conference rivalry. | Pre-1930 season -- college/HS crossover games were common this early.",The_Minneapolis_Star_1925_10_10_Page_16 (1).csv,,,
2,1931,1931-11-07,Valley City (ND),Visitor,Jamestown (ND),0,21,1.2,953,"Opponent 'Jamestown (ND)' is ALSO a risk-listed college-town name -- may be a college-vs-college guarantee game misfiled as HS, or confirms both sides need a look. | Recurs across 43 different seasons vs this same opponent -- looks like a real, stable HS conference rivalry. | 1930s/early-1940s season -- crossover games still happened, though less often than the 1920s.",The_Forum_1931_11_07_11.csv,,,
2,1937,1937-10-02,Valley City (ND),Visitor,Jamestown (ND),0,13,1.2,953,"Opponent 'Jamestown (ND)' is ALSO a risk-listed college-town name -- may be a college-vs-college guarantee game misfiled as HS, or confirms both sides need a look. | Recurs across 43 different seasons vs this same opponent -- looks like a real, stable HS conference rivalry. | 1930s/early-1940s season -- crossover games still happened, though less often than the 1920s.",The_Forum_1937_10_02_11.csv,,,
2,1930,1930-11-08,Jamestown (ND),Visitor,Valley City (ND),0,6,3.9,347,"Opponent 'Valley City (ND)' is ALSO a risk-listed college-town name -- may be a college-vs-college guarantee game misfiled as HS, or confirms both sides need a look. | Recurs across 43 different seasons vs this same opponent -- looks like a real, stable HS conference rivalry. | 1930s/early-1940s season -- crossover games still happened, though less often than the 1920s.",The_Forum_1930_11_08_11.csv,,,
2,1940,1940-10-14,Joliet (IL),Visitor,Chicago Mt. Carmel (IL),0,6,-9.3,928,"This opponent pairing is a one-off (not a recurring year-over-year matchup) -- more consistent with a one-time guarantee game than a conference rivalry. | 1930s/early-1940s season -- crossover games still happened, though less often than the 1920s.",Chicago_Tribune_1940_10_14_23.csv,,,
2,1940,1940-11-02,Hillsdale (MI),Visitor,Adrian (MI),6,20,-1.6,695,"Opponent 'Adrian (MI)' is ALSO a risk-listed college-town name -- may be a college-vs-college guarantee game misfiled as HS, or confirms both sides need a look. | Recurs across 19 different seasons vs this same opponent -- looks like a real, stable HS conference rivalry. | 1930s/early-1940s season -- crossover games still happened, though less often than the 1920s.",Detroit_Free_Press_1940_11_02_Page_13 (1).csv,,,
2,1936,1936-10-24,Valley City (ND),Home,Cooperstown (ND),40,6,1.2,953,"This opponent pairing is a one-off (not a recurring year-over-year matchup) -- more consistent with a one-time guarantee game than a conference rivalry. | 1930s/early-1940s season -- crossover games still happened, though less often than the 1920s.",The_Forum_1936_10_24_13.csv,,,
2,1937,1937-09-18,Findlay (OH),Home,Bluffton (OH),12,7,2.7,1201,"Opponent 'Bluffton (OH)' is ALSO a risk-listed college-town name -- may be a college-vs-college guarantee game misfiled as HS, or confirms both sides need a look. | Recurs across 6 different seasons vs this same opponent -- looks like a real, stable HS conference rivalry. | 1930s/early-1940s season -- crossover games still happened, though less often than the 1920s.",The_Plain_Dealer_1937_09_18_20 (1).csv,,,
2,1936,1936-10-17,Wooster (OH),Home,Dalton (OH),27,0,0.1,1005,"This opponent pairing is a one-off (not a recurring year-over-year matchup) -- more consistent with a one-time guarantee game than a conference rivalry. | 1930s/early-1940s season -- crossover games still happened, though less often than the 1920s.",The_Plain_Dealer_1936_10_17_21 (1).csv,,,
2,1936,1936-10-04,Bowling Green (OH),Home,Defiance (OH),20,6,-2.0,691,"Opponent 'Defiance (OH)' is ALSO a risk-listed college-town name -- may be a college-vs-college guarantee game misfiled as HS, or confirms both sides need a look. | Recurs across 22 different seasons vs this same opponent -- looks like a real, stable HS conference rivalry. | 1930s/early-1940s season -- crossover games still happened, though less often than the 1920s.",The_Plain_Dealer_1936_10_04_41.csv,,,
2,1936,1936-09-27,Bowling Green (OH),Home,Findlay (OH),0,0,-2.0,691,"Opponent 'Findlay (OH)' is ALSO a risk-listed college-town name -- may be a college-vs-college guarantee game misfiled as HS, or confirms both sides need a look. | Recurs across 38 different seasons vs this same opponent -- looks like a real, stable HS conference rivalry. | 1930s/early-1940s season -- crossover games still happened, though less often than the 1920s.",The_Plain_Dealer_1936_09_27_34 (1).csv,,,
2,1936,1936-09-19,Findlay (OH),Home,Bluffton (OH),6,0,2.7,1201,"Opponent 'Bluffton (OH)' is ALSO a risk-listed college-town name -- may be a college-vs-college guarantee game misfiled as HS, or confirms both sides need a look. | Recurs across 6 different seasons vs this same opponent -- looks like a real, stable HS conference rivalry. | 1930s/early-1940s season -- crossover games still happened, though less often than the 1920s.",The_Plain_Dealer_1936_09_19_20 (1).csv,,,
2,1929,1929-10-18,Oshkosh (WI),Visitor,Green Bay East (WI),0,39,4.9,268,"Margin (-39) is a 2.6-sigma outlier vs this team's usual margin (4.9 avg). | Recurs across 26 different seasons vs this same opponent -- looks like a real, stable HS conference rivalry. | Pre-1930 season -- college/HS crossover games were common this early.",https://www.classmates.com/siteui/yearbooks/64675?page=85,,,
2,1941,1941-09-27,Bowling Green (OH),Visitor,Findlay (OH),2,6,-2.0,691,"Opponent 'Findlay (OH)' is ALSO a risk-listed college-town name -- may be a college-vs-college guarantee game misfiled as HS, or confirms both sides need a look. | Recurs across 38 different seasons vs this same opponent -- looks like a real, stable HS conference rivalry. | 1930s/early-1940s season -- crossover games still happened, though less often than the 1920s.",The_Akron_Beacon_Journal_1941_09_27_Page_10 (1).csv,,,
2,1921,1921-11-05,Kearney (NE),Visitor,Lincoln (NE),0,82,2.2,951,"Margin (-82) is a 3.9-sigma outlier vs this team's usual margin (2.2 avg). | Recurs across 26 different seasons vs this same opponent -- looks like a real, stable HS conference rivalry. | Pre-1930 season -- college/HS crossover games were common this early.",Lincoln_Journal_Star_1921_11_05_3.csv,,,
2,1935,1935-10-12,Platteville (WI),Visitor,Dubuque Senior (IA),7,8,7.9,747,"This opponent pairing is a one-off (not a recurring year-over-year matchup) -- more consistent with a one-time guarantee game than a conference rivalry. | 1930s/early-1940s season -- crossover games still happened, though less often than the 1920s.",Milwaukee_News_1935_10_12_14.csv,,,
2,1936,1936-11-13,Wooster (OH),Visitor,Martins Ferry (OH),2,32,0.1,1005,"This opponent pairing is a one-off (not a recurring year-over-year matchup) -- more consistent with a one-time guarantee game than a conference rivalry. | 1930s/early-1940s season -- crossover games still happened, though less often than the 1920s.",http://www.classmates.com/yearbooks/Martins-Ferry-High-School/4182740241?page=58,,,
2,1939,1939-11-03,Mankato (MN),Visitor,Austin (MN),0,7,2.3,366,"Opponent 'Austin (MN)' is ALSO a risk-listed college-town name -- may be a college-vs-college guarantee game misfiled as HS, or confirms both sides need a look. | Recurs across 32 different seasons vs this same opponent -- looks like a real, stable HS conference rivalry. | 1930s/early-1940s season -- crossover games still happened, though less often than the 1920s.",http://www.classmates.com/yearbooks/Austin-High-School/21508/?page=108,,,
2,1921,1921-11-11,DeKalb (IL),Visitor,Rockford Central (IL),0,74,-3.7,886,"Margin (-74) is a 3.2-sigma outlier vs this team's usual margin (-3.7 avg). | Recurs across 6 different seasons vs this same opponent -- looks like a real, stable HS conference rivalry. | Pre-1930 season -- college/HS crossover games were common this early.",http://www.classmates.com/siteui/yearbooks/242203?page=152,,,
2,1935,1935-10-06,Defiance (OH),Home,Bowling Green (OH),26,13,-1.0,862,"Opponent 'Bowling Green (OH)' is ALSO a risk-listed college-town name -- may be a college-vs-college guarantee game misfiled as HS, or confirms both sides need a look. | Recurs across 22 different seasons vs this same opponent -- looks like a real, stable HS conference rivalry. | 1930s/early-1940s season -- crossover games still happened, though less often than the 1920s.",The_Plain_Dealer_1935_10_06_38 (1).csv,,,
2,1934,1934-11-04,Bluffton (OH),Home,Wapakoneta Blume (OH),12,0,3.2,714,"This opponent pairing is a one-off (not a recurring year-over-year matchup) -- more consistent with a one-time guarantee game than a conference rivalry. | 1930s/early-1940s season -- crossover games still happened, though less often than the 1920s.",The_Plain_Dealer_1934_11_04_32 (1).csv,,,
2,1934,1934-10-07,Defiance (OH),Home,Detroit Cass Tech (MI),22,0,-1.0,862,"This opponent pairing is a one-off (not a recurring year-over-year matchup) -- more consistent with a one-time guarantee game than a conference rivalry. | 1930s/early-1940s season -- crossover games still happened, though less often than the 1920s.",The_Plain_Dealer_1934_10_07_35.csv,,,
2,1934,1934-10-06,Defiance (OH),Home,Bowling Green (OH),19,7,-1.0,862,"Opponent 'Bowling Green (OH)' is ALSO a risk-listed college-town name -- may be a college-vs-college guarantee game misfiled as HS, or confirms both sides need a look. | Recurs across 22 different seasons vs this same opponent -- looks like a real, stable HS conference rivalry. | 1930s/early-1940s season -- crossover games still happened, though less often than the 1920s.",The_Plain_Dealer_1934_10_06_18.csv,,,
2,1939,1939-10-21,Findlay (OH),Home,Kent Roosevelt (OH),10,7,2.7,1201,"This opponent pairing is a one-off (not a recurring year-over-year matchup) -- more consistent with a one-time guarantee game than a conference rivalry. | 1930s/early-1940s season -- crossover games still happened, though less often than the 1920s.",The_Plain_Dealer_1939_10_21_17.csv,,,
2,1939,1939-09-23,Oberlin (OH),Home,Kent Roosevelt (OH),27,0,-5.6,712,"This opponent pairing is a one-off (not a recurring year-over-year matchup) -- more consistent with a one-time guarantee game than a conference rivalry. | 1930s/early-1940s season -- crossover games still happened, though less often than the 1920s.",The_Plain_Dealer_1939_09_23_16.csv,,,
2,1939,1939-09-30,Jamestown (ND),Home,Wahpeton (ND),39,6,3.9,347,"Opponent 'Wahpeton (ND)' is ALSO a risk-listed college-town name -- may be a college-vs-college guarantee game misfiled as HS, or confirms both sides need a look. | Recurs across 17 different seasons vs this same opponent -- looks like a real, stable HS conference rivalry. | 1930s/early-1940s season -- crossover games still happened, though less often than the 1920s.",The_Forum_1939_09_30_8.csv,,,
2,1938,1938-10-01,Defiance (OH),Home,Bowling Green (OH),13,6,-1.0,862,"Opponent 'Bowling Green (OH)' is ALSO a risk-listed college-town name -- may be a college-vs-college guarantee game misfiled as HS, or confirms both sides need a look. | Recurs across 22 different seasons vs this same opponent -- looks like a real, stable HS conference rivalry. | 1930s/early-1940s season -- crossover games still happened, though less often than the 1920s.",The_Plain_Dealer_1938_10_01_16.csv,,,
2,1930,1930-11-01,Jamestown (ND),Visitor,Moorhead (MN),12,13,3.9,347,"Opponent 'Moorhead (MN)' is ALSO a risk-listed college-town name -- may be a college-vs-college guarantee game misfiled as HS, or confirms both sides need a look. | Recurs across 4 different seasons vs this same opponent -- looks like a real, stable HS conference rivalry. | 1930s/early-1940s season -- crossover games still happened, though less often than the 1920s.",The_Forum_1930_11_01_13.csv,,,
2,1922,1922-10-06,Monmouth (IL),Home,Quincy (IL),7,6,-2.7,640,Pre-1930 season -- college/HS crossover games were common this early.,https://www.classmates.com/siteui/yearbooks/61496?page=73#google_vignette,,,
2,1937,1937-09-17,Mankato (MN),Home,Saint Paul Mechanical Arts (MN),0,0,2.3,366,"This opponent pairing is a one-off (not a recurring year-over-year matchup) -- more consistent with a one-time guarantee game than a conference rivalry. | 1930s/early-1940s season -- crossover games still happened, though less often than the 1920s.",https://www.classmates.com/siteui/yearbooks/94960?page=74,,,
2,1927,1927-10-16,Bowling Green (OH),Home,Port Clinton (OH),39,7,-2.0,691,"Margin (+32) is a 1.6-sigma outlier vs this team's usual margin (-2.0 avg). | Recurs across 17 different seasons vs this same opponent -- looks like a real, stable HS conference rivalry. | Pre-1930 season -- college/HS crossover games were common this early.",The_Plain_Dealer_1927_10_16_24 (1).csv,,,
2,1935,1935-09-06,Ripon (WI),Home,Menasha (WI),13,7,-0.8,850,"This opponent pairing is a one-off (not a recurring year-over-year matchup) -- more consistent with a one-time guarantee game than a conference rivalry. | 1930s/early-1940s season -- crossover games still happened, though less often than the 1920s.",http://www.riponlibrary.org,,,
2,1944,1944-09-01,Pikeville (KY),Home,Prestonsburg All-Stars (KY),27,0,12.2,1276,"This opponent pairing is a one-off (not a recurring year-over-year matchup) -- more consistent with a one-time guarantee game than a conference rivalry. | 1930s/early-1940s season -- crossover games still happened, though less often than the 1920s.",http://fourseasonsfootball.com/va.html,,,
2,1940,1940-10-04,Albion (MI),Home,Kalamazoo Western State High (MI),8,7,-4.1,550,"This opponent pairing is a one-off (not a recurring year-over-year matchup) -- more consistent with a one-time guarantee game than a conference rivalry. | 1930s/early-1940s season -- crossover games still happened, though less often than the 1920s.",https://www.newspapers.com/image/465353,,,
2,1923,1923-10-26,Wooster (OH),Home,Dover (OH),36,0,0.1,1005,"Margin (+36) is a 1.6-sigma outlier vs this team's usual margin (0.1 avg). | Recurs across 61 different seasons vs this same opponent -- looks like a real, stable HS conference rivalry. | Pre-1930 season -- college/HS crossover games were common this early.",https://www.classmates.com/siteui/yearbooks/79068?page=54,,,
2,1943,1943-10-16,Jamestown (ND),Home,Valley City (ND),13,7,3.9,347,"Opponent 'Valley City (ND)' is ALSO a risk-listed college-town name -- may be a college-vs-college guarantee game misfiled as HS, or confirms both sides need a look. | Recurs across 43 different seasons vs this same opponent -- looks like a real, stable HS conference rivalry. | 1930s/early-1940s season -- crossover games still happened, though less often than the 1920s.",The_Forum_1943_10_16_6.csv,,,
2,1938,1938-09-24,Oberlin (OH),Home,Garfield Heights (OH),26,0,-5.6,712,"This opponent pairing is a one-off (not a recurring year-over-year matchup) -- more consistent with a one-time guarantee game than a conference rivalry. | 1930s/early-1940s season -- crossover games still happened, though less often than the 1920s.",The_Plain_Dealer_1938_09_24_17.csv,,,
2,1937,1937-11-06,Oberlin (OH),Home,Pepper Pike Orange (OH),20,6,-5.6,712,"This opponent pairing is a one-off (not a recurring year-over-year matchup) -- more consistent with a one-time guarantee game than a conference rivalry. | 1930s/early-1940s season -- crossover games still happened, though less often than the 1920s.",The_Plain_Dealer_1937_11_06_20.csv,,,
2,1937,1937-10-03,Defiance (OH),Home,Bowling Green (OH),13,6,-1.0,862,"Opponent 'Bowling Green (OH)' is ALSO a risk-listed college-town name -- may be a college-vs-college guarantee game misfiled as HS, or confirms both sides need a look. | Recurs across 22 different seasons vs this same opponent -- looks like a real, stable HS conference rivalry. | 1930s/early-1940s season -- crossover games still happened, though less often than the 1920s.",The_Plain_Dealer_1937_10_03_41.csv,,,
2,1922,1922-10-27,Dickinson (ND),Visitor,Bismarck (ND),0,39,-0.9,982,"Margin (-39) is a 1.6-sigma outlier vs this team's usual margin (-0.9 avg). | Recurs across 95 different seasons vs this same opponent -- looks like a real, stable HS conference rivalry. | Pre-1930 season -- college/HS crossover games were common this early.",http://www.bhs.bismarckschools.org/bhs/bhsathletics/throwers/history-of-bismarck-high-football/,,,
2,1933,1933-10-27,Winona (MN),Visitor,Rochester (MN),0,19,-3.4,915,"Opponent 'Rochester (MN)' is ALSO a risk-listed college-town name -- may be a college-vs-college guarantee game misfiled as HS, or confirms both sides need a look. | Recurs across 31 different seasons vs this same opponent -- looks like a real, stable HS conference rivalry. | 1930s/early-1940s season -- crossover games still happened, though less often than the 1920s.",http://www.classmates.com/yearbooks/Winona-High-School/1000247384?page=52,,,
2,1936,1936-11-27,Minot (ND),Visitor,Valley City (ND),6,13,7.4,1098,"Opponent 'Valley City (ND)' is ALSO a risk-listed college-town name -- may be a college-vs-college guarantee game misfiled as HS, or confirms both sides need a look. | Recurs across 5 different seasons vs this same opponent -- looks like a real, stable HS conference rivalry. | 1930s/early-1940s season -- crossover games still happened, though less often than the 1920s.",http://www.bhs.bismarckschools.org/bhs/bhsathletics/throwers/history-of-bismarck-high-football/,,,
2,1937,1937-10-01,Findlay (OH),Visitor,Bowling Green (OH),6,19,2.7,1201,"Opponent 'Bowling Green (OH)' is ALSO a risk-listed college-town name -- may be a college-vs-college guarantee game misfiled as HS, or confirms both sides need a look. | Recurs across 38 different seasons vs this same opponent -- looks like a real, stable HS conference rivalry. | 1930s/early-1940s season -- crossover games still happened, though less often than the 1920s.",https://www.classmates.com/siteui/yearbooks/71649?page=57,,,
2,1922,1922-10-06,Dickinson (ND),Home,Hettinger (ND),68,0,-0.9,982,"Margin (+68) is a 2.9-sigma outlier vs this team's usual margin (-0.9 avg). | Recurs across 14 different seasons vs this same opponent -- looks like a real, stable HS conference rivalry. | Pre-1930 season -- college/HS crossover games were common this early.",http://www.bhs.bismarckschools.org/bhs/bhsathletics/throwers/history-of-bismarck-high-football/,,,
2,1937,1937-10-15,Austin (MN),Home,Mankato (MN),13,7,1.7,1094,"Opponent 'Mankato (MN)' is ALSO a risk-listed college-town name -- may be a college-vs-college guarantee game misfiled as HS, or confirms both sides need a look. | Recurs across 32 different seasons vs this same opponent -- looks like a real, stable HS conference rivalry. | 1930s/early-1940s season -- crossover games still happened, though less often than the 1920s.",https://www.classmates.com/siteui/yearbooks/94960?page=74,,,
2,1922,1922-11-17,Macomb (IL),Home,Kewanee Coop (IL),86,0,1.2,729,"Margin (+86) is a 3.6-sigma outlier vs this team's usual margin (1.2 avg). | Recurs across 7 different seasons vs this same opponent -- looks like a real, stable HS conference rivalry. | Pre-1930 season -- college/HS crossover games were common this early.",https://www.classmates.com/siteui/yearbooks/4182838512?page=98,,,
2,1934,1934-11-09,Rochester (MN),Home,Winona (MN),0,0,5.8,272,"Opponent 'Winona (MN)' is ALSO a risk-listed college-town name -- may be a college-vs-college guarantee game misfiled as HS, or confirms both sides need a look. | Recurs across 31 different seasons vs this same opponent -- looks like a real, stable HS conference rivalry. | 1930s/early-1940s season -- crossover games still happened, though less often than the 1920s.",http://www.classmates.com/yearbooks/Winona-High-School/1000248311?page=56,,,
2,1921,1921-11-04,Minot (ND),Visitor,Williston (ND),0,125,7.4,1098,"Margin (-125) is a 5.6-sigma outlier vs this team's usual margin (7.4 avg). | Recurs across 116 different seasons vs this same opponent -- looks like a real, stable HS conference rivalry. | Pre-1930 season -- college/HS crossover games were common this early.",http://www.bhs.bismarckschools.org/bhs/bhsathletics/throwers/history-of-bismarck-high-football/,,,
2,1925,1925-10-30,DeKalb (IL),Visitor,Elgin (IL),0,40,-3.7,886,"Margin (-40) is a 1.6-sigma outlier vs this team's usual margin (-3.7 avg). | Recurs across 48 different seasons vs this same opponent -- looks like a real, stable HS conference rivalry. | Pre-1930 season -- college/HS crossover games were common this early.",https://www.classmates.com/siteui/yearbooks/58032?page=81,,,
2,1944,1944-10-14,Moorhead (MN),Home,Wahpeton (ND),45,7,7.8,900,"Opponent 'Wahpeton (ND)' is ALSO a risk-listed college-town name -- may be a college-vs-college guarantee game misfiled as HS, or confirms both sides need a look. | Recurs across 22 different seasons vs this same opponent -- looks like a real, stable HS conference rivalry. | 1930s/early-1940s season -- crossover games still happened, though less often than the 1920s.",The_Forum_1944_10_14_6.csv,,,
2,1944,1944-09-30,Wahpeton (ND),Home,Valley City (ND),12,6,-2.7,888,"Opponent 'Valley City (ND)' is ALSO a risk-listed college-town name -- may be a college-vs-college guarantee game misfiled as HS, or confirms both sides need a look. | Recurs across 54 different seasons vs this same opponent -- looks like a real, stable HS conference rivalry. | 1930s/early-1940s season -- crossover games still happened, though less often than the 1920s.",The_Forum_1944_09_30_6.csv,,,
2,1942,1942-10-17,Winona (MN),Home,Austin (MN),19,0,-3.4,915,"Opponent 'Austin (MN)' is ALSO a risk-listed college-town name -- may be a college-vs-college guarantee game misfiled as HS, or confirms both sides need a look. | Recurs across 91 different seasons vs this same opponent -- looks like a real, stable HS conference rivalry. | 1930s/early-1940s season -- crossover games still happened, though less often than the 1920s.",The_Forum_1942_10_17_5.csv,,,
2,1942,1942-10-17,Valley City (ND),Home,Jamestown (ND),13,6,1.2,953,"Opponent 'Jamestown (ND)' is ALSO a risk-listed college-town name -- may be a college-vs-college guarantee game misfiled as HS, or confirms both sides need a look. | Recurs across 43 different seasons vs this same opponent -- looks like a real, stable HS conference rivalry. | 1930s/early-1940s season -- crossover games still happened, though less often than the 1920s.",The_Forum_1942_10_17_5.csv,,,
2,1942,1942-10-17,Moorhead (MN),Home,Wahpeton (ND),12,6,7.8,900,"Opponent 'Wahpeton (ND)' is ALSO a risk-listed college-town name -- may be a college-vs-college guarantee game misfiled as HS, or confirms both sides need a look. | Recurs across 22 different seasons vs this same opponent -- looks like a real, stable HS conference rivalry. | 1930s/early-1940s season -- crossover games still happened, though less often than the 1920s.",The_Forum_1942_10_17_5.csv,,,
2,1942,1942-10-10,Wahpeton (ND),Home,Jamestown (ND),25,12,-2.7,888,"Opponent 'Jamestown (ND)' is ALSO a risk-listed college-town name -- may be a college-vs-college guarantee game misfiled as HS, or confirms both sides need a look. | Recurs across 17 different seasons vs this same opponent -- looks like a real, stable HS conference rivalry. | 1930s/early-1940s season -- crossover games still happened, though less often than the 1920s.",The_Forum_1942_10_10_7.csv,,,
2,1925,1925-09-27,Joliet (IL),Home,Spring Valley Hall (IL),20,0,-9.3,928,Pre-1930 season -- college/HS crossover games were common this early.,Chicago_Tribune_1925_09_27_35.csv,,,
2,1942,1942-09-26,Whitewater (WI),Home,Milton (WI),0,0,-0.9,677,"Opponent 'Milton (WI)' is ALSO a risk-listed college-town name -- may be a college-vs-college guarantee game misfiled as HS, or confirms both sides need a look. | Recurs across 30 different seasons vs this same opponent -- looks like a real, stable HS conference rivalry. | 1930s/early-1940s season -- crossover games still happened, though less often than the 1920s.",Wisconsin_State_Journal_1942_09_26_8.csv,,,
2,1957,1957-10-19,Whitewater (WI),Home,Ripon (WI),19,6,-0.9,677,"Opponent 'Ripon (WI)' is ALSO a risk-listed college-town name -- may be a college-vs-college guarantee game misfiled as HS, or confirms both sides need a look. | This opponent pairing is a one-off (not a recurring year-over-year matchup) -- more consistent with a one-time guarantee game than a conference rivalry. | 1950 or later -- college/HS crossover games had essentially stopped by this point, so this is most likely a genuine same-name high school, not a misfiled college game.",Wisconsin_State_Journal_1957_10_19_19.csv,,,
2,1943,1943-09-24,Hillsdale (MI),Visitor,Albion (MI),0,21,-1.6,695,"Opponent 'Albion (MI)' is ALSO a risk-listed college-town name -- may be a college-vs-college guarantee game misfiled as HS, or confirms both sides need a look. | Recurs across 20 different seasons vs this same opponent -- looks like a real, stable HS conference rivalry. | 1930s/early-1940s season -- crossover games still happened, though less often than the 1920s.",https://www.newspapers.com/image/1047515,,,
2,1924,1924-10-17,Wooster (OH),Visitor,New Philadelphia (OH),7,59,0.1,1005,"Margin (-52) is a 2.3-sigma outlier vs this team's usual margin (0.1 avg). | Recurs across 65 different seasons vs this same opponent -- looks like a real, stable HS conference rivalry. | Pre-1930 season -- college/HS crossover games were common this early.",https://www.classmates.com/siteui/yearbooks/87960?page=73,,,
2,1943,1943-10-22,Winona (MN),Visitor,Rochester (MN),0,6,-3.4,915,"Opponent 'Rochester (MN)' is ALSO a risk-listed college-town name -- may be a college-vs-college guarantee game misfiled as HS, or confirms both sides need a look. | Recurs across 31 different seasons vs this same opponent -- looks like a real, stable HS conference rivalry. | 1930s/early-1940s season -- crossover games still happened, though less often than the 1920s.",http://www.classmates.com/yearbooks/Winona-High-School/80326?page=62,,,
2,1920,1920-10-01,Danville (IL),Visitor,Urbana (IL),0,41,4.2,926,"Margin (-41) is a 1.9-sigma outlier vs this team's usual margin (4.2 avg). | Recurs across 92 different seasons vs this same opponent -- looks like a real, stable HS conference rivalry. | Pre-1930 season -- college/HS crossover games were common this early.",http://www.e-yearbook.com/sp/eybb,,,
2,1920,1920-10-01,Joliet (IL),Visitor,Rockford Central (IL),0,100,-9.3,928,"Margin (-100) is a 3.9-sigma outlier vs this team's usual margin (-9.3 avg). | Recurs across 11 different seasons vs this same opponent -- looks like a real, stable HS conference rivalry. | Pre-1930 season -- college/HS crossover games were common this early.",http://www.classmates.com/siteui/yearbooks/190918?page=88,,,
2,1927,1927-11-11,Grand Island (NE),Visitor,Lincoln (NE),0,26,6.2,931,"Margin (-26) is a 1.5-sigma outlier vs this team's usual margin (6.2 avg). | Recurs across 90 different seasons vs this same opponent -- looks like a real, stable HS conference rivalry. | Pre-1930 season -- college/HS crossover games were common this early.",http://www.classmates.com/yearbooks/Lincoln-High-School/226068?page=148,,,
2,1937,1937-10-22,Adrian (MI),Visitor,Hillsdale (MI),0,7,0.9,877,"Opponent 'Hillsdale (MI)' is ALSO a risk-listed college-town name -- may be a college-vs-college guarantee game misfiled as HS, or confirms both sides need a look. | Recurs across 19 different seasons vs this same opponent -- looks like a real, stable HS conference rivalry. | 1930s/early-1940s season -- crossover games still happened, though less often than the 1920s.",http://www.classmates.com/siteui/yearbooks/61321?page=52,,,
2,1922,1922-10-27,Austin (MN),Visitor,Rochester John Marshall (MN),0,32,1.7,1094,"Margin (-32) is a 1.6-sigma outlier vs this team's usual margin (1.7 avg). | Recurs across 94 different seasons vs this same opponent -- looks like a real, stable HS conference rivalry. | Pre-1930 season -- college/HS crossover games were common this early.",http://www.classmates.com/yearbooks/Austin-High-School/4182759210?page=122,,,
2,1924,1924-10-10,Monmouth (IL),Visitor,Rock Island (IL),0,62,-2.7,640,"Margin (-62) is a 2.5-sigma outlier vs this team's usual margin (-2.7 avg). | Recurs across 16 different seasons vs this same opponent -- looks like a real, stable HS conference rivalry. | Pre-1930 season -- college/HS crossover games were common this early.",https://www.classmates.com/siteui/yearbooks/60506?page=111,,,
2,1927,1927-10-21,Murray (KY),Visitor,Paducah Tilghman (KY),0,42,7.5,832,"Margin (-42) is a 2.0-sigma outlier vs this team's usual margin (7.5 avg). | Recurs across 24 different seasons vs this same opponent -- looks like a real, stable HS conference rivalry. | Pre-1930 season -- college/HS crossover games were common this early.",http://www.classmates.com/yearbooks/Tilghman-High-School/1000256152?page=60,,,
2,1926,1926-10-29,Sioux Falls (SD),Visitor,Cedar Rapids Washington (IA),3,20,7.5,125,Pre-1930 season -- college/HS crossover games were common this early.,http://www.classmates.com/siteui/yearbooks/62687?page=105,,,
2,1927,1927-10-22,Marietta (OH),Visitor,Ashland Blazer (KY),0,0,-3.3,961,Pre-1930 season -- college/HS crossover games were common this early.,http://fourseasonsfootball.com/va.html,,,
2,1923,1923-10-05,Chadron (NE),Visitor,Douglas (WY),0,36,8.0,742,"Margin (-36) is a 1.9-sigma outlier vs this team's usual margin (8.0 avg). | Recurs across 14 different seasons vs this same opponent -- looks like a real, stable HS conference rivalry. | Pre-1930 season -- college/HS crossover games were common this early.",http:-/wyoming-football.com/,,,
2,1922,1922-09-29,Minot (ND),Home,Kenmare (ND),93,0,7.4,1098,"Margin (+93) is a 3.6-sigma outlier vs this team's usual margin (7.4 avg). | Recurs across 12 different seasons vs this same opponent -- looks like a real, stable HS conference rivalry. | Pre-1930 season -- college/HS crossover games were common this early.",http://www.bhs.bismarckschools.org/bhs/bhsathletics/throwers/history-of-bismarck-high-football/,,,
2,1932,1932-10-07,Rochester (MN),Home,Austin (MN),0,0,5.8,272,"Opponent 'Austin (MN)' is ALSO a risk-listed college-town name -- may be a college-vs-college guarantee game misfiled as HS, or confirms both sides need a look. | Recurs across 45 different seasons vs this same opponent -- looks like a real, stable HS conference rivalry. | 1930s/early-1940s season -- crossover games still happened, though less often than the 1920s.",http://www.classmates.com/yearbooks/Austin-High-School/76615?page=88,,,
2,1944,1944-09-15,Milton (WI),Home,Whitewater (WI),21,0,7.0,758,"Opponent 'Whitewater (WI)' is ALSO a risk-listed college-town name -- may be a college-vs-college guarantee game misfiled as HS, or confirms both sides need a look. | Recurs across 30 different seasons vs this same opponent -- looks like a real, stable HS conference rivalry. | 1930s/early-1940s season -- crossover games still happened, though less often than the 1920s.",https://www.classmates.com/siteui/yearbooks/1000244164?page=49,,,
2,1925,1925-10-25,Jamestown (ND),Visitor,Bismarck (ND),0,34,3.9,347,"Margin (-34) is a 1.7-sigma outlier vs this team's usual margin (3.9 avg). | Recurs across 32 different seasons vs this same opponent -- looks like a real, stable HS conference rivalry. | Pre-1930 season -- college/HS crossover games were common this early.",The_Forum_1925_10_25_17.csv,,,
2,1942,1942-09-19,Sioux Falls (SD),Visitor,Fairmont (MN),7,32,7.5,125,"This opponent pairing is a one-off (not a recurring year-over-year matchup) -- more consistent with a one-time guarantee game than a conference rivalry. | 1930s/early-1940s season -- crossover games still happened, though less often than the 1920s.",The_Minneapolis_Star_1942_09_19_Page_6.csv,,,
2,1941,1941-10-18,Moorhead (MN),Visitor,Wahpeton (ND),0,13,7.8,900,"Opponent 'Wahpeton (ND)' is ALSO a risk-listed college-town name -- may be a college-vs-college guarantee game misfiled as HS, or confirms both sides need a look. | Recurs across 22 different seasons vs this same opponent -- looks like a real, stable HS conference rivalry. | 1930s/early-1940s season -- crossover games still happened, though less often than the 1920s.",The_Minneapolis_Star_1941_10_18_Page_6 (2).csv,,,
2,1941,1941-10-11,Wahpeton (ND),Visitor,Jamestown (ND),0,20,-2.7,888,"Opponent 'Jamestown (ND)' is ALSO a risk-listed college-town name -- may be a college-vs-college guarantee game misfiled as HS, or confirms both sides need a look. | Recurs across 17 different seasons vs this same opponent -- looks like a real, stable HS conference rivalry. | 1930s/early-1940s season -- crossover games still happened, though less often than the 1920s.",The_Minneapolis_Star_1941_10_11_Page_7 (1).csv,,,
2,1940,1940-11-02,Austin (MN),Visitor,Fairmont (MN),13,18,1.7,1094,"This opponent pairing is a one-off (not a recurring year-over-year matchup) -- more consistent with a one-time guarantee game than a conference rivalry. | 1930s/early-1940s season -- crossover games still happened, though less often than the 1920s.",The_Minneapolis_Star_1940_11_02_Page_8.csv,,,
2,1940,1940-10-26,Wahpeton (ND),Visitor,Valley City (ND),18,27,-2.7,888,"Opponent 'Valley City (ND)' is ALSO a risk-listed college-town name -- may be a college-vs-college guarantee game misfiled as HS, or confirms both sides need a look. | Recurs across 54 different seasons vs this same opponent -- looks like a real, stable HS conference rivalry. | 1930s/early-1940s season -- crossover games still happened, though less often than the 1920s.",The_Minneapolis_Star_1940_10_26_Page_9.csv,,,
2,1940,1940-10-19,Jamestown (ND),Visitor,Valley City (ND),6,7,3.9,347,"Opponent 'Valley City (ND)' is ALSO a risk-listed college-town name -- may be a college-vs-college guarantee game misfiled as HS, or confirms both sides need a look. | Recurs across 43 different seasons vs this same opponent -- looks like a real, stable HS conference rivalry. | 1930s/early-1940s season -- crossover games still happened, though less often than the 1920s.",The_Minneapolis_Star_1940_10_19_Page_8 (1).csv,,,
2,1940,1940-10-19,Moorhead (MN),Visitor,Wahpeton (ND),0,13,7.8,900,"Opponent 'Wahpeton (ND)' is ALSO a risk-listed college-town name -- may be a college-vs-college guarantee game misfiled as HS, or confirms both sides need a look. | Recurs across 22 different seasons vs this same opponent -- looks like a real, stable HS conference rivalry. | 1930s/early-1940s season -- crossover games still happened, though less often than the 1920s.",The_Minneapolis_Star_1940_10_19_Page_8 (1).csv,,,
2,1940,1940-10-12,Wahpeton (ND),Visitor,Jamestown (ND),6,18,-2.7,888,"Opponent 'Jamestown (ND)' is ALSO a risk-listed college-town name -- may be a college-vs-college guarantee game misfiled as HS, or confirms both sides need a look. | Recurs across 17 different seasons vs this same opponent -- looks like a real, stable HS conference rivalry. | 1930s/early-1940s season -- crossover games still happened, though less often than the 1920s.",The_Minneapolis_Star_1940_10_12_Page_6.csv,,,
2,1940,1940-10-12,Rochester (MN),Visitor,Mankato (MN),0,18,5.8,272,"Opponent 'Mankato (MN)' is ALSO a risk-listed college-town name -- may be a college-vs-college guarantee game misfiled as HS, or confirms both sides need a look. | Recurs across 28 different seasons vs this same opponent -- looks like a real, stable HS conference rivalry. | 1930s/early-1940s season -- crossover games still happened, though less often than the 1920s.",The_Minneapolis_Star_1940_10_12_Page_6.csv,,,
2,1921,1921-10-30,Monmouth (IL),Home,Burlington Central (IL),43,7,-2.7,640,"Margin (+36) is a 1.6-sigma outlier vs this team's usual margin (-2.7 avg). | Recurs across 4 different seasons vs this same opponent -- looks like a real, stable HS conference rivalry. | Pre-1930 season -- college/HS crossover games were common this early.",Chicago_Tribune_1921_10_30_26.csv,,,
2,1925,1925-10-04,Danville (IL),Home,Sidell Jamaica (IL),19,0,4.2,926,Pre-1930 season -- college/HS crossover games were common this early.,Chicago_Tribune_1925_10_04_23.csv,,,
2,1925,1925-10-04,Joliet (IL),Home,Glen Ellyn Glenbard Township (IL),20,19,-9.3,928,Pre-1930 season -- college/HS crossover games were common this early.,Chicago_Tribune_1925_10_04_23.csv,,,
2,1936,1936-10-16,Adrian (MI),Visitor,Hillsdale (MI),0,6,0.9,877,"Opponent 'Hillsdale (MI)' is ALSO a risk-listed college-town name -- may be a college-vs-college guarantee game misfiled as HS, or confirms both sides need a look. | Recurs across 19 different seasons vs this same opponent -- looks like a real, stable HS conference rivalry. | 1930s/early-1940s season -- crossover games still happened, though less often than the 1920s.",https://www.newspapers.com/image/97540774,,,
2,1920,1920-10-29,Stevens Point (WI),Visitor,Wausau (WI),0,34,2.7,767,"Margin (-34) is a 1.7-sigma outlier vs this team's usual margin (2.7 avg). | Recurs across 50 different seasons vs this same opponent -- looks like a real, stable HS conference rivalry. | Pre-1930 season -- college/HS crossover games were common this early.",http://www.classmates.com/siteui/yearbooks/4182732169?page=54,,,
2,1927,1927-10-07,Dickinson (ND),Visitor,Miles City Custer County (MT),0,38,-0.9,982,"Margin (-38) is a 1.6-sigma outlier vs this team's usual margin (-0.9 avg). | Recurs across 12 different seasons vs this same opponent -- looks like a real, stable HS conference rivalry. | Pre-1930 season -- college/HS crossover games were common this early.",http://www.bhs.bismarckschools.org/bhs/bhsathletics/throwers/history-of-bismarck-high-football/,,,
2,1920,1920-10-08,Minot (ND),Visitor,Williston (ND),0,101,7.4,1098,"Margin (-101) is a 4.6-sigma outlier vs this team's usual margin (7.4 avg). | Recurs across 116 different seasons vs this same opponent -- looks like a real, stable HS conference rivalry. | Pre-1930 season -- college/HS crossover games were common this early.",http://www.bhs.bismarckschools.org/bhs/bhsathletics/throwers/history-of-bismarck-high-football/,,,
2,1955,1955-10-08,Danville (IL),Visitor,Wheaton (IL),0,20,4.2,926,"Opponent 'Wheaton (IL)' is ALSO a risk-listed college-town name -- may be a college-vs-college guarantee game misfiled as HS, or confirms both sides need a look. | This opponent pairing is a one-off (not a recurring year-over-year matchup) -- more consistent with a one-time guarantee game than a conference rivalry. | 1950 or later -- college/HS crossover games had essentially stopped by this point, so this is most likely a genuine same-name high school, not a misfiled college game.",The_State_Journal_Register_1955_10_08_12 (1).csv,,,
2,1940,1940-09-14,Bowling Green (OH),Visitor,Arlington (OH),6,8,-2.0,691,"This opponent pairing is a one-off (not a recurring year-over-year matchup) -- more consistent with a one-time guarantee game than a conference rivalry. | 1930s/early-1940s season -- crossover games still happened, though less often than the 1920s.",The_Akron_Beacon_Journal_1940_09_14_Page_10.csv,,,
2,1924,1924-10-18,Valley City (ND),Home,Oakes (ND),52,0,1.2,953,"Margin (+52) is a 2.1-sigma outlier vs this team's usual margin (1.2 avg). | Recurs across 7 different seasons vs this same opponent -- looks like a real, stable HS conference rivalry. | Pre-1930 season -- college/HS crossover games were common this early.",The_Minneapolis_Star_1924_10_18_Page_12 (1).csv,,,
2,1924,1924-10-11,Huron (SD),Home,Groton (SD),12,0,-4.9,908,Pre-1930 season -- college/HS crossover games were common this early.,The_Minneapolis_Star_1924_10_11_Page_10.csv,,,
2,1922,1922-10-01,Wheaton (IL),Home,Sycamore (IL),72,0,7.9,278,"Margin (+72) is a 2.8-sigma outlier vs this team's usual margin (7.9 avg). | Recurs across 11 different seasons vs this same opponent -- looks like a real, stable HS conference rivalry. | Pre-1930 season -- college/HS crossover games were common this early.",Chicago_Tribune_1922_10_01_23.csv,,,
2,1933,1933-10-07,Whitewater (WI),Home,Evansville (WI),13,6,-0.9,677,"This opponent pairing is a one-off (not a recurring year-over-year matchup) -- more consistent with a one-time guarantee game than a conference rivalry. | 1930s/early-1940s season -- crossover games still happened, though less often than the 1920s.",Milwaukee_News_1933_10_07_14.csv,,,
2,1936,1936-09-26,Oshkosh (WI),Home,Milwaukee Boys Technical (WI),10,6,4.9,268,"This opponent pairing is a one-off (not a recurring year-over-year matchup) -- more consistent with a one-time guarantee game than a conference rivalry. | 1930s/early-1940s season -- crossover games still happened, though less often than the 1920s.",Milwaukee_News_1936_09_26_12.csv,,,
2,1921,1921-10-09,Wheaton (IL),Home,Hinsdale Central (IL),47,0,7.9,278,"Margin (+47) is a 1.7-sigma outlier vs this team's usual margin (7.9 avg). | Recurs across 4 different seasons vs this same opponent -- looks like a real, stable HS conference rivalry. | Pre-1930 season -- college/HS crossover games were common this early.",Chicago_Tribune_1921_10_09_22.csv,,,
2,1943,1943-10-09,Whitewater (WI),Home,Wisconsin School for the Deaf (WI),19,6,-0.9,677,"This opponent pairing is a one-off (not a recurring year-over-year matchup) -- more consistent with a one-time guarantee game than a conference rivalry. | 1930s/early-1940s season -- crossover games still happened, though less often than the 1920s.",Wisconsin_State_Journal_1943_10_09_4.csv,,,
2,1943,1943-09-25,Whitewater (WI),Home,Milton (WI),7,0,-0.9,677,"Opponent 'Milton (WI)' is ALSO a risk-listed college-town name -- may be a college-vs-college guarantee game misfiled as HS, or confirms both sides need a look. | Recurs across 30 different seasons vs this same opponent -- looks like a real, stable HS conference rivalry. | 1930s/early-1940s season -- crossover games still happened, though less often than the 1920s.",Wisconsin_State_Journal_1943_09_25_6.csv,,,
2,1926,1926-09-24,Moorhead (MN),Home,Frazee (MN),34,0,7.8,900,Pre-1930 season -- college/HS crossover games were common this early.,http://www.classmates.com/siteui/yearbooks/61867?page=85,,,
2,1935,1935-09-20,Austin (MN),Home,Rochester (MN),7,0,1.7,1094,"Opponent 'Rochester (MN)' is ALSO a risk-listed college-town name -- may be a college-vs-college guarantee game misfiled as HS, or confirms both sides need a look. | Recurs across 45 different seasons vs this same opponent -- looks like a real, stable HS conference rivalry. | 1930s/early-1940s season -- crossover games still happened, though less often than the 1920s.",http://www.classmates.com/yearbooks/Austin-High-School/62106?page=86,,,
2,1940,1940-09-21,Minot (ND),Visitor,Jamestown (ND),0,13,7.4,1098,"Opponent 'Jamestown (ND)' is ALSO a risk-listed college-town name -- may be a college-vs-college guarantee game misfiled as HS, or confirms both sides need a look. | Recurs across 25 different seasons vs this same opponent -- looks like a real, stable HS conference rivalry. | 1930s/early-1940s season -- crossover games still happened, though less often than the 1920s.",The_Minneapolis_Star_1940_09_21_Page_6.csv,,,
2,1939,1939-11-04,Sioux Falls (SD),Visitor,Huron (SD),0,20,7.5,125,"Opponent 'Huron (SD)' is ALSO a risk-listed college-town name -- may be a college-vs-college guarantee game misfiled as HS, or confirms both sides need a look. | Recurs across 4 different seasons vs this same opponent -- looks like a real, stable HS conference rivalry. | 1930s/early-1940s season -- crossover games still happened, though less often than the 1920s.",The_Minneapolis_Star_1939_11_04_Page_6.csv,,,
2,1939,1939-09-30,Winona (MN),Visitor,Mankato (MN),6,25,-3.4,915,"Opponent 'Mankato (MN)' is ALSO a risk-listed college-town name -- may be a college-vs-college guarantee game misfiled as HS, or confirms both sides need a look. | Recurs across 32 different seasons vs this same opponent -- looks like a real, stable HS conference rivalry. | 1930s/early-1940s season -- crossover games still happened, though less often than the 1920s.",The_Minneapolis_Star_1939_09_30_Page_9.csv,,,
2,1943,1943-10-16,Moorhead (MN),Home,Wahpeton (ND),31,7,7.8,900,"Opponent 'Wahpeton (ND)' is ALSO a risk-listed college-town name -- may be a college-vs-college guarantee game misfiled as HS, or confirms both sides need a look. | Recurs across 22 different seasons vs this same opponent -- looks like a real, stable HS conference rivalry. | 1930s/early-1940s season -- crossover games still happened, though less often than the 1920s.",The_Forum_1943_10_16_6.csv,,,
2,1930,1930-10-12,Adrian (MI),Home,Saint Marys Memorial (OH),30,0,0.9,877,"This opponent pairing is a one-off (not a recurring year-over-year matchup) -- more consistent with a one-time guarantee game than a conference rivalry. | 1930s/early-1940s season -- crossover games still happened, though less often than the 1920s.",The_Plain_Dealer_1930_10_12_24 (1).csv,,,
2,1936,1936-09-18,Mankato (MN),Home,Humboldt (MN),8,0,2.3,366,"This opponent pairing is a one-off (not a recurring year-over-year matchup) -- more consistent with a one-time guarantee game than a conference rivalry. | 1930s/early-1940s season -- crossover games still happened, though less often than the 1920s.",https://www.classmates.com/siteui/yearbooks/220305?page=85,,,
2,1941,1941-10-17,Wheaton (IL),Home,Normal Community (IL),35,0,7.9,278,"This opponent pairing is a one-off (not a recurring year-over-year matchup) -- more consistent with a one-time guarantee game than a conference rivalry. | 1930s/early-1940s season -- crossover games still happened, though less often than the 1920s.",http://www.classmates.com/siteui/yearbooks/250047?page=54,,,
2,1936,1936-10-09,Grinnell (IA),Home,Oskaloosa 2nds (IA),12,0,1.7,1110,"This opponent pairing is a one-off (not a recurring year-over-year matchup) -- more consistent with a one-time guarantee game than a conference rivalry. | 1930s/early-1940s season -- crossover games still happened, though less often than the 1920s.",https://www.classmates.com/siteui/yearbooks/228193?page=52,,,
2,1943,1943-10-23,Grand Island (NE),Home,York (NE),7,2,6.2,931,"Opponent 'York (NE)' is ALSO a risk-listed college-town name -- may be a college-vs-college guarantee game misfiled as HS, or confirms both sides need a look. | Recurs across 7 different seasons vs this same opponent -- looks like a real, stable HS conference rivalry. | 1930s/early-1940s season -- crossover games still happened, though less often than the 1920s.",Lincoln_Journal_Star_1943_10_23_5.csv,,,
2,1936,1936-10-09,Albion (MI),Home,Adrian (MI),13,0,-4.1,550,"Opponent 'Adrian (MI)' is ALSO a risk-listed college-town name -- may be a college-vs-college guarantee game misfiled as HS, or confirms both sides need a look. | Recurs across 22 different seasons vs this same opponent -- looks like a real, stable HS conference rivalry. | 1930s/early-1940s season -- crossover games still happened, though less often than the 1920s.",https://www.newspapers.com/image/97527690,,,
2,1920,1920-09-24,Wooster (OH),Home,Medina (OH),56,6,0.1,1005,"Margin (+50) is a 2.2-sigma outlier vs this team's usual margin (0.1 avg). | Recurs across 12 different seasons vs this same opponent -- looks like a real, stable HS conference rivalry. | Pre-1930 season -- college/HS crossover games were common this early.",http://www.classmates.com/yearbooks/Wooster-High-School/1300336807?page=72,,,
2,1935,1935-09-28,Murray (KY),Home,Manchester Clay County (KY),33,0,7.5,832,"This opponent pairing is a one-off (not a recurring year-over-year matchup) -- more consistent with a one-time guarantee game than a conference rivalry. | 1930s/early-1940s season -- crossover games still happened, though less often than the 1920s.",The_Courier_Journal_1935_09_28_Page_16.csv,,,
2,1930,1930-09-28,Findlay (OH),Home,Bowling Green (OH),35,18,2.7,1201,"Opponent 'Bowling Green (OH)' is ALSO a risk-listed college-town name -- may be a college-vs-college guarantee game misfiled as HS, or confirms both sides need a look. | Recurs across 38 different seasons vs this same opponent -- looks like a real, stable HS conference rivalry. | 1930s/early-1940s season -- crossover games still happened, though less often than the 1920s.",The_Plain_Dealer_1930_09_28_24.csv,,,
2,1935,1935-11-16,Pikeville (KY),Home,Barbourville (KY),7,6,12.2,1276,"This opponent pairing is a one-off (not a recurring year-over-year matchup) -- more consistent with a one-time guarantee game than a conference rivalry. | 1930s/early-1940s season -- crossover games still happened, though less often than the 1920s.",The_Courier_Journal_1935_11_16_Page_13.csv,,,
2,1935,1935-11-16,Murray Calloway County (KY),Home,Princeton (IN),18,13,-5.1,603,"This opponent pairing is a one-off (not a recurring year-over-year matchup) -- more consistent with a one-time guarantee game than a conference rivalry. | 1930s/early-1940s season -- crossover games still happened, though less often than the 1920s.",The_Courier_Journal_1935_11_16_Page_13.csv,,,
2,1942,1942-11-07,Murray (KY),Home,Martin Westview (TN),6,0,7.5,832,"This opponent pairing is a one-off (not a recurring year-over-year matchup) -- more consistent with a one-time guarantee game than a conference rivalry. | 1930s/early-1940s season -- crossover games still happened, though less often than the 1920s.",The_Courier_Journal_1942_11_07_Page_15 (1).csv,,,
2,1937,1937-11-06,Jamestown (ND),Home,Valley City (ND),0,0,3.9,347,"Opponent 'Valley City (ND)' is ALSO a risk-listed college-town name -- may be a college-vs-college guarantee game misfiled as HS, or confirms both sides need a look. | Recurs across 43 different seasons vs this same opponent -- looks like a real, stable HS conference rivalry. | 1930s/early-1940s season -- crossover games still happened, though less often than the 1920s.",The_Forum_1937_11_06_11.csv,,,
2,1922,1922-10-20,Kearney (NE),Home,Aurora (NE),12,6,2.2,951,Pre-1930 season -- college/HS crossover games were common this early.,http://www.classmates.com/yearbooks/Kearney-High-School/65666?page=46,,,
2,1939,1939-09-16,Sioux Falls (SD),Visitor,Duluth Central (MN),7,19,7.5,125,"This opponent pairing is a one-off (not a recurring year-over-year matchup) -- more consistent with a one-time guarantee game than a conference rivalry. | 1930s/early-1940s season -- crossover games still happened, though less often than the 1920s.",The_Minneapolis_Star_1939_09_16_Page_8.csv,,,
2,1943,1943-10-02,Valley City (ND),Visitor,Minot (ND),0,13,1.2,953,"Opponent 'Minot (ND)' is ALSO a risk-listed college-town name -- may be a college-vs-college guarantee game misfiled as HS, or confirms both sides need a look. | Recurs across 5 different seasons vs this same opponent -- looks like a real, stable HS conference rivalry. | 1930s/early-1940s season -- crossover games still happened, though less often than the 1920s.",The_Forum_1943_10_02_6.csv,,,
2,1944,1944-10-21,Jamestown (ND),Visitor,Valley City (ND),6,6,3.9,347,"Opponent 'Valley City (ND)' is ALSO a risk-listed college-town name -- may be a college-vs-college guarantee game misfiled as HS, or confirms both sides need a look. | Recurs across 43 different seasons vs this same opponent -- looks like a real, stable HS conference rivalry. | 1930s/early-1940s season -- crossover games still happened, though less often than the 1920s.",The_Forum_1944_10_21_6.csv,,,
2,1943,1943-10-30,Bemidji (MN),Visitor,Gonvick (MN),6,8,5.1,737,"This opponent pairing is a one-off (not a recurring year-over-year matchup) -- more consistent with a one-time guarantee game than a conference rivalry. | 1930s/early-1940s season -- crossover games still happened, though less often than the 1920s.",The_Minneapolis_Star_1943_10_30_Page_5.csv,,,
2,1932,1932-10-01,Jamestown (ND),Visitor,Minot (ND),0,7,3.9,347,"Opponent 'Minot (ND)' is ALSO a risk-listed college-town name -- may be a college-vs-college guarantee game misfiled as HS, or confirms both sides need a look. | Recurs across 25 different seasons vs this same opponent -- looks like a real, stable HS conference rivalry. | 1930s/early-1940s season -- crossover games still happened, though less often than the 1920s.",The_Forum_1932_10_01_9.csv,,,
2,1939,1939-10-21,Monmouth (IL),Home,Macomb (IL),2,0,-2.7,640,"Opponent 'Macomb (IL)' is ALSO a risk-listed college-town name -- may be a college-vs-college guarantee game misfiled as HS, or confirms both sides need a look. | Recurs across 43 different seasons vs this same opponent -- looks like a real, stable HS conference rivalry. | 1930s/early-1940s season -- crossover games still happened, though less often than the 1920s.",The_Pantagraph_1939_10_21_Page_8.csv,,,
2,1931,1931-10-11,Defiance (OH),Home,Bowling Green (OH),13,2,-1.0,862,"Opponent 'Bowling Green (OH)' is ALSO a risk-listed college-town name -- may be a college-vs-college guarantee game misfiled as HS, or confirms both sides need a look. | Recurs across 22 different seasons vs this same opponent -- looks like a real, stable HS conference rivalry. | 1930s/early-1940s season -- crossover games still happened, though less often than the 1920s.",The_Plain_Dealer_1931_10_11_21 (1).csv,,,
2,1928,1928-11-10,Murray (KY),Home,McKenzie (TN),21,6,7.5,832,Pre-1930 season -- college/HS crossover games were common this early.,The_Courier_Journal_1928_11_10_Page_14.csv,,,
2,1928,1928-11-10,Georgetown Scott County (KY),Home,Cynthiana Harrison County (KY),52,7,4.9,1007,"Margin (+45) is a 1.5-sigma outlier vs this team's usual margin (4.9 avg). | Recurs across 32 different seasons vs this same opponent -- looks like a real, stable HS conference rivalry. | Pre-1930 season -- college/HS crossover games were common this early.",The_Courier_Journal_1928_11_10_Page_14.csv,,,
2,1931,1931-10-10,Georgetown Scott County (KY),Home,Covington (KY),36,0,4.9,1007,"This opponent pairing is a one-off (not a recurring year-over-year matchup) -- more consistent with a one-time guarantee game than a conference rivalry. | 1930s/early-1940s season -- crossover games still happened, though less often than the 1920s.",The_Courier_Journal_1931_10_10_Page_17.csv,,,
2,1933,1933-09-23,Murray (KY),Home,Gleason (TN),19,12,7.5,832,"This opponent pairing is a one-off (not a recurring year-over-year matchup) -- more consistent with a one-time guarantee game than a conference rivalry. | 1930s/early-1940s season -- crossover games still happened, though less often than the 1920s.",The_Courier_Journal_1933_09_23_Page_11.csv,,,
2,1932,1932-10-15,Murray (KY),Home,Franklin Community (IN),12,0,7.5,832,"This opponent pairing is a one-off (not a recurring year-over-year matchup) -- more consistent with a one-time guarantee game than a conference rivalry. | 1930s/early-1940s season -- crossover games still happened, though less often than the 1920s.",The_Courier_Journal_1932_10_15_Page_13.csv,,,
2,1933,1933-10-07,Murray (KY),Home,Bruceton Central (TN),25,5,7.5,832,"This opponent pairing is a one-off (not a recurring year-over-year matchup) -- more consistent with a one-time guarantee game than a conference rivalry. | 1930s/early-1940s season -- crossover games still happened, though less often than the 1920s.",The_Courier_Journal_1933_10_07_Page_13.csv,,,
2,1934,1934-10-27,Georgetown Scott County (KY),Home,Anderson Madison-Heights (IN),0,0,4.9,1007,"This opponent pairing is a one-off (not a recurring year-over-year matchup) -- more consistent with a one-time guarantee game than a conference rivalry. | 1930s/early-1940s season -- crossover games still happened, though less often than the 1920s.",The_Courier_Journal_1934_10_27_Page_13.csv,,,
2,1920,1920-10-08,Hillsdale (MI),Visitor,Bryan (OH),6,27,-1.6,695,Pre-1930 season -- college/HS crossover games were common this early.,http://www.e-yearbook.com/sp/eybb?school=88309&year=1921&up=1&startpage=58,,,
2,1943,1943-10-16,Milton (WI),Visitor,Osceola (WI),6,12,7.0,758,"This opponent pairing is a one-off (not a recurring year-over-year matchup) -- more consistent with a one-time guarantee game than a conference rivalry. | 1930s/early-1940s season -- crossover games still happened, though less often than the 1920s.",The_Minneapolis_Star_1943_10_16_Page_5.csv,,,
2,1942,1942-10-31,Jamestown (ND),Visitor,Valley City (ND),0,0,3.9,347,"Opponent 'Valley City (ND)' is ALSO a risk-listed college-town name -- may be a college-vs-college guarantee game misfiled as HS, or confirms both sides need a look. | Recurs across 43 different seasons vs this same opponent -- looks like a real, stable HS conference rivalry. | 1930s/early-1940s season -- crossover games still happened, though less often than the 1920s.",The_Minneapolis_Star_1942_10_31_Page_6.csv,,,
2,1934,1934-10-27,Oshkosh (WI),Home,Oshkosh Alumni (WI),0,0,4.9,268,"This opponent pairing is a one-off (not a recurring year-over-year matchup) -- more consistent with a one-time guarantee game than a conference rivalry. | 1930s/early-1940s season -- crossover games still happened, though less often than the 1920s.",Milwaukee_News_1934_10_27_12.csv,,,
2,1939,1939-09-29,Austin (MN),Home,Rochester (MN),6,0,1.7,1094,"Opponent 'Rochester (MN)' is ALSO a risk-listed college-town name -- may be a college-vs-college guarantee game misfiled as HS, or confirms both sides need a look. | Recurs across 45 different seasons vs this same opponent -- looks like a real, stable HS conference rivalry. | 1930s/early-1940s season -- crossover games still happened, though less often than the 1920s.",http://www.classmates.com/yearbooks/Austin-High-School/21508?page=108,,,
2,1938,1938-11-05,Hastings (NE),Home,Grand Island (NE),24,0,-1.5,909,"Opponent 'Grand Island (NE)' is ALSO a risk-listed college-town name -- may be a college-vs-college guarantee game misfiled as HS, or confirms both sides need a look. | Recurs across 62 different seasons vs this same opponent -- looks like a real, stable HS conference rivalry. | 1930s/early-1940s season -- crossover games still happened, though less often than the 1920s.",Lincoln_Journal_Star_1938_11_05_13.csv,,,
2,1922,1922-10-20,Murray (KY),Home,Union City (TN),19,13,7.5,832,Pre-1930 season -- college/HS crossover games were common this early.,http://www.classmates.com/yearbooks/Union-City-High-School/4182787740?page=66,,,
2,1922,1922-09-15,Macomb (IL),Home,Rock Island (IL),3,0,1.2,729,Pre-1930 season -- college/HS crossover games were common this early.,https://www.classmates.com/siteui/yearbooks/59906?page=109,,,
2,1930,1930-10-03,Findlay (OH),Home,Bowling Green (OH),35,13,2.7,1201,"Opponent 'Bowling Green (OH)' is ALSO a risk-listed college-town name -- may be a college-vs-college guarantee game misfiled as HS, or confirms both sides need a look. | Recurs across 38 different seasons vs this same opponent -- looks like a real, stable HS conference rivalry. | 1930s/early-1940s season -- crossover games still happened, though less often than the 1920s.",https://www.classmates.com/siteui/yearbooks/54026?page=116,,,
2,1934,1934-10-26,Austin (MN),Visitor,Winona (MN),6,13,1.7,1094,"Opponent 'Winona (MN)' is ALSO a risk-listed college-town name -- may be a college-vs-college guarantee game misfiled as HS, or confirms both sides need a look. | Recurs across 91 different seasons vs this same opponent -- looks like a real, stable HS conference rivalry. | 1930s/early-1940s season -- crossover games still happened, though less often than the 1920s.",http://www.classmates.com/yearbooks/Winona-High-School/1000248311?page=56,,,
2,1929,1929-10-12,Eureka (IL),Home,Gridley (IL),47,0,1.1,682,"Margin (+47) is a 1.9-sigma outlier vs this team's usual margin (1.1 avg). | Recurs across 7 different seasons vs this same opponent -- looks like a real, stable HS conference rivalry. | Pre-1930 season -- college/HS crossover games were common this early.",The_Pantagraph_1929_10_12_Page_15.csv,,,
2,1929,1929-09-22,Monmouth (IL),Home,Farmington (IL),64,0,-2.7,640,"Margin (+64) is a 2.8-sigma outlier vs this team's usual margin (-2.7 avg). | Recurs across 27 different seasons vs this same opponent -- looks like a real, stable HS conference rivalry. | Pre-1930 season -- college/HS crossover games were common this early.",The_Pantagraph_1929_09_22_Page_17.csv,,,
2,1936,1936-09-26,Macomb (IL),Home,Carthage (IL),6,4,1.2,729,"Opponent 'Carthage (IL)' is ALSO a risk-listed college-town name -- may be a college-vs-college guarantee game misfiled as HS, or confirms both sides need a look. | Recurs across 6 different seasons vs this same opponent -- looks like a real, stable HS conference rivalry. | 1930s/early-1940s season -- crossover games still happened, though less often than the 1920s.",The_Pantagraph_1936_09_26_Page_10.csv,,,
2,1936,1936-11-07,Monmouth (IL),Home,Macomb (IL),6,0,-2.7,640,"Opponent 'Macomb (IL)' is ALSO a risk-listed college-town name -- may be a college-vs-college guarantee game misfiled as HS, or confirms both sides need a look. | Recurs across 43 different seasons vs this same opponent -- looks like a real, stable HS conference rivalry. | 1930s/early-1940s season -- crossover games still happened, though less often than the 1920s.",The_Pantagraph_1936_11_07_Page_10.csv,,,
2,1938,1938-09-17,Macomb (IL),Home,Roseville (IL),13,0,1.2,729,"This opponent pairing is a one-off (not a recurring year-over-year matchup) -- more consistent with a one-time guarantee game than a conference rivalry. | 1930s/early-1940s season -- crossover games still happened, though less often than the 1920s.",The_Pantagraph_1938_09_17_Page_10.csv,,,
2,1937,1937-10-23,Carthage (IL),Home,Biggsville West Central (IL),31,0,14.4,457,"This opponent pairing is a one-off (not a recurring year-over-year matchup) -- more consistent with a one-time guarantee game than a conference rivalry. | 1930s/early-1940s season -- crossover games still happened, though less often than the 1920s.",The_Pantagraph_1937_10_23_Page_10.csv,,,
2,1938,1938-10-15,Carthage (IL),Home,Macomb (IL),7,0,14.4,457,"Opponent 'Macomb (IL)' is ALSO a risk-listed college-town name -- may be a college-vs-college guarantee game misfiled as HS, or confirms both sides need a look. | Recurs across 6 different seasons vs this same opponent -- looks like a real, stable HS conference rivalry. | 1930s/early-1940s season -- crossover games still happened, though less often than the 1920s.",The_Pantagraph_1938_10_15_Page_8.csv,,,
2,1935,1935-10-19,Kearney (NE),Home,Grand Island (NE),12,6,2.2,951,"Opponent 'Grand Island (NE)' is ALSO a risk-listed college-town name -- may be a college-vs-college guarantee game misfiled as HS, or confirms both sides need a look. | Recurs across 77 different seasons vs this same opponent -- looks like a real, stable HS conference rivalry. | 1930s/early-1940s season -- crossover games still happened, though less often than the 1920s.",Lincoln_Journal_Star_1935_10_19_5.csv,,,
2,1936,1936-10-24,Hastings (NE),Home,Kearney (NE),13,0,-1.5,909,"Opponent 'Kearney (NE)' is ALSO a risk-listed college-town name -- may be a college-vs-college guarantee game misfiled as HS, or confirms both sides need a look. | Recurs across 45 different seasons vs this same opponent -- looks like a real, stable HS conference rivalry. | 1930s/early-1940s season -- crossover games still happened, though less often than the 1920s.",Lincoln_Journal_Star_1936_10_24_5.csv,,,
2,1937,1937-10-09,Grand Island (NE),Home,Hastings (NE),12,0,6.2,931,"Opponent 'Hastings (NE)' is ALSO a risk-listed college-town name -- may be a college-vs-college guarantee game misfiled as HS, or confirms both sides need a look. | Recurs across 62 different seasons vs this same opponent -- looks like a real, stable HS conference rivalry. | 1930s/early-1940s season -- crossover games still happened, though less often than the 1920s.",Lincoln_Journal_Star_1937_10_09_5.csv,,,
2,1923,1923-11-10,Hastings (NE),Home,Beatrice (NE),34,0,-1.5,909,"Margin (+34) is a 1.6-sigma outlier vs this team's usual margin (-1.5 avg). | Recurs across 55 different seasons vs this same opponent -- looks like a real, stable HS conference rivalry. | Pre-1930 season -- college/HS crossover games were common this early.",Lincoln_Journal_Star_1923_11_10_9.csv,,,
2,1940,1940-10-25,Rochester (MN),Home,Winona (MN),13,6,5.8,272,"Opponent 'Winona (MN)' is ALSO a risk-listed college-town name -- may be a college-vs-college guarantee game misfiled as HS, or confirms both sides need a look. | Recurs across 31 different seasons vs this same opponent -- looks like a real, stable HS conference rivalry. | 1930s/early-1940s season -- crossover games still happened, though less often than the 1920s.",http://www.classmates.com/yearbooks/Winona-High-School/242780?page=60,,,
2,1942,1942-10-24,Valley City (ND),Visitor,Wahpeton (ND),6,31,1.2,953,"Opponent 'Wahpeton (ND)' is ALSO a risk-listed college-town name -- may be a college-vs-college guarantee game misfiled as HS, or confirms both sides need a look. | Recurs across 54 different seasons vs this same opponent -- looks like a real, stable HS conference rivalry. | 1930s/early-1940s season -- crossover games still happened, though less often than the 1920s.",The_Minneapolis_Star_1942_10_24_Page_6 (1).csv,,,
2,1923,1923-10-21,Winona (MN),Visitor,La Crosse Central (WI),0,92,-3.4,915,"Margin (-92) is a 4.0-sigma outlier vs this team's usual margin (-3.4 avg). | Recurs across 40 different seasons vs this same opponent -- looks like a real, stable HS conference rivalry. | Pre-1930 season -- college/HS crossover games were common this early.",Grand_Forks_Herald_1923_10_21_6 (1).csv,,,
2,1928,1928-10-14,Jamestown (ND),Visitor,Oakes (ND),0,0,3.9,347,Pre-1930 season -- college/HS crossover games were common this early.,The_Forum_1928_10_14_16.csv,,,
2,1933,1933-10-14,Valley City (ND),Visitor,Jamestown (ND),0,13,1.2,953,"Opponent 'Jamestown (ND)' is ALSO a risk-listed college-town name -- may be a college-vs-college guarantee game misfiled as HS, or confirms both sides need a look. | Recurs across 43 different seasons vs this same opponent -- looks like a real, stable HS conference rivalry. | 1930s/early-1940s season -- crossover games still happened, though less often than the 1920s.",The_Forum_1933_10_14_10.csv,,,
2,1923,1923-11-09,Monmouth (IL),Visitor,Galesburg (IL),0,57,-2.7,640,"Margin (-57) is a 2.3-sigma outlier vs this team's usual margin (-2.7 avg). | Recurs across 31 different seasons vs this same opponent -- looks like a real, stable HS conference rivalry. | Pre-1930 season -- college/HS crossover games were common this early.",https://www.classmates.com/siteui/yearbooks/87609?page=126,,,
2,1922,1922-10-22,Wheaton (IL),Home,Carpentersville Dundee (IL),75,0,7.9,278,"Margin (+75) is a 2.9-sigma outlier vs this team's usual margin (7.9 avg). | Recurs across 11 different seasons vs this same opponent -- looks like a real, stable HS conference rivalry. | Pre-1930 season -- college/HS crossover games were common this early.",Chicago_Tribune_1922_10_22_24.csv,,,
2,1924,1924-10-05,Wheaton (IL),Home,Carpentersville Dundee (IL),106,0,7.9,278,"Margin (+106) is a 4.2-sigma outlier vs this team's usual margin (7.9 avg). | Recurs across 11 different seasons vs this same opponent -- looks like a real, stable HS conference rivalry. | Pre-1930 season -- college/HS crossover games were common this early.",Chicago_Tribune_1924_10_05_30.csv,,,
2,1924,1924-09-28,Joliet (IL),Home,Glen Ellyn Glenbard Township (IL),13,9,-9.3,928,Pre-1930 season -- college/HS crossover games were common this early.,Chicago_Tribune_1924_09_28_27.csv,,,
2,1923,1923-10-21,Wheaton (IL),Home,Geneva (IL),65,0,7.9,278,"Margin (+65) is a 2.5-sigma outlier vs this team's usual margin (7.9 avg). | Recurs across 7 different seasons vs this same opponent -- looks like a real, stable HS conference rivalry. | Pre-1930 season -- college/HS crossover games were common this early.",Chicago_Tribune_1923_10_21_24.csv,,,
2,1924,1924-09-28,Findlay (OH),Visitor,Carey (OH),0,13,2.7,1201,Pre-1930 season -- college/HS crossover games were common this early.,The_Plain_Dealer_1924_09_28_41.csv,,,
2,1933,1933-10-13,Winona (MN),Visitor,Austin (MN),0,13,-3.4,915,"Opponent 'Austin (MN)' is ALSO a risk-listed college-town name -- may be a college-vs-college guarantee game misfiled as HS, or confirms both sides need a look. | Recurs across 91 different seasons vs this same opponent -- looks like a real, stable HS conference rivalry. | 1930s/early-1940s season -- crossover games still happened, though less often than the 1920s.",http://www.classmates.com/yearbooks/Winona-High-School/1000247384?page=52,,,
2,1931,1931-10-03,Valley City (ND),Visitor,Moorhead (MN),0,6,1.2,953,"Opponent 'Moorhead (MN)' is ALSO a risk-listed college-town name -- may be a college-vs-college guarantee game misfiled as HS, or confirms both sides need a look. | Recurs across 18 different seasons vs this same opponent -- looks like a real, stable HS conference rivalry. | 1930s/early-1940s season -- crossover games still happened, though less often than the 1920s.",The_Forum_1931_10_03_11.csv,,,
2,1937,1937-10-23,Wahpeton (ND),Visitor,Moorhead (MN),12,13,-2.7,888,"Opponent 'Moorhead (MN)' is ALSO a risk-listed college-town name -- may be a college-vs-college guarantee game misfiled as HS, or confirms both sides need a look. | Recurs across 22 different seasons vs this same opponent -- looks like a real, stable HS conference rivalry. | 1930s/early-1940s season -- crossover games still happened, though less often than the 1920s.",The_Forum_1937_10_23_13.csv,,,
2,1940,1940-11-08,Mankato (MN),Visitor,Austin (MN),0,7,2.3,366,"Opponent 'Austin (MN)' is ALSO a risk-listed college-town name -- may be a college-vs-college guarantee game misfiled as HS, or confirms both sides need a look. | Recurs across 32 different seasons vs this same opponent -- looks like a real, stable HS conference rivalry. | 1930s/early-1940s season -- crossover games still happened, though less often than the 1920s.",http://www.classmates.com/yearbooks/Austin-High-School/62262?page=86,,,
2,1930,1930-11-14,Ashland (OH),Visitor,Wooster (OH),6,26,1.4,651,"Opponent 'Wooster (OH)' is ALSO a risk-listed college-town name -- may be a college-vs-college guarantee game misfiled as HS, or confirms both sides need a look. | Recurs across 59 different seasons vs this same opponent -- looks like a real, stable HS conference rivalry. | 1930s/early-1940s season -- crossover games still happened, though less often than the 1920s.",http://www.classmates.com/siteui/yearbooks/229948?page=51,,,
2,1925,1925-10-10,Pikeville (KY),Visitor,Williamson (WV),0,70,12.2,1276,"Margin (-70) is a 3.0-sigma outlier vs this team's usual margin (12.2 avg). | Recurs across 17 different seasons vs this same opponent -- looks like a real, stable HS conference rivalry. | Pre-1930 season -- college/HS crossover games were common this early.",http://fourseasonsfootball.com/va.html,,,
2,1944,1944-09-22,Grand Island (NE),Visitor,Hastings (NE),0,19,6.2,931,"Opponent 'Hastings (NE)' is ALSO a risk-listed college-town name -- may be a college-vs-college guarantee game misfiled as HS, or confirms both sides need a look. | Recurs across 62 different seasons vs this same opponent -- looks like a real, stable HS conference rivalry. | 1930s/early-1940s season -- crossover games still happened, though less often than the 1920s.",https://www.classmates.com/siteui/yearbooks/1000241227?page=20,,,
2,1929,1929-09-20,Stevens Point (WI),Visitor,Merrill (WI),0,34,2.7,767,"Margin (-34) is a 1.7-sigma outlier vs this team's usual margin (2.7 avg). | Recurs across 91 different seasons vs this same opponent -- looks like a real, stable HS conference rivalry. | Pre-1930 season -- college/HS crossover games were common this early.",https://www.classmates.com/siteui/yearbooks/4182737993?page=47,,,
2,1948,1948-11-06,Pikeville (KY),Visitor,Lyndon Kentucky Military Institute (KY),0,56,12.2,1276,Margin (-56) is a 2.5-sigma outlier vs this team's usual margin (12.2 avg).,http://fourseasonsfootball.com/va.html,,,
2,1944,1944-10-13,Minot (ND),Visitor,Dickinson (ND),0,0,7.4,1098,"Opponent 'Dickinson (ND)' is ALSO a risk-listed college-town name -- may be a college-vs-college guarantee game misfiled as HS, or confirms both sides need a look. | Recurs across 74 different seasons vs this same opponent -- looks like a real, stable HS conference rivalry. | 1930s/early-1940s season -- crossover games still happened, though less often than the 1920s.",http://www.bhs.bismarckschools.org/bhs/bhsathletics/throwers/history-of-bismarck-high-football/,,,
2,1921,1921-11-06,Joliet (IL),Visitor,Elgin (IL),0,52,-9.3,928,"Margin (-52) is a 1.8-sigma outlier vs this team's usual margin (-9.3 avg). | Recurs across 44 different seasons vs this same opponent -- looks like a real, stable HS conference rivalry. | Pre-1930 season -- college/HS crossover games were common this early.",Chicago_Tribune_1921_11_06_27.csv,,,
2,1927,1927-11-04,Dickinson (ND),Visitor,Mandan (ND),0,63,-0.9,982,"Margin (-63) is a 2.6-sigma outlier vs this team's usual margin (-0.9 avg). | Recurs across 103 different seasons vs this same opponent -- looks like a real, stable HS conference rivalry. | Pre-1930 season -- college/HS crossover games were common this early.",http://www.bhs.bismarckschools.org/bhs/bhsathletics/throwers/history-of-bismarck-high-football/,,,
2,1941,1941-09-12,Austin (MN),Visitor,Saint Paul Johnson (MN),6,12,1.7,1094,"This opponent pairing is a one-off (not a recurring year-over-year matchup) -- more consistent with a one-time guarantee game than a conference rivalry. | 1930s/early-1940s season -- crossover games still happened, though less often than the 1920s.",http://www.classmates.com/yearbooks/Austin-High-School/63739?page=24,,,
2,1923,1923-10-12,Adrian (MI),Visitor,Ann Arbor Pioneer (MI),0,89,0.9,877,"Margin (-89) is a 4.3-sigma outlier vs this team's usual margin (0.9 avg). | Recurs across 46 different seasons vs this same opponent -- looks like a real, stable HS conference rivalry. | Pre-1930 season -- college/HS crossover games were common this early.",http://www.e-yearbook.com/sp/eybb?school=62647&year=1924&up=2&startpage=130,,,
2,1920,1920-10-22,Danville (IL),Visitor,Champaign Central (IL),0,63,4.2,926,"Margin (-63) is a 2.9-sigma outlier vs this team's usual margin (4.2 avg). | Recurs across 64 different seasons vs this same opponent -- looks like a real, stable HS conference rivalry. | Pre-1930 season -- college/HS crossover games were common this early.",https://www.classmates.com/siteui/yearbooks/90482?page=63,,,
2,1936,1936-10-03,Jamestown (ND),Visitor,Valley City (ND),0,14,3.9,347,"Opponent 'Valley City (ND)' is ALSO a risk-listed college-town name -- may be a college-vs-college guarantee game misfiled as HS, or confirms both sides need a look. | Recurs across 43 different seasons vs this same opponent -- looks like a real, stable HS conference rivalry. | 1930s/early-1940s season -- crossover games still happened, though less often than the 1920s.",The_Forum_1936_10_03_10.csv,,,
2,1930,1930-10-24,Joliet (IL),Visitor,Winnetka New Trier (IL),0,39,-9.3,928,"This opponent pairing is a one-off (not a recurring year-over-year matchup) -- more consistent with a one-time guarantee game than a conference rivalry. | 1930s/early-1940s season -- crossover games still happened, though less often than the 1920s.",https://www.classmates.com/siteui/yearbooks/83106?page=96,,,
2,1931,1931-10-03,Jamestown (ND),Visitor,Minot (ND),8,14,3.9,347,"Opponent 'Minot (ND)' is ALSO a risk-listed college-town name -- may be a college-vs-college guarantee game misfiled as HS, or confirms both sides need a look. | Recurs across 25 different seasons vs this same opponent -- looks like a real, stable HS conference rivalry. | 1930s/early-1940s season -- crossover games still happened, though less often than the 1920s.",The_Forum_1931_10_03_11.csv,,,
2,1943,1943-09-17,Rochester (MN),Visitor,Austin (MN),0,25,5.8,272,"Opponent 'Austin (MN)' is ALSO a risk-listed college-town name -- may be a college-vs-college guarantee game misfiled as HS, or confirms both sides need a look. | Recurs across 45 different seasons vs this same opponent -- looks like a real, stable HS conference rivalry. | 1930s/early-1940s season -- crossover games still happened, though less often than the 1920s.",http://www.classmates.com/yearbooks/Austin-High-School/1000245206?page=84,,,
2,1935,1935-11-02,Valley City (ND),Visitor,Jamestown (ND),0,6,1.2,953,"Opponent 'Jamestown (ND)' is ALSO a risk-listed college-town name -- may be a college-vs-college guarantee game misfiled as HS, or confirms both sides need a look. | Recurs across 43 different seasons vs this same opponent -- looks like a real, stable HS conference rivalry. | 1930s/early-1940s season -- crossover games still happened, though less often than the 1920s.",The_Forum_1935_11_02_12.csv,,,
2,1934,1934-11-03,Jamestown (ND),Visitor,Valley City (ND),7,13,3.9,347,"Opponent 'Valley City (ND)' is ALSO a risk-listed college-town name -- may be a college-vs-college guarantee game misfiled as HS, or confirms both sides need a look. | Recurs across 43 different seasons vs this same opponent -- looks like a real, stable HS conference rivalry. | 1930s/early-1940s season -- crossover games still happened, though less often than the 1920s.",The_Forum_1934_11_03_12.csv,,,
2,1933,1933-09-30,Moorhead (MN),Visitor,Jamestown (ND),6,7,7.8,900,"Opponent 'Jamestown (ND)' is ALSO a risk-listed college-town name -- may be a college-vs-college guarantee game misfiled as HS, or confirms both sides need a look. | Recurs across 4 different seasons vs this same opponent -- looks like a real, stable HS conference rivalry. | 1930s/early-1940s season -- crossover games still happened, though less often than the 1920s.",The_Forum_1933_09_30_10.csv,,,
2,1926,1926-10-15,Austin (MN),Home,Minnesota School for the Deaf (MN),28,6,1.7,1094,Pre-1930 season -- college/HS crossover games were common this early.,http://www.classmates.com/yearbooks/Austin-High-School/4182759214?page=102,,,
2,1925,1925-10-03,York (NE),Home,Seward (NE),39,0,-0.5,821,"Margin (+39) is a 1.8-sigma outlier vs this team's usual margin (-0.5 avg). | Recurs across 76 different seasons vs this same opponent -- looks like a real, stable HS conference rivalry. | Pre-1930 season -- college/HS crossover games were common this early.",Lincoln_Journal_Star_1925_10_03_7.csv,,,
2,1932,1932-10-28,Austin (MN),Home,Winona (MN),12,7,1.7,1094,"Opponent 'Winona (MN)' is ALSO a risk-listed college-town name -- may be a college-vs-college guarantee game misfiled as HS, or confirms both sides need a look. | Recurs across 91 different seasons vs this same opponent -- looks like a real, stable HS conference rivalry. | 1930s/early-1940s season -- crossover games still happened, though less often than the 1920s.",http://www.classmates.com/yearbooks/Austin-High-School/62309?page=78,,,
2,1938,1938-10-07,Findlay (OH),Home,Bowling Green (OH),35,0,2.7,1201,"Opponent 'Bowling Green (OH)' is ALSO a risk-listed college-town name -- may be a college-vs-college guarantee game misfiled as HS, or confirms both sides need a look. | Recurs across 38 different seasons vs this same opponent -- looks like a real, stable HS conference rivalry. | 1930s/early-1940s season -- crossover games still happened, though less often than the 1920s.",https://www.classmates.com/siteui/yearbooks/71750?page=63,,,
2,1936,1936-10-02,Albion (MI),Home,Hillsdale (MI),20,0,-4.1,550,"Opponent 'Hillsdale (MI)' is ALSO a risk-listed college-town name -- may be a college-vs-college guarantee game misfiled as HS, or confirms both sides need a look. | Recurs across 20 different seasons vs this same opponent -- looks like a real, stable HS conference rivalry. | 1930s/early-1940s season -- crossover games still happened, though less often than the 1920s.",https://www.newspapers.com/image/209757207,,,
2,1930,1930-10-03,Rochester (MN),Home,Austin (MN),40,7,5.8,272,"Opponent 'Austin (MN)' is ALSO a risk-listed college-town name -- may be a college-vs-college guarantee game misfiled as HS, or confirms both sides need a look. | Recurs across 45 different seasons vs this same opponent -- looks like a real, stable HS conference rivalry. | 1930s/early-1940s season -- crossover games still happened, though less often than the 1920s.",http://www.classmates.com/yearbooks/Austin-High-School/62294?page=84,,,
2,1923,1923-09-21,Kearney (NE),Home,Gibbon (NE),26,0,2.2,951,Pre-1930 season -- college/HS crossover games were common this early.,http://www.classmates.com/yearbooks/Kearney-High-School/65622?page=66,,,
2,1923,1923-10-26,Minot (ND),Visitor,Williston (ND),0,101,7.4,1098,"Margin (-101) is a 4.6-sigma outlier vs this team's usual margin (7.4 avg). | Recurs across 116 different seasons vs this same opponent -- looks like a real, stable HS conference rivalry. | Pre-1930 season -- college/HS crossover games were common this early.",http://www.bhs.bismarckschools.org/bhs/bhsathletics/throwers/history-of-bismarck-high-football/,,,
2,1934,1934-10-05,Rochester (MN),Visitor,Mankato (MN),20,22,5.8,272,"Opponent 'Mankato (MN)' is ALSO a risk-listed college-town name -- may be a college-vs-college guarantee game misfiled as HS, or confirms both sides need a look. | Recurs across 28 different seasons vs this same opponent -- looks like a real, stable HS conference rivalry. | 1930s/early-1940s season -- crossover games still happened, though less often than the 1920s.",https://www.classmates.com/siteui/yearbooks/232899?page=91,,,
2,1920,1920-11-12,Findlay (OH),Visitor,Fremont Ross (OH),0,63,2.7,1201,"Margin (-63) is a 2.9-sigma outlier vs this team's usual margin (2.7 avg). | Recurs across 93 different seasons vs this same opponent -- looks like a real, stable HS conference rivalry. | Pre-1930 season -- college/HS crossover games were common this early.",https://www.classmates.com/siteui/yearbooks/72703?page=83,,,
2,1941,1941-10-18,Valley City (ND),Visitor,Jamestown (ND),6,40,1.2,953,"Opponent 'Jamestown (ND)' is ALSO a risk-listed college-town name -- may be a college-vs-college guarantee game misfiled as HS, or confirms both sides need a look. | Recurs across 43 different seasons vs this same opponent -- looks like a real, stable HS conference rivalry. | 1930s/early-1940s season -- crossover games still happened, though less often than the 1920s.",The_Forum_1941_10_18_9.csv,,,
2,1941,1941-10-17,Winona (MN),Home,Austin (MN),13,6,-3.4,915,"Opponent 'Austin (MN)' is ALSO a risk-listed college-town name -- may be a college-vs-college guarantee game misfiled as HS, or confirms both sides need a look. | Recurs across 91 different seasons vs this same opponent -- looks like a real, stable HS conference rivalry. | 1930s/early-1940s season -- crossover games still happened, though less often than the 1920s.",http://www.classmates.com/yearbooks/Austin-High-School/63739?page=24,,,
2,1935,1935-09-28,Jamestown (ND),Home,Valley City (ND),6,6,3.9,347,"Opponent 'Valley City (ND)' is ALSO a risk-listed college-town name -- may be a college-vs-college guarantee game misfiled as HS, or confirms both sides need a look. | Recurs across 43 different seasons vs this same opponent -- looks like a real, stable HS conference rivalry. | 1930s/early-1940s season -- crossover games still happened, though less often than the 1920s.",The_Forum_1935_09_28_17.csv,,,
2,1939,1939-11-04,Adrian (MI),Home,Hillsdale (MI),12,7,0.9,877,"Opponent 'Hillsdale (MI)' is ALSO a risk-listed college-town name -- may be a college-vs-college guarantee game misfiled as HS, or confirms both sides need a look. | Recurs across 19 different seasons vs this same opponent -- looks like a real, stable HS conference rivalry. | 1930s/early-1940s season -- crossover games still happened, though less often than the 1920s.",The_Bay_City_Times_1939_11_04_7.csv,,,
2,1935,1935-10-11,Marietta (OH),Home,Malta & McConnelsville (OH),27,6,-3.3,961,"This opponent pairing is a one-off (not a recurring year-over-year matchup) -- more consistent with a one-time guarantee game than a conference rivalry. | 1930s/early-1940s season -- crossover games still happened, though less often than the 1920s.",http://www.classmates.com/siteui/yearbooks/73496?page=99,,,
2,1933,1933-09-29,Austin (MN),Home,Mankato (MN),19,0,1.7,1094,"Opponent 'Mankato (MN)' is ALSO a risk-listed college-town name -- may be a college-vs-college guarantee game misfiled as HS, or confirms both sides need a look. | Recurs across 32 different seasons vs this same opponent -- looks like a real, stable HS conference rivalry. | 1930s/early-1940s season -- crossover games still happened, though less often than the 1920s.",https://www.classmates.com/siteui/yearbooks/4182773687?page=86,,,
2,1944,1944-10-27,Austin (MN),Home,Mankato (MN),28,7,1.7,1094,"Opponent 'Mankato (MN)' is ALSO a risk-listed college-town name -- may be a college-vs-college guarantee game misfiled as HS, or confirms both sides need a look. | Recurs across 32 different seasons vs this same opponent -- looks like a real, stable HS conference rivalry. | 1930s/early-1940s season -- crossover games still happened, though less often than the 1920s.",http://www.classmates.com/yearbooks/Austin-High-School/60113?page=84,,,
2,1931,1931-11-20,Wooster (OH),Home,Ashland (OH),13,0,0.1,1005,"Opponent 'Ashland (OH)' is ALSO a risk-listed college-town name -- may be a college-vs-college guarantee game misfiled as HS, or confirms both sides need a look. | Recurs across 59 different seasons vs this same opponent -- looks like a real, stable HS conference rivalry. | 1930s/early-1940s season -- crossover games still happened, though less often than the 1920s.",http://www.classmates.com/siteui/yearbooks/4182717615?page=51,,,
2,1933,1933-10-13,Mankato (MN),Home,Winona (MN),13,0,2.3,366,"Opponent 'Winona (MN)' is ALSO a risk-listed college-town name -- may be a college-vs-college guarantee game misfiled as HS, or confirms both sides need a look. | Recurs across 32 different seasons vs this same opponent -- looks like a real, stable HS conference rivalry. | 1930s/early-1940s season -- crossover games still happened, though less often than the 1920s.",https://www.classmates.com/siteui/yearbooks/4182773687?page=86,,,
2,1935,1935-10-06,Bowling Green (OH),Visitor,Defiance (OH),13,26,-2.0,691,"Opponent 'Defiance (OH)' is ALSO a risk-listed college-town name -- may be a college-vs-college guarantee game misfiled as HS, or confirms both sides need a look. | Recurs across 22 different seasons vs this same opponent -- looks like a real, stable HS conference rivalry. | 1930s/early-1940s season -- crossover games still happened, though less often than the 1920s.",The_Plain_Dealer_1935_10_06_38 (1).csv,,,
2,1934,1934-10-14,Bowling Green (OH),Visitor,Kent Central (OH),0,0,-2.0,691,"This opponent pairing is a one-off (not a recurring year-over-year matchup) -- more consistent with a one-time guarantee game than a conference rivalry. | 1930s/early-1940s season -- crossover games still happened, though less often than the 1920s.",The_Plain_Dealer_1934_10_14_33.csv,,,
2,1926,1926-10-08,Valley City (ND),Visitor,Fargo Central (ND),0,77,1.2,953,"Margin (-77) is a 3.2-sigma outlier vs this team's usual margin (1.2 avg). | Recurs across 28 different seasons vs this same opponent -- looks like a real, stable HS conference rivalry. | Pre-1930 season -- college/HS crossover games were common this early.",http://www.classmates.com/siteui/yearbooks/127217?page=149,,,
2,1936,1936-10-09,Mankato (MN),Visitor,Rochester (MN),0,18,2.3,366,"Opponent 'Rochester (MN)' is ALSO a risk-listed college-town name -- may be a college-vs-college guarantee game misfiled as HS, or confirms both sides need a look. | Recurs across 28 different seasons vs this same opponent -- looks like a real, stable HS conference rivalry. | 1930s/early-1940s season -- crossover games still happened, though less often than the 1920s.",https://www.classmates.com/siteui/yearbooks/220305?page=85,,,
2,1921,1921-10-21,Bowling Green (OH),Visitor,Fostoria (OH),0,49,-2.0,691,"Margin (-49) is a 2.1-sigma outlier vs this team's usual margin (-2.0 avg). | Recurs across 54 different seasons vs this same opponent -- looks like a real, stable HS conference rivalry. | Pre-1930 season -- college/HS crossover games were common this early.",http://www.fostoria.org/media/old_content/2f1b1b728d318ab47db91c89c3bb6fe4.jpg,,,
2,1925,1925-10-02,Elmhurst (IL),Visitor,Libertyville (IL),14,15,37.0,3,Pre-1930 season -- college/HS crossover games were common this early.,http://www.classmates.com/yearbooks/Libertyville-High-School/96963?page=54,,,
2,1937,1937-10-29,Mankato (MN),Visitor,Austin (MN),6,13,2.3,366,"Opponent 'Austin (MN)' is ALSO a risk-listed college-town name -- may be a college-vs-college guarantee game misfiled as HS, or confirms both sides need a look. | Recurs across 32 different seasons vs this same opponent -- looks like a real, stable HS conference rivalry. | 1930s/early-1940s season -- crossover games still happened, though less often than the 1920s.",http://www.classmates.com/yearbooks/Austin-High-School/1000245096?page=96,,,
2,1940,1940-11-01,Austin (MN),Home,Winona (MN),25,6,1.7,1094,"Opponent 'Winona (MN)' is ALSO a risk-listed college-town name -- may be a college-vs-college guarantee game misfiled as HS, or confirms both sides need a look. | Recurs across 91 different seasons vs this same opponent -- looks like a real, stable HS conference rivalry. | 1930s/early-1940s season -- crossover games still happened, though less often than the 1920s.",http://www.classmates.com/yearbooks/Austin-High-School/62262?page=86,,,
2,1937,1937-09-24,Winona (MN),Home,Mankato (MN),31,9,-3.4,915,"Opponent 'Mankato (MN)' is ALSO a risk-listed college-town name -- may be a college-vs-college guarantee game misfiled as HS, or confirms both sides need a look. | Recurs across 32 different seasons vs this same opponent -- looks like a real, stable HS conference rivalry. | 1930s/early-1940s season -- crossover games still happened, though less often than the 1920s.",https://www.classmates.com/siteui/yearbooks/94960?page=74,,,
2,1920,1920-10-16,Wheaton (IL),Home,Batavia (IL),70,0,7.9,278,"Margin (+70) is a 2.7-sigma outlier vs this team's usual margin (7.9 avg). | Recurs across 9 different seasons vs this same opponent -- looks like a real, stable HS conference rivalry. | Pre-1930 season -- college/HS crossover games were common this early.",https://www.newspapers.com/image/28686417/,,,
2,1933,1933-10-06,Austin (MN),Home,Rochester (MN),32,13,1.7,1094,"Opponent 'Rochester (MN)' is ALSO a risk-listed college-town name -- may be a college-vs-college guarantee game misfiled as HS, or confirms both sides need a look. | Recurs across 45 different seasons vs this same opponent -- looks like a real, stable HS conference rivalry. | 1930s/early-1940s season -- crossover games still happened, though less often than the 1920s.",http://www.classmates.com/yearbooks/Austin-High-School/76615?page=88,,,
2,1944,1944-09-22,Findlay (OH),Home,Bowling Green (OH),27,0,2.7,1201,"Opponent 'Bowling Green (OH)' is ALSO a risk-listed college-town name -- may be a college-vs-college guarantee game misfiled as HS, or confirms both sides need a look. | Recurs across 38 different seasons vs this same opponent -- looks like a real, stable HS conference rivalry. | 1930s/early-1940s season -- crossover games still happened, though less often than the 1920s.",https://www.classmates.com/siteui/yearbooks/54698?page=35,,,
2,1932,1932-10-21,Rochester (MN),Home,Winona (MN),6,0,5.8,272,"Opponent 'Winona (MN)' is ALSO a risk-listed college-town name -- may be a college-vs-college guarantee game misfiled as HS, or confirms both sides need a look. | Recurs across 31 different seasons vs this same opponent -- looks like a real, stable HS conference rivalry. | 1930s/early-1940s season -- crossover games still happened, though less often than the 1920s.",http://www.classmates.com/yearbooks/Winona-High-School/1000247827?page=42,,,
2,1937,1937-09-24,Findlay (OH),Home,Bluffton (OH),12,6,2.7,1201,"Opponent 'Bluffton (OH)' is ALSO a risk-listed college-town name -- may be a college-vs-college guarantee game misfiled as HS, or confirms both sides need a look. | Recurs across 6 different seasons vs this same opponent -- looks like a real, stable HS conference rivalry. | 1930s/early-1940s season -- crossover games still happened, though less often than the 1920s.",https://www.classmates.com/siteui/yearbooks/71649?page=57,,,
2,1921,1921-11-11,Dickinson (ND),Home,Beach (ND),55,7,-0.9,982,"Margin (+48) is a 2.1-sigma outlier vs this team's usual margin (-0.9 avg). | Recurs across 16 different seasons vs this same opponent -- looks like a real, stable HS conference rivalry. | Pre-1930 season -- college/HS crossover games were common this early.",http://www.bhs.bismarckschools.org/bhs/bhsathletics/throwers/history-of-bismarck-high-football/,,,
2,1920,1920-10-01,Winona (MN),Visitor,La Crosse Central (WI),0,78,-3.4,915,"Margin (-78) is a 3.4-sigma outlier vs this team's usual margin (-3.4 avg). | Recurs across 40 different seasons vs this same opponent -- looks like a real, stable HS conference rivalry. | Pre-1930 season -- college/HS crossover games were common this early.",http://www.classmates.com/yearbooks/Winona-High-School/58110?page=46,,,
2,1922,1922-10-20,Findlay (OH),Visitor,Toledo Scott (OH),0,48,2.7,1201,"Margin (-48) is a 2.2-sigma outlier vs this team's usual margin (2.7 avg). | Recurs across 19 different seasons vs this same opponent -- looks like a real, stable HS conference rivalry. | Pre-1930 season -- college/HS crossover games were common this early.",https://www.classmates.com/siteui/yearbooks/72797?page=58,,,
2,1942,1942-09-18,Bowling Green (OH),Visitor,Findlay (OH),6,27,-2.0,691,"Opponent 'Findlay (OH)' is ALSO a risk-listed college-town name -- may be a college-vs-college guarantee game misfiled as HS, or confirms both sides need a look. | Recurs across 38 different seasons vs this same opponent -- looks like a real, stable HS conference rivalry. | 1930s/early-1940s season -- crossover games still happened, though less often than the 1920s.",https://www.classmates.com/siteui/yearbooks/4182714257?page=25,,,
2,1920,1920-10-22,Winona (MN),Visitor,La Crosse Central (WI),0,77,-3.4,915,"Margin (-77) is a 3.3-sigma outlier vs this team's usual margin (-3.4 avg). | Recurs across 40 different seasons vs this same opponent -- looks like a real, stable HS conference rivalry. | Pre-1930 season -- college/HS crossover games were common this early.",http://www.classmates.com/yearbooks/Central-High-School/1300336591?page=76,,,
2,1937,1937-10-15,Adrian (MI),Visitor,Albion (MI),0,6,0.9,877,"Opponent 'Albion (MI)' is ALSO a risk-listed college-town name -- may be a college-vs-college guarantee game misfiled as HS, or confirms both sides need a look. | Recurs across 22 different seasons vs this same opponent -- looks like a real, stable HS conference rivalry. | 1930s/early-1940s season -- crossover games still happened, though less often than the 1920s.",http://www.classmates.com/siteui/yearbooks/61321?page=52,,,
2,1941,1941-09-26,Dickinson (ND),Visitor,Minot (ND),0,19,-0.9,982,"Opponent 'Minot (ND)' is ALSO a risk-listed college-town name -- may be a college-vs-college guarantee game misfiled as HS, or confirms both sides need a look. | Recurs across 74 different seasons vs this same opponent -- looks like a real, stable HS conference rivalry. | 1930s/early-1940s season -- crossover games still happened, though less often than the 1920s.",http://www.bhs.bismarckschools.org/bhs/bhsathletics/throwers/history-of-bismarck-high-football/,,,
2,1932,1932-09-23,Austin (MN),Visitor,LeRoy Coop (IL),0,19,1.7,1094,"This opponent pairing is a one-off (not a recurring year-over-year matchup) -- more consistent with a one-time guarantee game than a conference rivalry. | 1930s/early-1940s season -- crossover games still happened, though less often than the 1920s.",http://www.classmates.com/yearbooks/Austin-High-School/62309?page=78,,,
2,1929,1929-11-23,Pikeville (KY),Visitor,Hazard (KY),0,31,12.2,1276,"Margin (-31) is a 1.6-sigma outlier vs this team's usual margin (12.2 avg). | Recurs across 46 different seasons vs this same opponent -- looks like a real, stable HS conference rivalry. | Pre-1930 season -- college/HS crossover games were common this early.",http://fourseasonsfootball.com/va.html,,,
2,1943,1943-09-24,Mankato (MN),Visitor,Winona (MN),0,13,2.3,366,"Opponent 'Winona (MN)' is ALSO a risk-listed college-town name -- may be a college-vs-college guarantee game misfiled as HS, or confirms both sides need a look. | Recurs across 32 different seasons vs this same opponent -- looks like a real, stable HS conference rivalry. | 1930s/early-1940s season -- crossover games still happened, though less often than the 1920s.",http://www.classmates.com/yearbooks/Winona-High-School/80326?page=62,,,
2,1923,1923-11-25,Defiance (OH),Visitor,Wauseon (OH),0,51,-1.0,862,"Margin (-51) is a 2.1-sigma outlier vs this team's usual margin (-1.0 avg). | Recurs across 16 different seasons vs this same opponent -- looks like a real, stable HS conference rivalry. | Pre-1930 season -- college/HS crossover games were common this early.",The_Plain_Dealer_1923_11_25_41 (1).csv,,,
2,1925,1925-09-19,Pikeville (KY),Visitor,Logan (WV),0,32,12.2,1276,"Margin (-32) is a 1.6-sigma outlier vs this team's usual margin (12.2 avg). | Recurs across 6 different seasons vs this same opponent -- looks like a real, stable HS conference rivalry. | Pre-1930 season -- college/HS crossover games were common this early.",http://fourseasonsfootball.com/va.html,,,
2,1922,1922-10-20,Albion (MI),Visitor,Ann Arbor Pioneer (MI),0,14,-4.1,550,Pre-1930 season -- college/HS crossover games were common this early.,http://www.e-yearbook.com/sp/eybb?school=62647&year=1923&up=1&startpage=120,,,
2,1924,1924-10-24,Grand Island (NE),Visitor,Central City (NE),6,20,6.2,931,Pre-1930 season -- college/HS crossover games were common this early.,https://www.classmates.com/siteui/yearbooks/65412?page=71,,,
2,1920,1920-10-15,Adrian (MI),Visitor,Bryan (OH),0,33,0.9,877,"Margin (-33) is a 1.6-sigma outlier vs this team's usual margin (0.9 avg). | Recurs across 3 different seasons vs this same opponent -- looks like a real, stable HS conference rivalry. | Pre-1930 season -- college/HS crossover games were common this early.",http://www.e-yearbook.com/sp/eybb?school=88309&year=1921&up=1&startpage=58,,,
2,1931,1931-10-23,Austin (MN),Visitor,Winona (MN),0,6,1.7,1094,"Opponent 'Winona (MN)' is ALSO a risk-listed college-town name -- may be a college-vs-college guarantee game misfiled as HS, or confirms both sides need a look. | Recurs across 91 different seasons vs this same opponent -- looks like a real, stable HS conference rivalry. | 1930s/early-1940s season -- crossover games still happened, though less often than the 1920s.",http://www.classmates.com/yearbooks/Austin-High-School/4182759213?page=82,,,
2,1935,1935-10-04,Bowling Green (OH),Visitor,Findlay (OH),0,13,-2.0,691,"Opponent 'Findlay (OH)' is ALSO a risk-listed college-town name -- may be a college-vs-college guarantee game misfiled as HS, or confirms both sides need a look. | Recurs across 38 different seasons vs this same opponent -- looks like a real, stable HS conference rivalry. | 1930s/early-1940s season -- crossover games still happened, though less often than the 1920s.",https://www.classmates.com/siteui/yearbooks/53283?page=64,,,
2,1935,1935-10-04,Ashland (OH),Visitor,Elyria (OH),2,25,1.4,651,"This opponent pairing is a one-off (not a recurring year-over-year matchup) -- more consistent with a one-time guarantee game than a conference rivalry. | 1930s/early-1940s season -- crossover games still happened, though less often than the 1920s.",http://www.classmates.com/yearbooks/Elyria-High-School/101852?page=72,,,
2,1939,1939-11-10,Winona (MN),Visitor,Austin (MN),0,13,-3.4,915,"Opponent 'Austin (MN)' is ALSO a risk-listed college-town name -- may be a college-vs-college guarantee game misfiled as HS, or confirms both sides need a look. | Recurs across 91 different seasons vs this same opponent -- looks like a real, stable HS conference rivalry. | 1930s/early-1940s season -- crossover games still happened, though less often than the 1920s.",http://www.classmates.com/yearbooks/Austin-High-School/21508/?page=108,,,
2,1923,1923-10-12,Austin (MN),Visitor,Mason City (MN),6,41,1.7,1094,"Margin (-35) is a 1.7-sigma outlier vs this team's usual margin (1.7 avg). | Recurs across 4 different seasons vs this same opponent -- looks like a real, stable HS conference rivalry. | Pre-1930 season -- college/HS crossover games were common this early.",http://www.classmates.com/yearbooks/Austin-High-School/4182759211?page=138,,,
2,1925,1925-10-04,Jamestown (ND),Visitor,Fargo (ND),0,50,3.9,347,"Margin (-50) is a 2.4-sigma outlier vs this team's usual margin (3.9 avg). | Recurs across 19 different seasons vs this same opponent -- looks like a real, stable HS conference rivalry. | Pre-1930 season -- college/HS crossover games were common this early.",The_Forum_1925_10_04_16.csv,,,
2,1934,1934-10-14,Oberlin (OH),Visitor,Dennison (OH),0,6,-5.6,712,"This opponent pairing is a one-off (not a recurring year-over-year matchup) -- more consistent with a one-time guarantee game than a conference rivalry. | 1930s/early-1940s season -- crossover games still happened, though less often than the 1920s.",The_Plain_Dealer_1934_10_14_33.csv,,,
2,1934,1934-10-07,Oberlin (OH),Visitor,Rochester (PA),6,7,-5.6,712,"This opponent pairing is a one-off (not a recurring year-over-year matchup) -- more consistent with a one-time guarantee game than a conference rivalry. | 1930s/early-1940s season -- crossover games still happened, though less often than the 1920s.",The_Plain_Dealer_1934_10_07_35.csv,,,
2,1934,1934-10-06,Bowling Green (OH),Visitor,Defiance (OH),7,19,-2.0,691,"Opponent 'Defiance (OH)' is ALSO a risk-listed college-town name -- may be a college-vs-college guarantee game misfiled as HS, or confirms both sides need a look. | Recurs across 22 different seasons vs this same opponent -- looks like a real, stable HS conference rivalry. | 1930s/early-1940s season -- crossover games still happened, though less often than the 1920s.",The_Plain_Dealer_1934_10_06_18.csv,,,
2,1939,1939-09-30,Wahpeton (ND),Visitor,Jamestown (ND),6,39,-2.7,888,"Opponent 'Jamestown (ND)' is ALSO a risk-listed college-town name -- may be a college-vs-college guarantee game misfiled as HS, or confirms both sides need a look. | Recurs across 17 different seasons vs this same opponent -- looks like a real, stable HS conference rivalry. | 1930s/early-1940s season -- crossover games still happened, though less often than the 1920s.",The_Forum_1939_09_30_8.csv,,,
2,1942,1942-09-18,Rochester (MN),Visitor,Austin (MN),0,6,5.8,272,"Opponent 'Austin (MN)' is ALSO a risk-listed college-town name -- may be a college-vs-college guarantee game misfiled as HS, or confirms both sides need a look. | Recurs across 45 different seasons vs this same opponent -- looks like a real, stable HS conference rivalry. | 1930s/early-1940s season -- crossover games still happened, though less often than the 1920s.",http://www.classmates.com/yearbooks/Austin-High-School/63464?page=86,,,
2,1921,1921-10-22,Danville (IL),Visitor,Urbana (IL),2,34,4.2,926,"Margin (-32) is a 1.6-sigma outlier vs this team's usual margin (4.2 avg). | Recurs across 92 different seasons vs this same opponent -- looks like a real, stable HS conference rivalry. | Pre-1930 season -- college/HS crossover games were common this early.",https://www.newspapers.com/image/28708963,,,
2,1922,1922-10-06,Mankato (MN),Home,New Ulm (MN),51,0,2.3,366,"Margin (+51) is a 2.6-sigma outlier vs this team's usual margin (2.3 avg). | Recurs across 4 different seasons vs this same opponent -- looks like a real, stable HS conference rivalry. | Pre-1930 season -- college/HS crossover games were common this early.",https://www.classmates.com/siteui/yearbooks/95676?page=75,,,
2,1935,1935-11-09,Pikeville (KY),Home,Benham (KY),0,7,12.2,1276,"This opponent pairing is a one-off (not a recurring year-over-year matchup) -- more consistent with a one-time guarantee game than a conference rivalry. | 1930s/early-1940s season -- crossover games still happened, though less often than the 1920s.",http://fourseasonsfootball.com/va.html,,,
2,1921,1921-11-25,Findlay (OH),Home,Galion (OH),21,0,2.7,1201,Pre-1930 season -- college/HS crossover games were common this early.,https://www.classmates.com/siteui/yearbooks/233809?page=52,,,
2,1920,1920-10-01,Grinnell (IA),Home,Toledo (IA),41,0,1.7,1110,"Margin (+41) is a 1.7-sigma outlier vs this team's usual margin (1.7 avg). | Recurs across 16 different seasons vs this same opponent -- looks like a real, stable HS conference rivalry. | Pre-1930 season -- college/HS crossover games were common this early.",https://www.classmates.com/siteui/yearbooks/1000247865?page=66,,,
2,1942,1942-09-19,Sioux Falls (SD),Visitor,Fairmount (ND),7,32,7.5,125,"This opponent pairing is a one-off (not a recurring year-over-year matchup) -- more consistent with a one-time guarantee game than a conference rivalry. | 1930s/early-1940s season -- crossover games still happened, though less often than the 1920s.",The_Forum_1942_09_19_5.csv,,,
2,1938,1938-10-01,Bowling Green (OH),Visitor,Defiance (OH),6,13,-2.0,691,"Opponent 'Defiance (OH)' is ALSO a risk-listed college-town name -- may be a college-vs-college guarantee game misfiled as HS, or confirms both sides need a look. | Recurs across 22 different seasons vs this same opponent -- looks like a real, stable HS conference rivalry. | 1930s/early-1940s season -- crossover games still happened, though less often than the 1920s.",The_Plain_Dealer_1938_10_01_16.csv,,,
2,1937,1937-10-03,Bowling Green (OH),Visitor,Defiance (OH),6,13,-2.0,691,"Opponent 'Defiance (OH)' is ALSO a risk-listed college-town name -- may be a college-vs-college guarantee game misfiled as HS, or confirms both sides need a look. | Recurs across 22 different seasons vs this same opponent -- looks like a real, stable HS conference rivalry. | 1930s/early-1940s season -- crossover games still happened, though less often than the 1920s.",The_Plain_Dealer_1937_10_03_41.csv,,,
2,1937,1937-09-18,Bluffton (OH),Visitor,Findlay (OH),7,12,3.2,714,"Opponent 'Findlay (OH)' is ALSO a risk-listed college-town name -- may be a college-vs-college guarantee game misfiled as HS, or confirms both sides need a look. | Recurs across 6 different seasons vs this same opponent -- looks like a real, stable HS conference rivalry. | 1930s/early-1940s season -- crossover games still happened, though less often than the 1920s.",The_Plain_Dealer_1937_09_18_20 (1).csv,,,
2,1936,1936-10-04,Defiance (OH),Visitor,Bowling Green (OH),6,20,-1.0,862,"Opponent 'Bowling Green (OH)' is ALSO a risk-listed college-town name -- may be a college-vs-college guarantee game misfiled as HS, or confirms both sides need a look. | Recurs across 22 different seasons vs this same opponent -- looks like a real, stable HS conference rivalry. | 1930s/early-1940s season -- crossover games still happened, though less often than the 1920s.",The_Plain_Dealer_1936_10_04_41.csv,,,
2,1936,1936-09-27,Findlay (OH),Visitor,Bowling Green (OH),0,0,2.7,1201,"Opponent 'Bowling Green (OH)' is ALSO a risk-listed college-town name -- may be a college-vs-college guarantee game misfiled as HS, or confirms both sides need a look. | Recurs across 38 different seasons vs this same opponent -- looks like a real, stable HS conference rivalry. | 1930s/early-1940s season -- crossover games still happened, though less often than the 1920s.",The_Plain_Dealer_1936_09_27_34 (1).csv,,,
2,1938,1938-11-11,Winona (MN),Visitor,Austin (MN),0,26,-3.4,915,"Opponent 'Austin (MN)' is ALSO a risk-listed college-town name -- may be a college-vs-college guarantee game misfiled as HS, or confirms both sides need a look. | Recurs across 91 different seasons vs this same opponent -- looks like a real, stable HS conference rivalry. | 1930s/early-1940s season -- crossover games still happened, though less often than the 1920s.",http://www.classmates.com/yearbooks/Austin-High-School/53155?page=104,,,
2,1938,1938-10-21,Rochester (MN),Visitor,Mankato (MN),6,20,5.8,272,"Opponent 'Mankato (MN)' is ALSO a risk-listed college-town name -- may be a college-vs-college guarantee game misfiled as HS, or confirms both sides need a look. | Recurs across 28 different seasons vs this same opponent -- looks like a real, stable HS conference rivalry. | 1930s/early-1940s season -- crossover games still happened, though less often than the 1920s.",https://www.classmates.com/siteui/yearbooks/94038?page=84,,,
2,1935,1935-11-01,Winona (MN),Visitor,Austin (MN),0,2,-3.4,915,"Opponent 'Austin (MN)' is ALSO a risk-listed college-town name -- may be a college-vs-college guarantee game misfiled as HS, or confirms both sides need a look. | Recurs across 91 different seasons vs this same opponent -- looks like a real, stable HS conference rivalry. | 1930s/early-1940s season -- crossover games still happened, though less often than the 1920s.",http://www.classmates.com/yearbooks/Austin-High-School/62106?page=86,,,
2,1922,1922-10-13,Winona (MN),Visitor,La Crosse Central (WI),20,59,-3.4,915,"Margin (-39) is a 1.6-sigma outlier vs this team's usual margin (-3.4 avg). | Recurs across 40 different seasons vs this same opponent -- looks like a real, stable HS conference rivalry. | Pre-1930 season -- college/HS crossover games were common this early.",http://www.classmates.com/yearbooks/Central-High-School/58769?page=72,,,
2,1927,1927-09-09,Wooster (OH),Visitor,Canton McKinley (OH),0,46,0.1,1005,"Margin (-46) is a 2.0-sigma outlier vs this team's usual margin (0.1 avg). | Recurs across 10 different seasons vs this same opponent -- looks like a real, stable HS conference rivalry. | Pre-1930 season -- college/HS crossover games were common this early.",http://cantonmckinley.com/content/daves-qjust-the-factsq/football/163-through-the-years-mckinley-football-1894-2014,,,
2,1920,1920-10-15,Rochester (MN),Visitor,Red Wing (MN),0,34,5.8,272,"Margin (-34) is a 1.9-sigma outlier vs this team's usual margin (5.8 avg). | Recurs across 31 different seasons vs this same opponent -- looks like a real, stable HS conference rivalry. | Pre-1930 season -- college/HS crossover games were common this early.",https://www.classmates.com/siteui/yearbooks/181002?page=54,,,
2,1934,1934-09-28,Rochester (MN),Visitor,Austin (MN),6,13,5.8,272,"Opponent 'Austin (MN)' is ALSO a risk-listed college-town name -- may be a college-vs-college guarantee game misfiled as HS, or confirms both sides need a look. | Recurs across 45 different seasons vs this same opponent -- looks like a real, stable HS conference rivalry. | 1930s/early-1940s season -- crossover games still happened, though less often than the 1920s.",http://www.classmates.com/yearbooks/Austin-High-School/76615?page=88,,,
2,1923,1923-09-28,Findlay (OH),Visitor,Carey (OH),3,19,2.7,1201,Pre-1930 season -- college/HS crossover games were common this early.,https://www.classmates.com/siteui/yearbooks/54050?page=43,,,
2,1927,1927-10-21,DeKalb (IL),Visitor,Aurora East (IL),0,55,-3.7,886,"Margin (-55) is a 2.3-sigma outlier vs this team's usual margin (-3.7 avg). | Recurs across 57 different seasons vs this same opponent -- looks like a real, stable HS conference rivalry. | Pre-1930 season -- college/HS crossover games were common this early.",Aurora's East-West Football Rivalry-Steve Solarz,,,
2,1926,1926-10-23,Marietta (OH),Visitor,Ashland Blazer (KY),2,20,-3.3,961,Pre-1930 season -- college/HS crossover games were common this early.,http://fourseasonsfootball.com/va.html,,,
2,1943,1943-09-17,Bowling Green (OH),Visitor,Findlay (OH),0,14,-2.0,691,"Opponent 'Findlay (OH)' is ALSO a risk-listed college-town name -- may be a college-vs-college guarantee game misfiled as HS, or confirms both sides need a look. | Recurs across 38 different seasons vs this same opponent -- looks like a real, stable HS conference rivalry. | 1930s/early-1940s season -- crossover games still happened, though less often than the 1920s.",https://www.classmates.com/siteui/yearbooks/53195?page=35,,,
2,1938,1938-10-21,Moorhead (MN),Visitor,Wahpeton (ND),0,13,7.8,900,"Opponent 'Wahpeton (ND)' is ALSO a risk-listed college-town name -- may be a college-vs-college guarantee game misfiled as HS, or confirms both sides need a look. | Recurs across 22 different seasons vs this same opponent -- looks like a real, stable HS conference rivalry. | 1930s/early-1940s season -- crossover games still happened, though less often than the 1920s.",http://www.classmates.com/yearbooks/Moorhead-High-School/258017?page=50,,,
2,1922,1922-10-06,Chadron (NE),Visitor,Douglas (WY),0,87,8.0,742,"Margin (-87) is a 4.2-sigma outlier vs this team's usual margin (8.0 avg). | Recurs across 14 different seasons vs this same opponent -- looks like a real, stable HS conference rivalry. | Pre-1930 season -- college/HS crossover games were common this early.",http:-/wyoming-football.com/,,,
2,1926,1926-10-29,Macomb (IL),Visitor,Rock Island (IL),0,25,1.2,729,Pre-1930 season -- college/HS crossover games were common this early.,https://www.classmates.com/siteui/yearbooks/4182799789?page=92,,,
2,1922,1922-09-22,Oberlin (OH),Visitor,Erie Academy (PA),0,2,-5.6,712,Pre-1930 season -- college/HS crossover games were common this early.,https://digital.libraries.psu.edu/digital/collection/saylor/id/4279,,,
2,1935,1935-10-18,Mankato (MN),Visitor,Austin (MN),7,19,2.3,366,"Opponent 'Austin (MN)' is ALSO a risk-listed college-town name -- may be a college-vs-college guarantee game misfiled as HS, or confirms both sides need a look. | Recurs across 32 different seasons vs this same opponent -- looks like a real, stable HS conference rivalry. | 1930s/early-1940s season -- crossover games still happened, though less often than the 1920s.",http://www.classmates.com/yearbooks/Austin-High-School/62106?page=86,,,
2,1923,1923-10-19,Minot (ND),Visitor,Devils Lake (ND),0,47,7.4,1098,"Margin (-47) is a 2.3-sigma outlier vs this team's usual margin (7.4 avg). | Recurs across 66 different seasons vs this same opponent -- looks like a real, stable HS conference rivalry. | Pre-1930 season -- college/HS crossover games were common this early.",http://www.bhs.bismarckschools.org/bhs/bhsathletics/throwers/history-of-bismarck-high-football/,,,
2,1921,1921-10-28,Dickinson (ND),Visitor,Mandan (ND),0,68,-0.9,982,"Margin (-68) is a 2.8-sigma outlier vs this team's usual margin (-0.9 avg). | Recurs across 103 different seasons vs this same opponent -- looks like a real, stable HS conference rivalry. | Pre-1930 season -- college/HS crossover games were common this early.",http://www.bhs.bismarckschools.org/bhs/bhsathletics/throwers/history-of-bismarck-high-football/,,,
2,1944,1944-10-27,Winona (MN),Visitor,Rochester (MN),6,6,-3.4,915,"Opponent 'Rochester (MN)' is ALSO a risk-listed college-town name -- may be a college-vs-college guarantee game misfiled as HS, or confirms both sides need a look. | Recurs across 31 different seasons vs this same opponent -- looks like a real, stable HS conference rivalry. | 1930s/early-1940s season -- crossover games still happened, though less often than the 1920s.",http://www.classmates.com/yearbooks/Winona-High-School/181644?page=62,,,
2,1941,1941-09-12,Rochester (MN),Visitor,Austin (MN),6,29,5.8,272,"Opponent 'Austin (MN)' is ALSO a risk-listed college-town name -- may be a college-vs-college guarantee game misfiled as HS, or confirms both sides need a look. | Recurs across 45 different seasons vs this same opponent -- looks like a real, stable HS conference rivalry. | 1930s/early-1940s season -- crossover games still happened, though less often than the 1920s.",http://www.classmates.com/yearbooks/Austin-High-School/63739?page=26,,,
2,1943,1943-09-17,Findlay (OH),Home,Bowling Green (OH),14,0,2.7,1201,"Opponent 'Bowling Green (OH)' is ALSO a risk-listed college-town name -- may be a college-vs-college guarantee game misfiled as HS, or confirms both sides need a look. | Recurs across 38 different seasons vs this same opponent -- looks like a real, stable HS conference rivalry. | 1930s/early-1940s season -- crossover games still happened, though less often than the 1920s.",https://www.classmates.com/siteui/yearbooks/53195?page=35,,,
2,1938,1938-10-21,Wahpeton (ND),Home,Moorhead (MN),13,0,-2.7,888,"Opponent 'Moorhead (MN)' is ALSO a risk-listed college-town name -- may be a college-vs-college guarantee game misfiled as HS, or confirms both sides need a look. | Recurs across 22 different seasons vs this same opponent -- looks like a real, stable HS conference rivalry. | 1930s/early-1940s season -- crossover games still happened, though less often than the 1920s.",http://www.classmates.com/yearbooks/Moorhead-High-School/258017?page=50,,,
2,1932,1932-09-16,Austin (MN),Home,Le Roy (MN),26,0,1.7,1094,"This opponent pairing is a one-off (not a recurring year-over-year matchup) -- more consistent with a one-time guarantee game than a conference rivalry. | 1930s/early-1940s season -- crossover games still happened, though less often than the 1920s.",http://www.classmates.com/yearbooks/Austin-High-School/76615?page=88,,,
2,1935,1935-10-18,Austin (MN),Home,Mankato (MN),19,7,1.7,1094,"Opponent 'Mankato (MN)' is ALSO a risk-listed college-town name -- may be a college-vs-college guarantee game misfiled as HS, or confirms both sides need a look. | Recurs across 32 different seasons vs this same opponent -- looks like a real, stable HS conference rivalry. | 1930s/early-1940s season -- crossover games still happened, though less often than the 1920s.",http://www.classmates.com/yearbooks/Austin-High-School/62106?page=86,,,
2,1936,1936-09-19,Bluffton (OH),Visitor,Findlay (OH),0,6,3.2,714,"Opponent 'Findlay (OH)' is ALSO a risk-listed college-town name -- may be a college-vs-college guarantee game misfiled as HS, or confirms both sides need a look. | Recurs across 6 different seasons vs this same opponent -- looks like a real, stable HS conference rivalry. | 1930s/early-1940s season -- crossover games still happened, though less often than the 1920s.",The_Plain_Dealer_1936_09_19_20 (1).csv,,,
2,1944,1944-10-14,Wahpeton (ND),Visitor,Moorhead (MN),7,45,-2.7,888,"Opponent 'Moorhead (MN)' is ALSO a risk-listed college-town name -- may be a college-vs-college guarantee game misfiled as HS, or confirms both sides need a look. | Recurs across 22 different seasons vs this same opponent -- looks like a real, stable HS conference rivalry. | 1930s/early-1940s season -- crossover games still happened, though less often than the 1920s.",The_Forum_1944_10_14_6.csv,,,
2,1944,1944-09-30,Valley City (ND),Visitor,Wahpeton (ND),6,12,1.2,953,"Opponent 'Wahpeton (ND)' is ALSO a risk-listed college-town name -- may be a college-vs-college guarantee game misfiled as HS, or confirms both sides need a look. | Recurs across 54 different seasons vs this same opponent -- looks like a real, stable HS conference rivalry. | 1930s/early-1940s season -- crossover games still happened, though less often than the 1920s.",The_Forum_1944_09_30_6.csv,,,
2,1942,1942-10-17,Austin (MN),Visitor,Winona (MN),0,19,1.7,1094,"Opponent 'Winona (MN)' is ALSO a risk-listed college-town name -- may be a college-vs-college guarantee game misfiled as HS, or confirms both sides need a look. | Recurs across 91 different seasons vs this same opponent -- looks like a real, stable HS conference rivalry. | 1930s/early-1940s season -- crossover games still happened, though less often than the 1920s.",The_Forum_1942_10_17_5.csv,,,
2,1942,1942-10-17,Jamestown (ND),Visitor,Valley City (ND),6,13,3.9,347,"Opponent 'Valley City (ND)' is ALSO a risk-listed college-town name -- may be a college-vs-college guarantee game misfiled as HS, or confirms both sides need a look. | Recurs across 43 different seasons vs this same opponent -- looks like a real, stable HS conference rivalry. | 1930s/early-1940s season -- crossover games still happened, though less often than the 1920s.",The_Forum_1942_10_17_5.csv,,,
2,1942,1942-10-17,Wahpeton (ND),Visitor,Moorhead (MN),6,12,-2.7,888,"Opponent 'Moorhead (MN)' is ALSO a risk-listed college-town name -- may be a college-vs-college guarantee game misfiled as HS, or confirms both sides need a look. | Recurs across 22 different seasons vs this same opponent -- looks like a real, stable HS conference rivalry. | 1930s/early-1940s season -- crossover games still happened, though less often than the 1920s.",The_Forum_1942_10_17_5.csv,,,
2,1923,1923-09-07,Wheaton (IL),Home,Sycamore (IL),130,0,7.9,278,"Margin (+130) is a 5.2-sigma outlier vs this team's usual margin (7.9 avg). | Recurs across 11 different seasons vs this same opponent -- looks like a real, stable HS conference rivalry. | Pre-1930 season -- college/HS crossover games were common this early.",http://www.luckyshow.org/football/High%20Scoring%20Games.htm,,,
2,1924,1924-11-28,Defiance (OH),Home,Hicksville (OH),19,7,-1.0,862,Pre-1930 season -- college/HS crossover games were common this early.,http://www.classmates.com/yearbooks/Hicksville-High-School/135915?page=92,,,
2,1928,1928-11-30,Findlay (OH),Home,Galion (OH),19,0,2.7,1201,Pre-1930 season -- college/HS crossover games were common this early.,https://www.classmates.com/siteui/yearbooks/127279?page=100,,,
2,1920,1920-10-08,Monmouth (IL),Home,Princeton Coop (IL),52,0,-2.7,640,"Margin (+52) is a 2.3-sigma outlier vs this team's usual margin (-2.7 avg). | Recurs across 3 different seasons vs this same opponent -- looks like a real, stable HS conference rivalry. | Pre-1930 season -- college/HS crossover games were common this early.",http://www.classmates.com/yearbooks/Monmouth-High-School/97556?page=66,,,
2,1926,1926-10-08,Minot (ND),Home,Bismarck (ND),49,3,7.4,1098,"Margin (+46) is a 1.6-sigma outlier vs this team's usual margin (7.4 avg). | Recurs across 103 different seasons vs this same opponent -- looks like a real, stable HS conference rivalry. | Pre-1930 season -- college/HS crossover games were common this early.",https://www.classmates.com/siteui/yearbooks/94055?page=98,,,
2,1942,1942-10-10,Jamestown (ND),Visitor,Wahpeton (ND),12,25,3.9,347,"Opponent 'Wahpeton (ND)' is ALSO a risk-listed college-town name -- may be a college-vs-college guarantee game misfiled as HS, or confirms both sides need a look. | Recurs across 17 different seasons vs this same opponent -- looks like a real, stable HS conference rivalry. | 1930s/early-1940s season -- crossover games still happened, though less often than the 1920s.",The_Forum_1942_10_10_7.csv,,,
2,1923,1923-11-02,Rochester (MN),Home,Lake City (MN),3,3,5.8,272,Pre-1930 season -- college/HS crossover games were common this early.,https://www.classmates.com/siteui/yearbooks/206695?page=109,,,
2,1936,1936-10-16,Grinnell (IA),Home,Newton 2nds (IA),7,6,1.7,1110,"This opponent pairing is a one-off (not a recurring year-over-year matchup) -- more consistent with a one-time guarantee game than a conference rivalry. | 1930s/early-1940s season -- crossover games still happened, though less often than the 1920s.",https://www.classmates.com/siteui/yearbooks/228193?page=52,,,
2,1924,1924-11-14,Grinnell (IA),Home,Newton (IA),47,7,1.7,1110,"Margin (+40) is a 1.7-sigma outlier vs this team's usual margin (1.7 avg). | Recurs across 66 different seasons vs this same opponent -- looks like a real, stable HS conference rivalry. | Pre-1930 season -- college/HS crossover games were common this early.",https://www.classmates.com/siteui/yearbooks/1000247683?page=61,,,
2,1935,1935-11-01,Austin (MN),Home,Winona (MN),2,0,1.7,1094,"Opponent 'Winona (MN)' is ALSO a risk-listed college-town name -- may be a college-vs-college guarantee game misfiled as HS, or confirms both sides need a look. | Recurs across 91 different seasons vs this same opponent -- looks like a real, stable HS conference rivalry. | 1930s/early-1940s season -- crossover games still happened, though less often than the 1920s.",http://www.classmates.com/yearbooks/Austin-High-School/62106?page=86,,,
2,1941,1941-09-20,Defiance (OH),Home,Petersburg (MI),14,0,-1.0,862,"This opponent pairing is a one-off (not a recurring year-over-year matchup) -- more consistent with a one-time guarantee game than a conference rivalry. | 1930s/early-1940s season -- crossover games still happened, though less often than the 1920s.",The_Zanesville_Signal_1941_09_20_6.csv,,,
2,1929,1929-10-25,Marietta (OH),Home,Pennsboro (WV),12,7,-3.3,961,Pre-1930 season -- college/HS crossover games were common this early.,http://fourseasonsfootball.com/va.html,,,
2,1945,1945-10-20,Whitewater (WI),Visitor,Harvard (IL),6,51,-0.9,677,Margin (-45) is a 1.8-sigma outlier vs this team's usual margin (-0.9 avg).,Wisconsin_State_Journal_1945_10_20_5.csv,,,
2,1921,1921-10-07,River Falls (WI),Visitor,Red Wing (MN),0,42,2.3,556,"Margin (-42) is a 2.1-sigma outlier vs this team's usual margin (2.3 avg). | Recurs across 4 different seasons vs this same opponent -- looks like a real, stable HS conference rivalry. | Pre-1930 season -- college/HS crossover games were common this early.",https://www.classmates.com/siteui/yearbooks/183208?page=61,,,
2,1938,1938-11-18,Dickinson (ND),Visitor,Fargo Central (ND),6,20,-0.9,982,"This opponent pairing is a one-off (not a recurring year-over-year matchup) -- more consistent with a one-time guarantee game than a conference rivalry. | 1930s/early-1940s season -- crossover games still happened, though less often than the 1920s.",http://www.ndhsaanow.com/champions/football,,,
2,1938,1938-09-23,Adrian (MI),Visitor,Van Wert (OH),0,20,0.9,877,"This opponent pairing is a one-off (not a recurring year-over-year matchup) -- more consistent with a one-time guarantee game than a conference rivalry. | 1930s/early-1940s season -- crossover games still happened, though less often than the 1920s.",https://www.newspapers.com/image/203532438/,,,
2,1923,1923-11-11,Joliet (IL),Visitor,Chicago St. Mel (IL),0,39,-9.3,928,Pre-1930 season -- college/HS crossover games were common this early.,Chicago_Tribune_1923_11_11_25.csv,,,
2,1930,1930-10-31,Austin (MN),Visitor,Winona (MN),0,6,1.7,1094,"Opponent 'Winona (MN)' is ALSO a risk-listed college-town name -- may be a college-vs-college guarantee game misfiled as HS, or confirms both sides need a look. | Recurs across 91 different seasons vs this same opponent -- looks like a real, stable HS conference rivalry. | 1930s/early-1940s season -- crossover games still happened, though less often than the 1920s.",http://www.classmates.com/yearbooks/Austin-High-School/62294?page=84,,,
2,1948,1948-09-11,Moorhead (MN),Visitor,Bismarck (ND),0,27,7.8,900,Margin (-27) is a 1.7-sigma outlier vs this team's usual margin (7.8 avg).,The_Forum_1948_09_11_8.csv,,,
2,1934,1934-09-28,Austin (MN),Home,Rochester (MN),13,6,1.7,1094,"Opponent 'Rochester (MN)' is ALSO a risk-listed college-town name -- may be a college-vs-college guarantee game misfiled as HS, or confirms both sides need a look. | Recurs across 45 different seasons vs this same opponent -- looks like a real, stable HS conference rivalry. | 1930s/early-1940s season -- crossover games still happened, though less often than the 1920s.",http://www.classmates.com/yearbooks/Austin-High-School/76615?page=88,,,
2,1920,1920-09-17,Monmouth (IL),Home,Quincy (IL),6,0,-2.7,640,Pre-1930 season -- college/HS crossover games were common this early.,http://www.classmates.com/yearbooks/Monmouth-High-School/97556?page=66,,,
2,1929,1929-12-06,Findlay (OH),Home,Delaware Hayes (OH),12,6,2.7,1201,Pre-1930 season -- college/HS crossover games were common this early.,https://www.classmates.com/siteui/yearbooks/53780?page=112,,,
2,1933,1933-10-06,Rochester (MN),Visitor,Austin (MN),13,32,5.8,272,"Opponent 'Austin (MN)' is ALSO a risk-listed college-town name -- may be a college-vs-college guarantee game misfiled as HS, or confirms both sides need a look. | Recurs across 45 different seasons vs this same opponent -- looks like a real, stable HS conference rivalry. | 1930s/early-1940s season -- crossover games still happened, though less often than the 1920s.",http://www.classmates.com/yearbooks/Austin-High-School/76615?page=88,,,
2,1944,1944-09-22,Bowling Green (OH),Visitor,Findlay (OH),0,27,-2.0,691,"Opponent 'Findlay (OH)' is ALSO a risk-listed college-town name -- may be a college-vs-college guarantee game misfiled as HS, or confirms both sides need a look. | Recurs across 38 different seasons vs this same opponent -- looks like a real, stable HS conference rivalry. | 1930s/early-1940s season -- crossover games still happened, though less often than the 1920s.",https://www.classmates.com/siteui/yearbooks/54698?page=35,,,
2,1932,1932-10-21,Winona (MN),Visitor,Rochester (MN),0,6,-3.4,915,"Opponent 'Rochester (MN)' is ALSO a risk-listed college-town name -- may be a college-vs-college guarantee game misfiled as HS, or confirms both sides need a look. | Recurs across 31 different seasons vs this same opponent -- looks like a real, stable HS conference rivalry. | 1930s/early-1940s season -- crossover games still happened, though less often than the 1920s.",http://www.classmates.com/yearbooks/Winona-High-School/1000247827?page=42,,,
2,1947,1947-09-19,Oshkosh (WI),Visitor,Menominee (MI),6,28,4.9,268,Margin (-22) is a 1.6-sigma outlier vs this team's usual margin (4.9 avg).,http://www.classmates.com/yearbooks/Menominee-High-School/139660?page=90,,,
2,1937,1937-09-24,Rochester (MN),Visitor,Austin (MN),0,7,5.8,272,"Opponent 'Austin (MN)' is ALSO a risk-listed college-town name -- may be a college-vs-college guarantee game misfiled as HS, or confirms both sides need a look. | Recurs across 45 different seasons vs this same opponent -- looks like a real, stable HS conference rivalry. | 1930s/early-1940s season -- crossover games still happened, though less often than the 1920s.",http://www.classmates.com/yearbooks/Austin-High-School/1000245096?page=96,,,
2,1921,1921-10-21,Dickinson (ND),Visitor,Williston (ND),0,103,-0.9,982,"Margin (-103) is a 4.3-sigma outlier vs this team's usual margin (-0.9 avg). | Recurs across 94 different seasons vs this same opponent -- looks like a real, stable HS conference rivalry. | Pre-1930 season -- college/HS crossover games were common this early.",http://www.bhs.bismarckschools.org/bhs/bhsathletics/throwers/history-of-bismarck-high-football/,,,
2,1923,1923-10-19,Oberlin (OH),Visitor,Erie Academy (PA),6,16,-5.6,712,Pre-1930 season -- college/HS crossover games were common this early.,https://digital.libraries.psu.edu/digital/collection/saylor/id/4279,,,
2,1921,1921-10-14,Minot (ND),Visitor,Bismarck (ND),0,51,7.4,1098,"Margin (-51) is a 2.5-sigma outlier vs this team's usual margin (7.4 avg). | Recurs across 103 different seasons vs this same opponent -- looks like a real, stable HS conference rivalry. | Pre-1930 season -- college/HS crossover games were common this early.",http://www.classmates.com/siteui/yearbooks/93910?page=118,,,
2,1920,1920-09-24,Adrian (MI),Visitor,Ann Arbor Pioneer (MI),0,55,0.9,877,"Margin (-55) is a 2.7-sigma outlier vs this team's usual margin (0.9 avg). | Recurs across 46 different seasons vs this same opponent -- looks like a real, stable HS conference rivalry. | Pre-1930 season -- college/HS crossover games were common this early.",http://www.classmates.com/siteui/yearbooks/62022?page=82,,,
2,1920,1920-09-24,Albion (MI),Visitor,Lansing Central (MI),0,20,-4.1,550,Pre-1930 season -- college/HS crossover games were common this early.,http://www.classmates.com/yearbooks/Lansing-Central-High-School/191632?page=152,,,
2,1937,1937-09-24,Bluffton (OH),Visitor,Findlay (OH),6,12,3.2,714,"Opponent 'Findlay (OH)' is ALSO a risk-listed college-town name -- may be a college-vs-college guarantee game misfiled as HS, or confirms both sides need a look. | Recurs across 6 different seasons vs this same opponent -- looks like a real, stable HS conference rivalry. | 1930s/early-1940s season -- crossover games still happened, though less often than the 1920s.",https://www.classmates.com/siteui/yearbooks/71649?page=57,,,
2,1927,1927-10-07,Marietta (OH),Visitor,Parkersburg (WV),0,39,-3.3,961,"Margin (-39) is a 1.5-sigma outlier vs this team's usual margin (-3.3 avg). | Recurs across 96 different seasons vs this same opponent -- looks like a real, stable HS conference rivalry. | Pre-1930 season -- college/HS crossover games were common this early.",http://fourseasonsfootball.com/va.html,,,
2,1924,1924-10-31,Bluffton (OH),Visitor,Saint Marys Memorial (OH),0,38,3.2,714,"Margin (-38) is a 1.6-sigma outlier vs this team's usual margin (3.2 avg). | Recurs across 25 different seasons vs this same opponent -- looks like a real, stable HS conference rivalry. | Pre-1930 season -- college/HS crossover games were common this early.",http://sm.k12.oh.us/hs/sports/history/football/season_by_season.php,,,
2,1929,1929-10-12,Georgetown (KY),Visitor,Middlesboro (KY),6,20,-18.5,35,Pre-1930 season -- college/HS crossover games were common this early.,http://fourseasonsfootball.com/va.html,,,
2,1921,1921-10-15,Chadron (NE),Visitor,Alliance (NE),6,68,8.0,742,"Margin (-62) is a 3.1-sigma outlier vs this team's usual margin (8.0 avg). | Recurs across 71 different seasons vs this same opponent -- looks like a real, stable HS conference rivalry. | Pre-1930 season -- college/HS crossover games were common this early.",Lincoln_Journal_Star_1921_10_15_3.csv,,,
2,1934,1934-11-10,Pikeville (KY),Visitor,Appalachia (VA),6,14,12.2,1276,"This opponent pairing is a one-off (not a recurring year-over-year matchup) -- more consistent with a one-time guarantee game than a conference rivalry. | 1930s/early-1940s season -- crossover games still happened, though less often than the 1920s.",http://fourseasonsfootball.com/va.html,,,
2,1920,1920-10-23,Marietta (OH),Visitor,Pennsboro (WV),7,27,-3.3,961,Pre-1930 season -- college/HS crossover games were common this early.,http://fourseasonsfootball.com/va.html,,,
2,1923,1923-10-28,Joliet (IL),Visitor,Freeport Lightweghts (IL),6,7,-9.3,928,Pre-1930 season -- college/HS crossover games were common this early.,Chicago_Tribune_1923_10_28_24.csv,,,
2,1943,1943-09-25,Milton (WI),Visitor,Whitewater (WI),0,7,7.0,758,"Opponent 'Whitewater (WI)' is ALSO a risk-listed college-town name -- may be a college-vs-college guarantee game misfiled as HS, or confirms both sides need a look. | Recurs across 30 different seasons vs this same opponent -- looks like a real, stable HS conference rivalry. | 1930s/early-1940s season -- crossover games still happened, though less often than the 1920s.",Wisconsin_State_Journal_1943_09_25_6.csv,,,
2,1942,1942-09-26,Milton (WI),Visitor,Whitewater (WI),0,0,7.0,758,"Opponent 'Whitewater (WI)' is ALSO a risk-listed college-town name -- may be a college-vs-college guarantee game misfiled as HS, or confirms both sides need a look. | Recurs across 30 different seasons vs this same opponent -- looks like a real, stable HS conference rivalry. | 1930s/early-1940s season -- crossover games still happened, though less often than the 1920s.",Wisconsin_State_Journal_1942_09_26_8.csv,,,
2,1957,1957-10-19,Ripon (WI),Visitor,Whitewater (WI),6,19,-0.8,850,"Opponent 'Whitewater (WI)' is ALSO a risk-listed college-town name -- may be a college-vs-college guarantee game misfiled as HS, or confirms both sides need a look. | This opponent pairing is a one-off (not a recurring year-over-year matchup) -- more consistent with a one-time guarantee game than a conference rivalry. | 1950 or later -- college/HS crossover games had essentially stopped by this point, so this is most likely a genuine same-name high school, not a misfiled college game.",Wisconsin_State_Journal_1957_10_19_19.csv,,,
2,1926,1926-10-31,Defiance (OH),Home,Cedarville (OH),7,0,-1.0,862,Pre-1930 season -- college/HS crossover games were common this early.,The_Plain_Dealer_1926_10_31_28.csv,,,
2,1943,1943-09-24,Winona (MN),Home,Mankato (MN),13,0,-3.4,915,"Opponent 'Mankato (MN)' is ALSO a risk-listed college-town name -- may be a college-vs-college guarantee game misfiled as HS, or confirms both sides need a look. | Recurs across 32 different seasons vs this same opponent -- looks like a real, stable HS conference rivalry. | 1930s/early-1940s season -- crossover games still happened, though less often than the 1920s.",http://www.classmates.com/yearbooks/Winona-High-School/80326?page=62,,,
2,1928,1928-09-29,Marietta (OH),Home,Elizabeth Wirt County (WV),12,0,-3.3,961,Pre-1930 season -- college/HS crossover games were common this early.,http://fourseasonsfootball.com/va.html,,,
2,1926,1926-09-24,Minot (ND),Home,Mohall (ND),55,0,7.4,1098,"Margin (+55) is a 2.0-sigma outlier vs this team's usual margin (7.4 avg). | Recurs across 11 different seasons vs this same opponent -- looks like a real, stable HS conference rivalry. | Pre-1930 season -- college/HS crossover games were common this early.",http://www.bhs.bismarckschools.org/bhs/bhsathletics/throwers/history-of-bismarck-high-football/,,,
2,1935,1935-10-25,Marietta (OH),Home,"Marietta Opp """"St. Marys"""" (OH)",26,0,-3.3,961,"This opponent pairing is a one-off (not a recurring year-over-year matchup) -- more consistent with a one-time guarantee game than a conference rivalry. | 1930s/early-1940s season -- crossover games still happened, though less often than the 1920s.",http://www.classmates.com/siteui/yearbooks/73496?page=99,,,
2,1933,1933-10-14,Murray (KY),Visitor,Paducah Junior High (KY),6,7,7.5,832,"This opponent pairing is a one-off (not a recurring year-over-year matchup) -- more consistent with a one-time guarantee game than a conference rivalry. | 1930s/early-1940s season -- crossover games still happened, though less often than the 1920s.",The_Courier_Journal_1933_10_14_Page_9.csv,,,
2,1929,1929-10-25,Stevens Point (WI),Visitor,Wausau (WI),0,61,2.7,767,"Margin (-61) is a 2.9-sigma outlier vs this team's usual margin (2.7 avg). | Recurs across 50 different seasons vs this same opponent -- looks like a real, stable HS conference rivalry. | Pre-1930 season -- college/HS crossover games were common this early.",http://www.classmates.com/siteui/yearbooks/71132?page=122,,,
2,1921,1921-10-14,Minot (ND),Visitor,Bismarck (ND),0,52,7.4,1098,"Margin (-52) is a 2.5-sigma outlier vs this team's usual margin (7.4 avg). | Recurs across 103 different seasons vs this same opponent -- looks like a real, stable HS conference rivalry. | Pre-1930 season -- college/HS crossover games were common this early.",http://www.bhs.bismarckschools.org/bhs/bhsathletics/throwers/history-of-bismarck-high-football/,,,
2,1940,1940-11-01,Winona (MN),Visitor,Austin (MN),6,25,-3.4,915,"Opponent 'Austin (MN)' is ALSO a risk-listed college-town name -- may be a college-vs-college guarantee game misfiled as HS, or confirms both sides need a look. | Recurs across 91 different seasons vs this same opponent -- looks like a real, stable HS conference rivalry. | 1930s/early-1940s season -- crossover games still happened, though less often than the 1920s.",http://www.classmates.com/yearbooks/Austin-High-School/62262?page=86,,,
2,1937,1937-09-24,Mankato (MN),Visitor,Winona (MN),9,31,2.3,366,"Opponent 'Winona (MN)' is ALSO a risk-listed college-town name -- may be a college-vs-college guarantee game misfiled as HS, or confirms both sides need a look. | Recurs across 32 different seasons vs this same opponent -- looks like a real, stable HS conference rivalry. | 1930s/early-1940s season -- crossover games still happened, though less often than the 1920s.",https://www.classmates.com/siteui/yearbooks/94960?page=74,,,
2,1921,1921-10-28,Kearney (NE),Visitor,Lincoln (NE),0,81,2.2,951,"Margin (-81) is a 3.9-sigma outlier vs this team's usual margin (2.2 avg). | Recurs across 26 different seasons vs this same opponent -- looks like a real, stable HS conference rivalry. | Pre-1930 season -- college/HS crossover games were common this early.",Lincoln (NE) 1922 Yeabook,,,
2,1933,1933-09-29,Mankato (MN),Visitor,Austin (MN),0,19,2.3,366,"Opponent 'Austin (MN)' is ALSO a risk-listed college-town name -- may be a college-vs-college guarantee game misfiled as HS, or confirms both sides need a look. | Recurs across 32 different seasons vs this same opponent -- looks like a real, stable HS conference rivalry. | 1930s/early-1940s season -- crossover games still happened, though less often than the 1920s.",https://www.classmates.com/siteui/yearbooks/4182773687?page=86,,,
2,1944,1944-10-27,Mankato (MN),Visitor,Austin (MN),7,28,2.3,366,"Opponent 'Austin (MN)' is ALSO a risk-listed college-town name -- may be a college-vs-college guarantee game misfiled as HS, or confirms both sides need a look. | Recurs across 32 different seasons vs this same opponent -- looks like a real, stable HS conference rivalry. | 1930s/early-1940s season -- crossover games still happened, though less often than the 1920s.",http://www.classmates.com/yearbooks/Austin-High-School/60113?page=84,,,
2,1921,1921-11-24,Georgetown (KY),Visitor,Middlesboro (KY),12,3,-18.5,35,Pre-1930 season -- college/HS crossover games were common this early.,http://fourseasonsfootball.com/va.html,,,
2,1934,1934-11-03,Morehead Rowan County (KY),Visitor,Louisville Eastern (KY),0,7,-2.7,669,"This opponent pairing is a one-off (not a recurring year-over-year matchup) -- more consistent with a one-time guarantee game than a conference rivalry. | 1930s/early-1940s season -- crossover games still happened, though less often than the 1920s.",The_Courier_Journal_1934_11_03_Page_14.csv,,,
2,1930,1930-09-28,Bowling Green (OH),Visitor,Findlay (OH),18,35,-2.0,691,"Opponent 'Findlay (OH)' is ALSO a risk-listed college-town name -- may be a college-vs-college guarantee game misfiled as HS, or confirms both sides need a look. | Recurs across 38 different seasons vs this same opponent -- looks like a real, stable HS conference rivalry. | 1930s/early-1940s season -- crossover games still happened, though less often than the 1920s.",The_Plain_Dealer_1930_09_28_24.csv,,,
2,1936,1936-11-14,Pikeville (KY),Home,Delbarton Burch (WV),51,0,12.2,1276,"This opponent pairing is a one-off (not a recurring year-over-year matchup) -- more consistent with a one-time guarantee game than a conference rivalry. | 1930s/early-1940s season -- crossover games still happened, though less often than the 1920s.",http://fourseasonsfootball.com/va.html,,,
2,1923,1923-10-19,Dickinson (ND),Home,Beach (ND),47,0,-0.9,982,"Margin (+47) is a 2.0-sigma outlier vs this team's usual margin (-0.9 avg). | Recurs across 16 different seasons vs this same opponent -- looks like a real, stable HS conference rivalry. | Pre-1930 season -- college/HS crossover games were common this early.",http://www.bhs.bismarckschools.org/bhs/bhsathletics/throwers/history-of-bismarck-high-football/,,,
2,1931,1931-10-23,Winona (MN),Home,Austin (MN),6,0,-3.4,915,"Opponent 'Austin (MN)' is ALSO a risk-listed college-town name -- may be a college-vs-college guarantee game misfiled as HS, or confirms both sides need a look. | Recurs across 91 different seasons vs this same opponent -- looks like a real, stable HS conference rivalry. | 1930s/early-1940s season -- crossover games still happened, though less often than the 1920s.",http://www.classmates.com/yearbooks/Austin-High-School/4182759213?page=82,,,
2,1935,1935-10-04,Findlay (OH),Home,Bowling Green (OH),13,0,2.7,1201,"Opponent 'Bowling Green (OH)' is ALSO a risk-listed college-town name -- may be a college-vs-college guarantee game misfiled as HS, or confirms both sides need a look. | Recurs across 38 different seasons vs this same opponent -- looks like a real, stable HS conference rivalry. | 1930s/early-1940s season -- crossover games still happened, though less often than the 1920s.",https://www.classmates.com/siteui/yearbooks/53283?page=64,,,
2,1929,1929-10-06,Dickinson (ND),Home,Beach (ND),43,0,-0.9,982,"Margin (+43) is a 1.9-sigma outlier vs this team's usual margin (-0.9 avg). | Recurs across 16 different seasons vs this same opponent -- looks like a real, stable HS conference rivalry. | Pre-1930 season -- college/HS crossover games were common this early.",The_Forum_1929_10_06_15.csv,,,
2,1931,1931-11-20,Ashland (OH),Visitor,Wooster (OH),0,13,1.4,651,"Opponent 'Wooster (OH)' is ALSO a risk-listed college-town name -- may be a college-vs-college guarantee game misfiled as HS, or confirms both sides need a look. | Recurs across 59 different seasons vs this same opponent -- looks like a real, stable HS conference rivalry. | 1930s/early-1940s season -- crossover games still happened, though less often than the 1920s.",http://www.classmates.com/siteui/yearbooks/4182717615?page=51,,,
2,1933,1933-10-13,Winona (MN),Visitor,Mankato (MN),0,13,-3.4,915,"Opponent 'Mankato (MN)' is ALSO a risk-listed college-town name -- may be a college-vs-college guarantee game misfiled as HS, or confirms both sides need a look. | Recurs across 32 different seasons vs this same opponent -- looks like a real, stable HS conference rivalry. | 1930s/early-1940s season -- crossover games still happened, though less often than the 1920s.",https://www.classmates.com/siteui/yearbooks/4182773687?page=86,,,
2,1920,1920-10-29,Hastings (NE),Visitor,Lincoln (NE),0,61,-1.5,909,"Margin (-61) is a 2.7-sigma outlier vs this team's usual margin (-1.5 avg). | Recurs across 20 different seasons vs this same opponent -- looks like a real, stable HS conference rivalry. | Pre-1930 season -- college/HS crossover games were common this early.",http://www.classmates.com/yearbooks/Lincoln-High-School/74788?page=110,,,
2,1931,1931-10-16,Mankato (MN),Visitor,Rochester (MN),0,14,2.3,366,"Opponent 'Rochester (MN)' is ALSO a risk-listed college-town name -- may be a college-vs-college guarantee game misfiled as HS, or confirms both sides need a look. | Recurs across 28 different seasons vs this same opponent -- looks like a real, stable HS conference rivalry. | 1930s/early-1940s season -- crossover games still happened, though less often than the 1920s.",https://www.classmates.com/siteui/yearbooks/63074?page=103,,,
2,1921,1921-11-04,Georgetown (KY),Visitor,Danville (KY),0,7,-18.5,35,Pre-1930 season -- college/HS crossover games were common this early.,http://fourseasonsfootball.com/va.html,,,
2,1934,1934-10-12,Mankato (MN),Visitor,Austin (MN),6,8,2.3,366,"Opponent 'Austin (MN)' is ALSO a risk-listed college-town name -- may be a college-vs-college guarantee game misfiled as HS, or confirms both sides need a look. | Recurs across 32 different seasons vs this same opponent -- looks like a real, stable HS conference rivalry. | 1930s/early-1940s season -- crossover games still happened, though less often than the 1920s.",https://www.classmates.com/siteui/yearbooks/232899?page=91,,,
2,1935,1935-10-19,Grand Island (NE),Visitor,Kearney (NE),6,12,6.2,931,"Opponent 'Kearney (NE)' is ALSO a risk-listed college-town name -- may be a college-vs-college guarantee game misfiled as HS, or confirms both sides need a look. | Recurs across 77 different seasons vs this same opponent -- looks like a real, stable HS conference rivalry. | 1930s/early-1940s season -- crossover games still happened, though less often than the 1920s.",Lincoln_Journal_Star_1935_10_19_5.csv,,,
2,1936,1936-10-24,Kearney (NE),Visitor,Hastings (NE),0,13,2.2,951,"Opponent 'Hastings (NE)' is ALSO a risk-listed college-town name -- may be a college-vs-college guarantee game misfiled as HS, or confirms both sides need a look. | Recurs across 45 different seasons vs this same opponent -- looks like a real, stable HS conference rivalry. | 1930s/early-1940s season -- crossover games still happened, though less often than the 1920s.",Lincoln_Journal_Star_1936_10_24_5.csv,,,
2,1937,1937-10-09,Hastings (NE),Visitor,Grand Island (NE),0,12,-1.5,909,"Opponent 'Grand Island (NE)' is ALSO a risk-listed college-town name -- may be a college-vs-college guarantee game misfiled as HS, or confirms both sides need a look. | Recurs across 62 different seasons vs this same opponent -- looks like a real, stable HS conference rivalry. | 1930s/early-1940s season -- crossover games still happened, though less often than the 1920s.",Lincoln_Journal_Star_1937_10_09_5.csv,,,
2,1922,1922-10-07,Hastings (NE),Visitor,Cambridge (NE),0,13,-1.5,909,Pre-1930 season -- college/HS crossover games were common this early.,Lincoln_Journal_Star_1922_10_07_5.csv,,,
2,1940,1940-10-25,Winona (MN),Visitor,Rochester (MN),6,13,-3.4,915,"Opponent 'Rochester (MN)' is ALSO a risk-listed college-town name -- may be a college-vs-college guarantee game misfiled as HS, or confirms both sides need a look. | Recurs across 31 different seasons vs this same opponent -- looks like a real, stable HS conference rivalry. | 1930s/early-1940s season -- crossover games still happened, though less often than the 1920s.",http://www.classmates.com/yearbooks/Winona-High-School/242780?page=60,,,
2,1932,1932-10-28,Winona (MN),Visitor,Austin (MN),7,12,-3.4,915,"Opponent 'Austin (MN)' is ALSO a risk-listed college-town name -- may be a college-vs-college guarantee game misfiled as HS, or confirms both sides need a look. | Recurs across 91 different seasons vs this same opponent -- looks like a real, stable HS conference rivalry. | 1930s/early-1940s season -- crossover games still happened, though less often than the 1920s.",http://www.classmates.com/yearbooks/Austin-High-School/62309?page=78,,,
2,1925,1925-10-02,Alma (MI),Visitor,Lansing Central (MI),0,19,-1.0,641,Pre-1930 season -- college/HS crossover games were common this early.,http://www.classmates.com/siteui/yearbooks/84108?page=111,,,
2,1936,1936-10-02,Hillsdale (MI),Visitor,Albion (MI),0,20,-1.6,695,"Opponent 'Albion (MI)' is ALSO a risk-listed college-town name -- may be a college-vs-college guarantee game misfiled as HS, or confirms both sides need a look. | Recurs across 20 different seasons vs this same opponent -- looks like a real, stable HS conference rivalry. | 1930s/early-1940s season -- crossover games still happened, though less often than the 1920s.",https://www.newspapers.com/image/209757207,,,
2,1921,1921-10-28,Minot (ND),Visitor,Williston (ND),28,125,7.4,1098,"Margin (-97) is a 4.4-sigma outlier vs this team's usual margin (7.4 avg). | Recurs across 116 different seasons vs this same opponent -- looks like a real, stable HS conference rivalry. | Pre-1930 season -- college/HS crossover games were common this early.",http://www.bhs.bismarckschools.org/bhs/bhsathletics/throwers/history-of-bismarck-high-football/,,,
2,1941,1941-10-17,Austin (MN),Visitor,Winona (MN),6,13,1.7,1094,"Opponent 'Winona (MN)' is ALSO a risk-listed college-town name -- may be a college-vs-college guarantee game misfiled as HS, or confirms both sides need a look. | Recurs across 91 different seasons vs this same opponent -- looks like a real, stable HS conference rivalry. | 1930s/early-1940s season -- crossover games still happened, though less often than the 1920s.",http://www.classmates.com/yearbooks/Austin-High-School/63739?page=24,,,
2,1935,1935-09-28,Valley City (ND),Visitor,Jamestown (ND),6,6,1.2,953,"Opponent 'Jamestown (ND)' is ALSO a risk-listed college-town name -- may be a college-vs-college guarantee game misfiled as HS, or confirms both sides need a look. | Recurs across 43 different seasons vs this same opponent -- looks like a real, stable HS conference rivalry. | 1930s/early-1940s season -- crossover games still happened, though less often than the 1920s.",The_Forum_1935_09_28_17.csv,,,
2,1923,1923-10-12,Austin (MN),Visitor,Mason City (IA),6,41,1.7,1094,"Margin (-35) is a 1.7-sigma outlier vs this team's usual margin (1.7 avg). | Recurs across 5 different seasons vs this same opponent -- looks like a real, stable HS conference rivalry. | Pre-1930 season -- college/HS crossover games were common this early.",http://www.classmates.com/yearbooks/Austin-High-School/4182759211/?page=138,,,
2,1939,1939-11-04,Hillsdale (MI),Visitor,Adrian (MI),7,12,-1.6,695,"Opponent 'Adrian (MI)' is ALSO a risk-listed college-town name -- may be a college-vs-college guarantee game misfiled as HS, or confirms both sides need a look. | Recurs across 19 different seasons vs this same opponent -- looks like a real, stable HS conference rivalry. | 1930s/early-1940s season -- crossover games still happened, though less often than the 1920s.",The_Bay_City_Times_1939_11_04_7.csv,,,
2,1920,1920-09-10,Wooster (OH),Visitor,Toledo Scott (OH),0,42,0.1,1005,"Margin (-42) is a 1.9-sigma outlier vs this team's usual margin (0.1 avg). | Recurs across 3 different seasons vs this same opponent -- looks like a real, stable HS conference rivalry. | Pre-1930 season -- college/HS crossover games were common this early.",http://www.classmates.com/yearbooks/Wooster-High-School/1300336807?page=72,,,
2,1945,1945-09-28,Pikeville (KY),Visitor,Danville (KY),6,40,12.2,1276,Margin (-34) is a 1.7-sigma outlier vs this team's usual margin (12.2 avg).,http://fourseasonsfootball.com/va.html,,,
2,1920,1920-10-22,Joliet (IL),Visitor,Elgin (IL),0,58,-9.3,928,"Margin (-58) is a 2.1-sigma outlier vs this team's usual margin (-9.3 avg). | Recurs across 44 different seasons vs this same opponent -- looks like a real, stable HS conference rivalry. | Pre-1930 season -- college/HS crossover games were common this early.",https://www.classmates.com/siteui/yearbooks/115763?page=95,,,
2,1925,1925-09-25,Grand Island (NE),Visitor,Grand Island Alumni (NE),0,7,6.2,931,Pre-1930 season -- college/HS crossover games were common this early.,https://www.classmates.com/siteui/yearbooks/184618?page=76,,,
2,1925,1925-11-06,Grinnell (IA),Visitor,Marshalltown (IA),0,42,1.7,1110,"Margin (-42) is a 1.9-sigma outlier vs this team's usual margin (1.7 avg). | Recurs across 51 different seasons vs this same opponent -- looks like a real, stable HS conference rivalry. | Pre-1930 season -- college/HS crossover games were common this early.",https://www.classmates.com/siteui/yearbooks/1000247895?page=67,,,
2,1923,1923-11-03,Winona (MN),Visitor,Stillwater Area (MN),13,77,-3.4,915,"Margin (-64) is a 2.7-sigma outlier vs this team's usual margin (-3.4 avg). | Recurs across 8 different seasons vs this same opponent -- looks like a real, stable HS conference rivalry. | Pre-1930 season -- college/HS crossover games were common this early.",www.poniesfootball.org,,,
2,1927,1927-10-28,Stevens Point (WI),Visitor,Wausau (WI),7,53,2.7,767,"Margin (-46) is a 2.2-sigma outlier vs this team's usual margin (2.7 avg). | Recurs across 50 different seasons vs this same opponent -- looks like a real, stable HS conference rivalry. | Pre-1930 season -- college/HS crossover games were common this early.",http://www.classmates.com/siteui/yearbooks/71036?page=92,,,
2,1938,1938-10-21,Mankato (MN),Home,Rochester (MN),20,6,2.3,366,"Opponent 'Rochester (MN)' is ALSO a risk-listed college-town name -- may be a college-vs-college guarantee game misfiled as HS, or confirms both sides need a look. | Recurs across 28 different seasons vs this same opponent -- looks like a real, stable HS conference rivalry. | 1930s/early-1940s season -- crossover games still happened, though less often than the 1920s.",https://www.classmates.com/siteui/yearbooks/94038?page=84,,,
2,1925,1925-10-02,Minot (ND),Home,Mohall (ND),58,0,7.4,1098,"Margin (+58) is a 2.2-sigma outlier vs this team's usual margin (7.4 avg). | Recurs across 11 different seasons vs this same opponent -- looks like a real, stable HS conference rivalry. | Pre-1930 season -- college/HS crossover games were common this early.",https://www.classmates.com/siteui/yearbooks/94214?page=83,,,
2,1939,1939-11-10,Austin (MN),Home,Winona (MN),13,0,1.7,1094,"Opponent 'Winona (MN)' is ALSO a risk-listed college-town name -- may be a college-vs-college guarantee game misfiled as HS, or confirms both sides need a look. | Recurs across 91 different seasons vs this same opponent -- looks like a real, stable HS conference rivalry. | 1930s/early-1940s season -- crossover games still happened, though less often than the 1920s.",http://www.classmates.com/yearbooks/Austin-High-School/21508/?page=108,,,
2,1927,1927-09-30,Yankton (SD),Home,Sioux City Central (IA),10,15,8.4,975,Pre-1930 season -- college/HS crossover games were common this early.,http://www.classmates.com/yearbooks/Central-High-School/63567?page=188,,,
2,1940,1940-10-26,Alma (MI),Home,Lansing Boys Vocational School (MI),9,6,-1.0,641,"This opponent pairing is a one-off (not a recurring year-over-year matchup) -- more consistent with a one-time guarantee game than a conference rivalry. | 1930s/early-1940s season -- crossover games still happened, though less often than the 1920s.",Lansing_State_Journal_1940_10_26_Page_10.csv,,,
2,1925,1925-10-04,Minot (ND),Home,Mohall (ND),55,0,7.4,1098,"Margin (+55) is a 2.0-sigma outlier vs this team's usual margin (7.4 avg). | Recurs across 11 different seasons vs this same opponent -- looks like a real, stable HS conference rivalry. | Pre-1930 season -- college/HS crossover games were common this early.",The_Forum_1925_10_04_16.csv,,,
2,1934,1934-09-22,Defiance (OH),Visitor,Toledo DeVilbiss (OH),0,13,-1.0,862,"This opponent pairing is a one-off (not a recurring year-over-year matchup) -- more consistent with a one-time guarantee game than a conference rivalry. | 1930s/early-1940s season -- crossover games still happened, though less often than the 1920s.",The_Plain_Dealer_1934_09_22_22.csv,,,
2,1931,1931-10-11,Bowling Green (OH),Visitor,Defiance (OH),2,13,-2.0,691,"Opponent 'Defiance (OH)' is ALSO a risk-listed college-town name -- may be a college-vs-college guarantee game misfiled as HS, or confirms both sides need a look. | Recurs across 22 different seasons vs this same opponent -- looks like a real, stable HS conference rivalry. | 1930s/early-1940s season -- crossover games still happened, though less often than the 1920s.",The_Plain_Dealer_1931_10_11_21 (1).csv,,,
2,1943,1943-10-16,Valley City (ND),Visitor,Jamestown (ND),7,13,1.2,953,"Opponent 'Jamestown (ND)' is ALSO a risk-listed college-town name -- may be a college-vs-college guarantee game misfiled as HS, or confirms both sides need a look. | Recurs across 43 different seasons vs this same opponent -- looks like a real, stable HS conference rivalry. | 1930s/early-1940s season -- crossover games still happened, though less often than the 1920s.",The_Forum_1943_10_16_6.csv,,,
2,1937,1937-10-15,Mankato (MN),Visitor,Austin (MN),7,13,2.3,366,"Opponent 'Austin (MN)' is ALSO a risk-listed college-town name -- may be a college-vs-college guarantee game misfiled as HS, or confirms both sides need a look. | Recurs across 32 different seasons vs this same opponent -- looks like a real, stable HS conference rivalry. | 1930s/early-1940s season -- crossover games still happened, though less often than the 1920s.",https://www.classmates.com/siteui/yearbooks/94960?page=74,,,
2,1938,1938-11-05,Grand Island (NE),Visitor,Hastings (NE),0,24,6.2,931,"Opponent 'Hastings (NE)' is ALSO a risk-listed college-town name -- may be a college-vs-college guarantee game misfiled as HS, or confirms both sides need a look. | Recurs across 62 different seasons vs this same opponent -- looks like a real, stable HS conference rivalry. | 1930s/early-1940s season -- crossover games still happened, though less often than the 1920s.",Lincoln_Journal_Star_1938_11_05_13.csv,,,
2,1930,1930-10-03,Bowling Green (OH),Visitor,Findlay (OH),13,35,-2.0,691,"Opponent 'Findlay (OH)' is ALSO a risk-listed college-town name -- may be a college-vs-college guarantee game misfiled as HS, or confirms both sides need a look. | Recurs across 38 different seasons vs this same opponent -- looks like a real, stable HS conference rivalry. | 1930s/early-1940s season -- crossover games still happened, though less often than the 1920s.",https://www.classmates.com/siteui/yearbooks/54026?page=116,,,
2,1931,1931-10-03,Minot (ND),Home,Jamestown (ND),14,8,7.4,1098,"Opponent 'Jamestown (ND)' is ALSO a risk-listed college-town name -- may be a college-vs-college guarantee game misfiled as HS, or confirms both sides need a look. | Recurs across 25 different seasons vs this same opponent -- looks like a real, stable HS conference rivalry. | 1930s/early-1940s season -- crossover games still happened, though less often than the 1920s.",The_Forum_1931_10_03_11.csv,,,
2,1940,1940-09-21,Oberlin (OH),Home,Bedford (OH),27,6,-5.6,712,"This opponent pairing is a one-off (not a recurring year-over-year matchup) -- more consistent with a one-time guarantee game than a conference rivalry. | 1930s/early-1940s season -- crossover games still happened, though less often than the 1920s.",The_Akron_Beacon_Journal_1940_09_21_Page_10.csv,,,
2,1921,1921-11-04,Hastings (NE),Home,Fairbury (NE),35,0,-1.5,909,"Margin (+35) is a 1.6-sigma outlier vs this team's usual margin (-1.5 avg). | Recurs across 26 different seasons vs this same opponent -- looks like a real, stable HS conference rivalry. | Pre-1930 season -- college/HS crossover games were common this early.",https://www.classmates.com/siteui/yearbooks/4182785876?page=77,,,
2,1932,1932-11-19,Morehead Rowan County (KY),Visitor,Ashland B (KY),13,18,-2.7,669,"This opponent pairing is a one-off (not a recurring year-over-year matchup) -- more consistent with a one-time guarantee game than a conference rivalry. | 1930s/early-1940s season -- crossover games still happened, though less often than the 1920s.",The_Courier_Journal_1932_11_19_Page_13.csv,,,
2,1943,1943-09-17,Austin (MN),Home,Rochester (MN),25,0,1.7,1094,"Opponent 'Rochester (MN)' is ALSO a risk-listed college-town name -- may be a college-vs-college guarantee game misfiled as HS, or confirms both sides need a look. | Recurs across 45 different seasons vs this same opponent -- looks like a real, stable HS conference rivalry. | 1930s/early-1940s season -- crossover games still happened, though less often than the 1920s.",http://www.classmates.com/yearbooks/Austin-High-School/1000245206?page=84,,,
2,1936,1936-10-09,Rochester (MN),Home,Mankato (MN),18,0,5.8,272,"Opponent 'Mankato (MN)' is ALSO a risk-listed college-town name -- may be a college-vs-college guarantee game misfiled as HS, or confirms both sides need a look. | Recurs across 28 different seasons vs this same opponent -- looks like a real, stable HS conference rivalry. | 1930s/early-1940s season -- crossover games still happened, though less often than the 1920s.",https://www.classmates.com/siteui/yearbooks/220305?page=85,,,
2,1923,1923-11-16,Kearney (NE),Home,Aurora (NE),3,0,2.2,951,Pre-1930 season -- college/HS crossover games were common this early.,http://www.classmates.com/yearbooks/Kearney-High-School/65622?page=66,,,
2,1941,1941-09-20,Murray Calloway County (KY),Home,Gleason (TN),27,6,-5.1,603,"This opponent pairing is a one-off (not a recurring year-over-year matchup) -- more consistent with a one-time guarantee game than a conference rivalry. | 1930s/early-1940s season -- crossover games still happened, though less often than the 1920s.",Lexington_Herald_Leader_1941_09_20_6.csv,,,
2,1937,1937-10-29,Austin (MN),Home,Mankato (MN),13,6,1.7,1094,"Opponent 'Mankato (MN)' is ALSO a risk-listed college-town name -- may be a college-vs-college guarantee game misfiled as HS, or confirms both sides need a look. | Recurs across 32 different seasons vs this same opponent -- looks like a real, stable HS conference rivalry. | 1930s/early-1940s season -- crossover games still happened, though less often than the 1920s.",http://www.classmates.com/yearbooks/Austin-High-School/1000245096?page=96,,,
2,1937,1937-10-23,Moorhead (MN),Home,Wahpeton (ND),13,12,7.8,900,"Opponent 'Wahpeton (ND)' is ALSO a risk-listed college-town name -- may be a college-vs-college guarantee game misfiled as HS, or confirms both sides need a look. | Recurs across 22 different seasons vs this same opponent -- looks like a real, stable HS conference rivalry. | 1930s/early-1940s season -- crossover games still happened, though less often than the 1920s.",The_Forum_1937_10_23_13.csv,,,
2,1939,1939-09-29,Rochester (MN),Visitor,Austin (MN),0,6,5.8,272,"Opponent 'Austin (MN)' is ALSO a risk-listed college-town name -- may be a college-vs-college guarantee game misfiled as HS, or confirms both sides need a look. | Recurs across 45 different seasons vs this same opponent -- looks like a real, stable HS conference rivalry. | 1930s/early-1940s season -- crossover games still happened, though less often than the 1920s.",http://www.classmates.com/yearbooks/Austin-High-School/21508?page=108,,,
2,1920,1920-10-08,Stevens Point (WI),Visitor,Chippewa Falls (WI),0,84,2.7,767,"Margin (-84) is a 3.9-sigma outlier vs this team's usual margin (2.7 avg). | Recurs across 9 different seasons vs this same opponent -- looks like a real, stable HS conference rivalry. | Pre-1930 season -- college/HS crossover games were common this early.",http://www.classmates.com/yearbooks/Chippewa-Falls-High-School/4182795154?page=0,,,
2,1923,1923-10-19,Grinnell (IA),Visitor,Des Moines West (IA),0,34,1.7,1110,"Margin (-34) is a 1.6-sigma outlier vs this team's usual margin (1.7 avg). | Recurs across 15 different seasons vs this same opponent -- looks like a real, stable HS conference rivalry. | Pre-1930 season -- college/HS crossover games were common this early.",https://www.classmates.com/siteui/yearbooks/1000247886?page=78,,,
2,1926,1926-10-03,Defiance (OH),Visitor,Toledo Libbey (OH),0,42,-1.0,862,"Margin (-42) is a 1.7-sigma outlier vs this team's usual margin (-1.0 avg). | Recurs across 3 different seasons vs this same opponent -- looks like a real, stable HS conference rivalry. | Pre-1930 season -- college/HS crossover games were common this early.",Chicago_Tribune_1926_10_03_34.csv,,,
2,1924,1924-10-24,DeKalb (IL),Visitor,Rockford Central (IL),0,45,-3.7,886,"Margin (-45) is a 1.9-sigma outlier vs this team's usual margin (-3.7 avg). | Recurs across 6 different seasons vs this same opponent -- looks like a real, stable HS conference rivalry. | Pre-1930 season -- college/HS crossover games were common this early.",http://www.classmates.com/yearbooks/Rockford-High-School/1000248176/?page=64,,,
2,1926,1926-10-01,Alma (MI),Visitor,Lansing Central (MI),0,27,-1.0,641,Pre-1930 season -- college/HS crossover games were common this early.,http://www.classmates.com/siteui/yearbooks/95367?page=117,,,
2,1938,1938-09-30,Austin (MN),Home,Rochester (MN),26,0,1.7,1094,"Opponent 'Rochester (MN)' is ALSO a risk-listed college-town name -- may be a college-vs-college guarantee game misfiled as HS, or confirms both sides need a look. | Recurs across 45 different seasons vs this same opponent -- looks like a real, stable HS conference rivalry. | 1930s/early-1940s season -- crossover games still happened, though less often than the 1920s.",http://www.classmates.com/yearbooks/Austin-High-School/53155?page=104,,,
2,1922,1922-10-20,Stevens Point (WI),Home,Merrill (WI),40,0,2.7,767,"Margin (+40) is a 1.7-sigma outlier vs this team's usual margin (2.7 avg). | Recurs across 91 different seasons vs this same opponent -- looks like a real, stable HS conference rivalry. | Pre-1930 season -- college/HS crossover games were common this early.",https://www.classmates.com/siteui/yearbooks/4182737995?page=82,,,
2,1934,1934-11-10,Macomb (IL),Visitor,Kirksville (MO),0,18,1.2,729,"This opponent pairing is a one-off (not a recurring year-over-year matchup) -- more consistent with a one-time guarantee game than a conference rivalry. | 1930s/early-1940s season -- crossover games still happened, though less often than the 1920s.",The_Pantagraph_1934_11_10_Page_10.csv,,,
2,1930,1930-11-16,Eureka (IL),Visitor,Mount Morris (IL),0,21,1.1,682,"This opponent pairing is a one-off (not a recurring year-over-year matchup) -- more consistent with a one-time guarantee game than a conference rivalry. | 1930s/early-1940s season -- crossover games still happened, though less often than the 1920s.",The_Pantagraph_1930_11_16_Page_18.csv,,,
2,1936,1936-09-26,Carthage (IL),Visitor,Macomb (IL),4,6,14.4,457,"Opponent 'Macomb (IL)' is ALSO a risk-listed college-town name -- may be a college-vs-college guarantee game misfiled as HS, or confirms both sides need a look. | Recurs across 6 different seasons vs this same opponent -- looks like a real, stable HS conference rivalry. | 1930s/early-1940s season -- crossover games still happened, though less often than the 1920s.",The_Pantagraph_1936_09_26_Page_10.csv,,,
2,1920,1920-10-02,Wheaton (IL),Visitor,LaGrange Lyons (IL),0,44,7.9,278,"Margin (-44) is a 2.2-sigma outlier vs this team's usual margin (7.9 avg). | Recurs across 4 different seasons vs this same opponent -- looks like a real, stable HS conference rivalry. | Pre-1930 season -- college/HS crossover games were common this early.",https://www.newspapers.com/image/28709633,,,
2,1922,1922-10-13,Adrian (MI),Visitor,Ann Arbor Pioneer (MI),0,32,0.9,877,"Margin (-32) is a 1.6-sigma outlier vs this team's usual margin (0.9 avg). | Recurs across 46 different seasons vs this same opponent -- looks like a real, stable HS conference rivalry. | Pre-1930 season -- college/HS crossover games were common this early.",http://www.e-yearbook.com/sp/eybb?school=62647&year=1923&up=1&startpage=120,,,
2,1920,1920-09-24,Findlay (OH),Visitor,Kenton (OH),0,6,2.7,1201,Pre-1930 season -- college/HS crossover games were common this early.,https://www.classmates.com/siteui/yearbooks/72703?page=83,,,
2,1943,1943-10-23,York (NE),Visitor,Grand Island (NE),2,7,-0.5,821,"Opponent 'Grand Island (NE)' is ALSO a risk-listed college-town name -- may be a college-vs-college guarantee game misfiled as HS, or confirms both sides need a look. | Recurs across 7 different seasons vs this same opponent -- looks like a real, stable HS conference rivalry. | 1930s/early-1940s season -- crossover games still happened, though less often than the 1920s.",Lincoln_Journal_Star_1943_10_23_5.csv,,,
2,1940,1940-11-02,Murray Calloway County (KY),Visitor,Paducah (KY),12,53,-5.1,603,"This opponent pairing is a one-off (not a recurring year-over-year matchup) -- more consistent with a one-time guarantee game than a conference rivalry. | 1930s/early-1940s season -- crossover games still happened, though less often than the 1920s.",Lexington_Herald_Leader_1940_11_02_6.csv,,,
2,1921,1921-10-14,Wooster (OH),Visitor,Toledo Scott (OH),0,74,0.1,1005,"Margin (-74) is a 3.3-sigma outlier vs this team's usual margin (0.1 avg). | Recurs across 3 different seasons vs this same opponent -- looks like a real, stable HS conference rivalry. | Pre-1930 season -- college/HS crossover games were common this early.",http://www.classmates.com/yearbooks/Scott-High-School/54244?page=132,,,
2,1926,1926-10-15,Austin (MN),Visitor,Minnesota School for the Deaf (MN),28,28,1.7,1094,Pre-1930 season -- college/HS crossover games were common this early.,http://www.classmates.com/yearbooks/Austin-High-School/4182759214?page=102,,,
2,1934,1934-11-09,Winona (MN),Visitor,Rochester (MN),0,0,-3.4,915,"Opponent 'Rochester (MN)' is ALSO a risk-listed college-town name -- may be a college-vs-college guarantee game misfiled as HS, or confirms both sides need a look. | Recurs across 31 different seasons vs this same opponent -- looks like a real, stable HS conference rivalry. | 1930s/early-1940s season -- crossover games still happened, though less often than the 1920s.",http://www.classmates.com/yearbooks/Winona-High-School/1000248311?page=56,,,
2,1934,1934-10-05,Mankato (MN),Home,Rochester (MN),22,20,2.3,366,"Opponent 'Rochester (MN)' is ALSO a risk-listed college-town name -- may be a college-vs-college guarantee game misfiled as HS, or confirms both sides need a look. | Recurs across 28 different seasons vs this same opponent -- looks like a real, stable HS conference rivalry. | 1930s/early-1940s season -- crossover games still happened, though less often than the 1920s.",https://www.classmates.com/siteui/yearbooks/232899?page=91,,,
2,1933,1933-10-27,Dickinson (ND),Home,Butte (MT),26,0,-0.9,982,"This opponent pairing is a one-off (not a recurring year-over-year matchup) -- more consistent with a one-time guarantee game than a conference rivalry. | 1930s/early-1940s season -- crossover games still happened, though less often than the 1920s.",http://www.bhs.bismarckschools.org/bhs/bhsathletics/throwers/history-of-bismarck-high-football/,,,
2,1933,1933-10-13,Austin (MN),Home,Winona (MN),13,0,1.7,1094,"Opponent 'Winona (MN)' is ALSO a risk-listed college-town name -- may be a college-vs-college guarantee game misfiled as HS, or confirms both sides need a look. | Recurs across 91 different seasons vs this same opponent -- looks like a real, stable HS conference rivalry. | 1930s/early-1940s season -- crossover games still happened, though less often than the 1920s.",http://www.classmates.com/yearbooks/Winona-High-School/1000247384?page=52,,,
2,1936,1936-10-17,Kearney (NE),Visitor,Grand Island (NE),0,20,2.2,951,"Opponent 'Grand Island (NE)' is ALSO a risk-listed college-town name -- may be a college-vs-college guarantee game misfiled as HS, or confirms both sides need a look. | Recurs across 77 different seasons vs this same opponent -- looks like a real, stable HS conference rivalry. | 1930s/early-1940s season -- crossover games still happened, though less often than the 1920s.",Lincoln_Journal_Star_1936_10_17_5.csv,,,
2,1937,1937-10-30,Kearney (NE),Visitor,Grand Island (NE),0,19,2.2,951,"Opponent 'Grand Island (NE)' is ALSO a risk-listed college-town name -- may be a college-vs-college guarantee game misfiled as HS, or confirms both sides need a look. | Recurs across 77 different seasons vs this same opponent -- looks like a real, stable HS conference rivalry. | 1930s/early-1940s season -- crossover games still happened, though less often than the 1920s.",Lincoln_Journal_Star_1937_10_30_9.csv,,,
2,1937,1937-11-06,York (NE),Visitor,Hastings (NE),7,25,-0.5,821,"Opponent 'Hastings (NE)' is ALSO a risk-listed college-town name -- may be a college-vs-college guarantee game misfiled as HS, or confirms both sides need a look. | Recurs across 40 different seasons vs this same opponent -- looks like a real, stable HS conference rivalry. | 1930s/early-1940s season -- crossover games still happened, though less often than the 1920s.",Lincoln_Journal_Star_1937_11_06_5 (1).csv,,,
2,1938,1938-09-24,Peru (NE),Visitor,Richardson County Shubert (NE),6,6,-7.2,25,"This opponent pairing is a one-off (not a recurring year-over-year matchup) -- more consistent with a one-time guarantee game than a conference rivalry. | 1930s/early-1940s season -- crossover games still happened, though less often than the 1920s.",Lincoln_Journal_Star_1938_09_24_5.csv,,,
2,1922,1922-09-30,Chadron (NE),Visitor,Alliance (NE),6,94,8.0,742,"Margin (-88) is a 4.2-sigma outlier vs this team's usual margin (8.0 avg). | Recurs across 71 different seasons vs this same opponent -- looks like a real, stable HS conference rivalry. | Pre-1930 season -- college/HS crossover games were common this early.",Lincoln_Journal_Star_1922_09_30_7.csv,,,
2,1923,1923-09-29,Chadron (NE),Visitor,Alliance (NE),3,31,8.0,742,"Margin (-28) is a 1.6-sigma outlier vs this team's usual margin (8.0 avg). | Recurs across 71 different seasons vs this same opponent -- looks like a real, stable HS conference rivalry. | Pre-1930 season -- college/HS crossover games were common this early.",Lincoln_Journal_Star_1923_09_29_3.csv,,,
2,1940,1940-09-28,Findlay (OH),Home,Bowling Green (OH),34,0,2.7,1201,"Opponent 'Bowling Green (OH)' is ALSO a risk-listed college-town name -- may be a college-vs-college guarantee game misfiled as HS, or confirms both sides need a look. | Recurs across 38 different seasons vs this same opponent -- looks like a real, stable HS conference rivalry. | 1930s/early-1940s season -- crossover games still happened, though less often than the 1920s.",The_Akron_Beacon_Journal_1940_09_28_Page_10.csv,,,
2,1936,1936-10-17,Milton (WI),Home,Whitewater (WI),26,0,7.0,758,"Opponent 'Whitewater (WI)' is ALSO a risk-listed college-town name -- may be a college-vs-college guarantee game misfiled as HS, or confirms both sides need a look. | Recurs across 30 different seasons vs this same opponent -- looks like a real, stable HS conference rivalry. | 1930s/early-1940s season -- crossover games still happened, though less often than the 1920s.",Milwaukee_News_1936_10_17_11.csv,,,
2,1936,1936-11-07,Macomb (IL),Visitor,Monmouth (IL),0,6,1.2,729,"Opponent 'Monmouth (IL)' is ALSO a risk-listed college-town name -- may be a college-vs-college guarantee game misfiled as HS, or confirms both sides need a look. | Recurs across 43 different seasons vs this same opponent -- looks like a real, stable HS conference rivalry. | 1930s/early-1940s season -- crossover games still happened, though less often than the 1920s.",The_Pantagraph_1936_11_07_Page_10.csv,,,
2,1938,1938-10-15,Macomb (IL),Visitor,Carthage (IL),0,7,1.2,729,"Opponent 'Carthage (IL)' is ALSO a risk-listed college-town name -- may be a college-vs-college guarantee game misfiled as HS, or confirms both sides need a look. | Recurs across 6 different seasons vs this same opponent -- looks like a real, stable HS conference rivalry. | 1930s/early-1940s season -- crossover games still happened, though less often than the 1920s.",The_Pantagraph_1938_10_15_Page_8.csv,,,
2,1938,1938-10-09,Monmouth (IL),Visitor,Westville (IL),0,20,-2.7,640,"This opponent pairing is a one-off (not a recurring year-over-year matchup) -- more consistent with a one-time guarantee game than a conference rivalry. | 1930s/early-1940s season -- crossover games still happened, though less often than the 1920s.",The_Pantagraph_1938_10_09_Page_9.csv,,,
2,1939,1939-09-23,Danville (IL),Visitor,Mooseheart (IL),0,7,4.2,926,"This opponent pairing is a one-off (not a recurring year-over-year matchup) -- more consistent with a one-time guarantee game than a conference rivalry. | 1930s/early-1940s season -- crossover games still happened, though less often than the 1920s.",The_Pantagraph_1939_09_23_Page_9.csv,,,
2,1939,1939-09-17,Eureka (IL),Visitor,Elmhurst York (IL),0,6,1.1,682,"This opponent pairing is a one-off (not a recurring year-over-year matchup) -- more consistent with a one-time guarantee game than a conference rivalry. | 1930s/early-1940s season -- crossover games still happened, though less often than the 1920s.",The_Pantagraph_1939_09_17_Page_9.csv,,,
2,1932,1932-10-09,Monmouth (IL),Visitor,Murphysboro (IL),0,0,-2.7,640,"This opponent pairing is a one-off (not a recurring year-over-year matchup) -- more consistent with a one-time guarantee game than a conference rivalry. | 1930s/early-1940s season -- crossover games still happened, though less often than the 1920s.",The_Pantagraph_1932_10_09_Page_11.csv,,,
2,1921,1921-09-30,Austin (MN),Home,Grand Meadow (MN),40,0,1.7,1094,"Margin (+40) is a 1.8-sigma outlier vs this team's usual margin (1.7 avg). | Recurs across 3 different seasons vs this same opponent -- looks like a real, stable HS conference rivalry. | Pre-1930 season -- college/HS crossover games were common this early.",http://www.classmates.com/yearbooks/Austin-High-School/82092?page=98,,,
2,1928,1928-09-28,Austin (MN),Home,Adams (MN),19,6,1.7,1094,Pre-1930 season -- college/HS crossover games were common this early.,http://www.classmates.com/yearbooks/Austin-High-School/78206?page=94,,,
1,1946,1946-11-09,Alma (MI),Home,Flint St. Michael (MI),20,7,-1.0,641,This opponent pairing is a one-off (not a recurring year-over-year matchup) -- more consistent with a one-time guarantee game than a conference rivalry.,Lansing_State_Journal_1946_11_09_Page_8 (1).csv,,,
1,1934,1934-10-13,Joliet (IL),Visitor,Freeport (IL),28,0,-9.3,928,"Margin (+28) is a 1.6-sigma outlier vs this team's usual margin (-9.3 avg). | Recurs across 24 different seasons vs this same opponent -- looks like a real, stable HS conference rivalry. | 1930s/early-1940s season -- crossover games still happened, though less often than the 1920s.",The_Pantagraph_1934_10_13_Page_10.csv,,,
1,1935,1935-10-06,Eureka (IL),Visitor,Chatsworth (IL),13,18,1.1,682,"1930s/early-1940s season -- crossover games still happened, though less often than the 1920s.",The_Pantagraph_1935_10_06_Page_9.csv,,,
1,1936,1936-10-03,Carthage (IL),Visitor,Blandinsville (IL),0,38,14.4,457,"Margin (-38) is a 2.0-sigma outlier vs this team's usual margin (14.4 avg). | Recurs across 3 different seasons vs this same opponent -- looks like a real, stable HS conference rivalry. | 1930s/early-1940s season -- crossover games still happened, though less often than the 1920s.",The_Pantagraph_1936_10_03_Page_10.csv,,,
1,1938,1938-10-01,Eureka (IL),Visitor,Chatsworth (IL),0,14,1.1,682,"1930s/early-1940s season -- crossover games still happened, though less often than the 1920s.",The_Pantagraph_1938_10_01_Page_9.csv,,,
1,1938,1938-09-24,DeKalb (IL),Visitor,Aurora (IL),6,19,-3.7,886,"1930s/early-1940s season -- crossover games still happened, though less often than the 1920s.",The_Pantagraph_1938_09_24_Page_10.csv,,,
1,1938,1938-10-29,Eureka (IL),Visitor,Washington (IL),0,52,1.1,682,"Margin (-52) is a 2.2-sigma outlier vs this team's usual margin (1.1 avg). | Recurs across 19 different seasons vs this same opponent -- looks like a real, stable HS conference rivalry. | 1930s/early-1940s season -- crossover games still happened, though less often than the 1920s.",The_Pantagraph_1938_10_29_Page_10.csv,,,
1,1957,1957-09-13,Winona (MN),Home,Decorah (MN),32,0,-3.4,915,"Margin (+32) is a 1.6-sigma outlier vs this team's usual margin (-3.4 avg). | This opponent pairing is a one-off (not a recurring year-over-year matchup) -- more consistent with a one-time guarantee game than a conference rivalry. | 1950 or later -- college/HS crossover games had essentially stopped by this point, so this is most likely a genuine same-name high school, not a misfiled college game.",http://www.classmates.com/yearbooks/Winona-High-School/253318?page=54,,,
1,1947,1947-10-03,Adrian (MI),Home,Sylvania Burnham (OH),25,0,0.9,877,This opponent pairing is a one-off (not a recurring year-over-year matchup) -- more consistent with a one-time guarantee game than a conference rivalry.,https://www.newspapers.com/image/908939,,,
1,1933,1933-09-22,Marietta (OH),Home,Saint Marys (WV),46,0,-3.3,961,"Margin (+46) is a 2.1-sigma outlier vs this team's usual margin (-3.3 avg). | Recurs across 28 different seasons vs this same opponent -- looks like a real, stable HS conference rivalry. | 1930s/early-1940s season -- crossover games still happened, though less often than the 1920s.",http://fourseasonsfootball.com/va.html,,,
1,1948,1948-09-10,Findlay (OH),Home,Bowling Green (OH),7,0,2.7,1201,"Opponent 'Bowling Green (OH)' is ALSO a risk-listed college-town name -- may be a college-vs-college guarantee game misfiled as HS, or confirms both sides need a look. | Recurs across 38 different seasons vs this same opponent -- looks like a real, stable HS conference rivalry.",https://www.classmates.com/siteui/yearbooks/243779?page=76,,,
1,1935,1935-11-01,Marietta (OH),Home,Cambridge (OH),35,0,-3.3,961,"Margin (+35) is a 1.6-sigma outlier vs this team's usual margin (-3.3 avg). | Recurs across 49 different seasons vs this same opponent -- looks like a real, stable HS conference rivalry. | 1930s/early-1940s season -- crossover games still happened, though less often than the 1920s.",http://www.classmates.com/siteui/yearbooks/73496?page=99,,,
1,1946,1946-10-11,Austin (MN),Home,Mankato (MN),39,6,1.7,1094,"Opponent 'Mankato (MN)' is ALSO a risk-listed college-town name -- may be a college-vs-college guarantee game misfiled as HS, or confirms both sides need a look. | Recurs across 32 different seasons vs this same opponent -- looks like a real, stable HS conference rivalry.",http://www.classmates.com/yearbooks/Austin-High-School/60154?page=52,,,
1,1936,1936-10-30,Minot (ND),Home,Williston (ND),56,0,7.4,1098,"Margin (+56) is a 2.1-sigma outlier vs this team's usual margin (7.4 avg). | Recurs across 116 different seasons vs this same opponent -- looks like a real, stable HS conference rivalry. | 1930s/early-1940s season -- crossover games still happened, though less often than the 1920s.",http://www.bhs.bismarckschools.org/bhs/bhsathletics/throwers/history-of-bismarck-high-football/,,,
1,1932,1932-11-19,Georgetown Scott County (KY),Visitor,Lancaster Garrard County (KY),60,12,4.9,1007,"Margin (+48) is a 1.6-sigma outlier vs this team's usual margin (4.9 avg). | Recurs across 8 different seasons vs this same opponent -- looks like a real, stable HS conference rivalry. | 1930s/early-1940s season -- crossover games still happened, though less often than the 1920s.",The_Courier_Journal_1932_11_19_Page_13.csv,,,
1,1932,1932-10-08,Georgetown Scott County (KY),Visitor,Covington Holmes (KY),0,40,4.9,1007,"Margin (-40) is a 1.7-sigma outlier vs this team's usual margin (4.9 avg). | Recurs across 3 different seasons vs this same opponent -- looks like a real, stable HS conference rivalry. | 1930s/early-1940s season -- crossover games still happened, though less often than the 1920s.",The_Courier_Journal_1932_10_08_Page_11.csv,,,
1,1931,1931-09-26,Georgetown Scott County (KY),Visitor,Louisville Male (KY),6,67,4.9,1007,"Margin (-61) is a 2.5-sigma outlier vs this team's usual margin (4.9 avg). | Recurs across 7 different seasons vs this same opponent -- looks like a real, stable HS conference rivalry. | 1930s/early-1940s season -- crossover games still happened, though less often than the 1920s.",The_Courier_Journal_1931_09_26_Page_17.csv,,,
1,1931,1931-10-10,Murray (KY),Visitor,Mayfield (KY),0,62,7.5,832,"Margin (-62) is a 2.8-sigma outlier vs this team's usual margin (7.5 avg). | Recurs across 66 different seasons vs this same opponent -- looks like a real, stable HS conference rivalry. | 1930s/early-1940s season -- crossover games still happened, though less often than the 1920s.",The_Courier_Journal_1931_10_10_Page_17.csv,,,
1,1931,1931-10-10,Georgetown Scott County (KY),Visitor,Covington Holmes (KY),0,36,4.9,1007,"Margin (-36) is a 1.6-sigma outlier vs this team's usual margin (4.9 avg). | Recurs across 3 different seasons vs this same opponent -- looks like a real, stable HS conference rivalry. | 1930s/early-1940s season -- crossover games still happened, though less often than the 1920s.",The_Courier_Journal_1931_10_10_Page_17.csv,,,
1,1931,1931-10-17,Murray (KY),Visitor,Paducah Tilghman (KY),0,50,7.5,832,"Margin (-50) is a 2.4-sigma outlier vs this team's usual margin (7.5 avg). | Recurs across 24 different seasons vs this same opponent -- looks like a real, stable HS conference rivalry. | 1930s/early-1940s season -- crossover games still happened, though less often than the 1920s.",The_Courier_Journal_1931_10_17_Page_15.csv,,,
1,1931,1931-10-17,Georgetown Scott County (KY),Visitor,Paris Bourbon County (KY),0,39,4.9,1007,"Margin (-39) is a 1.7-sigma outlier vs this team's usual margin (4.9 avg). | Recurs across 25 different seasons vs this same opponent -- looks like a real, stable HS conference rivalry. | 1930s/early-1940s season -- crossover games still happened, though less often than the 1920s.",The_Courier_Journal_1931_10_17_Page_15.csv,,,
1,1949,1949-09-10,Murray Calloway County (KY),Visitor,Ridgely (TN),6,14,-5.1,603,This opponent pairing is a one-off (not a recurring year-over-year matchup) -- more consistent with a one-time guarantee game than a conference rivalry.,Lexington_Herald_Leader_1949_09_10_6.csv,,,
1,1939,1939-10-06,Joliet (IL),Home,Bradley-Bourbonnais Coummunity (IL),28,0,-9.3,928,"Margin (+28) is a 1.6-sigma outlier vs this team's usual margin (-9.3 avg). | Recurs across 5 different seasons vs this same opponent -- looks like a real, stable HS conference rivalry. | 1930s/early-1940s season -- crossover games still happened, though less often than the 1920s.",http://www.classmates.com/siteui/yearbooks/179451?page=28,,,
1,1948,1948-10-02,Adrian (MI),Home,Grand Rapids Ottawa Hills (MI),13,13,0.9,877,This opponent pairing is a one-off (not a recurring year-over-year matchup) -- more consistent with a one-time guarantee game than a conference rivalry.,The_Blade_MI_1948_10_02_11 (2).csv,,,
1,1933,1933-10-20,Grinnell (IA),Home,Belle Plaine (IA),13,7,1.7,1110,"1930s/early-1940s season -- crossover games still happened, though less often than the 1920s.",https://www.classmates.com/siteui/yearbooks/1000247876?page=38,,,
1,1934,1934-11-09,Mankato (MN),Home,Saint Peter (MN),38,0,2.3,366,"Margin (+38) is a 1.9-sigma outlier vs this team's usual margin (2.3 avg). | Recurs across 9 different seasons vs this same opponent -- looks like a real, stable HS conference rivalry. | 1930s/early-1940s season -- crossover games still happened, though less often than the 1920s.",https://www.classmates.com/siteui/yearbooks/232899?page=91,,,
1,1932,1932-09-23,Mankato (MN),Home,Janesville (MN),39,0,2.3,366,"Margin (+39) is a 1.9-sigma outlier vs this team's usual margin (2.3 avg). | Recurs across 3 different seasons vs this same opponent -- looks like a real, stable HS conference rivalry. | 1930s/early-1940s season -- crossover games still happened, though less often than the 1920s.",https://www.classmates.com/siteui/yearbooks/101297?page=78,,,
1,1930,1930-10-03,Joliet (IL),Visitor,Rockford Central (IL),0,59,-9.3,928,"Margin (-59) is a 2.1-sigma outlier vs this team's usual margin (-9.3 avg). | Recurs across 11 different seasons vs this same opponent -- looks like a real, stable HS conference rivalry. | 1930s/early-1940s season -- crossover games still happened, though less often than the 1920s.",http://www.classmates.com/yearbooks/Rockford-High-School/59788?page=144,,,
1,1939,1939-10-27,Austin (MN),Visitor,Waterloo Central (IA),13,0,1.7,1094,"1930s/early-1940s season -- crossover games still happened, though less often than the 1920s.",http://www.classmates.com/yearbooks/Austin-High-School/21508/?page=108,,,
1,1949,1949-11-18,Kent (OH),Visitor,Mansfield Senior (OH),0,48,-16.7,23,This opponent pairing is a one-off (not a recurring year-over-year matchup) -- more consistent with a one-time guarantee game than a conference rivalry.,http://www.e-yearbook.com/sp/eybb?school=20276&year=1950&up=2&startpage=113,,,
1,1931,1931-09-25,Dickinson (ND),Visitor,Mandan (ND),0,40,-0.9,982,"Margin (-40) is a 1.7-sigma outlier vs this team's usual margin (-0.9 avg). | Recurs across 103 different seasons vs this same opponent -- looks like a real, stable HS conference rivalry. | 1930s/early-1940s season -- crossover games still happened, though less often than the 1920s.",http://www.bhs.bismarckschools.org/bhs/bhsathletics/throwers/history-of-bismarck-high-football/,,,
1,1935,1935-10-11,Grinnell (IA),Visitor,Oskaloosa (IA),0,38,1.7,1110,"Margin (-38) is a 1.7-sigma outlier vs this team's usual margin (1.7 avg). | Recurs across 99 different seasons vs this same opponent -- looks like a real, stable HS conference rivalry. | 1930s/early-1940s season -- crossover games still happened, though less often than the 1920s.",https://www.classmates.com/siteui/yearbooks/1000247773?page=33,,,
1,1947,1947-10-25,Valley City (ND),Visitor,Moorhead (MN),7,20,1.2,953,"Opponent 'Moorhead (MN)' is ALSO a risk-listed college-town name -- may be a college-vs-college guarantee game misfiled as HS, or confirms both sides need a look. | Recurs across 18 different seasons vs this same opponent -- looks like a real, stable HS conference rivalry.",The_Forum_1947_10_25_7.csv,,,
1,1947,1947-10-31,Mankato (MN),Visitor,Austin (MN),7,31,2.3,366,"Opponent 'Austin (MN)' is ALSO a risk-listed college-town name -- may be a college-vs-college guarantee game misfiled as HS, or confirms both sides need a look. | Recurs across 32 different seasons vs this same opponent -- looks like a real, stable HS conference rivalry.",http://www.classmates.com/yearbooks/Austin-High-School/1000246433?page=68,,,
1,1944,1944-11-18,York (NE),Visitor,Lincoln Northeast (NE),0,36,-0.5,821,"Margin (-36) is a 1.6-sigma outlier vs this team's usual margin (-0.5 avg). | Recurs across 5 different seasons vs this same opponent -- looks like a real, stable HS conference rivalry. | 1930s/early-1940s season -- crossover games still happened, though less often than the 1920s.",Lincoln_Journal_Star_1944_11_18_9.csv,,,
1,1935,1935-10-05,Georgetown Scott County (KY),Visitor,Versailles (OH),0,38,4.9,1007,"Margin (-38) is a 1.6-sigma outlier vs this team's usual margin (4.9 avg). | Recurs across 8 different seasons vs this same opponent -- looks like a real, stable HS conference rivalry. | 1930s/early-1940s season -- crossover games still happened, though less often than the 1920s.",The_Courier_Journal_1935_10_05_Page_14.csv,,,
1,1940,1940-10-11,Stevens Point (WI),Visitor,Wausau (WI),0,58,2.7,767,"Margin (-58) is a 2.7-sigma outlier vs this team's usual margin (2.7 avg). | Recurs across 50 different seasons vs this same opponent -- looks like a real, stable HS conference rivalry. | 1930s/early-1940s season -- crossover games still happened, though less often than the 1920s.",http://www.classmates.com/siteui/yearbooks/4182732163?page=93,,,
1,1939,1939-10-07,Adrian (MI),Visitor,Sturgis (MI),0,39,0.9,877,"Margin (-39) is a 1.9-sigma outlier vs this team's usual margin (0.9 avg). | Recurs across 21 different seasons vs this same opponent -- looks like a real, stable HS conference rivalry. | 1930s/early-1940s season -- crossover games still happened, though less often than the 1920s.",The_Bay_City_Times_1939_10_07_7.csv,,,
1,1940,1940-11-29,Marietta (OH),Visitor,Parkersburg (WV),0,45,-3.3,961,"Margin (-45) is a 1.8-sigma outlier vs this team's usual margin (-3.3 avg). | Recurs across 96 different seasons vs this same opponent -- looks like a real, stable HS conference rivalry. | 1930s/early-1940s season -- crossover games still happened, though less often than the 1920s.",http://www.phsbigredsfootball.com/factbook_07.html,,,
1,1938,1938-11-18,Findlay (OH),Visitor,Sandusky (OH),6,40,2.7,1201,"Margin (-34) is a 1.6-sigma outlier vs this team's usual margin (2.7 avg). | Recurs across 68 different seasons vs this same opponent -- looks like a real, stable HS conference rivalry. | 1930s/early-1940s season -- crossover games still happened, though less often than the 1920s.",https://www.classmates.com/siteui/yearbooks/71750?page=63,,,
1,1936,1936-09-19,Georgetown Scott County (KY),Visitor,Shelbyville (KY),0,38,4.9,1007,"Margin (-38) is a 1.6-sigma outlier vs this team's usual margin (4.9 avg). | Recurs across 20 different seasons vs this same opponent -- looks like a real, stable HS conference rivalry. | 1930s/early-1940s season -- crossover games still happened, though less often than the 1920s.",Lexington_Herald_Leader_1936_09_19_8.csv,,,
1,1943,1943-09-10,Grinnell (IA),Visitor,Cedar Rapids McKinley (IA),0,33,1.7,1110,"Margin (-33) is a 1.5-sigma outlier vs this team's usual margin (1.7 avg). | Recurs across 8 different seasons vs this same opponent -- looks like a real, stable HS conference rivalry. | 1930s/early-1940s season -- crossover games still happened, though less often than the 1920s.",https://www.classmates.com/siteui/yearbooks/1000247879?page=36,,,
1,1933,1933-10-20,Monmouth (IL),Visitor,Rock Island (IL),0,46,-2.7,640,"Margin (-46) is a 1.8-sigma outlier vs this team's usual margin (-2.7 avg). | Recurs across 16 different seasons vs this same opponent -- looks like a real, stable HS conference rivalry. | 1930s/early-1940s season -- crossover games still happened, though less often than the 1920s.",https://www.classmates.com/siteui/yearbooks/58141?page=56,,,
1,1950,1950-10-20,Winona (MN),Visitor,Austin (MN),0,46,-3.4,915,"Opponent 'Austin (MN)' is ALSO a risk-listed college-town name -- may be a college-vs-college guarantee game misfiled as HS, or confirms both sides need a look. | Margin (-46) is a 1.9-sigma outlier vs this team's usual margin (-3.4 avg). | Recurs across 91 different seasons vs this same opponent -- looks like a real, stable HS conference rivalry. | 1950 or later -- college/HS crossover games had essentially stopped by this point, so this is most likely a genuine same-name high school, not a misfiled college game.",http://www.classmates.com/yearbooks/Austin-High-School/57558?page=48,,,
1,1950,1950-10-06,Bowling Green (OH),Visitor,Findlay (OH),12,60,-2.0,691,"Opponent 'Findlay (OH)' is ALSO a risk-listed college-town name -- may be a college-vs-college guarantee game misfiled as HS, or confirms both sides need a look. | Margin (-48) is a 2.1-sigma outlier vs this team's usual margin (-2.0 avg). | Recurs across 38 different seasons vs this same opponent -- looks like a real, stable HS conference rivalry. | 1950 or later -- college/HS crossover games had essentially stopped by this point, so this is most likely a genuine same-name high school, not a misfiled college game.",https://www.classmates.com/siteui/yearbooks/118780?page=107,,,
1,1938,1938-10-21,Minot (ND),Visitor,Fargo Central (ND),0,32,7.4,1098,"Margin (-32) is a 1.7-sigma outlier vs this team's usual margin (7.4 avg). | Recurs across 13 different seasons vs this same opponent -- looks like a real, stable HS conference rivalry. | 1930s/early-1940s season -- crossover games still happened, though less often than the 1920s.",http://www.bhs.bismarckschools.org/bhs/bhsathletics/throwers/history-of-bismarck-high-football/,,,
1,1942,1942-09-18,Kearney (NE),Visitor,Lincoln (NE),0,33,2.2,951,"Margin (-33) is a 1.6-sigma outlier vs this team's usual margin (2.2 avg). | Recurs across 26 different seasons vs this same opponent -- looks like a real, stable HS conference rivalry. | 1930s/early-1940s season -- crossover games still happened, though less often than the 1920s.",http://www.classmates.com/yearbooks/Lincoln-High-School/81009?page=86,,,
1,1946,1946-10-19,Findlay (OH),Visitor,Defiance (OH),6,7,2.7,1201,"Opponent 'Defiance (OH)' is ALSO a risk-listed college-town name -- may be a college-vs-college guarantee game misfiled as HS, or confirms both sides need a look. | Recurs across 11 different seasons vs this same opponent -- looks like a real, stable HS conference rivalry.",The_Blade_1946_10_19_9.csv,,,
1,1938,1938-10-28,Sioux Falls (SD),Visitor,Sioux City East (IA),7,40,7.5,125,"Margin (-33) is a 1.8-sigma outlier vs this team's usual margin (7.5 avg). | Recurs across 12 different seasons vs this same opponent -- looks like a real, stable HS conference rivalry. | 1930s/early-1940s season -- crossover games still happened, though less often than the 1920s.",http://www.classmates.com/siteui/yearbooks/205833?page=65,,,
1,1944,1944-10-28,Dickinson (ND),Visitor,Bismarck (ND),0,49,-0.9,982,"Margin (-49) is a 2.0-sigma outlier vs this team's usual margin (-0.9 avg). | Recurs across 95 different seasons vs this same opponent -- looks like a real, stable HS conference rivalry. | 1930s/early-1940s season -- crossover games still happened, though less often than the 1920s.",The_Forum_1944_10_28_6.csv,,,
1,1937,1937-10-30,Mayville (ND),Visitor,Hillsboro (ND),0,40,-3.0,134,"Margin (-40) is a 1.6-sigma outlier vs this team's usual margin (-3.0 avg). | Recurs across 24 different seasons vs this same opponent -- looks like a real, stable HS conference rivalry. | 1930s/early-1940s season -- crossover games still happened, though less often than the 1920s.",The_Forum_1937_10_30_11.csv,,,
1,1943,1943-10-22,Grinnell (IA),Visitor,Oskaloosa (IA),6,42,1.7,1110,"Margin (-36) is a 1.6-sigma outlier vs this team's usual margin (1.7 avg). | Recurs across 99 different seasons vs this same opponent -- looks like a real, stable HS conference rivalry. | 1930s/early-1940s season -- crossover games still happened, though less often than the 1920s.",https://www.classmates.com/siteui/yearbooks/205744?page=48,,,
1,1946,1946-10-12,Valley City (ND),Visitor,Jamestown (ND),0,25,1.2,953,"Opponent 'Jamestown (ND)' is ALSO a risk-listed college-town name -- may be a college-vs-college guarantee game misfiled as HS, or confirms both sides need a look. | Recurs across 43 different seasons vs this same opponent -- looks like a real, stable HS conference rivalry.",The_Forum_1946_10_12_7.csv,,,
1,1947,1947-10-18,Valley City (ND),Visitor,Wahpeton (ND),12,13,1.2,953,"Opponent 'Wahpeton (ND)' is ALSO a risk-listed college-town name -- may be a college-vs-college guarantee game misfiled as HS, or confirms both sides need a look. | Recurs across 54 different seasons vs this same opponent -- looks like a real, stable HS conference rivalry.",The_Forum_1947_10_18_6.csv,,,
1,1949,1949-10-29,Jamestown (ND),Visitor,Minot (ND),6,7,3.9,347,"Opponent 'Minot (ND)' is ALSO a risk-listed college-town name -- may be a college-vs-college guarantee game misfiled as HS, or confirms both sides need a look. | Recurs across 25 different seasons vs this same opponent -- looks like a real, stable HS conference rivalry.",The_Forum_1949_10_29_8.csv,,,
1,1945,1945-11-03,Defiance (OH),Visitor,Findlay (OH),0,14,-1.0,862,"Opponent 'Findlay (OH)' is ALSO a risk-listed college-town name -- may be a college-vs-college guarantee game misfiled as HS, or confirms both sides need a look. | Recurs across 11 different seasons vs this same opponent -- looks like a real, stable HS conference rivalry.",The_Zanesville_Signal_1945_11_03_5.csv,,,
1,1943,1943-10-08,Grinnell (IA),Visitor,Ames (IA),0,54,1.7,1110,"Margin (-54) is a 2.4-sigma outlier vs this team's usual margin (1.7 avg). | Recurs across 39 different seasons vs this same opponent -- looks like a real, stable HS conference rivalry. | 1930s/early-1940s season -- crossover games still happened, though less often than the 1920s.",https://www.classmates.com/siteui/yearbooks/1000247879?page=36,,,
1,1946,1946-11-01,Findlay (OH),Visitor,Defiance (OH),16,19,2.7,1201,"Opponent 'Defiance (OH)' is ALSO a risk-listed college-town name -- may be a college-vs-college guarantee game misfiled as HS, or confirms both sides need a look. | Recurs across 11 different seasons vs this same opponent -- looks like a real, stable HS conference rivalry.",https://www.classmates.com/siteui/yearbooks/53080?page=71,,,
1,1939,1939-10-06,Austin (MN),Visitor,Sioux City Central (IA),6,32,1.7,1094,"1930s/early-1940s season -- crossover games still happened, though less often than the 1920s.",http://www.classmates.com/yearbooks/Austin-High-School/21508/?page=108,,,
1,1938,1938-10-14,Grand Island (NE),Visitor,Lincoln (NE),0,28,6.2,931,"Margin (-28) is a 1.6-sigma outlier vs this team's usual margin (6.2 avg). | Recurs across 90 different seasons vs this same opponent -- looks like a real, stable HS conference rivalry. | 1930s/early-1940s season -- crossover games still happened, though less often than the 1920s.",http://www.classmates.com/yearbooks/Lincoln-High-School/1000245123?page=146,,,
1,1934,1934-10-05,Austin (MN),Visitor,Minnesota School for the Deaf (MN),6,6,1.7,1094,"1930s/early-1940s season -- crossover games still happened, though less often than the 1920s.",http://www.classmates.com/yearbooks/Austin-High-School/76615?page=88,,,
1,1940,1940-11-22,Grinnell (IA),Visitor,Cedar Rapids Roosevelt (IA),32,7,1.7,1110,"1930s/early-1940s season -- crossover games still happened, though less often than the 1920s.",http://www.classmates.com/yearbooks/Grinnell-Community-High-School/1000247888/?page=22,,,
1,1935,1935-09-21,Whitewater (WI),Visitor,Elkhorn (WI),0,38,-0.9,677,"Margin (-38) is a 1.5-sigma outlier vs this team's usual margin (-0.9 avg). | Recurs across 59 different seasons vs this same opponent -- looks like a real, stable HS conference rivalry. | 1930s/early-1940s season -- crossover games still happened, though less often than the 1920s.",https://www.newspapers.com/image/250807497,,,
1,1947,1947-10-10,Kearney (NE),Visitor,Grand Island (NE),6,34,2.2,951,"Opponent 'Grand Island (NE)' is ALSO a risk-listed college-town name -- may be a college-vs-college guarantee game misfiled as HS, or confirms both sides need a look. | Recurs across 77 different seasons vs this same opponent -- looks like a real, stable HS conference rivalry.",http://www.classmates.com/yearbooks/Kearney-High-School/142553?page=74,,,
1,1944,1944-11-03,Wooster (OH),Visitor,Canton Lincoln (OH),6,52,0.1,1005,"Margin (-46) is a 2.0-sigma outlier vs this team's usual margin (0.1 avg). | Recurs across 5 different seasons vs this same opponent -- looks like a real, stable HS conference rivalry. | 1930s/early-1940s season -- crossover games still happened, though less often than the 1920s.",http://www.classmates.com/yearbooks/Lincoln-High-School/138332?page=14,,,
1,1933,1933-11-03,Georgetown (KY),Visitor,Lexington Henry Clay (KY),0,62,-18.5,35,"Margin (-62) is a 1.6-sigma outlier vs this team's usual margin (-18.5 avg). | Recurs across 14 different seasons vs this same opponent -- looks like a real, stable HS conference rivalry. | 1930s/early-1940s season -- crossover games still happened, though less often than the 1920s.",http://fourseasonsfootball.com/va.html,,,
1,1931,1931-10-30,Dickinson (ND),Visitor,Bismarck (ND),0,65,-0.9,982,"Margin (-65) is a 2.7-sigma outlier vs this team's usual margin (-0.9 avg). | Recurs across 95 different seasons vs this same opponent -- looks like a real, stable HS conference rivalry. | 1930s/early-1940s season -- crossover games still happened, though less often than the 1920s.",http://www.bhs.bismarckschools.org/bhs/bhsathletics/throwers/history-of-bismarck-high-football/,,,
1,1944,1944-10-13,Stevens Point (WI),Visitor,Wausau (WI),0,38,2.7,767,"Margin (-38) is a 1.8-sigma outlier vs this team's usual margin (2.7 avg). | Recurs across 50 different seasons vs this same opponent -- looks like a real, stable HS conference rivalry. | 1930s/early-1940s season -- crossover games still happened, though less often than the 1920s.",http://www.classmates.com/siteui/yearbooks/225407?page=54,,,
1,1939,1939-11-11,Adrian (MI),Visitor,Monroe (MI),14,61,0.9,877,"Margin (-47) is a 2.3-sigma outlier vs this team's usual margin (0.9 avg). | Recurs across 82 different seasons vs this same opponent -- looks like a real, stable HS conference rivalry. | 1930s/early-1940s season -- crossover games still happened, though less often than the 1920s.",The_Bay_City_Times_1939_11_11_7.csv,,,
1,1940,1940-10-04,Chadron (NE),Visitor,Sheridan (WY),0,33,8.0,742,"Margin (-33) is a 1.8-sigma outlier vs this team's usual margin (8.0 avg). | Recurs across 3 different seasons vs this same opponent -- looks like a real, stable HS conference rivalry. | 1930s/early-1940s season -- crossover games still happened, though less often than the 1920s.",http:-/wyoming-football.com/,,,
1,1959,1959-10-02,Winona (MN),Visitor,Austin (MN),8,53,-3.4,915,"Opponent 'Austin (MN)' is ALSO a risk-listed college-town name -- may be a college-vs-college guarantee game misfiled as HS, or confirms both sides need a look. | Margin (-45) is a 1.9-sigma outlier vs this team's usual margin (-3.4 avg). | Recurs across 91 different seasons vs this same opponent -- looks like a real, stable HS conference rivalry. | 1950 or later -- college/HS crossover games had essentially stopped by this point, so this is most likely a genuine same-name high school, not a misfiled college game.",http://www.classmates.com/yearbooks/Austin-High-School/4182759218?page=60,,,
1,1946,1946-09-27,Hastings (NE),Visitor,Grand Island (NE),0,27,-1.5,909,"Opponent 'Grand Island (NE)' is ALSO a risk-listed college-town name -- may be a college-vs-college guarantee game misfiled as HS, or confirms both sides need a look. | Recurs across 62 different seasons vs this same opponent -- looks like a real, stable HS conference rivalry.",http://www.classmates.com/siteui/yearbooks/4182785891?page=17,,,
1,1947,1947-10-10,Hillsdale (MI),Visitor,Adrian (MI),0,7,-1.6,695,"Opponent 'Adrian (MI)' is ALSO a risk-listed college-town name -- may be a college-vs-college guarantee game misfiled as HS, or confirms both sides need a look. | Recurs across 19 different seasons vs this same opponent -- looks like a real, stable HS conference rivalry.",https://www.newspapers.com/image/910207,,,
1,1948,1948-09-17,Austin (MN),Visitor,Rochester (MN),26,47,1.7,1094,"Opponent 'Rochester (MN)' is ALSO a risk-listed college-town name -- may be a college-vs-college guarantee game misfiled as HS, or confirms both sides need a look. | Recurs across 45 different seasons vs this same opponent -- looks like a real, stable HS conference rivalry.",http://www.classmates.com/yearbooks/Austin-High-School/4182759216?page=58,,,
1,1936,1936-10-02,Austin (MN),Visitor,Faribault (MN),0,33,1.7,1094,"Margin (-33) is a 1.6-sigma outlier vs this team's usual margin (1.7 avg). | Recurs across 87 different seasons vs this same opponent -- looks like a real, stable HS conference rivalry. | 1930s/early-1940s season -- crossover games still happened, though less often than the 1920s.",http://www.classmates.com/yearbooks/Austin-High-School/4182759215?page=94,,,
1,1930,1930-10-10,Danville (IL),Visitor,Springfield (IL),7,53,4.2,926,"Margin (-46) is a 2.2-sigma outlier vs this team's usual margin (4.2 avg). | Recurs across 22 different seasons vs this same opponent -- looks like a real, stable HS conference rivalry. | 1930s/early-1940s season -- crossover games still happened, though less often than the 1920s.",http://www.classmates.com/yearbooks/Springfield-High-School/59543?page=144,,,
1,1939,1939-11-17,Grand Island (NE),Visitor,Lincoln (NE),0,54,6.2,931,"Margin (-54) is a 2.8-sigma outlier vs this team's usual margin (6.2 avg). | Recurs across 90 different seasons vs this same opponent -- looks like a real, stable HS conference rivalry. | 1930s/early-1940s season -- crossover games still happened, though less often than the 1920s.",http://www.classmates.com/yearbooks/Lincoln-High-School/51897?page=146,,,
1,1937,1937-11-19,Moorhead (MN),Visitor,Sioux Falls Washington (SD),0,32,7.8,900,"Margin (-32) is a 2.0-sigma outlier vs this team's usual margin (7.8 avg). | Recurs across 4 different seasons vs this same opponent -- looks like a real, stable HS conference rivalry. | 1930s/early-1940s season -- crossover games still happened, though less often than the 1920s.",http://www.classmates.com/yearbooks/Washington-High-School/213828?page=58,,,
1,1939,1939-10-13,Stevens Point (WI),Visitor,Wausau (WI),6,42,2.7,767,"Margin (-36) is a 1.8-sigma outlier vs this team's usual margin (2.7 avg). | Recurs across 50 different seasons vs this same opponent -- looks like a real, stable HS conference rivalry. | 1930s/early-1940s season -- crossover games still happened, though less often than the 1920s.",http://www.classmates.com/siteui/yearbooks/4182732167?page=89,,,
1,1941,1941-09-19,Stevens Point (WI),Visitor,Wausau (WI),0,37,2.7,767,"Margin (-37) is a 1.8-sigma outlier vs this team's usual margin (2.7 avg). | Recurs across 50 different seasons vs this same opponent -- looks like a real, stable HS conference rivalry. | 1930s/early-1940s season -- crossover games still happened, though less often than the 1920s.",http://www.classmates.com/siteui/yearbooks/205578?page=33,,,
1,1939,1939-11-04,Pikeville (KY),Visitor,Logan (WV),0,40,12.2,1276,"Margin (-40) is a 1.9-sigma outlier vs this team's usual margin (12.2 avg). | Recurs across 6 different seasons vs this same opponent -- looks like a real, stable HS conference rivalry. | 1930s/early-1940s season -- crossover games still happened, though less often than the 1920s.",Lexington_Herald_Leader_1939_11_04_6.csv,,,
1,1941,1941-11-14,Marietta (OH),Visitor,Martins Ferry (OH),0,39,-3.3,961,"Margin (-39) is a 1.5-sigma outlier vs this team's usual margin (-3.3 avg). | Recurs across 18 different seasons vs this same opponent -- looks like a real, stable HS conference rivalry. | 1930s/early-1940s season -- crossover games still happened, though less often than the 1920s.",http://www.classmates.com/yearbooks/Martins-Ferry-High-School/4182740245?page=82,,,
1,1948,1948-10-15,Valley City (ND),Visitor,Wahpeton (ND),0,25,1.2,953,"Opponent 'Wahpeton (ND)' is ALSO a risk-listed college-town name -- may be a college-vs-college guarantee game misfiled as HS, or confirms both sides need a look. | Recurs across 54 different seasons vs this same opponent -- looks like a real, stable HS conference rivalry.",http://www.classmates.com/yearbooks/Wahpeton-High-School/4182727410?page=52,,,
1,1933,1933-09-22,Ripon (WI),Visitor,Kaukauna (WI),7,37,-0.8,850,"1930s/early-1940s season -- crossover games still happened, though less often than the 1920s.",http://www.riponlibrary.org,,,
1,1943,1943-10-08,Stevens Point (WI),Visitor,Wausau (WI),0,40,2.7,767,"Margin (-40) is a 1.9-sigma outlier vs this team's usual margin (2.7 avg). | Recurs across 50 different seasons vs this same opponent -- looks like a real, stable HS conference rivalry. | 1930s/early-1940s season -- crossover games still happened, though less often than the 1920s.",http://www.classmates.com/siteui/yearbooks/206124?page=92,,,
1,1957,1957-09-27,Ashland (OH),Visitor,Findlay (OH),6,48,1.4,651,"Opponent 'Findlay (OH)' is ALSO a risk-listed college-town name -- may be a college-vs-college guarantee game misfiled as HS, or confirms both sides need a look. | Margin (-42) is a 2.1-sigma outlier vs this team's usual margin (1.4 avg). | Recurs across 4 different seasons vs this same opponent -- looks like a real, stable HS conference rivalry. | 1950 or later -- college/HS crossover games had essentially stopped by this point, so this is most likely a genuine same-name high school, not a misfiled college game.",https://www.classmates.com/siteui/yearbooks/85352?page=134,,,
1,1947,1947-09-12,Rochester (MN),Visitor,Austin (MN),7,20,5.8,272,"Opponent 'Austin (MN)' is ALSO a risk-listed college-town name -- may be a college-vs-college guarantee game misfiled as HS, or confirms both sides need a look. | Recurs across 45 different seasons vs this same opponent -- looks like a real, stable HS conference rivalry.",https://www.classmates.com/siteui/yearbooks/47837?page=47,,,
1,1944,1944-11-03,Grand Island (NE),Visitor,Lincoln (NE),0,42,6.2,931,"Margin (-42) is a 2.3-sigma outlier vs this team's usual margin (6.2 avg). | Recurs across 90 different seasons vs this same opponent -- looks like a real, stable HS conference rivalry. | 1930s/early-1940s season -- crossover games still happened, though less often than the 1920s.",https://www.classmates.com/siteui/yearbooks/1000241227?page=20,,,
1,1936,1936-10-09,Austin (MN),Visitor,Rochester John Marshall (MN),0,45,1.7,1094,"Margin (-45) is a 2.2-sigma outlier vs this team's usual margin (1.7 avg). | Recurs across 94 different seasons vs this same opponent -- looks like a real, stable HS conference rivalry. | 1930s/early-1940s season -- crossover games still happened, though less often than the 1920s.",http://www.classmates.com/yearbooks/Austin-High-School/4182759215?page=94,,,
1,1932,1932-09-30,Kearney (NE),Visitor,North Platte (NE),0,40,2.2,951,"Margin (-40) is a 2.0-sigma outlier vs this team's usual margin (2.2 avg). | Recurs across 94 different seasons vs this same opponent -- looks like a real, stable HS conference rivalry. | 1930s/early-1940s season -- crossover games still happened, though less often than the 1920s.",http://www.classmates.com/yearbooks/North-Platte-High-School/106006?page=60,,,
1,1949,1949-09-09,Rochester (MN),Visitor,Winona (MN),0,12,5.8,272,"Opponent 'Winona (MN)' is ALSO a risk-listed college-town name -- may be a college-vs-college guarantee game misfiled as HS, or confirms both sides need a look. | Recurs across 31 different seasons vs this same opponent -- looks like a real, stable HS conference rivalry.",https://www.classmates.com/siteui/yearbooks/41651?page=44,,,
1,1941,1941-09-12,Monmouth (IL),Visitor,Rock Island (IL),0,59,-2.7,640,"Margin (-59) is a 2.4-sigma outlier vs this team's usual margin (-2.7 avg). | Recurs across 16 different seasons vs this same opponent -- looks like a real, stable HS conference rivalry. | 1930s/early-1940s season -- crossover games still happened, though less often than the 1920s.",https://www.classmates.com/siteui/yearbooks/118815?page=81,,,
1,1938,1938-10-07,Austin (MN),Visitor,Waterloo (IA),13,19,1.7,1094,"1930s/early-1940s season -- crossover games still happened, though less often than the 1920s.",http://www.classmates.com/yearbooks/Austin-High-School/53155?page=104,,,
1,1930,1930-11-15,Pikeville (KY),Visitor,Clintwood (VA),21,0,12.2,1276,"1930s/early-1940s season -- crossover games still happened, though less often than the 1920s.",http://fourseasonsfootball.com/va.html,,,
1,1939,1939-11-03,Defiance (OH),Visitor,Toledo Libbey (OH),0,41,-1.0,862,"Margin (-41) is a 1.7-sigma outlier vs this team's usual margin (-1.0 avg). | Recurs across 3 different seasons vs this same opponent -- looks like a real, stable HS conference rivalry. | 1930s/early-1940s season -- crossover games still happened, though less often than the 1920s.",http://www.classmates.com/siteui/yearbooks/53830?page=127,,,
1,1930,1930-09-27,Chadron (NE),Visitor,Hot Springs (SD),0,34,8.0,742,"Margin (-34) is a 1.8-sigma outlier vs this team's usual margin (8.0 avg). | Recurs across 19 different seasons vs this same opponent -- looks like a real, stable HS conference rivalry. | 1930s/early-1940s season -- crossover games still happened, though less often than the 1920s.",Rapid_City_Journal_1930_09_27_6.csv,,,
1,1945,1945-09-21,Findlay (OH),Visitor,Bowling Green (OH),6,7,2.7,1201,"Opponent 'Bowling Green (OH)' is ALSO a risk-listed college-town name -- may be a college-vs-college guarantee game misfiled as HS, or confirms both sides need a look. | Recurs across 38 different seasons vs this same opponent -- looks like a real, stable HS conference rivalry.",https://www.classmates.com/siteui/yearbooks/54611?page=48,,,
1,1930,1930-10-03,Wheaton (IL),Visitor,Aurora East (IL),0,53,7.9,278,"Margin (-53) is a 2.6-sigma outlier vs this team's usual margin (7.9 avg). | Recurs across 13 different seasons vs this same opponent -- looks like a real, stable HS conference rivalry. | 1930s/early-1940s season -- crossover games still happened, though less often than the 1920s.",Aurora's East-West Football Rivalry-Steve Solarz,,,
1,1945,1945-09-22,Wahpeton (ND),Visitor,Jamestown (ND),6,30,-2.7,888,"Opponent 'Jamestown (ND)' is ALSO a risk-listed college-town name -- may be a college-vs-college guarantee game misfiled as HS, or confirms both sides need a look. | Recurs across 17 different seasons vs this same opponent -- looks like a real, stable HS conference rivalry.",The_Forum_1945_09_22_6.csv,,,
1,1946,1946-10-25,York (NE),Visitor,Hastings (NE),0,7,-0.5,821,"Opponent 'Hastings (NE)' is ALSO a risk-listed college-town name -- may be a college-vs-college guarantee game misfiled as HS, or confirms both sides need a look. | Recurs across 40 different seasons vs this same opponent -- looks like a real, stable HS conference rivalry.",http://www.classmates.com/siteui/yearbooks/4182785891?page=17,,,
1,1936,1936-10-24,Yankton (SD),Visitor,Vermillion (SD),6,51,8.4,975,"Margin (-45) is a 2.6-sigma outlier vs this team's usual margin (8.4 avg). | Recurs across 61 different seasons vs this same opponent -- looks like a real, stable HS conference rivalry. | 1930s/early-1940s season -- crossover games still happened, though less often than the 1920s.",Rapid_City_Journal_1936_10_24_5.csv,,,
1,1939,1939-10-06,Austin (MN),Visitor,Waterloo (IA),13,0,1.7,1094,"1930s/early-1940s season -- crossover games still happened, though less often than the 1920s.",http://www.classmates.com/yearbooks/Austin-High-School/21508?page=108,,,
1,1945,1945-09-21,Adrian (MI),Visitor,Albion (MI),6,7,0.9,877,"Opponent 'Albion (MI)' is ALSO a risk-listed college-town name -- may be a college-vs-college guarantee game misfiled as HS, or confirms both sides need a look. | Recurs across 22 different seasons vs this same opponent -- looks like a real, stable HS conference rivalry.",https://www.newspapers.com/image/210475818,,,
1,1938,1938-12-02,Marietta (OH),Visitor,Parkersburg (WV),0,44,-3.3,961,"Margin (-44) is a 1.7-sigma outlier vs this team's usual margin (-3.3 avg). | Recurs across 96 different seasons vs this same opponent -- looks like a real, stable HS conference rivalry. | 1930s/early-1940s season -- crossover games still happened, though less often than the 1920s.",http://www.classmates.com/yearbooks/Parkersburg-High-School/58412?page=122,,,
1,1946,1946-09-13,York (NE),Visitor,Columbus Kramer (NE),0,26,-0.5,821,This opponent pairing is a one-off (not a recurring year-over-year matchup) -- more consistent with a one-time guarantee game than a conference rivalry.,http://www.classmates.com/siteui/yearbooks/4182727045?page=32,,,
1,1931,1931-10-09,Kearney (NE),Visitor,North Platte (NE),7,41,2.2,951,"Margin (-34) is a 1.7-sigma outlier vs this team's usual margin (2.2 avg). | Recurs across 94 different seasons vs this same opponent -- looks like a real, stable HS conference rivalry. | 1930s/early-1940s season -- crossover games still happened, though less often than the 1920s.",http://www.classmates.com/yearbooks/North-Platte-High-School/107176?page=54,,,
1,1931,1931-11-13,Yankton (SD),Visitor,Aberdeen Central (SD),0,25,8.4,975,"Margin (-25) is a 1.7-sigma outlier vs this team's usual margin (8.4 avg). | Recurs across 75 different seasons vs this same opponent -- looks like a real, stable HS conference rivalry. | 1930s/early-1940s season -- crossover games still happened, though less often than the 1920s.",http://www.classmates.com/yearbooks/Central-High-School/62436?page=86,,,
1,1930,1930-10-17,Austin (MN),Visitor,Rochester John Marshall (MN),7,40,1.7,1094,"Margin (-33) is a 1.6-sigma outlier vs this team's usual margin (1.7 avg). | Recurs across 94 different seasons vs this same opponent -- looks like a real, stable HS conference rivalry. | 1930s/early-1940s season -- crossover games still happened, though less often than the 1920s.",http://www.classmates.com/yearbooks/Austin-High-School/62294?page=84,,,
1,1951,1951-09-29,Findlay (OH),Visitor,Bowling Green (OH),13,52,2.7,1201,"Opponent 'Bowling Green (OH)' is ALSO a risk-listed college-town name -- may be a college-vs-college guarantee game misfiled as HS, or confirms both sides need a look. | Margin (-39) is a 1.8-sigma outlier vs this team's usual margin (2.7 avg). | Recurs across 38 different seasons vs this same opponent -- looks like a real, stable HS conference rivalry. | 1950 or later -- college/HS crossover games had essentially stopped by this point, so this is most likely a genuine same-name high school, not a misfiled college game.",The_Blade_1951_09_29_8.csv,,,
1,1942,1942-09-25,Adrian (MI),Visitor,Toledo Woodward (OH),0,19,0.9,877,"1930s/early-1940s season -- crossover games still happened, though less often than the 1920s.",https://www.newspapers.com/image/2181140,,,
1,1951,1951-10-05,Rochester (MN),Visitor,Winona (MN),0,32,5.8,272,"Opponent 'Winona (MN)' is ALSO a risk-listed college-town name -- may be a college-vs-college guarantee game misfiled as HS, or confirms both sides need a look. | Margin (-32) is a 1.8-sigma outlier vs this team's usual margin (5.8 avg). | Recurs across 31 different seasons vs this same opponent -- looks like a real, stable HS conference rivalry. | 1950 or later -- college/HS crossover games had essentially stopped by this point, so this is most likely a genuine same-name high school, not a misfiled college game.",https://www.classmates.com/siteui/yearbooks/4182848116?page=71,,,
1,1957,1957-10-05,Eureka (IL),Visitor,Chillicothe (MO),7,57,1.1,682,"Margin (-50) is a 2.1-sigma outlier vs this team's usual margin (1.1 avg). | This opponent pairing is a one-off (not a recurring year-over-year matchup) -- more consistent with a one-time guarantee game than a conference rivalry. | 1950 or later -- college/HS crossover games had essentially stopped by this point, so this is most likely a genuine same-name high school, not a misfiled college game.",The_Belleville_News_Democrat_1957_10_05_11.csv,,,
1,1932,1932-11-24,Pikeville (KY),Visitor,Louisa (KY),0,31,12.2,1276,"Margin (-31) is a 1.6-sigma outlier vs this team's usual margin (12.2 avg). | Recurs across 20 different seasons vs this same opponent -- looks like a real, stable HS conference rivalry. | 1930s/early-1940s season -- crossover games still happened, though less often than the 1920s.",http://fourseasonsfootball.com/va.html,,,
1,1933,1933-09-29,Wooster (OH),Visitor,Massillon Washington (OH),0,53,0.1,1005,"Margin (-53) is a 2.3-sigma outlier vs this team's usual margin (0.1 avg). | Recurs across 18 different seasons vs this same opponent -- looks like a real, stable HS conference rivalry. | 1930s/early-1940s season -- crossover games still happened, though less often than the 1920s.",http://www.massillontigers.com/,,,
1,1938,1938-10-28,Austin (MN),Visitor,Waterloo Central (IA),13,19,1.7,1094,"1930s/early-1940s season -- crossover games still happened, though less often than the 1920s.",http://www.classmates.com/yearbooks/Austin-High-School/53155?page=104,,,
1,1940,1940-10-19,Wooster (OH),Visitor,Sidney Lehman Catholic (OH),0,18,0.1,1005,"1930s/early-1940s season -- crossover games still happened, though less often than the 1920s.",The_Akron_Beacon_Journal_1940_10_19_Page_13.csv,,,
1,1931,1931-10-31,Oberlin (OH),Visitor,Sandusky (OH),6,67,-5.6,712,"Margin (-61) is a 2.3-sigma outlier vs this team's usual margin (-5.6 avg). | Recurs across 14 different seasons vs this same opponent -- looks like a real, stable HS conference rivalry. | 1930s/early-1940s season -- crossover games still happened, though less often than the 1920s.",The_Plain_Dealer_1931_10_31_21 (2).csv,,,
1,1941,1941-10-18,Georgetown Scott County (KY),Visitor,Richmond Madison Central (KY),0,38,4.9,1007,"Margin (-38) is a 1.6-sigma outlier vs this team's usual margin (4.9 avg). | Recurs across 35 different seasons vs this same opponent -- looks like a real, stable HS conference rivalry. | 1930s/early-1940s season -- crossover games still happened, though less often than the 1920s.",Lexington_Herald_Leader_1941_10_18_6.csv,,,
1,1943,1943-09-17,Yankton (SD),Visitor,"Yankton Opp """"Sioux Falls"""" (SD)",0,18,8.4,975,"1930s/early-1940s season -- crossover games still happened, though less often than the 1920s.",http://www.classmates.com/yearbooks/Yankton-High-School/184225?page=54,,,
1,1951,1951-09-28,Findlay (OH),Visitor,Bowling Green (OH),13,53,2.7,1201,"Opponent 'Bowling Green (OH)' is ALSO a risk-listed college-town name -- may be a college-vs-college guarantee game misfiled as HS, or confirms both sides need a look. | Margin (-40) is a 1.9-sigma outlier vs this team's usual margin (2.7 avg). | Recurs across 38 different seasons vs this same opponent -- looks like a real, stable HS conference rivalry. | 1950 or later -- college/HS crossover games had essentially stopped by this point, so this is most likely a genuine same-name high school, not a misfiled college game.",https://www.classmates.com/siteui/yearbooks/82196?page=98,,,
1,1949,1949-10-07,Wahpeton (ND),Visitor,Moorhead (MN),0,7,-2.7,888,"Opponent 'Moorhead (MN)' is ALSO a risk-listed college-town name -- may be a college-vs-college guarantee game misfiled as HS, or confirms both sides need a look. | Recurs across 22 different seasons vs this same opponent -- looks like a real, stable HS conference rivalry.",http://www.classmates.com/yearbooks/Moorhead-High-School/184339?page=42,,,
1,1938,1938-09-30,Yankton (SD),Visitor,Sioux City East (IA),0,48,8.4,975,"Margin (-48) is a 2.8-sigma outlier vs this team's usual margin (8.4 avg). | Recurs across 8 different seasons vs this same opponent -- looks like a real, stable HS conference rivalry. | 1930s/early-1940s season -- crossover games still happened, though less often than the 1920s.",http://www.classmates.com/yearbooks/Yankton-High-School/103666?page=52,,,
1,1959,1959-09-25,Ashland (OH),Visitor,Findlay (OH),0,42,1.4,651,"Opponent 'Findlay (OH)' is ALSO a risk-listed college-town name -- may be a college-vs-college guarantee game misfiled as HS, or confirms both sides need a look. | Margin (-42) is a 2.1-sigma outlier vs this team's usual margin (1.4 avg). | Recurs across 4 different seasons vs this same opponent -- looks like a real, stable HS conference rivalry. | 1950 or later -- college/HS crossover games had essentially stopped by this point, so this is most likely a genuine same-name high school, not a misfiled college game.",https://www.classmates.com/siteui/yearbooks/15829?page=126,,,
1,1944,1944-11-10,Monmouth (IL),Visitor,Galesburg (IL),0,40,-2.7,640,"Margin (-40) is a 1.6-sigma outlier vs this team's usual margin (-2.7 avg). | Recurs across 31 different seasons vs this same opponent -- looks like a real, stable HS conference rivalry. | 1930s/early-1940s season -- crossover games still happened, though less often than the 1920s.",https://www.classmates.com/siteui/yearbooks/107437?page=52,,,
1,1939,1939-10-14,Alma (MI),Visitor,Mount Pleasant (MI),0,34,-1.0,641,"Margin (-34) is a 1.5-sigma outlier vs this team's usual margin (-1.0 avg). | Recurs across 69 different seasons vs this same opponent -- looks like a real, stable HS conference rivalry. | 1930s/early-1940s season -- crossover games still happened, though less often than the 1920s.",The_Bay_City_Times_1939_10_14_7.csv,,,
1,1949,1949-11-12,Defiance (OH),Visitor,Columbus Bexley (OH),14,19,-1.0,862,This opponent pairing is a one-off (not a recurring year-over-year matchup) -- more consistent with a one-time guarantee game than a conference rivalry.,The_Blade_1949_11_12_9.csv,,,
1,1931,1931-09-25,Georgetown (KY),Visitor,Louisville Male (KY),0,67,-18.5,35,"Margin (-67) is a 1.8-sigma outlier vs this team's usual margin (-18.5 avg). | Recurs across 4 different seasons vs this same opponent -- looks like a real, stable HS conference rivalry. | 1930s/early-1940s season -- crossover games still happened, though less often than the 1920s.",http://home.insightbb.com/~malebulldogfootball/MaleRecordsbySeason1893to2005.pdf,,,
1,1943,1943-10-22,Yankton (SD),Visitor,Sioux City East (IA),6,57,8.4,975,"Margin (-51) is a 2.9-sigma outlier vs this team's usual margin (8.4 avg). | Recurs across 8 different seasons vs this same opponent -- looks like a real, stable HS conference rivalry. | 1930s/early-1940s season -- crossover games still happened, though less often than the 1920s.",http://www.classmates.com/yearbooks/Yankton-High-School/184225?page=54,,,
1,1950,1950-09-15,Rochester (MN),Visitor,Minneapolis Central (MN),0,30,5.8,272,"Margin (-30) is a 1.7-sigma outlier vs this team's usual margin (5.8 avg). | This opponent pairing is a one-off (not a recurring year-over-year matchup) -- more consistent with a one-time guarantee game than a conference rivalry. | 1950 or later -- college/HS crossover games had essentially stopped by this point, so this is most likely a genuine same-name high school, not a misfiled college game.",https://www.classmates.com/siteui/yearbooks/46451?page=68,,,
1,1934,1934-10-05,Austin (MN),Visitor,Minneapolis Marshall (MN),7,16,1.7,1094,"1930s/early-1940s season -- crossover games still happened, though less often than the 1920s.",http://www.classmates.com/yearbooks/Austin-High-School/76615?page=90,,,
1,1944,1944-10-28,Pikeville (KY),Visitor,Whitwell (TN),0,34,12.2,1276,"Margin (-34) is a 1.7-sigma outlier vs this team's usual margin (12.2 avg). | Recurs across 3 different seasons vs this same opponent -- looks like a real, stable HS conference rivalry. | 1930s/early-1940s season -- crossover games still happened, though less often than the 1920s.",The_Knoxville_News_Sentinel_1944_10_28_7.csv,,,
1,1947,1947-10-03,Dickinson (ND),Visitor,Minot (ND),0,3,-0.9,982,"Opponent 'Minot (ND)' is ALSO a risk-listed college-town name -- may be a college-vs-college guarantee game misfiled as HS, or confirms both sides need a look. | Recurs across 74 different seasons vs this same opponent -- looks like a real, stable HS conference rivalry.",http://www.bhs.bismarckschools.org/bhs/bhsathletics/throwers/history-of-bismarck-high-football/,,,
1,1943,1943-10-08,Albion (MI),Visitor,East Lansing (MI),0,40,-4.1,550,"Margin (-40) is a 1.6-sigma outlier vs this team's usual margin (-4.1 avg). | Recurs across 25 different seasons vs this same opponent -- looks like a real, stable HS conference rivalry. | 1930s/early-1940s season -- crossover games still happened, though less often than the 1920s.",http://www.classmates.com/siteui/yearbooks/52973?page=49,,,
1,1947,1947-10-10,Rochester (MN),Visitor,Mankato (MN),6,12,5.8,272,"Opponent 'Mankato (MN)' is ALSO a risk-listed college-town name -- may be a college-vs-college guarantee game misfiled as HS, or confirms both sides need a look. | Recurs across 28 different seasons vs this same opponent -- looks like a real, stable HS conference rivalry.",https://www.classmates.com/siteui/yearbooks/47837?page=47,,,
1,1943,1943-10-23,Pikeville (KY),Visitor,Rockwood (TN),0,47,12.2,1276,"Margin (-47) is a 2.2-sigma outlier vs this team's usual margin (12.2 avg). | Recurs across 3 different seasons vs this same opponent -- looks like a real, stable HS conference rivalry. | 1930s/early-1940s season -- crossover games still happened, though less often than the 1920s.",The_Knoxville_News_Sentinel_1943_10_23_5.csv,,,
1,1948,1948-09-10,Bowling Green (OH),Visitor,Findlay (OH),0,7,-2.0,691,"Opponent 'Findlay (OH)' is ALSO a risk-listed college-town name -- may be a college-vs-college guarantee game misfiled as HS, or confirms both sides need a look. | Recurs across 38 different seasons vs this same opponent -- looks like a real, stable HS conference rivalry.",https://www.classmates.com/siteui/yearbooks/243779?page=76,,,
1,1931,1931-10-03,Dickinson (ND),Visitor,Mandan (ND),0,39,-0.9,982,"Margin (-39) is a 1.6-sigma outlier vs this team's usual margin (-0.9 avg). | Recurs across 103 different seasons vs this same opponent -- looks like a real, stable HS conference rivalry. | 1930s/early-1940s season -- crossover games still happened, though less often than the 1920s.",The_Forum_1931_10_03_11.csv,,,
1,1950,1950-10-21,Adrian (MI),Visitor,Albion (MI),0,39,0.9,877,"Opponent 'Albion (MI)' is ALSO a risk-listed college-town name -- may be a college-vs-college guarantee game misfiled as HS, or confirms both sides need a look. | Margin (-39) is a 1.9-sigma outlier vs this team's usual margin (0.9 avg). | Recurs across 22 different seasons vs this same opponent -- looks like a real, stable HS conference rivalry. | 1950 or later -- college/HS crossover games had essentially stopped by this point, so this is most likely a genuine same-name high school, not a misfiled college game.",The_Blade_1950_10_21_8 (1).csv,,,
1,1948,1948-09-03,Joliet (IL),Visitor,Louisville Flaget (KY),7,34,-9.3,928,This opponent pairing is a one-off (not a recurring year-over-year matchup) -- more consistent with a one-time guarantee game than a conference rivalry.,,,,
1,1938,1938-10-08,Danville (IL),Home,Carmi (IL),7,6,4.2,926,"1930s/early-1940s season -- crossover games still happened, though less often than the 1920s.",The_Pantagraph_1938_10_08_Page_9.csv,,,
1,1937,1937-10-16,Eureka (IL),Home,Saunemin (IL),6,6,1.1,682,"1930s/early-1940s season -- crossover games still happened, though less often than the 1920s.",The_Pantagraph_1937_10_16_Page_10 (1).csv,,,
1,1936,1936-11-07,Eureka (IL),Home,Bradford (IL),8,0,1.1,682,"1930s/early-1940s season -- crossover games still happened, though less often than the 1920s.",The_Pantagraph_1936_11_07_Page_10.csv,,,
1,1939,1939-09-23,Joliet (IL),Home,Gary Wallace (IN),7,6,-9.3,928,"1930s/early-1940s season -- crossover games still happened, though less often than the 1920s.",Chicago_Tribune_1939_09_23_19.csv,,,
1,1939,1939-09-23,Joliet (IL),Home,Gary Wallace (IN),14,13,-9.3,928,"1930s/early-1940s season -- crossover games still happened, though less often than the 1920s.",Chicago_Tribune_1939_09_23_19.csv,,,
1,1938,1938-09-23,Chadron (NE),Visitor,Casper Natrona County (WY),7,60,8.0,742,"Margin (-53) is a 2.7-sigma outlier vs this team's usual margin (8.0 avg). | Recurs across 3 different seasons vs this same opponent -- looks like a real, stable HS conference rivalry. | 1930s/early-1940s season -- crossover games still happened, though less often than the 1920s.",http:-/wyoming-football.com/,,,
1,1930,1930-11-14,Findlay (OH),Visitor,Tiffin Columbian (OH),0,52,2.7,1201,"Margin (-52) is a 2.4-sigma outlier vs this team's usual margin (2.7 avg). | Recurs across 28 different seasons vs this same opponent -- looks like a real, stable HS conference rivalry. | 1930s/early-1940s season -- crossover games still happened, though less often than the 1920s.",http://www.classmates.com/yearbooks/Columbian-High-School/228395?page=86,,,
1,1943,1943-09-10,Kearney (NE),Visitor,Lincoln (NE),0,32,2.2,951,"Margin (-32) is a 1.6-sigma outlier vs this team's usual margin (2.2 avg). | Recurs across 26 different seasons vs this same opponent -- looks like a real, stable HS conference rivalry. | 1930s/early-1940s season -- crossover games still happened, though less often than the 1920s.",http://www.classmates.com/yearbooks/Lincoln-High-School/104592?page=90,,,
1,1946,1946-09-27,Findlay (OH),Visitor,Bowling Green (OH),6,20,2.7,1201,"Opponent 'Bowling Green (OH)' is ALSO a risk-listed college-town name -- may be a college-vs-college guarantee game misfiled as HS, or confirms both sides need a look. | Recurs across 38 different seasons vs this same opponent -- looks like a real, stable HS conference rivalry.",https://www.classmates.com/siteui/yearbooks/53080?page=71,,,
1,1931,1931-11-14,Pikeville (KY),Visitor,Clintwood (VA),2,13,12.2,1276,"1930s/early-1940s season -- crossover games still happened, though less often than the 1920s.",http://fourseasonsfootball.com/va.html,,,
1,1946,1946-10-19,Hillsdale (MI),Visitor,Adrian (MI),0,22,-1.6,695,"Opponent 'Adrian (MI)' is ALSO a risk-listed college-town name -- may be a college-vs-college guarantee game misfiled as HS, or confirms both sides need a look. | Recurs across 19 different seasons vs this same opponent -- looks like a real, stable HS conference rivalry.",Lansing_State_Journal_1946_10_19_Page_8.csv,,,
1,1943,1943-10-22,Milton (WI),Visitor,Jefferson (WI),0,28,7.0,758,"Margin (-28) is a 1.6-sigma outlier vs this team's usual margin (7.0 avg). | Recurs across 37 different seasons vs this same opponent -- looks like a real, stable HS conference rivalry. | 1930s/early-1940s season -- crossover games still happened, though less often than the 1920s.",https://www.classmates.com/siteui/yearbooks/228576?page=28,,,
1,1939,1939-09-29,Wahpeton (ND),Visitor,Aberdeen Central (SD),0,64,-2.7,888,"Margin (-64) is a 2.5-sigma outlier vs this team's usual margin (-2.7 avg). | Recurs across 5 different seasons vs this same opponent -- looks like a real, stable HS conference rivalry. | 1930s/early-1940s season -- crossover games still happened, though less often than the 1920s.",http://www.classmates.com/yearbooks/Central-High-School/4182753137?page=90,,,
1,1952,1952-10-10,Rochester (MN),Visitor,Austin (MN),0,33,5.8,272,"Opponent 'Austin (MN)' is ALSO a risk-listed college-town name -- may be a college-vs-college guarantee game misfiled as HS, or confirms both sides need a look. | Margin (-33) is a 1.9-sigma outlier vs this team's usual margin (5.8 avg). | Recurs across 45 different seasons vs this same opponent -- looks like a real, stable HS conference rivalry. | 1950 or later -- college/HS crossover games had essentially stopped by this point, so this is most likely a genuine same-name high school, not a misfiled college game.",https://www.classmates.com/siteui/yearbooks/4182916849?page=82,,,
1,1955,1955-11-04,Austin (MN),Visitor,Rochester (MN),0,40,1.7,1094,"Opponent 'Rochester (MN)' is ALSO a risk-listed college-town name -- may be a college-vs-college guarantee game misfiled as HS, or confirms both sides need a look. | Margin (-40) is a 1.9-sigma outlier vs this team's usual margin (1.7 avg). | Recurs across 45 different seasons vs this same opponent -- looks like a real, stable HS conference rivalry. | 1950 or later -- college/HS crossover games had essentially stopped by this point, so this is most likely a genuine same-name high school, not a misfiled college game.",https://www.classmates.com/siteui/yearbooks/159804?page=90,,,
1,1949,1949-10-08,Hillsdale (MI),Visitor,Adrian (MI),0,33,-1.6,695,"Opponent 'Adrian (MI)' is ALSO a risk-listed college-town name -- may be a college-vs-college guarantee game misfiled as HS, or confirms both sides need a look. | Recurs across 19 different seasons vs this same opponent -- looks like a real, stable HS conference rivalry.",The_Blade_MI_1949_10_08_11 (3).csv,,,
1,1933,1933-10-14,Platteville (WI),Home,Lancaster (WI),50,0,7.9,747,"Margin (+50) is a 1.9-sigma outlier vs this team's usual margin (7.9 avg). | Recurs across 79 different seasons vs this same opponent -- looks like a real, stable HS conference rivalry. | 1930s/early-1940s season -- crossover games still happened, though less often than the 1920s.",Milwaukee_News_1933_10_14_11.csv,,,
1,1949,1949-10-08,Minot (ND),Home,Dickinson (ND),39,0,7.4,1098,"Opponent 'Dickinson (ND)' is ALSO a risk-listed college-town name -- may be a college-vs-college guarantee game misfiled as HS, or confirms both sides need a look. | Recurs across 74 different seasons vs this same opponent -- looks like a real, stable HS conference rivalry.",The_Forum_1949_10_08_8.csv,,,
1,1955,1955-10-07,Bowling Green (OH),Visitor,Findlay (OH),6,41,-2.0,691,"Opponent 'Findlay (OH)' is ALSO a risk-listed college-town name -- may be a college-vs-college guarantee game misfiled as HS, or confirms both sides need a look. | Margin (-35) is a 1.5-sigma outlier vs this team's usual margin (-2.0 avg). | Recurs across 38 different seasons vs this same opponent -- looks like a real, stable HS conference rivalry. | 1950 or later -- college/HS crossover games had essentially stopped by this point, so this is most likely a genuine same-name high school, not a misfiled college game.",https://www.classmates.com/siteui/yearbooks/194664?page=32,,,
1,1931,1931-10-09,Austin (MN),Visitor,Rochester John Marshall (MN),0,32,1.7,1094,"Margin (-32) is a 1.6-sigma outlier vs this team's usual margin (1.7 avg). | Recurs across 94 different seasons vs this same opponent -- looks like a real, stable HS conference rivalry. | 1930s/early-1940s season -- crossover games still happened, though less often than the 1920s.",http://www.classmates.com/yearbooks/Austin-High-School/4182759213?page=82,,,
1,1938,1938-11-04,Yankton (SD),Visitor,"Yankton Opp """"Sioux Falls"""" (SD)",0,20,8.4,975,"1930s/early-1940s season -- crossover games still happened, though less often than the 1920s.",http://www.classmates.com/yearbooks/Yankton-High-School/103666?page=52,,,
1,1940,1940-10-11,Grand Island (NE),Visitor,Omaha Creighton Prep (NE),6,34,6.2,931,"Margin (-28) is a 1.6-sigma outlier vs this team's usual margin (6.2 avg). | Recurs across 11 different seasons vs this same opponent -- looks like a real, stable HS conference rivalry. | 1930s/early-1940s season -- crossover games still happened, though less often than the 1920s.",http://www.classmates.com/yearbooks/Creighton-Preparatory/114387?page=66,,,
1,1932,1932-11-11,Moorhead (MN),Visitor,Grand Forks Central (ND),0,39,7.8,900,"Margin (-39) is a 2.3-sigma outlier vs this team's usual margin (7.8 avg). | Recurs across 4 different seasons vs this same opponent -- looks like a real, stable HS conference rivalry. | 1930s/early-1940s season -- crossover games still happened, though less often than the 1920s.",http://www.classmates.com/siteui/yearbooks/206601?page=101,,,
1,1934,1934-10-27,Murray (KY),Home,Central City (KY),25,6,7.5,832,"1930s/early-1940s season -- crossover games still happened, though less often than the 1920s.",The_Courier_Journal_1934_10_27_Page_13.csv,,,
1,1934,1934-11-10,Murray (KY),Home,Dawson Springs (KY),54,0,7.5,832,"Margin (+54) is a 1.9-sigma outlier vs this team's usual margin (7.5 avg). | Recurs across 6 different seasons vs this same opponent -- looks like a real, stable HS conference rivalry. | 1930s/early-1940s season -- crossover games still happened, though less often than the 1920s.",The_Courier_Journal_1934_11_10_Page_14.csv,,,
1,1933,1933-11-04,Georgetown Scott County (KY),Home,Lexington Henry Clay (KY),0,62,4.9,1007,"Margin (-62) is a 2.5-sigma outlier vs this team's usual margin (4.9 avg). | Recurs across 26 different seasons vs this same opponent -- looks like a real, stable HS conference rivalry. | 1930s/early-1940s season -- crossover games still happened, though less often than the 1920s.",The_Courier_Journal_1933_11_04_Page_11.csv,,,
1,1944,1944-09-30,Milton (WI),Home,Janesville (WI),20,6,7.0,758,"1930s/early-1940s season -- crossover games still happened, though less often than the 1920s.",Wisconsin_State_Journal_1944_09_30_3.csv,,,
1,1932,1932-10-01,Georgetown Scott County (KY),Home,Louisville Male (KY),46,0,4.9,1007,"Margin (+46) is a 1.6-sigma outlier vs this team's usual margin (4.9 avg). | Recurs across 7 different seasons vs this same opponent -- looks like a real, stable HS conference rivalry. | 1930s/early-1940s season -- crossover games still happened, though less often than the 1920s.",The_Courier_Journal_1932_10_01_Page_13.csv,,,
1,1930,1930-09-20,Murray (KY),Home,Michigantown Clinton Central (IN),19,0,7.5,832,"1930s/early-1940s season -- crossover games still happened, though less often than the 1920s.",The_Courier_Journal_1930_09_20_Page_13.csv,,,
1,1930,1930-09-27,Morehead Rowan County (KY),Home,Paris Bourbon County (KY),39,0,-2.7,669,"Margin (+39) is a 1.6-sigma outlier vs this team's usual margin (-2.7 avg). | Recurs across 12 different seasons vs this same opponent -- looks like a real, stable HS conference rivalry. | 1930s/early-1940s season -- crossover games still happened, though less often than the 1920s.",The_Courier_Journal_1930_09_27_Page_13.csv,,,
1,1930,1930-10-04,Murray (KY),Home,McKenzie (TN),12,0,7.5,832,"1930s/early-1940s season -- crossover games still happened, though less often than the 1920s.",The_Courier_Journal_1930_10_04_Page_16.csv,,,
1,1938,1938-10-15,Eureka (IL),Home,Saunemin (IL),6,6,1.1,682,"1930s/early-1940s season -- crossover games still happened, though less often than the 1920s.",The_Pantagraph_1938_10_15_Page_8.csv,,,
1,1949,1949-10-08,Moorhead (MN),Home,Wahpeton (ND),20,0,7.8,900,"Opponent 'Wahpeton (ND)' is ALSO a risk-listed college-town name -- may be a college-vs-college guarantee game misfiled as HS, or confirms both sides need a look. | Recurs across 22 different seasons vs this same opponent -- looks like a real, stable HS conference rivalry.",The_Forum_1949_10_08_8.csv,,,
1,1949,1949-10-08,Jamestown (ND),Home,Valley City (ND),14,18,3.9,347,"Opponent 'Valley City (ND)' is ALSO a risk-listed college-town name -- may be a college-vs-college guarantee game misfiled as HS, or confirms both sides need a look. | Recurs across 43 different seasons vs this same opponent -- looks like a real, stable HS conference rivalry.",The_Forum_1949_10_08_8.csv,,,
1,1938,1938-11-12,Bluffton (OH),Home,Lima Shawnee (OH),12,7,3.2,714,"1930s/early-1940s season -- crossover games still happened, though less often than the 1920s.",The_Plain_Dealer_1938_11_12_16.csv,,,
1,1946,1946-10-04,Dickinson (ND),Visitor,Minot (ND),0,13,-0.9,982,"Opponent 'Minot (ND)' is ALSO a risk-listed college-town name -- may be a college-vs-college guarantee game misfiled as HS, or confirms both sides need a look. | Recurs across 74 different seasons vs this same opponent -- looks like a real, stable HS conference rivalry.",http://www.bhs.bismarckschools.org/bhs/bhsathletics/throwers/history-of-bismarck-high-football/,,,
1,1949,1949-09-24,Kent (OH),Visitor,Summit County Springfield Township (OH),7,33,-16.7,23,This opponent pairing is a one-off (not a recurring year-over-year matchup) -- more consistent with a one-time guarantee game than a conference rivalry.,The_Blade_1949_09_24_10(2).csv,,,
1,1935,1935-10-18,Wooster (OH),Visitor,New Philadelphia (OH),6,53,0.1,1005,"Margin (-47) is a 2.1-sigma outlier vs this team's usual margin (0.1 avg). | Recurs across 65 different seasons vs this same opponent -- looks like a real, stable HS conference rivalry. | 1930s/early-1940s season -- crossover games still happened, though less often than the 1920s.",https://www.classmates.com/siteui/yearbooks/199666?page=27,,,
1,1950,1950-09-22,Rochester (MN),Visitor,Austin (MN),0,46,5.8,272,"Opponent 'Austin (MN)' is ALSO a risk-listed college-town name -- may be a college-vs-college guarantee game misfiled as HS, or confirms both sides need a look. | Margin (-46) is a 2.5-sigma outlier vs this team's usual margin (5.8 avg). | Recurs across 45 different seasons vs this same opponent -- looks like a real, stable HS conference rivalry. | 1950 or later -- college/HS crossover games had essentially stopped by this point, so this is most likely a genuine same-name high school, not a misfiled college game.",https://www.classmates.com/siteui/yearbooks/46451?page=68,,,
1,1949,1949-10-15,Valley City (ND),Home,Wahpeton (ND),13,6,1.2,953,"Opponent 'Wahpeton (ND)' is ALSO a risk-listed college-town name -- may be a college-vs-college guarantee game misfiled as HS, or confirms both sides need a look. | Recurs across 54 different seasons vs this same opponent -- looks like a real, stable HS conference rivalry.",The_Forum_1949_10_15_8.csv,,,
1,1950,1950-09-30,Moorhead (MN),Home,Valley City (ND),48,0,7.8,900,"Opponent 'Valley City (ND)' is ALSO a risk-listed college-town name -- may be a college-vs-college guarantee game misfiled as HS, or confirms both sides need a look. | Margin (+48) is a 2.0-sigma outlier vs this team's usual margin (7.8 avg). | Recurs across 18 different seasons vs this same opponent -- looks like a real, stable HS conference rivalry. | 1950 or later -- college/HS crossover games had essentially stopped by this point, so this is most likely a genuine same-name high school, not a misfiled college game.",The_Forum_1950_09_30_6.csv,,,
1,1952,1952-09-27,Moorhead (MN),Home,Valley City (ND),42,0,7.8,900,"Opponent 'Valley City (ND)' is ALSO a risk-listed college-town name -- may be a college-vs-college guarantee game misfiled as HS, or confirms both sides need a look. | Margin (+42) is a 1.7-sigma outlier vs this team's usual margin (7.8 avg). | Recurs across 18 different seasons vs this same opponent -- looks like a real, stable HS conference rivalry. | 1950 or later -- college/HS crossover games had essentially stopped by this point, so this is most likely a genuine same-name high school, not a misfiled college game.",The_Forum_1952_09_27_8.csv,,,
1,1953,1953-09-26,Sioux Falls (SD),Home,Saint Paul Central (MN),60,12,7.5,125,"Margin (+48) is a 1.8-sigma outlier vs this team's usual margin (7.5 avg). | This opponent pairing is a one-off (not a recurring year-over-year matchup) -- more consistent with a one-time guarantee game than a conference rivalry. | 1950 or later -- college/HS crossover games had essentially stopped by this point, so this is most likely a genuine same-name high school, not a misfiled college game.",The_Forum_1953_09_26_8.csv,,,
1,1943,1943-10-16,Milton (WI),Home,Beloit Memorial B (WI),20,13,7.0,758,"1930s/early-1940s season -- crossover games still happened, though less often than the 1920s.",Wisconsin_State_Journal_1943_10_16_4.csv,,,
1,1943,1943-10-30,Milton (WI),Home,Lake Mills (WI),50,0,7.0,758,"Margin (+50) is a 2.0-sigma outlier vs this team's usual margin (7.0 avg). | Recurs across 29 different seasons vs this same opponent -- looks like a real, stable HS conference rivalry. | 1930s/early-1940s season -- crossover games still happened, though less often than the 1920s.",Wisconsin_State_Journal_1943_10_30_4.csv,,,
1,1945,1945-10-13,Moorhead (MN),Home,Wahpeton (ND),39,8,7.8,900,"Opponent 'Wahpeton (ND)' is ALSO a risk-listed college-town name -- may be a college-vs-college guarantee game misfiled as HS, or confirms both sides need a look. | Recurs across 22 different seasons vs this same opponent -- looks like a real, stable HS conference rivalry.",The_Forum_1945_10_13_5.csv,,,
1,1947,1947-09-27,Stevens Point (WI),Home,Park Falls (WI),25,9,2.7,767,This opponent pairing is a one-off (not a recurring year-over-year matchup) -- more consistent with a one-time guarantee game than a conference rivalry.,Wisconsin_State_Journal_1947_09_27_5.csv,,,
1,1933,1933-10-07,Platteville (WI),Home,Fennimore (WI),64,0,7.9,747,"Margin (+64) is a 2.5-sigma outlier vs this team's usual margin (7.9 avg). | Recurs across 18 different seasons vs this same opponent -- looks like a real, stable HS conference rivalry. | 1930s/early-1940s season -- crossover games still happened, though less often than the 1920s.",Milwaukee_News_1933_10_07_14.csv,,,
1,1944,1944-09-23,Minot (ND),Home,Minot St. Leo's (ND),46,0,7.4,1098,"Margin (+46) is a 1.6-sigma outlier vs this team's usual margin (7.4 avg). | Recurs across 7 different seasons vs this same opponent -- looks like a real, stable HS conference rivalry. | 1930s/early-1940s season -- crossover games still happened, though less often than the 1920s.",The_Forum_1944_09_23_6.csv,,,
1,1944,1944-10-14,Valley City (ND),Home,Devils Lake (ND),48,0,1.2,953,"Margin (+48) is a 1.9-sigma outlier vs this team's usual margin (1.2 avg). | Recurs across 52 different seasons vs this same opponent -- looks like a real, stable HS conference rivalry. | 1930s/early-1940s season -- crossover games still happened, though less often than the 1920s.",The_Forum_1944_10_14_6.csv,,,
1,1945,1945-10-06,Dickinson (ND),Home,Minot (ND),8,6,-0.9,982,"Opponent 'Minot (ND)' is ALSO a risk-listed college-town name -- may be a college-vs-college guarantee game misfiled as HS, or confirms both sides need a look. | Recurs across 74 different seasons vs this same opponent -- looks like a real, stable HS conference rivalry.",The_Forum_1945_10_06_5.csv,,,
1,1935,1935-10-12,Oberlin (OH),Home,Port Clinton (OH),32,0,-5.6,712,"Margin (+32) is a 1.5-sigma outlier vs this team's usual margin (-5.6 avg). | Recurs across 3 different seasons vs this same opponent -- looks like a real, stable HS conference rivalry. | 1930s/early-1940s season -- crossover games still happened, though less often than the 1920s.",The_Plain_Dealer_1935_10_12_20.csv,,,
1,1944,1944-10-13,Wayne (NE),Visitor,West Point (NE),0,38,-2.3,595,"Margin (-38) is a 1.5-sigma outlier vs this team's usual margin (-2.3 avg). | Recurs across 28 different seasons vs this same opponent -- looks like a real, stable HS conference rivalry. | 1930s/early-1940s season -- crossover games still happened, though less often than the 1920s.",https://www.classmates.com/siteui/yearbooks/4182819541?page=57,,,
1,1946,1946-09-27,Grand Island (NE),Visitor,Columbus Kramer (NE),6,6,6.2,931,This opponent pairing is a one-off (not a recurring year-over-year matchup) -- more consistent with a one-time guarantee game than a conference rivalry.,http://www.classmates.com/siteui/yearbooks/4182727045?page=32,,,
1,1945,1945-10-13,Jamestown (ND),Home,Valley City (ND),18,0,3.9,347,"Opponent 'Valley City (ND)' is ALSO a risk-listed college-town name -- may be a college-vs-college guarantee game misfiled as HS, or confirms both sides need a look. | Recurs across 43 different seasons vs this same opponent -- looks like a real, stable HS conference rivalry.",The_Forum_1945_10_13_5.csv,,,
1,1945,1945-10-20,Valley City (ND),Home,Wahpeton (ND),7,7,1.2,953,"Opponent 'Wahpeton (ND)' is ALSO a risk-listed college-town name -- may be a college-vs-college guarantee game misfiled as HS, or confirms both sides need a look. | Recurs across 54 different seasons vs this same opponent -- looks like a real, stable HS conference rivalry.",The_Forum_1945_10_20_5.csv,,,
1,1945,1945-10-27,Moorhead (MN),Home,Valley City (ND),20,0,7.8,900,"Opponent 'Valley City (ND)' is ALSO a risk-listed college-town name -- may be a college-vs-college guarantee game misfiled as HS, or confirms both sides need a look. | Recurs across 18 different seasons vs this same opponent -- looks like a real, stable HS conference rivalry.",The_Forum_1945_10_27_5.csv,,,
1,1946,1946-09-21,Jamestown (ND),Home,Wahpeton (ND),19,18,3.9,347,"Opponent 'Wahpeton (ND)' is ALSO a risk-listed college-town name -- may be a college-vs-college guarantee game misfiled as HS, or confirms both sides need a look. | Recurs across 17 different seasons vs this same opponent -- looks like a real, stable HS conference rivalry.",The_Forum_1946_09_21_5.csv,,,
1,1946,1946-10-26,Valley City (ND),Home,Moorhead (MN),19,6,1.2,953,"Opponent 'Moorhead (MN)' is ALSO a risk-listed college-town name -- may be a college-vs-college guarantee game misfiled as HS, or confirms both sides need a look. | Recurs across 18 different seasons vs this same opponent -- looks like a real, stable HS conference rivalry.",The_Forum_1946_10_26_7.csv,,,
1,1946,1946-10-26,Jamestown (ND),Home,Minot (ND),19,15,3.9,347,"Opponent 'Minot (ND)' is ALSO a risk-listed college-town name -- may be a college-vs-college guarantee game misfiled as HS, or confirms both sides need a look. | Recurs across 25 different seasons vs this same opponent -- looks like a real, stable HS conference rivalry.",The_Forum_1946_10_26_7.csv,,,
1,1947,1947-09-20,Wahpeton (ND),Home,Jamestown (ND),33,0,-2.7,888,"Opponent 'Jamestown (ND)' is ALSO a risk-listed college-town name -- may be a college-vs-college guarantee game misfiled as HS, or confirms both sides need a look. | Recurs across 17 different seasons vs this same opponent -- looks like a real, stable HS conference rivalry.",The_Forum_1947_09_20_6.csv,,,
1,1948,1948-10-02,Minot (ND),Home,Dickinson (ND),20,0,7.4,1098,"Opponent 'Dickinson (ND)' is ALSO a risk-listed college-town name -- may be a college-vs-college guarantee game misfiled as HS, or confirms both sides need a look. | Recurs across 74 different seasons vs this same opponent -- looks like a real, stable HS conference rivalry.",The_Forum_1948_10_02_8.csv,,,
1,1948,1948-10-09,Wahpeton (ND),Home,Moorhead (MN),21,0,-2.7,888,"Opponent 'Moorhead (MN)' is ALSO a risk-listed college-town name -- may be a college-vs-college guarantee game misfiled as HS, or confirms both sides need a look. | Recurs across 22 different seasons vs this same opponent -- looks like a real, stable HS conference rivalry.",The_Forum_1948_10_09_8.csv,,,
1,1948,1948-10-09,Jamestown (ND),Home,Valley City (ND),14,6,3.9,347,"Opponent 'Valley City (ND)' is ALSO a risk-listed college-town name -- may be a college-vs-college guarantee game misfiled as HS, or confirms both sides need a look. | Recurs across 43 different seasons vs this same opponent -- looks like a real, stable HS conference rivalry.",The_Forum_1948_10_09_8.csv,,,
1,1940,1940-10-26,Jamestown (ND),Home,Mandan (ND),40,0,3.9,347,"Margin (+40) is a 1.6-sigma outlier vs this team's usual margin (3.9 avg). | Recurs across 39 different seasons vs this same opponent -- looks like a real, stable HS conference rivalry. | 1930s/early-1940s season -- crossover games still happened, though less often than the 1920s.",The_Forum_1940_10_26_9.csv,,,
1,1941,1941-09-27,Minot (ND),Home,Mandan (ND),45,0,7.4,1098,"Margin (+45) is a 1.6-sigma outlier vs this team's usual margin (7.4 avg). | Recurs across 95 different seasons vs this same opponent -- looks like a real, stable HS conference rivalry. | 1930s/early-1940s season -- crossover games still happened, though less often than the 1920s.",The_Forum_1941_09_27_7.csv,,,
1,1943,1943-11-25,Marietta (OH),Visitor,Parkersburg (WV),0,78,-3.3,961,"Margin (-78) is a 3.2-sigma outlier vs this team's usual margin (-3.3 avg). | Recurs across 96 different seasons vs this same opponent -- looks like a real, stable HS conference rivalry. | 1930s/early-1940s season -- crossover games still happened, though less often than the 1920s.",http://fourseasonsfootball.com/va.html,,,
1,1946,1946-11-02,Findlay (OH),Visitor,Defiance (OH),6,19,2.7,1201,"Opponent 'Defiance (OH)' is ALSO a risk-listed college-town name -- may be a college-vs-college guarantee game misfiled as HS, or confirms both sides need a look. | Recurs across 11 different seasons vs this same opponent -- looks like a real, stable HS conference rivalry.",The_Blade_1946_11_02_9.csv,,,
1,1953,1953-10-03,Carthage (IL),Visitor,Monmouth (IL),0,35,14.4,457,"Opponent 'Monmouth (IL)' is ALSO a risk-listed college-town name -- may be a college-vs-college guarantee game misfiled as HS, or confirms both sides need a look. | Margin (-35) is a 1.9-sigma outlier vs this team's usual margin (14.4 avg). | Recurs across 11 different seasons vs this same opponent -- looks like a real, stable HS conference rivalry. | 1950 or later -- college/HS crossover games had essentially stopped by this point, so this is most likely a genuine same-name high school, not a misfiled college game.",The_Pantagraph_1953_10_03_Page_7.csv,,,
1,1953,1953-10-24,Carthage (IL),Visitor,Macomb (IL),14,41,14.4,457,"Opponent 'Macomb (IL)' is ALSO a risk-listed college-town name -- may be a college-vs-college guarantee game misfiled as HS, or confirms both sides need a look. | Margin (-27) is a 1.6-sigma outlier vs this team's usual margin (14.4 avg). | Recurs across 6 different seasons vs this same opponent -- looks like a real, stable HS conference rivalry. | 1950 or later -- college/HS crossover games had essentially stopped by this point, so this is most likely a genuine same-name high school, not a misfiled college game.",The_Pantagraph_1953_10_24_Page_9.csv,,,
1,1948,1948-10-16,Hillsdale (MI),Visitor,Adrian (MI),6,26,-1.6,695,"Opponent 'Adrian (MI)' is ALSO a risk-listed college-town name -- may be a college-vs-college guarantee game misfiled as HS, or confirms both sides need a look. | Recurs across 19 different seasons vs this same opponent -- looks like a real, stable HS conference rivalry.",Lansing_State_Journal_1948_10_16_Page_12.csv,,,
1,1948,1948-10-09,Macomb (IL),Visitor,Monmouth (IL),6,33,1.2,729,"Opponent 'Monmouth (IL)' is ALSO a risk-listed college-town name -- may be a college-vs-college guarantee game misfiled as HS, or confirms both sides need a look. | Recurs across 43 different seasons vs this same opponent -- looks like a real, stable HS conference rivalry.",The_Pantagraph_1948_10_09_Page_10.csv,,,
1,1949,1949-10-08,Macomb (IL),Visitor,Monmouth (IL),13,34,1.2,729,"Opponent 'Monmouth (IL)' is ALSO a risk-listed college-town name -- may be a college-vs-college guarantee game misfiled as HS, or confirms both sides need a look. | Recurs across 43 different seasons vs this same opponent -- looks like a real, stable HS conference rivalry.",The_Pantagraph_1949_10_08_Page_11 (1).csv,,,
1,1947,1947-11-15,Adrian (MI),Visitor,Albion (MI),0,19,0.9,877,"Opponent 'Albion (MI)' is ALSO a risk-listed college-town name -- may be a college-vs-college guarantee game misfiled as HS, or confirms both sides need a look. | Recurs across 22 different seasons vs this same opponent -- looks like a real, stable HS conference rivalry.",Lansing_State_Journal_1947_11_15_Page_10.csv,,,
1,1935,1935-11-10,Bluffton (OH),Home,Lima Shawnee (OH),7,6,3.2,714,"1930s/early-1940s season -- crossover games still happened, though less often than the 1920s.",The_Plain_Dealer_1935_11_10_39 (1).csv,,,
1,1936,1936-09-19,Oberlin (OH),Home,Wellington (OH),40,0,-5.6,712,"Margin (+40) is a 1.9-sigma outlier vs this team's usual margin (-5.6 avg). | Recurs across 47 different seasons vs this same opponent -- looks like a real, stable HS conference rivalry. | 1930s/early-1940s season -- crossover games still happened, though less often than the 1920s.",The_Plain_Dealer_1936_09_19_20 (1).csv,,,
1,1937,1937-09-26,Oberlin (OH),Home,Wellington (OH),33,0,-5.6,712,"Margin (+33) is a 1.6-sigma outlier vs this team's usual margin (-5.6 avg). | Recurs across 47 different seasons vs this same opponent -- looks like a real, stable HS conference rivalry. | 1930s/early-1940s season -- crossover games still happened, though less often than the 1920s.",The_Plain_Dealer_1937_09_26_40.csv,,,
1,1938,1938-10-15,Oberlin (OH),Home,Willard (OH),39,0,-5.6,712,"Margin (+39) is a 1.8-sigma outlier vs this team's usual margin (-5.6 avg). | Recurs across 11 different seasons vs this same opponent -- looks like a real, stable HS conference rivalry. | 1930s/early-1940s season -- crossover games still happened, though less often than the 1920s.",The_Plain_Dealer_1938_10_15_15 (1).csv,,,
1,1939,1939-09-23,Marietta (OH),Home,Williamstown (KY),45,0,-3.3,961,"Margin (+45) is a 2.1-sigma outlier vs this team's usual margin (-3.3 avg). | Recurs across 4 different seasons vs this same opponent -- looks like a real, stable HS conference rivalry. | 1930s/early-1940s season -- crossover games still happened, though less often than the 1920s.",The_Plain_Dealer_1939_09_23_16.csv,,,
1,1944,1944-09-23,Moorhead (MN),Home,Detroit Lakes (MN),58,0,7.8,900,"Margin (+58) is a 2.5-sigma outlier vs this team's usual margin (7.8 avg). | Recurs across 33 different seasons vs this same opponent -- looks like a real, stable HS conference rivalry. | 1930s/early-1940s season -- crossover games still happened, though less often than the 1920s.",The_Forum_1944_09_23_6.csv,,,
1,1959,1959-10-10,Austin (MN),Home,Minnetonka Hopkins (MN),56,6,1.7,1094,"Margin (+50) is a 2.2-sigma outlier vs this team's usual margin (1.7 avg). | This opponent pairing is a one-off (not a recurring year-over-year matchup) -- more consistent with a one-time guarantee game than a conference rivalry. | 1950 or later -- college/HS crossover games had essentially stopped by this point, so this is most likely a genuine same-name high school, not a misfiled college game.",The_Minneapolis_Star_1959_10_10_Page_14.csv,,,
1,1936,1936-10-31,Minot (ND),Home,Williston (ND),61,0,7.4,1098,"Margin (+61) is a 2.3-sigma outlier vs this team's usual margin (7.4 avg). | Recurs across 116 different seasons vs this same opponent -- looks like a real, stable HS conference rivalry. | 1930s/early-1940s season -- crossover games still happened, though less often than the 1920s.",The_Forum_1936_10_31_16.csv,,,
1,1938,1938-11-12,Dickinson (ND),Home,Killdeer (ND),14,0,-0.9,982,"1930s/early-1940s season -- crossover games still happened, though less often than the 1920s.",The_Forum_1938_11_12_9.csv,,,
1,1944,1944-10-21,Mayville (ND),Home,Grafton (ND),13,7,-3.0,134,"1930s/early-1940s season -- crossover games still happened, though less often than the 1920s.",The_Forum_1944_10_21_6.csv,,,
1,1950,1950-10-21,Monmouth (IL),Visitor,Carthage (IL),0,48,-2.7,640,"Opponent 'Carthage (IL)' is ALSO a risk-listed college-town name -- may be a college-vs-college guarantee game misfiled as HS, or confirms both sides need a look. | Margin (-48) is a 1.9-sigma outlier vs this team's usual margin (-2.7 avg). | Recurs across 11 different seasons vs this same opponent -- looks like a real, stable HS conference rivalry. | 1950 or later -- college/HS crossover games had essentially stopped by this point, so this is most likely a genuine same-name high school, not a misfiled college game.",The_Pantagraph_1950_10_21_Page_9.csv,,,
1,1941,1941-10-04,Hillsdale (MI),Visitor,Coldwater (MI),0,40,-1.6,695,"Margin (-40) is a 1.5-sigma outlier vs this team's usual margin (-1.6 avg). | Recurs across 20 different seasons vs this same opponent -- looks like a real, stable HS conference rivalry. | 1930s/early-1940s season -- crossover games still happened, though less often than the 1920s.",Lansing_State_Journal_1941_10_04_Page_10.csv,,,
1,1947,1947-09-27,Albion (MI),Visitor,Hillsdale (MI),0,7,-4.1,550,"Opponent 'Hillsdale (MI)' is ALSO a risk-listed college-town name -- may be a college-vs-college guarantee game misfiled as HS, or confirms both sides need a look. | Recurs across 20 different seasons vs this same opponent -- looks like a real, stable HS conference rivalry.",Lansing_State_Journal_1947_09_27_Page_10.csv,,,
1,1937,1937-09-18,Georgetown Scott County (KY),Visitor,Shelbyville (KY),0,40,4.9,1007,"Margin (-40) is a 1.7-sigma outlier vs this team's usual margin (4.9 avg). | Recurs across 20 different seasons vs this same opponent -- looks like a real, stable HS conference rivalry. | 1930s/early-1940s season -- crossover games still happened, though less often than the 1920s.",Lexington_Herald_Leader_1937_09_18_5.csv,,,
1,1947,1947-11-15,Wheaton (IL),Visitor,Centralia (IL),6,13,7.9,278,This opponent pairing is a one-off (not a recurring year-over-year matchup) -- more consistent with a one-time guarantee game than a conference rivalry.,The_Pantagraph_1947_11_15_Page_8.csv,,,
1,1949,1949-10-22,Ashland (OH),Visitor,Wooster (OH),7,13,1.4,651,"Opponent 'Wooster (OH)' is ALSO a risk-listed college-town name -- may be a college-vs-college guarantee game misfiled as HS, or confirms both sides need a look. | Recurs across 59 different seasons vs this same opponent -- looks like a real, stable HS conference rivalry.",The_Akron_Beacon_Journal_1949_10_22_Page_11 (1).csv,,,
1,1949,1949-11-12,Defiance (OH),Visitor,Bexley (OH),14,19,-1.0,862,This opponent pairing is a one-off (not a recurring year-over-year matchup) -- more consistent with a one-time guarantee game than a conference rivalry.,The_Akron_Beacon_Journal_1949_11_12_Page_11.csv,,,
1,1945,1945-09-22,Findlay (OH),Visitor,Bowling Green (OH),6,1,2.7,1201,"Opponent 'Bowling Green (OH)' is ALSO a risk-listed college-town name -- may be a college-vs-college guarantee game misfiled as HS, or confirms both sides need a look. | Recurs across 38 different seasons vs this same opponent -- looks like a real, stable HS conference rivalry.",The_Akron_Beacon_Journal_1945_09_22_Page_10 (1).csv,,,
1,1947,1947-09-13,Defiance (OH),Visitor,Delta (OH),32,0,-1.0,862,This opponent pairing is a one-off (not a recurring year-over-year matchup) -- more consistent with a one-time guarantee game than a conference rivalry.,The_Akron_Beacon_Journal_1947_09_13_Page_11 (1).csv,,,
1,1942,1942-10-19,Joliet (IL),Visitor,Chicago St. Ignatius College Prep (IL),6,18,-9.3,928,"1930s/early-1940s season -- crossover games still happened, though less often than the 1920s.",Chicago_Tribune_1942_10_19_26.csv,,,
1,1943,1943-09-20,Joliet (IL),Visitor,Chicago St. Ignatius College Prep (IL),7,19,-9.3,928,"1930s/early-1940s season -- crossover games still happened, though less often than the 1920s.",Chicago_Tribune_1943_09_20_26.csv,,,
1,1939,1939-10-07,Mayville (ND),Home,Cooperstown (ND),33,0,-3.0,134,"Margin (+33) is a 1.5-sigma outlier vs this team's usual margin (-3.0 avg). | Recurs across 15 different seasons vs this same opponent -- looks like a real, stable HS conference rivalry. | 1930s/early-1940s season -- crossover games still happened, though less often than the 1920s.",The_Forum_1939_10_07_8.csv,,,
1,1938,1938-10-01,Jamestown (ND),Home,Linton (ND),59,6,3.9,347,"Margin (+53) is a 2.2-sigma outlier vs this team's usual margin (3.9 avg). | Recurs across 3 different seasons vs this same opponent -- looks like a real, stable HS conference rivalry. | 1930s/early-1940s season -- crossover games still happened, though less often than the 1920s.",The_Minneapolis_Star_1938_10_01_Page_31.csv,,,
1,1943,1943-10-18,Joliet (IL),Visitor,Chicago St. Mel (IL),7,13,-9.3,928,"1930s/early-1940s season -- crossover games still happened, though less often than the 1920s.",Chicago_Tribune_1943_10_18_23.csv,,,
1,1945,1945-09-30,Wheaton (IL),Visitor,Winnetka North Shore Country Day (IL),0,20,7.9,278,This opponent pairing is a one-off (not a recurring year-over-year matchup) -- more consistent with a one-time guarantee game than a conference rivalry.,Chicago_Tribune_1945_09_30_32 (3).csv,,,
1,1949,1949-10-22,Albion (MI),Visitor,Adrian (MI),13,34,-4.1,550,"Opponent 'Adrian (MI)' is ALSO a risk-listed college-town name -- may be a college-vs-college guarantee game misfiled as HS, or confirms both sides need a look. | Recurs across 22 different seasons vs this same opponent -- looks like a real, stable HS conference rivalry.",Lansing_State_Journal_1949_10_22_Page_12.csv,,,
1,1945,1945-10-14,Wheaton (IL),Visitor,Woodstock Todd School for Boys (IL),0,12,7.9,278,This opponent pairing is a one-off (not a recurring year-over-year matchup) -- more consistent with a one-time guarantee game than a conference rivalry.,Chicago_Tribune_1945_10_14_36.csv,,,
1,1946,1946-10-21,Joliet (IL),Visitor,Chicago St. Philip Basilica (IL),12,40,-9.3,928,This opponent pairing is a one-off (not a recurring year-over-year matchup) -- more consistent with a one-time guarantee game than a conference rivalry.,Chicago_Tribune_1946_10_21_31.csv,,,
1,1940,1940-10-05,Macomb (IL),Visitor,Beardstown (IL),7,46,1.2,729,"Margin (-39) is a 1.7-sigma outlier vs this team's usual margin (1.2 avg). | Recurs across 27 different seasons vs this same opponent -- looks like a real, stable HS conference rivalry. | 1930s/early-1940s season -- crossover games still happened, though less often than the 1920s.",The_Dispatch_1940_10_05_19 (1).csv,,,
1,1942,1942-10-10,DeKalb (IL),Visitor,Mendota (IL),0,12,-3.7,886,"1930s/early-1940s season -- crossover games still happened, though less often than the 1920s.",The_Dispatch_1942_10_10_12.csv,,,
1,1942,1942-10-31,Monmouth (IL),Visitor,Moline (IL),0,42,-2.7,640,"Margin (-42) is a 1.7-sigma outlier vs this team's usual margin (-2.7 avg). | Recurs across 19 different seasons vs this same opponent -- looks like a real, stable HS conference rivalry. | 1930s/early-1940s season -- crossover games still happened, though less often than the 1920s.",The_Dispatch_1942_10_31_18.csv,,,
1,1949,1949-09-17,Albion (MI),Visitor,Hillsdale (MI),0,13,-4.1,550,"Opponent 'Hillsdale (MI)' is ALSO a risk-listed college-town name -- may be a college-vs-college guarantee game misfiled as HS, or confirms both sides need a look. | Recurs across 20 different seasons vs this same opponent -- looks like a real, stable HS conference rivalry.",Lansing_State_Journal_1949_09_17_Page_12 (1).csv,,,
1,1937,1937-10-09,Oshkosh (WI),Visitor,Green Bay East (WI),3,27,4.9,268,"Margin (-24) is a 1.7-sigma outlier vs this team's usual margin (4.9 avg). | Recurs across 26 different seasons vs this same opponent -- looks like a real, stable HS conference rivalry. | 1930s/early-1940s season -- crossover games still happened, though less often than the 1920s.",Milwaukee_News_1937_10_09_9.csv,,,
1,1949,1949-10-22,Carthage (IL),Visitor,Monmouth (IL),0,13,14.4,457,"Opponent 'Monmouth (IL)' is ALSO a risk-listed college-town name -- may be a college-vs-college guarantee game misfiled as HS, or confirms both sides need a look. | Recurs across 11 different seasons vs this same opponent -- looks like a real, stable HS conference rivalry.",The_Pantagraph_1949_10_22_Page_10 (1).csv,,,
1,1958,1958-09-27,Austin (MN),Home,Winona (MN),53,6,1.7,1094,"Opponent 'Winona (MN)' is ALSO a risk-listed college-town name -- may be a college-vs-college guarantee game misfiled as HS, or confirms both sides need a look. | Margin (+47) is a 2.1-sigma outlier vs this team's usual margin (1.7 avg). | Recurs across 91 different seasons vs this same opponent -- looks like a real, stable HS conference rivalry. | 1950 or later -- college/HS crossover games had essentially stopped by this point, so this is most likely a genuine same-name high school, not a misfiled college game.",The_Minneapolis_Star_1958_09_27_Page_13.csv,,,
1,1933,1933-09-23,Valley City (ND),Home,Ellendale (ND),27,0,1.2,953,"1930s/early-1940s season -- crossover games still happened, though less often than the 1920s.",The_Forum_1933_09_23_10.csv,,,
1,1935,1935-09-14,Jamestown (ND),Home,Carrington Old HS (ND),53,0,3.9,347,"Margin (+53) is a 2.2-sigma outlier vs this team's usual margin (3.9 avg). | Recurs across 3 different seasons vs this same opponent -- looks like a real, stable HS conference rivalry. | 1930s/early-1940s season -- crossover games still happened, though less often than the 1920s.",The_Forum_1935_09_14_12.csv,,,
1,1934,1934-10-13,Dickinson (ND),Home,Beulah (ND),80,0,-0.9,982,"Margin (+80) is a 3.4-sigma outlier vs this team's usual margin (-0.9 avg). | Recurs across 4 different seasons vs this same opponent -- looks like a real, stable HS conference rivalry. | 1930s/early-1940s season -- crossover games still happened, though less often than the 1920s.",The_Forum_1934_10_13_10.csv,,,
1,1938,1938-10-01,Valley City (ND),Home,Park River Walsh County Agricultural School (ND),47,0,1.2,953,"Margin (+47) is a 1.9-sigma outlier vs this team's usual margin (1.2 avg). | Recurs across 9 different seasons vs this same opponent -- looks like a real, stable HS conference rivalry. | 1930s/early-1940s season -- crossover games still happened, though less often than the 1920s.",The_Forum_1938_10_01_7.csv,,,
1,1938,1938-11-05,Minot (ND),Home,Park River Walsh County Agricultural School (ND),13,6,7.4,1098,"1930s/early-1940s season -- crossover games still happened, though less often than the 1920s.",The_Forum_1938_11_05_9.csv,,,
1,1959,1959-10-10,Austin (MN),Home,Minnetonka Hopkins (MN),54,6,1.7,1094,"Margin (+48) is a 2.1-sigma outlier vs this team's usual margin (1.7 avg). | This opponent pairing is a one-off (not a recurring year-over-year matchup) -- more consistent with a one-time guarantee game than a conference rivalry. | 1950 or later -- college/HS crossover games had essentially stopped by this point, so this is most likely a genuine same-name high school, not a misfiled college game.",Star_Tribune_1959_10_10_Page_26.csv,,,
1,1935,1935-10-19,Minot (ND),Home,Grafton (ND),13,6,7.4,1098,"1930s/early-1940s season -- crossover games still happened, though less often than the 1920s.",The_Forum_1935_10_19_15.csv,,,
1,1938,1938-09-24,Valley City (ND),Home,Hillsboro (ND),19,0,1.2,953,"1930s/early-1940s season -- crossover games still happened, though less often than the 1920s.",The_Minneapolis_Star_1938_09_24_Page_11.csv,,,
1,1949,1949-09-24,Rochester (MN),Home,Saint Paul Boy's Academy (MN),28,0,5.8,272,This opponent pairing is a one-off (not a recurring year-over-year matchup) -- more consistent with a one-time guarantee game than a conference rivalry.,Star_Tribune_1949_09_24_Page_17.csv,,,
1,1946,1946-09-28,Hillsdale (MI),Visitor,Albion (MI),0,13,-1.6,695,"Opponent 'Albion (MI)' is ALSO a risk-listed college-town name -- may be a college-vs-college guarantee game misfiled as HS, or confirms both sides need a look. | Recurs across 20 different seasons vs this same opponent -- looks like a real, stable HS conference rivalry.",The_Bay_City_Times_1946_09_28_7.csv,,,
1,1945,1945-09-29,Alma (MI),Visitor,Owosso (MI),0,13,-1.0,641,This opponent pairing is a one-off (not a recurring year-over-year matchup) -- more consistent with a one-time guarantee game than a conference rivalry.,The_Bay_City_Times_1945_09_29_7.csv,,,
1,1946,1946-09-21,Albion (MI),Visitor,Adrian (MI),0,20,-4.1,550,"Opponent 'Adrian (MI)' is ALSO a risk-listed college-town name -- may be a college-vs-college guarantee game misfiled as HS, or confirms both sides need a look. | Recurs across 22 different seasons vs this same opponent -- looks like a real, stable HS conference rivalry.",Lansing_State_Journal_1946_09_21_Page_8 (1).csv,,,
1,1943,1943-11-06,Albion (MI),Visitor,East Lansing (MI),0,42,-4.1,550,"Margin (-42) is a 1.7-sigma outlier vs this team's usual margin (-4.1 avg). | Recurs across 25 different seasons vs this same opponent -- looks like a real, stable HS conference rivalry. | 1930s/early-1940s season -- crossover games still happened, though less often than the 1920s.",Lansing_State_Journal_1943_11_06_Page_8.csv,,,
1,1948,1948-11-13,Marietta (OH),Visitor,Columbus South (OH),0,19,-3.3,961,This opponent pairing is a one-off (not a recurring year-over-year matchup) -- more consistent with a one-time guarantee game than a conference rivalry.,The_Blade_1948_11_13_10.csv,,,
1,1940,1940-10-12,Valley City (ND),Home,Northwood (ND),46,0,1.2,953,"Margin (+46) is a 1.9-sigma outlier vs this team's usual margin (1.2 avg). | Recurs across 4 different seasons vs this same opponent -- looks like a real, stable HS conference rivalry. | 1930s/early-1940s season -- crossover games still happened, though less often than the 1920s.",The_Minneapolis_Star_1940_10_12_Page_6.csv,,,
1,1941,1941-09-20,Dickinson (ND),Home,Hettinger (ND),39,0,-0.9,982,"Margin (+39) is a 1.7-sigma outlier vs this team's usual margin (-0.9 avg). | Recurs across 14 different seasons vs this same opponent -- looks like a real, stable HS conference rivalry. | 1930s/early-1940s season -- crossover games still happened, though less often than the 1920s.",The_Minneapolis_Star_1941_09_20_Page_8 (1).csv,,,
1,1949,1949-10-22,Moorhead (MN),Home,Valley City (ND),33,14,7.8,900,"Opponent 'Valley City (ND)' is ALSO a risk-listed college-town name -- may be a college-vs-college guarantee game misfiled as HS, or confirms both sides need a look. | Recurs across 18 different seasons vs this same opponent -- looks like a real, stable HS conference rivalry.",The_Forum_1949_10_22_8.csv,,,
1,1948,1948-10-23,Valley City (ND),Home,Moorhead (MN),13,7,1.2,953,"Opponent 'Moorhead (MN)' is ALSO a risk-listed college-town name -- may be a college-vs-college guarantee game misfiled as HS, or confirms both sides need a look. | Recurs across 18 different seasons vs this same opponent -- looks like a real, stable HS conference rivalry.",The_Forum_1948_10_23_8.csv,,,
1,1947,1947-10-11,Wahpeton (ND),Home,Moorhead (MN),20,0,-2.7,888,"Opponent 'Moorhead (MN)' is ALSO a risk-listed college-town name -- may be a college-vs-college guarantee game misfiled as HS, or confirms both sides need a look. | Recurs across 22 different seasons vs this same opponent -- looks like a real, stable HS conference rivalry.",The_Forum_1947_10_11_7.csv,,,
1,1948,1948-11-13,Albion (MI),Visitor,Adrian (MI),13,19,-4.1,550,"Opponent 'Adrian (MI)' is ALSO a risk-listed college-town name -- may be a college-vs-college guarantee game misfiled as HS, or confirms both sides need a look. | Recurs across 22 different seasons vs this same opponent -- looks like a real, stable HS conference rivalry.",The_Blade_MI_1948_11_13_10 (2).csv,,,
1,1948,1948-09-25,Pikeville (KY),Visitor,Pineville Bell County (KY),6,13,12.2,1276,This opponent pairing is a one-off (not a recurring year-over-year matchup) -- more consistent with a one-time guarantee game than a conference rivalry.,The_Knoxville_News_Sentinel_1948_09_25_6.csv,,,
1,1937,1937-11-13,Murray Calloway County (KY),Visitor,Princeton Caldwell County (KY),6,52,-5.1,603,"Margin (-46) is a 1.6-sigma outlier vs this team's usual margin (-5.1 avg). | Recurs across 22 different seasons vs this same opponent -- looks like a real, stable HS conference rivalry. | 1930s/early-1940s season -- crossover games still happened, though less often than the 1920s.",Lexington_Herald_Leader_1937_11_13_5.csv,,,
1,1937,1937-10-30,Georgetown Scott County (KY),Visitor,Cynthiana Harrison County (KY),0,47,4.9,1007,"Margin (-47) is a 2.0-sigma outlier vs this team's usual margin (4.9 avg). | Recurs across 32 different seasons vs this same opponent -- looks like a real, stable HS conference rivalry. | 1930s/early-1940s season -- crossover games still happened, though less often than the 1920s.",Lexington_Herald_Leader_1937_10_30_5.csv,,,
1,1937,1937-10-23,Georgetown Scott County (KY),Visitor,Richmond Madison Central (KY),7,58,4.9,1007,"Margin (-51) is a 2.1-sigma outlier vs this team's usual margin (4.9 avg). | Recurs across 35 different seasons vs this same opponent -- looks like a real, stable HS conference rivalry. | 1930s/early-1940s season -- crossover games still happened, though less often than the 1920s.",Lexington_Herald_Leader_1937_10_23_5.csv,,,
1,1956,1956-11-03,Wheaton (IL),Visitor,DeKalb (IL),6,34,7.9,278,"Opponent 'DeKalb (IL)' is ALSO a risk-listed college-town name -- may be a college-vs-college guarantee game misfiled as HS, or confirms both sides need a look. | Margin (-28) is a 1.5-sigma outlier vs this team's usual margin (7.9 avg). | Recurs across 7 different seasons vs this same opponent -- looks like a real, stable HS conference rivalry. | 1950 or later -- college/HS crossover games had essentially stopped by this point, so this is most likely a genuine same-name high school, not a misfiled college game.",The_Pantagraph_1956_11_03_Page_20 (1).csv,,,
1,1949,1949-10-01,Murray (KY),Visitor,Louisville (KY),14,34,7.5,832,This opponent pairing is a one-off (not a recurring year-over-year matchup) -- more consistent with a one-time guarantee game than a conference rivalry.,The_Indianapolis_Star_1949_10_01_20 (1).csv,,,
1,1947,1947-10-18,Wooster (OH),Visitor,Ashland (OH),13,26,0.1,1005,"Opponent 'Ashland (OH)' is ALSO a risk-listed college-town name -- may be a college-vs-college guarantee game misfiled as HS, or confirms both sides need a look. | Recurs across 59 different seasons vs this same opponent -- looks like a real, stable HS conference rivalry.",The_Akron_Beacon_Journal_1947_10_18_Page_10.csv,,,
1,1946,1946-11-09,Hillsdale (MI),Visitor,Saint Clair Shores Lakeview (MI),7,39,-1.6,695,This opponent pairing is a one-off (not a recurring year-over-year matchup) -- more consistent with a one-time guarantee game than a conference rivalry.,The_Bay_City_Times_1946_11_09_7 (1).csv,,,
1,1949,1949-10-01,Austin (MN),Home,Rochester (MN),21,13,1.7,1094,"Opponent 'Rochester (MN)' is ALSO a risk-listed college-town name -- may be a college-vs-college guarantee game misfiled as HS, or confirms both sides need a look. | Recurs across 45 different seasons vs this same opponent -- looks like a real, stable HS conference rivalry.",Star_Tribune_1949_10_01_Page_16 (2).csv,,,
1,1949,1949-10-15,Winona (MN),Home,Mankato (MN),7,6,-3.4,915,"Opponent 'Mankato (MN)' is ALSO a risk-listed college-town name -- may be a college-vs-college guarantee game misfiled as HS, or confirms both sides need a look. | Recurs across 32 different seasons vs this same opponent -- looks like a real, stable HS conference rivalry.",Star_Tribune_1949_10_15_Page_16.csv,,,
1,1949,1949-10-22,Austin (MN),Home,Winona (MN),22,6,1.7,1094,"Opponent 'Winona (MN)' is ALSO a risk-listed college-town name -- may be a college-vs-college guarantee game misfiled as HS, or confirms both sides need a look. | Recurs across 91 different seasons vs this same opponent -- looks like a real, stable HS conference rivalry.",Star_Tribune_1949_10_22_Page_17.csv,,,
1,1930,1930-10-18,Wahpeton (ND),Home,Casselton Central Cass (ND),121,6,-2.7,888,"Margin (+115) is a 4.9-sigma outlier vs this team's usual margin (-2.7 avg). | Recurs across 16 different seasons vs this same opponent -- looks like a real, stable HS conference rivalry. | 1930s/early-1940s season -- crossover games still happened, though less often than the 1920s.",The_Forum_1930_10_18_11.csv,,,
1,1930,1930-10-25,Wahpeton (ND),Home,Oakes (ND),26,6,-2.7,888,"1930s/early-1940s season -- crossover games still happened, though less often than the 1920s.",The_Forum_1930_10_25_10.csv,,,
1,1931,1931-09-19,Valley City (ND),Home,Ellendale (ND),6,0,1.2,953,"1930s/early-1940s season -- crossover games still happened, though less often than the 1920s.",The_Forum_1931_09_19_13.csv,,,
1,1944,1944-10-21,Mayville (ND),Home,Grafton (ND),14,7,-3.0,134,"1930s/early-1940s season -- crossover games still happened, though less often than the 1920s.",Star_Tribune_1944_10_21_Page_8 (1).csv,,,
1,1947,1947-10-11,Wahpeton (ND),Home,Moorhead (MN),30,0,-2.7,888,"Opponent 'Moorhead (MN)' is ALSO a risk-listed college-town name -- may be a college-vs-college guarantee game misfiled as HS, or confirms both sides need a look. | Recurs across 22 different seasons vs this same opponent -- looks like a real, stable HS conference rivalry.",Star_Tribune_1947_10_11_Page_11.csv,,,
1,1947,1947-10-11,Mankato (MN),Home,Winona (MN),27,0,2.3,366,"Opponent 'Winona (MN)' is ALSO a risk-listed college-town name -- may be a college-vs-college guarantee game misfiled as HS, or confirms both sides need a look. | Recurs across 32 different seasons vs this same opponent -- looks like a real, stable HS conference rivalry.",Star_Tribune_1947_10_11_Page_11.csv,,,
1,1947,1947-10-18,Austin (MN),Home,Winona (MN),32,14,1.7,1094,"Opponent 'Winona (MN)' is ALSO a risk-listed college-town name -- may be a college-vs-college guarantee game misfiled as HS, or confirms both sides need a look. | Recurs across 91 different seasons vs this same opponent -- looks like a real, stable HS conference rivalry.",Star_Tribune_1947_10_18_Page_14.csv,,,
1,1947,1947-11-08,Rochester (MN),Home,Winona (MN),25,12,5.8,272,"Opponent 'Winona (MN)' is ALSO a risk-listed college-town name -- may be a college-vs-college guarantee game misfiled as HS, or confirms both sides need a look. | Recurs across 31 different seasons vs this same opponent -- looks like a real, stable HS conference rivalry.",Star_Tribune_1947_11_08_Page_11.csv,,,
1,1948,1948-10-16,Winona (MN),Home,Mankato (MN),7,6,-3.4,915,"Opponent 'Mankato (MN)' is ALSO a risk-listed college-town name -- may be a college-vs-college guarantee game misfiled as HS, or confirms both sides need a look. | Recurs across 32 different seasons vs this same opponent -- looks like a real, stable HS conference rivalry.",Star_Tribune_1948_10_16_Page_14.csv,,,
1,1948,1948-10-23,Austin (MN),Home,Winona (MN),40,14,1.7,1094,"Opponent 'Winona (MN)' is ALSO a risk-listed college-town name -- may be a college-vs-college guarantee game misfiled as HS, or confirms both sides need a look. | Recurs across 91 different seasons vs this same opponent -- looks like a real, stable HS conference rivalry.",Star_Tribune_1948_10_23_Page_14.csv,,,
1,1948,1948-10-30,Mankato (MN),Home,Rochester (MN),27,0,2.3,366,"Opponent 'Rochester (MN)' is ALSO a risk-listed college-town name -- may be a college-vs-college guarantee game misfiled as HS, or confirms both sides need a look. | Recurs across 28 different seasons vs this same opponent -- looks like a real, stable HS conference rivalry.",Star_Tribune_1948_10_30_Page_13.csv,,,
1,1937,1937-10-09,Georgetown Scott County (KY),Visitor,Paris (KY),0,39,4.9,1007,"Margin (-39) is a 1.7-sigma outlier vs this team's usual margin (4.9 avg). | Recurs across 39 different seasons vs this same opponent -- looks like a real, stable HS conference rivalry. | 1930s/early-1940s season -- crossover games still happened, though less often than the 1920s.",Lexington_Herald_Leader_1937_10_09_5.csv,,,
1,1949,1949-09-17,York (NE),Visitor,Buena Vista (CO),12,19,-0.5,821,This opponent pairing is a one-off (not a recurring year-over-year matchup) -- more consistent with a one-time guarantee game than a conference rivalry.,Omaha_World_Herald_1949_09_17_10.csv,,,
1,1943,1943-10-09,Defiance (OH),Visitor,Mansfield Senior (OH),6,26,-1.0,862,"1930s/early-1940s season -- crossover games still happened, though less often than the 1920s.",The_Zanesville_Signal_1943_10_09_5.csv,,,
1,1943,1943-10-09,Bluffton (OH),Visitor,Van Wert (OH),0,46,3.2,714,"Margin (-46) is a 2.0-sigma outlier vs this team's usual margin (3.2 avg). | Recurs across 12 different seasons vs this same opponent -- looks like a real, stable HS conference rivalry. | 1930s/early-1940s season -- crossover games still happened, though less often than the 1920s.",The_Zanesville_Signal_1943_10_09_5.csv,,,
1,1943,1943-10-23,Marietta (OH),Visitor,Newark (OH),6,70,-3.3,961,"Margin (-64) is a 2.6-sigma outlier vs this team's usual margin (-3.3 avg). | Recurs across 45 different seasons vs this same opponent -- looks like a real, stable HS conference rivalry. | 1930s/early-1940s season -- crossover games still happened, though less often than the 1920s.",The_Zanesville_Signal_1943_10_23_5.csv,,,
1,1944,1944-10-07,Marietta (OH),Visitor,Zanesville (OH),0,46,-3.3,961,"Margin (-46) is a 1.8-sigma outlier vs this team's usual margin (-3.3 avg). | Recurs across 70 different seasons vs this same opponent -- looks like a real, stable HS conference rivalry. | 1930s/early-1940s season -- crossover games still happened, though less often than the 1920s.",The_Zanesville_Signal_1944_10_07_5.csv,,,
1,1944,1944-11-11,Defiance (OH),Visitor,Lima Central (OH),0,46,-1.0,862,"Margin (-46) is a 1.9-sigma outlier vs this team's usual margin (-1.0 avg). | Recurs across 8 different seasons vs this same opponent -- looks like a real, stable HS conference rivalry. | 1930s/early-1940s season -- crossover games still happened, though less often than the 1920s.",The_Zanesville_Signal_1944_11_11_7.csv,,,
1,1948,1948-10-02,Bluffton (OH),Visitor,Findlay (OH),0,27,3.2,714,"Opponent 'Findlay (OH)' is ALSO a risk-listed college-town name -- may be a college-vs-college guarantee game misfiled as HS, or confirms both sides need a look. | Recurs across 6 different seasons vs this same opponent -- looks like a real, stable HS conference rivalry.",The_Akron_Beacon_Journal_1948_10_02_Page_10.csv,,,
1,1936,1936-09-26,Adrian (MI),Visitor,Marshall (MI),0,48,0.9,877,"Margin (-48) is a 2.4-sigma outlier vs this team's usual margin (0.9 avg). | Recurs across 21 different seasons vs this same opponent -- looks like a real, stable HS conference rivalry. | 1930s/early-1940s season -- crossover games still happened, though less often than the 1920s.",The_Bay_City_Times_1936_09_26_7.csv,,,
1,1936,1936-09-26,Minot (ND),Home,Mohall (ND),79,0,7.4,1098,"Margin (+79) is a 3.1-sigma outlier vs this team's usual margin (7.4 avg). | Recurs across 11 different seasons vs this same opponent -- looks like a real, stable HS conference rivalry. | 1930s/early-1940s season -- crossover games still happened, though less often than the 1920s.",Star_Tribune_1936_09_26_Page_21.csv,,,
1,1938,1938-11-12,Adrian (MI),Visitor,Monroe (MI),0,31,0.9,877,"Margin (-31) is a 1.5-sigma outlier vs this team's usual margin (0.9 avg). | Recurs across 82 different seasons vs this same opponent -- looks like a real, stable HS conference rivalry. | 1930s/early-1940s season -- crossover games still happened, though less often than the 1920s.",The_Bay_City_Times_1938_11_12_7.csv,,,
1,1934,1934-09-29,Adrian (MI),Visitor,Marshall (MI),7,38,0.9,877,"Margin (-31) is a 1.5-sigma outlier vs this team's usual margin (0.9 avg). | Recurs across 21 different seasons vs this same opponent -- looks like a real, stable HS conference rivalry. | 1930s/early-1940s season -- crossover games still happened, though less often than the 1920s.",The_Bay_City_Times_1934_09_29_5.csv,,,
1,1935,1935-11-09,Adrian (MI),Visitor,Monroe (MI),0,46,0.9,877,"Margin (-46) is a 2.3-sigma outlier vs this team's usual margin (0.9 avg). | Recurs across 82 different seasons vs this same opponent -- looks like a real, stable HS conference rivalry. | 1930s/early-1940s season -- crossover games still happened, though less often than the 1920s.",The_Bay_City_Times_1935_11_09_7.csv,,,
1,1930,1930-09-27,Adrian (MI),Visitor,Ferndale (MI),0,12,0.9,877,"1930s/early-1940s season -- crossover games still happened, though less often than the 1920s.",The_Bay_City_Times_1930_09_27_5.csv,,,
1,1930,1930-11-02,Hillsdale (MI),Visitor,Coldwater (MI),0,74,-1.6,695,"Margin (-74) is a 2.9-sigma outlier vs this team's usual margin (-1.6 avg). | Recurs across 20 different seasons vs this same opponent -- looks like a real, stable HS conference rivalry. | 1930s/early-1940s season -- crossover games still happened, though less often than the 1920s.",The_Bay_City_Times_1930_11_02_15.csv,,,
1,1932,1932-09-25,Albion (MI),Visitor,Battle Creek Central (MI),0,56,-4.1,550,"Margin (-56) is a 2.3-sigma outlier vs this team's usual margin (-4.1 avg). | Recurs across 38 different seasons vs this same opponent -- looks like a real, stable HS conference rivalry. | 1930s/early-1940s season -- crossover games still happened, though less often than the 1920s.",The_Bay_City_Times_1932_09_25_10.csv,,,
1,1937,1937-10-09,Bemidji (MN),Home,Crookston (MN),39,0,5.1,737,"Margin (+39) is a 1.6-sigma outlier vs this team's usual margin (5.1 avg). | Recurs across 25 different seasons vs this same opponent -- looks like a real, stable HS conference rivalry. | 1930s/early-1940s season -- crossover games still happened, though less often than the 1920s.",Star_Tribune_1937_10_09_Page_19 (1).csv,,,
1,1937,1937-10-16,Austin (MN),Home,Worthington (MN),19,0,1.7,1094,"1930s/early-1940s season -- crossover games still happened, though less often than the 1920s.",Star_Tribune_1937_10_16_Page_19 (2).csv,,,
1,1935,1935-11-09,Eureka (IL),Home,Bradford (IL),6,6,1.1,682,"1930s/early-1940s season -- crossover games still happened, though less often than the 1920s.",The_Pantagraph_1935_11_09_Page_10.csv,,,
1,1945,1945-10-13,Mankato (MN),Home,Winona (MN),28,7,2.3,366,"Opponent 'Winona (MN)' is ALSO a risk-listed college-town name -- may be a college-vs-college guarantee game misfiled as HS, or confirms both sides need a look. | Recurs across 32 different seasons vs this same opponent -- looks like a real, stable HS conference rivalry.",Star_Tribune_1945_10_13_Page_7.csv,,,
1,1945,1945-10-20,Winona (MN),Home,Austin (MN),12,6,-3.4,915,"Opponent 'Austin (MN)' is ALSO a risk-listed college-town name -- may be a college-vs-college guarantee game misfiled as HS, or confirms both sides need a look. | Recurs across 91 different seasons vs this same opponent -- looks like a real, stable HS conference rivalry.",Star_Tribune_1945_10_20_Page_7.csv,,,
1,1945,1945-11-10,Rochester (MN),Home,Winona (MN),14,0,5.8,272,"Opponent 'Winona (MN)' is ALSO a risk-listed college-town name -- may be a college-vs-college guarantee game misfiled as HS, or confirms both sides need a look. | Recurs across 31 different seasons vs this same opponent -- looks like a real, stable HS conference rivalry.",Star_Tribune_1945_11_10_Page_7.csv,,,
1,1946,1946-09-28,Austin (MN),Home,Rochester (MN),6,0,1.7,1094,"Opponent 'Rochester (MN)' is ALSO a risk-listed college-town name -- may be a college-vs-college guarantee game misfiled as HS, or confirms both sides need a look. | Recurs across 45 different seasons vs this same opponent -- looks like a real, stable HS conference rivalry.",Star_Tribune_1946_09_28_Page_9.csv,,,
1,1946,1946-10-12,Wahpeton (ND),Home,Moorhead (MN),19,0,-2.7,888,"Opponent 'Moorhead (MN)' is ALSO a risk-listed college-town name -- may be a college-vs-college guarantee game misfiled as HS, or confirms both sides need a look. | Recurs across 22 different seasons vs this same opponent -- looks like a real, stable HS conference rivalry.",Star_Tribune_1946_10_12_Page_10.csv,,,
1,1946,1946-10-19,Austin (MN),Home,Winona (MN),14,13,1.7,1094,"Opponent 'Winona (MN)' is ALSO a risk-listed college-town name -- may be a college-vs-college guarantee game misfiled as HS, or confirms both sides need a look. | Recurs across 91 different seasons vs this same opponent -- looks like a real, stable HS conference rivalry.",Star_Tribune_1946_10_19_Page_12.csv,,,
1,1952,1952-10-25,Peru (NE),Home,Tarkio (MO),20,0,-7.2,25,"Margin (+20) is a 1.8-sigma outlier vs this team's usual margin (-7.2 avg). | This opponent pairing is a one-off (not a recurring year-over-year matchup) -- more consistent with a one-time guarantee game than a conference rivalry. | 1950 or later -- college/HS crossover games had essentially stopped by this point, so this is most likely a genuine same-name high school, not a misfiled college game.",Omaha_World_Herald_1952_10_25_12.csv,,,
1,1930,1930-10-26,Wooster (OH),Home,Orrville (OH),61,0,0.1,1005,"Margin (+61) is a 2.7-sigma outlier vs this team's usual margin (0.1 avg). | Recurs across 111 different seasons vs this same opponent -- looks like a real, stable HS conference rivalry. | 1930s/early-1940s season -- crossover games still happened, though less often than the 1920s.",The_Plain_Dealer_1930_10_26_29 (1).csv,,,
1,1931,1931-09-27,Findlay (OH),Home,Napoleon (OH),62,0,2.7,1201,"Margin (+62) is a 2.6-sigma outlier vs this team's usual margin (2.7 avg). | Recurs across 17 different seasons vs this same opponent -- looks like a real, stable HS conference rivalry. | 1930s/early-1940s season -- crossover games still happened, though less often than the 1920s.",The_Plain_Dealer_1931_09_27_22 (1).csv,,,
1,1939,1939-10-14,Austin (MN),Home,Waterloo East (IA),13,0,1.7,1094,"1930s/early-1940s season -- crossover games still happened, though less often than the 1920s.",The_Des_Moines_Register_1939_10_14_Page_8.csv,,,
1,1956,1956-09-29,Carthage (IL),Visitor,Monmouth (IL),12,39,14.4,457,"Opponent 'Monmouth (IL)' is ALSO a risk-listed college-town name -- may be a college-vs-college guarantee game misfiled as HS, or confirms both sides need a look. | Margin (-27) is a 1.6-sigma outlier vs this team's usual margin (14.4 avg). | Recurs across 11 different seasons vs this same opponent -- looks like a real, stable HS conference rivalry. | 1950 or later -- college/HS crossover games had essentially stopped by this point, so this is most likely a genuine same-name high school, not a misfiled college game.",The_Pantagraph_1956_09_29_Page_18 (1).csv,,,
1,1947,1947-11-15,Pikeville (KY),Visitor,Nashville Tennessee Industrial School (TN),0,18,12.2,1276,This opponent pairing is a one-off (not a recurring year-over-year matchup) -- more consistent with a one-time guarantee game than a conference rivalry.,The_Knoxville_News_Sentinel_1947_11_15_5.csv,,,
1,1948,1948-10-02,Pikeville (KY),Visitor,South Pittsburg (TN),0,13,12.2,1276,This opponent pairing is a one-off (not a recurring year-over-year matchup) -- more consistent with a one-time guarantee game than a conference rivalry.,The_Knoxville_News_Sentinel_1948_10_02_6.csv,,,
1,1942,1942-10-17,Adrian (MI),Visitor,East Lansing (MI),0,33,0.9,877,"Margin (-33) is a 1.6-sigma outlier vs this team's usual margin (0.9 avg). | Recurs across 34 different seasons vs this same opponent -- looks like a real, stable HS conference rivalry. | 1930s/early-1940s season -- crossover games still happened, though less often than the 1920s.",Lansing_State_Journal_1942_10_17_Page_10.csv,,,
1,1958,1958-09-20,Carthage (IL),Visitor,Carthage (IL),19,19,14.4,457,"Opponent 'Carthage (IL)' is ALSO a risk-listed college-town name -- may be a college-vs-college guarantee game misfiled as HS, or confirms both sides need a look. | 1950 or later -- college/HS crossover games had essentially stopped by this point, so this is most likely a genuine same-name high school, not a misfiled college game.",The_State_Journal_Register_1958_09_20_12.csv,,,
1,1937,1937-10-16,Peru (NE),Home,Coin (IA),21,6,-7.2,25,"1930s/early-1940s season -- crossover games still happened, though less often than the 1920s.",The_Des_Moines_Register_1937_10_16_Page_14.csv,,,
1,1934,1934-10-06,Grinnell (IA),Home,Belle Plaine (IA),13,0,1.7,1110,"1930s/early-1940s season -- crossover games still happened, though less often than the 1920s.",The_Des_Moines_Register_1934_10_06_Page_6.csv,,,
1,1931,1931-10-17,Grinnell (IA),Home,Ames (IA),13,71,1.7,1110,"Margin (-58) is a 2.6-sigma outlier vs this team's usual margin (1.7 avg). | Recurs across 39 different seasons vs this same opponent -- looks like a real, stable HS conference rivalry. | 1930s/early-1940s season -- crossover games still happened, though less often than the 1920s.",The_Des_Moines_Register_1931_10_17_Page_8.csv,,,
1,1940,1940-10-12,Dickinson (ND),Home,Killdeer (ND),20,0,-0.9,982,"1930s/early-1940s season -- crossover games still happened, though less often than the 1920s.",The_Forum_1940_10_12_7.csv,,,
1,1935,1935-10-19,Bemidji (MN),Home,Wadena (MN),47,0,5.1,737,"Margin (+47) is a 2.0-sigma outlier vs this team's usual margin (5.1 avg). | Recurs across 3 different seasons vs this same opponent -- looks like a real, stable HS conference rivalry. | 1930s/early-1940s season -- crossover games still happened, though less often than the 1920s.",Star_Tribune_1935_10_19_Page_22.csv,,,
1,1935,1935-10-19,Austin (MN),Home,La Crosse Logan (WI),12,6,1.7,1094,"1930s/early-1940s season -- crossover games still happened, though less often than the 1920s.",Star_Tribune_1935_10_19_Page_22.csv,,,
1,1936,1936-09-19,Valley City (ND),Home,Grafton (ND),52,0,1.2,953,"Margin (+52) is a 2.1-sigma outlier vs this team's usual margin (1.2 avg). | Recurs across 47 different seasons vs this same opponent -- looks like a real, stable HS conference rivalry. | 1930s/early-1940s season -- crossover games still happened, though less often than the 1920s.",Star_Tribune_1936_09_19_Page_20.csv,,,
1,1943,1943-10-16,Hastings (NE),Home,McCook (NE),39,0,-1.5,909,"Margin (+39) is a 1.8-sigma outlier vs this team's usual margin (-1.5 avg). | Recurs across 32 different seasons vs this same opponent -- looks like a real, stable HS conference rivalry. | 1930s/early-1940s season -- crossover games still happened, though less often than the 1920s.",Lincoln_Journal_Star_1943_10_16_5.csv,,,
1,1943,1943-10-02,York (NE),Home,Fairbury (NE),49,0,-0.5,821,"Margin (+49) is a 2.3-sigma outlier vs this team's usual margin (-0.5 avg). | Recurs across 63 different seasons vs this same opponent -- looks like a real, stable HS conference rivalry. | 1930s/early-1940s season -- crossover games still happened, though less often than the 1920s.",Lincoln_Journal_Star_1943_10_02_5.csv,,,
1,1945,1945-09-29,Hastings (NE),Home,Grand Island (NE),12,6,-1.5,909,"Opponent 'Grand Island (NE)' is ALSO a risk-listed college-town name -- may be a college-vs-college guarantee game misfiled as HS, or confirms both sides need a look. | Recurs across 62 different seasons vs this same opponent -- looks like a real, stable HS conference rivalry.",Lincoln_Journal_Star_1945_09_29_9.csv,,,
1,1948,1948-09-25,Grand Island (NE),Home,Hastings (NE),43,13,6.2,931,"Opponent 'Hastings (NE)' is ALSO a risk-listed college-town name -- may be a college-vs-college guarantee game misfiled as HS, or confirms both sides need a look. | Recurs across 62 different seasons vs this same opponent -- looks like a real, stable HS conference rivalry.",Omaha_World_Herald_1948_09_25_11.csv,,,
1,1945,1945-11-03,Hastings (NE),Home,York (NE),33,6,-1.5,909,"Opponent 'York (NE)' is ALSO a risk-listed college-town name -- may be a college-vs-college guarantee game misfiled as HS, or confirms both sides need a look. | Recurs across 40 different seasons vs this same opponent -- looks like a real, stable HS conference rivalry.",Omaha_World_Herald_1945_11_03_9.csv,,,
1,1946,1946-09-28,Yankton (SD),Home,Bloomfield (NE),26,0,8.4,975,This opponent pairing is a one-off (not a recurring year-over-year matchup) -- more consistent with a one-time guarantee game than a conference rivalry.,Omaha_World_Herald_1946_09_28_11.csv,,,
1,1945,1945-10-13,Grand Island (NE),Home,Kearney (NE),19,0,6.2,931,"Opponent 'Kearney (NE)' is ALSO a risk-listed college-town name -- may be a college-vs-college guarantee game misfiled as HS, or confirms both sides need a look. | Recurs across 77 different seasons vs this same opponent -- looks like a real, stable HS conference rivalry.",Omaha_World_Herald_1945_10_13_11.csv,,,
1,1945,1945-10-20,Ashland (OH),Visitor,Wooster (OH),0,0,1.4,651,"Opponent 'Wooster (OH)' is ALSO a risk-listed college-town name -- may be a college-vs-college guarantee game misfiled as HS, or confirms both sides need a look. | Recurs across 59 different seasons vs this same opponent -- looks like a real, stable HS conference rivalry.",The_Akron_Beacon_Journal_1945_10_20_Page_10.csv,,,
1,1945,1945-11-03,Wooster (OH),Visitor,Canton Township (OH),0,13,0.1,1005,This opponent pairing is a one-off (not a recurring year-over-year matchup) -- more consistent with a one-time guarantee game than a conference rivalry.,The_Akron_Beacon_Journal_1945_11_03_Page_10.csv,,,
1,1946,1946-10-19,Wooster (OH),Visitor,Ashland (OH),7,14,0.1,1005,"Opponent 'Ashland (OH)' is ALSO a risk-listed college-town name -- may be a college-vs-college guarantee game misfiled as HS, or confirms both sides need a look. | Recurs across 59 different seasons vs this same opponent -- looks like a real, stable HS conference rivalry.",The_Akron_Beacon_Journal_1946_10_19_Page_10.csv,,,
1,1944,1944-10-14,Wooster (OH),Visitor,New Philadelphia (OH),6,61,0.1,1005,"Margin (-55) is a 2.4-sigma outlier vs this team's usual margin (0.1 avg). | Recurs across 65 different seasons vs this same opponent -- looks like a real, stable HS conference rivalry. | 1930s/early-1940s season -- crossover games still happened, though less often than the 1920s.",The_Akron_Beacon_Journal_1944_10_14_Page_8.csv,,,
1,1944,1944-11-11,Defiance (OH),Visitor,Lima Catholic Central (OH),0,46,-1.0,862,"Margin (-46) is a 1.9-sigma outlier vs this team's usual margin (-1.0 avg). | Recurs across 11 different seasons vs this same opponent -- looks like a real, stable HS conference rivalry. | 1930s/early-1940s season -- crossover games still happened, though less often than the 1920s.",The_Akron_Beacon_Journal_1944_11_11_Page_8.csv,,,
1,1932,1932-11-12,Albion (MI),Visitor,Marshall (MI),0,51,-4.1,550,"Margin (-51) is a 2.1-sigma outlier vs this team's usual margin (-4.1 avg). | Recurs across 55 different seasons vs this same opponent -- looks like a real, stable HS conference rivalry. | 1930s/early-1940s season -- crossover games still happened, though less often than the 1920s.",The_Bay_City_Times_1932_11_12_5.csv,,,
1,1944,1944-11-11,Kearney (NE),Home,Gothenburg (NE),39,0,2.2,951,"Margin (+39) is a 1.7-sigma outlier vs this team's usual margin (2.2 avg). | Recurs across 24 different seasons vs this same opponent -- looks like a real, stable HS conference rivalry. | 1930s/early-1940s season -- crossover games still happened, though less often than the 1920s.",Omaha_World_Herald_1944_11_11_9.csv,,,
1,1944,1944-09-30,Chadron (NE),Home,Rushville (NE),52,0,8.0,742,"Margin (+52) is a 1.9-sigma outlier vs this team's usual margin (8.0 avg). | Recurs across 42 different seasons vs this same opponent -- looks like a real, stable HS conference rivalry. | 1930s/early-1940s season -- crossover games still happened, though less often than the 1920s.",Omaha_World_Herald_1944_09_30_9.csv,,,
1,1953,1953-10-03,Grand Island (NE),Home,Kearney (NE),61,0,6.2,931,"Opponent 'Kearney (NE)' is ALSO a risk-listed college-town name -- may be a college-vs-college guarantee game misfiled as HS, or confirms both sides need a look. | Margin (+61) is a 2.6-sigma outlier vs this team's usual margin (6.2 avg). | Recurs across 77 different seasons vs this same opponent -- looks like a real, stable HS conference rivalry. | 1950 or later -- college/HS crossover games had essentially stopped by this point, so this is most likely a genuine same-name high school, not a misfiled college game.",Omaha_World_Herald_1953_10_03_10.csv,,,
1,1939,1939-10-21,York (NE),Home,Aurora (NE),49,6,-0.5,821,"Margin (+43) is a 2.0-sigma outlier vs this team's usual margin (-0.5 avg). | Recurs across 76 different seasons vs this same opponent -- looks like a real, stable HS conference rivalry. | 1930s/early-1940s season -- crossover games still happened, though less often than the 1920s.",Lincoln_Journal_Star_1939_10_21_9.csv,,,
1,1953,1953-10-31,Huron (SD),Visitor,Sioux Falls (SD),0,46,-4.9,908,"Opponent 'Sioux Falls (SD)' is ALSO a risk-listed college-town name -- may be a college-vs-college guarantee game misfiled as HS, or confirms both sides need a look. | Margin (-46) is a 2.0-sigma outlier vs this team's usual margin (-4.9 avg). | Recurs across 4 different seasons vs this same opponent -- looks like a real, stable HS conference rivalry. | 1950 or later -- college/HS crossover games had essentially stopped by this point, so this is most likely a genuine same-name high school, not a misfiled college game.",Argus_Leader_1953_10_31_Page_6.csv,,,
1,1949,1949-10-29,Huron (SD),Visitor,Yankton (SD),0,27,-4.9,908,"Opponent 'Yankton (SD)' is ALSO a risk-listed college-town name -- may be a college-vs-college guarantee game misfiled as HS, or confirms both sides need a look. | Recurs across 83 different seasons vs this same opponent -- looks like a real, stable HS conference rivalry.",Argus_Leader_1949_10_29_Page_3.csv,,,
1,1949,1949-09-24,Sioux Falls (SD),Visitor,Yankton (SD),6,19,7.5,125,"Opponent 'Yankton (SD)' is ALSO a risk-listed college-town name -- may be a college-vs-college guarantee game misfiled as HS, or confirms both sides need a look. | Recurs across 3 different seasons vs this same opponent -- looks like a real, stable HS conference rivalry.",Argus_Leader_1949_09_24_Page_3.csv,,,
1,1948,1948-09-25,Sioux Falls (SD),Visitor,Yankton (SD),0,13,7.5,125,"Opponent 'Yankton (SD)' is ALSO a risk-listed college-town name -- may be a college-vs-college guarantee game misfiled as HS, or confirms both sides need a look. | Recurs across 3 different seasons vs this same opponent -- looks like a real, stable HS conference rivalry.",Argus_Leader_1948_09_25_Page_3.csv,,,
1,1945,1945-09-29,Chadron (NE),Visitor,Lead (SD),6,14,8.0,742,This opponent pairing is a one-off (not a recurring year-over-year matchup) -- more consistent with a one-time guarantee game than a conference rivalry.,Argus_Leader_1945_09_29_Page_3.csv,,,
1,1945,1945-10-06,Yankton (SD),Visitor,Huron (SD),6,13,8.4,975,"Opponent 'Huron (SD)' is ALSO a risk-listed college-town name -- may be a college-vs-college guarantee game misfiled as HS, or confirms both sides need a look. | Recurs across 83 different seasons vs this same opponent -- looks like a real, stable HS conference rivalry.",Argus_Leader_1945_10_06_Page_3.csv,,,
1,1944,1944-11-04,Yankton (SD),Visitor,Sioux City East (IA),6,34,8.4,975,"Margin (-28) is a 1.8-sigma outlier vs this team's usual margin (8.4 avg). | Recurs across 8 different seasons vs this same opponent -- looks like a real, stable HS conference rivalry. | 1930s/early-1940s season -- crossover games still happened, though less often than the 1920s.",Argus_Leader_1944_11_04_Page_3.csv,,,
1,1944,1944-10-21,Yankton (SD),Visitor,Brookings (SD),0,29,8.4,975,"Margin (-29) is a 1.8-sigma outlier vs this team's usual margin (8.4 avg). | Recurs across 89 different seasons vs this same opponent -- looks like a real, stable HS conference rivalry. | 1930s/early-1940s season -- crossover games still happened, though less often than the 1920s.",Argus_Leader_1944_10_21_Page_3.csv,,,
1,1942,1942-10-03,Yankton (SD),Visitor,Aberdeen Central (SD),12,50,8.4,975,"Margin (-38) is a 2.3-sigma outlier vs this team's usual margin (8.4 avg). | Recurs across 75 different seasons vs this same opponent -- looks like a real, stable HS conference rivalry. | 1930s/early-1940s season -- crossover games still happened, though less often than the 1920s.",Argus_Leader_1942_10_03_Page_3.csv,,,
1,1941,1941-09-27,Hastings (NE),Visitor,Canton Augustana Academy (SD),7,26,-1.5,909,"1930s/early-1940s season -- crossover games still happened, though less often than the 1920s.",Argus_Leader_1941_09_27_Page_3.csv,,,
1,1946,1946-11-09,Peru (NE),Visitor,Rock Port (MO),20,33,-7.2,25,This opponent pairing is a one-off (not a recurring year-over-year matchup) -- more consistent with a one-time guarantee game than a conference rivalry.,The_Des_Moines_Register_1946_11_09_Page_10 (1).csv,,,
1,1938,1938-11-19,Chadron (NE),Home,Hay Springs (NE),43,0,8.0,742,"Margin (+43) is a 1.5-sigma outlier vs this team's usual margin (8.0 avg). | Recurs across 12 different seasons vs this same opponent -- looks like a real, stable HS conference rivalry. | 1930s/early-1940s season -- crossover games still happened, though less often than the 1920s.",Lincoln_Journal_Star_1938_11_19_10 (1).csv,,,
1,1940,1940-10-19,Chadron (NE),Home,Gordon (NE),78,0,8.0,742,"Margin (+78) is a 3.1-sigma outlier vs this team's usual margin (8.0 avg). | Recurs across 46 different seasons vs this same opponent -- looks like a real, stable HS conference rivalry. | 1930s/early-1940s season -- crossover games still happened, though less often than the 1920s.",Lincoln_Journal_Star_1940_10_19_9.csv,,,
1,1940,1940-10-26,Hastings (NE),Home,Norfolk (NE),38,0,-1.5,909,"Margin (+38) is a 1.8-sigma outlier vs this team's usual margin (-1.5 avg). | Recurs across 65 different seasons vs this same opponent -- looks like a real, stable HS conference rivalry. | 1930s/early-1940s season -- crossover games still happened, though less often than the 1920s.",Lincoln_Journal_Star_1940_10_26_9.csv,,,
1,1943,1943-10-16,York (NE),Home,Aurora (NE),33,0,-0.5,821,"Margin (+33) is a 1.6-sigma outlier vs this team's usual margin (-0.5 avg). | Recurs across 76 different seasons vs this same opponent -- looks like a real, stable HS conference rivalry. | 1930s/early-1940s season -- crossover games still happened, though less often than the 1920s.",Lincoln_Journal_Star_1943_10_16_5.csv,,,
1,1937,1937-11-13,Hastings (NE),Home,Lexington (NE),33,0,-1.5,909,"Margin (+33) is a 1.6-sigma outlier vs this team's usual margin (-1.5 avg). | Recurs across 24 different seasons vs this same opponent -- looks like a real, stable HS conference rivalry. | 1930s/early-1940s season -- crossover games still happened, though less often than the 1920s.",Lincoln_Journal_Star_1937_11_13_7.csv,,,
1,1937,1937-11-20,Kearney (NE),Home,Smith Center (KS),15,0,2.2,951,"1930s/early-1940s season -- crossover games still happened, though less often than the 1920s.",Lincoln_Journal_Star_1937_11_20_7 (1).csv,,,
1,1937,1937-10-23,Kearney (NE),Home,Gothenburg (NE),45,3,2.2,951,"Margin (+42) is a 1.8-sigma outlier vs this team's usual margin (2.2 avg). | Recurs across 24 different seasons vs this same opponent -- looks like a real, stable HS conference rivalry. | 1930s/early-1940s season -- crossover games still happened, though less often than the 1920s.",Lincoln_Journal_Star_1937_10_23_5.csv,,,
1,1936,1936-11-07,Grand Island (NE),Home,Albion (NE),21,0,6.2,931,"1930s/early-1940s season -- crossover games still happened, though less often than the 1920s.",Lincoln_Journal_Star_1936_11_07_13.csv,,,
1,1935,1935-11-16,Kearney (NE),Home,Smith Center (KS),14,18,2.2,951,"1930s/early-1940s season -- crossover games still happened, though less often than the 1920s.",Lincoln_Journal_Star_1935_11_16_5 (1).csv,,,
1,1937,1937-11-06,Moorhead (MN),Visitor,Sioux Falls Washington (SD),0,31,7.8,900,"Margin (-31) is a 1.9-sigma outlier vs this team's usual margin (7.8 avg). | Recurs across 4 different seasons vs this same opponent -- looks like a real, stable HS conference rivalry. | 1930s/early-1940s season -- crossover games still happened, though less often than the 1920s.",Argus_Leader_1937_11_06_Page_3.csv,,,
1,1933,1933-11-04,Yankton (SD),Visitor,Sioux City East (IA),6,31,8.4,975,"Margin (-25) is a 1.7-sigma outlier vs this team's usual margin (8.4 avg). | Recurs across 8 different seasons vs this same opponent -- looks like a real, stable HS conference rivalry. | 1930s/early-1940s season -- crossover games still happened, though less often than the 1920s.",Argus_Leader_1933_11_04_Page_3.csv,,,
1,1934,1934-10-13,Huron (SD),Visitor,Madison (MN),40,7,-4.9,908,"Margin (+33) is a 1.9-sigma outlier vs this team's usual margin (-4.9 avg). | Recurs across 52 different seasons vs this same opponent -- looks like a real, stable HS conference rivalry. | 1930s/early-1940s season -- crossover games still happened, though less often than the 1920s.",Argus_Leader_1934_10_13_Page_3 (1).csv,,,
1,1933,1933-10-21,Huron (SD),Visitor,Flandreau Indian (SD),7,16,-4.9,908,"1930s/early-1940s season -- crossover games still happened, though less often than the 1920s.",Argus_Leader_1933_10_21_Page_3.csv,,,
1,1934,1934-09-29,Huron (SD),Visitor,Redfield (IA),32,6,-4.9,908,"Margin (+26) is a 1.5-sigma outlier vs this team's usual margin (-4.9 avg). | Recurs across 10 different seasons vs this same opponent -- looks like a real, stable HS conference rivalry. | 1930s/early-1940s season -- crossover games still happened, though less often than the 1920s.",Argus_Leader_1934_09_29_Page_3 (1).csv,,,
1,1934,1934-11-24,Kearney (NE),Home,Ravenna (NE),37,0,2.2,951,"Margin (+37) is a 1.6-sigma outlier vs this team's usual margin (2.2 avg). | Recurs across 6 different seasons vs this same opponent -- looks like a real, stable HS conference rivalry. | 1930s/early-1940s season -- crossover games still happened, though less often than the 1920s.",Lincoln_Journal_Star_1934_11_24_5.csv,,,
1,1934,1934-09-22,Hastings (NE),Home,Central City (NE),27,6,-1.5,909,"1930s/early-1940s season -- crossover games still happened, though less often than the 1920s.",Lincoln_Journal_Star_1934_09_22_5.csv,,,
1,1933,1933-11-04,Hastings (NE),Home,Norfolk (NE),45,6,-1.5,909,"Margin (+39) is a 1.8-sigma outlier vs this team's usual margin (-1.5 avg). | Recurs across 65 different seasons vs this same opponent -- looks like a real, stable HS conference rivalry. | 1930s/early-1940s season -- crossover games still happened, though less often than the 1920s.",Lincoln_Journal_Star_1933_11_04_11.csv,,,
1,1933,1933-09-30,York (NE),Home,Seward (NE),32,0,-0.5,821,"Margin (+32) is a 1.5-sigma outlier vs this team's usual margin (-0.5 avg). | Recurs across 76 different seasons vs this same opponent -- looks like a real, stable HS conference rivalry. | 1930s/early-1940s season -- crossover games still happened, though less often than the 1920s.",Lincoln_Journal_Star_1933_09_30_11.csv,,,
1,1930,1930-11-15,Wayne (NE),Home,Wisner (NE),45,0,-2.3,595,"Margin (+45) is a 2.0-sigma outlier vs this team's usual margin (-2.3 avg). | Recurs across 11 different seasons vs this same opponent -- looks like a real, stable HS conference rivalry. | 1930s/early-1940s season -- crossover games still happened, though less often than the 1920s.",Lincoln_Journal_Star_1930_11_15_9.csv,,,
1,1930,1930-10-18,Hastings (NE),Home,Fairbury (NE),38,6,-1.5,909,"Margin (+32) is a 1.5-sigma outlier vs this team's usual margin (-1.5 avg). | Recurs across 26 different seasons vs this same opponent -- looks like a real, stable HS conference rivalry. | 1930s/early-1940s season -- crossover games still happened, though less often than the 1920s.",Lincoln_Journal_Star_1930_10_18_9.csv,,,
1,1941,1941-10-18,Huron (SD),Home,Pierre T.F. Riggs (SD),36,0,-4.9,908,"Margin (+36) is a 2.0-sigma outlier vs this team's usual margin (-4.9 avg). | Recurs across 80 different seasons vs this same opponent -- looks like a real, stable HS conference rivalry. | 1930s/early-1940s season -- crossover games still happened, though less often than the 1920s.",Argus_Leader_1941_10_18_Page_5 (1).csv,,,
1,1946,1946-11-02,Wooster (OH),Home,Rocky River (OH),13,0,0.1,1005,This opponent pairing is a one-off (not a recurring year-over-year matchup) -- more consistent with a one-time guarantee game than a conference rivalry.,The_Akron_Beacon_Journal_1946_11_02_Page_10.csv,,,
1,1944,1944-10-21,Grinnell (IA),Visitor,Ames (IA),7,40,1.7,1110,"Margin (-33) is a 1.5-sigma outlier vs this team's usual margin (1.7 avg). | Recurs across 39 different seasons vs this same opponent -- looks like a real, stable HS conference rivalry. | 1930s/early-1940s season -- crossover games still happened, though less often than the 1920s.",The_Des_Moines_Register_1944_10_21_Page_7 (1).csv,,,
1,1943,1943-10-30,Grinnell (IA),Visitor,Oskaloosa (IA),6,43,1.7,1110,"Margin (-37) is a 1.7-sigma outlier vs this team's usual margin (1.7 avg). | Recurs across 99 different seasons vs this same opponent -- looks like a real, stable HS conference rivalry. | 1930s/early-1940s season -- crossover games still happened, though less often than the 1920s.",The_Des_Moines_Register_1943_10_30_Page_10 (1).csv,,,
1,1943,1943-10-23,Grinnell (IA),Visitor,Ames (IA),0,55,1.7,1110,"Margin (-55) is a 2.5-sigma outlier vs this team's usual margin (1.7 avg). | Recurs across 39 different seasons vs this same opponent -- looks like a real, stable HS conference rivalry. | 1930s/early-1940s season -- crossover games still happened, though less often than the 1920s.",The_Des_Moines_Register_1943_10_23_Page_8 (1).csv,,,
1,1943,1943-09-25,Grinnell (IA),Visitor,Marshalltown (IA),0,53,1.7,1110,"Margin (-53) is a 2.4-sigma outlier vs this team's usual margin (1.7 avg). | Recurs across 51 different seasons vs this same opponent -- looks like a real, stable HS conference rivalry. | 1930s/early-1940s season -- crossover games still happened, though less often than the 1920s.",The_Des_Moines_Register_1943_09_25_Page_7 (1).csv,,,
1,1939,1939-10-21,Georgetown Scott County (KY),Visitor,Richmond Madison Central (KY),0,39,4.9,1007,"Margin (-39) is a 1.7-sigma outlier vs this team's usual margin (4.9 avg). | Recurs across 35 different seasons vs this same opponent -- looks like a real, stable HS conference rivalry. | 1930s/early-1940s season -- crossover games still happened, though less often than the 1920s.",Lexington_Herald_Leader_1939_10_21_6.csv,,,
1,1939,1939-09-23,Wahpeton (ND),Visitor,Aberdeen Central (SD),0,67,-2.7,888,"Margin (-67) is a 2.7-sigma outlier vs this team's usual margin (-2.7 avg). | Recurs across 5 different seasons vs this same opponent -- looks like a real, stable HS conference rivalry. | 1930s/early-1940s season -- crossover games still happened, though less often than the 1920s.",Argus_Leader_1939_09_23_Page_3 (1).csv,,,
1,1939,1939-11-11,Austin (MN),Home,Albert Lea (MN),48,0,1.7,1094,"Margin (+48) is a 2.1-sigma outlier vs this team's usual margin (1.7 avg). | Recurs across 100 different seasons vs this same opponent -- looks like a real, stable HS conference rivalry. | 1930s/early-1940s season -- crossover games still happened, though less often than the 1920s.",Argus_Leader_1939_11_11_Page_3.csv,,,
1,1940,1940-09-21,Chadron (NE),Home,Hot Springs (SD),0,40,8.0,742,"Margin (-40) is a 2.1-sigma outlier vs this team's usual margin (8.0 avg). | Recurs across 19 different seasons vs this same opponent -- looks like a real, stable HS conference rivalry. | 1930s/early-1940s season -- crossover games still happened, though less often than the 1920s.",Argus_Leader_1940_09_21_Page_3 (1).csv,,,
1,1937,1937-10-30,Huron (SD),Home,Mitchell (SD),26,0,-4.9,908,"Margin (+26) is a 1.5-sigma outlier vs this team's usual margin (-4.9 avg). | Recurs across 82 different seasons vs this same opponent -- looks like a real, stable HS conference rivalry. | 1930s/early-1940s season -- crossover games still happened, though less often than the 1920s.",Argus_Leader_1937_10_30_Page_3 (1).csv,,,
1,1937,1937-10-16,Huron (SD),Home,Brookings (SD),38,6,-4.9,908,"Margin (+32) is a 1.8-sigma outlier vs this team's usual margin (-4.9 avg). | Recurs across 91 different seasons vs this same opponent -- looks like a real, stable HS conference rivalry. | 1930s/early-1940s season -- crossover games still happened, though less often than the 1920s.",Argus_Leader_1937_10_16_Page_3 (1).csv,,,
1,1930,1930-10-25,Yankton (SD),Home,Parker (SD),15,0,8.4,975,"1930s/early-1940s season -- crossover games still happened, though less often than the 1920s.",Argus_Leader_1930_10_25_Page_3 (3).csv,,,
1,1959,1959-09-19,Wahpeton (ND),Home,Fertile (MN),37,0,-2.7,888,"Margin (+37) is a 1.6-sigma outlier vs this team's usual margin (-2.7 avg). | This opponent pairing is a one-off (not a recurring year-over-year matchup) -- more consistent with a one-time guarantee game than a conference rivalry. | 1950 or later -- college/HS crossover games had essentially stopped by this point, so this is most likely a genuine same-name high school, not a misfiled college game.",The_Forum_1959_09_19_7.csv,,,
1,1953,1953-10-31,Sioux Falls (SD),Home,Huron (SD),46,0,7.5,125,"Opponent 'Huron (SD)' is ALSO a risk-listed college-town name -- may be a college-vs-college guarantee game misfiled as HS, or confirms both sides need a look. | Margin (+46) is a 1.7-sigma outlier vs this team's usual margin (7.5 avg). | Recurs across 4 different seasons vs this same opponent -- looks like a real, stable HS conference rivalry. | 1950 or later -- college/HS crossover games had essentially stopped by this point, so this is most likely a genuine same-name high school, not a misfiled college game.",Argus_Leader_1953_10_31_Page_6.csv,,,
1,1949,1949-09-17,Grinnell (IA),Home,Central Community (IA),27,13,1.7,1110,This opponent pairing is a one-off (not a recurring year-over-year matchup) -- more consistent with a one-time guarantee game than a conference rivalry.,The_Des_Moines_Register_1949_09_17_Page_10.csv,,,
1,1942,1942-09-26,Ashland (OH),Home,Norwalk (OH),33,0,1.4,651,"Margin (+33) is a 1.6-sigma outlier vs this team's usual margin (1.4 avg). | Recurs across 4 different seasons vs this same opponent -- looks like a real, stable HS conference rivalry. | 1930s/early-1940s season -- crossover games still happened, though less often than the 1920s.",The_Akron_Beacon_Journal_1942_09_26_Page_10 (1).csv,,,
1,1942,1942-10-10,Ashland (OH),Home,Shelby (OH),40,6,1.4,651,"Margin (+34) is a 1.6-sigma outlier vs this team's usual margin (1.4 avg). | Recurs across 40 different seasons vs this same opponent -- looks like a real, stable HS conference rivalry. | 1930s/early-1940s season -- crossover games still happened, though less often than the 1920s.",The_Akron_Beacon_Journal_1942_10_10_Page_10 (1).csv,,,
1,1942,1942-11-07,Wooster (OH),Home,Doylestown Chippewa (OH),32,0,0.1,1005,"1930s/early-1940s season -- crossover games still happened, though less often than the 1920s.",The_Akron_Beacon_Journal_1942_11_07_Page_10.csv,,,
1,1942,1942-11-21,Defiance (OH),Home,Montpelier (OH),53,6,-1.0,862,"Margin (+47) is a 2.0-sigma outlier vs this team's usual margin (-1.0 avg). | Recurs across 22 different seasons vs this same opponent -- looks like a real, stable HS conference rivalry. | 1930s/early-1940s season -- crossover games still happened, though less often than the 1920s.",The_Akron_Beacon_Journal_1942_11_21_Page_10.csv,,,
1,1944,1944-10-21,Findlay (OH),Home,Maria Stein Marion Local (OH),20,14,2.7,1201,"1930s/early-1940s season -- crossover games still happened, though less often than the 1920s.",The_Akron_Beacon_Journal_1944_10_21_Page_8 (1).csv,,,
1,1943,1943-10-02,Huron (SD),Visitor,Sioux City Central (IA),0,13,-4.9,908,"1930s/early-1940s season -- crossover games still happened, though less often than the 1920s.",The_Des_Moines_Register_1943_10_02_Page_7 (1).csv,,,
1,1942,1942-10-24,Grinnell (IA),Visitor,Ames (IA),0,46,1.7,1110,"Margin (-46) is a 2.1-sigma outlier vs this team's usual margin (1.7 avg). | Recurs across 39 different seasons vs this same opponent -- looks like a real, stable HS conference rivalry. | 1930s/early-1940s season -- crossover games still happened, though less often than the 1920s.",The_Des_Moines_Register_1942_10_24_Page_8.csv,,,
1,1949,1949-10-29,Yankton (SD),Home,Huron (SD),27,0,8.4,975,"Opponent 'Huron (SD)' is ALSO a risk-listed college-town name -- may be a college-vs-college guarantee game misfiled as HS, or confirms both sides need a look. | Recurs across 83 different seasons vs this same opponent -- looks like a real, stable HS conference rivalry.",Argus_Leader_1949_10_29_Page_3.csv,,,
1,1949,1949-09-24,Yankton (SD),Home,Sioux Falls (SD),19,6,8.4,975,"Opponent 'Sioux Falls (SD)' is ALSO a risk-listed college-town name -- may be a college-vs-college guarantee game misfiled as HS, or confirms both sides need a look. | Recurs across 3 different seasons vs this same opponent -- looks like a real, stable HS conference rivalry.",Argus_Leader_1949_09_24_Page_3.csv,,,
1,1948,1948-09-25,Yankton (SD),Home,Sioux Falls (SD),13,0,8.4,975,"Opponent 'Sioux Falls (SD)' is ALSO a risk-listed college-town name -- may be a college-vs-college guarantee game misfiled as HS, or confirms both sides need a look. | Recurs across 3 different seasons vs this same opponent -- looks like a real, stable HS conference rivalry.",Argus_Leader_1948_09_25_Page_3.csv,,,
1,1945,1945-10-06,Huron (SD),Home,Yankton (SD),13,6,-4.9,908,"Opponent 'Yankton (SD)' is ALSO a risk-listed college-town name -- may be a college-vs-college guarantee game misfiled as HS, or confirms both sides need a look. | Recurs across 83 different seasons vs this same opponent -- looks like a real, stable HS conference rivalry.",Argus_Leader_1945_10_06_Page_3.csv,,,
1,1943,1943-10-23,Huron (SD),Home,Madison (MN),37,6,-4.9,908,"Margin (+31) is a 1.8-sigma outlier vs this team's usual margin (-4.9 avg). | Recurs across 52 different seasons vs this same opponent -- looks like a real, stable HS conference rivalry. | 1930s/early-1940s season -- crossover games still happened, though less often than the 1920s.",Argus_Leader_1943_10_23_Page_3.csv,,,
1,1943,1943-09-18,Huron (SD),Home,Redfield (IA),51,0,-4.9,908,"Margin (+51) is a 2.8-sigma outlier vs this team's usual margin (-4.9 avg). | Recurs across 10 different seasons vs this same opponent -- looks like a real, stable HS conference rivalry. | 1930s/early-1940s season -- crossover games still happened, though less often than the 1920s.",Argus_Leader_1943_09_18_Page_3.csv,,,
1,1942,1942-09-19,Huron (SD),Home,Madison (MN),32,0,-4.9,908,"Margin (+32) is a 1.8-sigma outlier vs this team's usual margin (-4.9 avg). | Recurs across 52 different seasons vs this same opponent -- looks like a real, stable HS conference rivalry. | 1930s/early-1940s season -- crossover games still happened, though less often than the 1920s.",Argus_Leader_1942_09_19_Page_3.csv,,,
1,1942,1942-10-03,Huron (SD),Home,Sioux City Central (IA),20,0,-4.9,908,"1930s/early-1940s season -- crossover games still happened, though less often than the 1920s.",Argus_Leader_1942_10_03_Page_3.csv,,,
1,1942,1942-10-17,Huron (SD),Home,Pierre T.F. Riggs (SD),40,6,-4.9,908,"Margin (+34) is a 1.9-sigma outlier vs this team's usual margin (-4.9 avg). | Recurs across 80 different seasons vs this same opponent -- looks like a real, stable HS conference rivalry. | 1930s/early-1940s season -- crossover games still happened, though less often than the 1920s.",Argus_Leader_1942_10_17_Page_3.csv,,,
1,1936,1936-10-24,Alma (MI),Home,Saint Louis (MI),53,0,-1.0,641,"Margin (+53) is a 2.5-sigma outlier vs this team's usual margin (-1.0 avg). | Recurs across 21 different seasons vs this same opponent -- looks like a real, stable HS conference rivalry. | 1930s/early-1940s season -- crossover games still happened, though less often than the 1920s.",The_Bay_City_Times_1936_10_24_7.csv,,,
1,1937,1937-10-23,Alma (MI),Home,Ithaca (MI),64,0,-1.0,641,"Margin (+64) is a 3.0-sigma outlier vs this team's usual margin (-1.0 avg). | Recurs across 5 different seasons vs this same opponent -- looks like a real, stable HS conference rivalry. | 1930s/early-1940s season -- crossover games still happened, though less often than the 1920s.",The_Bay_City_Times_1937_10_23_2.csv,,,
1,1941,1941-10-25,Pikeville (KY),Home,Jenkins (KY),55,0,12.2,1276,"Margin (+55) is a 1.6-sigma outlier vs this team's usual margin (12.2 avg). | Recurs across 59 different seasons vs this same opponent -- looks like a real, stable HS conference rivalry. | 1930s/early-1940s season -- crossover games still happened, though less often than the 1920s.",Lexington_Herald_Leader_1941_10_25_6.csv,,,
1,1935,1935-09-21,Alma (MI),Home,Ithaca (MI),35,0,-1.0,641,"Margin (+35) is a 1.7-sigma outlier vs this team's usual margin (-1.0 avg). | Recurs across 5 different seasons vs this same opponent -- looks like a real, stable HS conference rivalry. | 1930s/early-1940s season -- crossover games still happened, though less often than the 1920s.",The_Bay_City_Times_1935_09_21_7.csv,,,
1,1935,1935-11-02,Albion (MI),Home,Eaton Rapids (MI),45,13,-4.1,550,"Margin (+32) is a 1.6-sigma outlier vs this team's usual margin (-4.1 avg). | Recurs across 3 different seasons vs this same opponent -- looks like a real, stable HS conference rivalry. | 1930s/early-1940s season -- crossover games still happened, though less often than the 1920s.",The_Bay_City_Times_1935_11_02_7.csv,,,
1,1930,1930-10-11,Adrian (MI),Home,Wyandotte Roosevelt (MI),12,0,0.9,877,"1930s/early-1940s season -- crossover games still happened, though less often than the 1920s.",The_Bay_City_Times_1930_10_11_5.csv,,,
1,1931,1931-10-03,Adrian (MI),Home,Howell (MI),40,6,0.9,877,"Margin (+34) is a 1.6-sigma outlier vs this team's usual margin (0.9 avg). | Recurs across 4 different seasons vs this same opponent -- looks like a real, stable HS conference rivalry. | 1930s/early-1940s season -- crossover games still happened, though less often than the 1920s.",The_Bay_City_Times_1931_10_03_5.csv,,,
1,1944,1944-11-11,Findlay (OH),Home,Fostoria (OH),44,6,2.7,1201,"Margin (+38) is a 1.6-sigma outlier vs this team's usual margin (2.7 avg). | Recurs across 53 different seasons vs this same opponent -- looks like a real, stable HS conference rivalry. | 1930s/early-1940s season -- crossover games still happened, though less often than the 1920s.",The_Zanesville_Signal_1944_11_11_7.csv,,,
1,1939,1939-10-07,Albion (MI),Home,East Lansing (MI),40,6,-4.1,550,"Margin (+34) is a 1.7-sigma outlier vs this team's usual margin (-4.1 avg). | Recurs across 25 different seasons vs this same opponent -- looks like a real, stable HS conference rivalry. | 1930s/early-1940s season -- crossover games still happened, though less often than the 1920s.",Lansing_State_Journal_1939_10_07_Page_10.csv,,,
1,1941,1941-09-27,Adrian (MI),Home,Morenci (MI),34,0,0.9,877,"Margin (+34) is a 1.6-sigma outlier vs this team's usual margin (0.9 avg). | Recurs across 3 different seasons vs this same opponent -- looks like a real, stable HS conference rivalry. | 1930s/early-1940s season -- crossover games still happened, though less often than the 1920s.",Lansing_State_Journal_1941_09_27_Page_10.csv,,,
1,1947,1947-09-27,Ashland (OH),Home,Canton Township (OH),19,13,1.4,651,This opponent pairing is a one-off (not a recurring year-over-year matchup) -- more consistent with a one-time guarantee game than a conference rivalry.,The_Akron_Beacon_Journal_1947_09_27_Page_10.csv,,,
1,1958,1958-09-20,Carthage (IL),Home,Carthage (IL),19,19,14.4,457,"Opponent 'Carthage (IL)' is ALSO a risk-listed college-town name -- may be a college-vs-college guarantee game misfiled as HS, or confirms both sides need a look. | 1950 or later -- college/HS crossover games had essentially stopped by this point, so this is most likely a genuine same-name high school, not a misfiled college game.",The_State_Journal_Register_1958_09_20_12.csv,,,
1,1946,1946-10-12,Bowling Green (OH),Home,New London (OH),28,7,-2.0,691,This opponent pairing is a one-off (not a recurring year-over-year matchup) -- more consistent with a one-time guarantee game than a conference rivalry.,The_Blade_1946_10_12_10.csv,,,
1,1945,1945-10-20,Wooster (OH),Home,Ashland (OH),0,0,0.1,1005,"Opponent 'Ashland (OH)' is ALSO a risk-listed college-town name -- may be a college-vs-college guarantee game misfiled as HS, or confirms both sides need a look. | Recurs across 59 different seasons vs this same opponent -- looks like a real, stable HS conference rivalry.",The_Akron_Beacon_Journal_1945_10_20_Page_10.csv,,,
1,1941,1941-09-20,Findlay (OH),Home,Dayton Roosevelt (OH),19,14,2.7,1201,"1930s/early-1940s season -- crossover games still happened, though less often than the 1920s.",The_Akron_Beacon_Journal_1941_09_20_Page_10 (1).csv,,,
1,1946,1946-10-19,Ashland (OH),Home,Wooster (OH),14,7,1.4,651,"Opponent 'Wooster (OH)' is ALSO a risk-listed college-town name -- may be a college-vs-college guarantee game misfiled as HS, or confirms both sides need a look. | Recurs across 59 different seasons vs this same opponent -- looks like a real, stable HS conference rivalry.",The_Akron_Beacon_Journal_1946_10_19_Page_10.csv,,,
1,1942,1942-10-17,Defiance (OH),Home,Wauseon (OH),55,0,-1.0,862,"Margin (+55) is a 2.3-sigma outlier vs this team's usual margin (-1.0 avg). | Recurs across 16 different seasons vs this same opponent -- looks like a real, stable HS conference rivalry. | 1930s/early-1940s season -- crossover games still happened, though less often than the 1920s.",The_Zanesville_Signal_1942_10_17_5.csv,,,
1,1942,1942-10-24,Bluffton (OH),Home,Columbus St. Mary's (OH),12,12,3.2,714,"1930s/early-1940s season -- crossover games still happened, though less often than the 1920s.",The_Zanesville_Signal_1942_10_24_5.csv,,,
1,1944,1944-11-04,Kearney (NE),Home,Cozad (NE),46,0,2.2,951,"Margin (+46) is a 2.0-sigma outlier vs this team's usual margin (2.2 avg). | Recurs across 13 different seasons vs this same opponent -- looks like a real, stable HS conference rivalry. | 1930s/early-1940s season -- crossover games still happened, though less often than the 1920s.",Omaha_World_Herald_1944_11_04_9.csv,,,
1,1943,1943-09-18,Defiance (OH),Home,Paulding (OH),46,9,-1.0,862,"Margin (+37) is a 1.6-sigma outlier vs this team's usual margin (-1.0 avg). | Recurs across 9 different seasons vs this same opponent -- looks like a real, stable HS conference rivalry. | 1930s/early-1940s season -- crossover games still happened, though less often than the 1920s.",The_Zanesville_Signal_1943_09_18_5.csv,,,
1,1943,1943-09-25,Marietta (OH),Home,Glouster Trimble (OH),38,12,-3.3,961,"1930s/early-1940s season -- crossover games still happened, though less often than the 1920s.",The_Zanesville_Signal_1943_09_25_5.csv,,,
1,1943,1943-10-09,Wooster (OH),Home,Medina (OH),52,0,0.1,1005,"Margin (+52) is a 2.3-sigma outlier vs this team's usual margin (0.1 avg). | Recurs across 12 different seasons vs this same opponent -- looks like a real, stable HS conference rivalry. | 1930s/early-1940s season -- crossover games still happened, though less often than the 1920s.",The_Zanesville_Signal_1943_10_09_5.csv,,,
1,1943,1943-10-23,Bluffton (OH),Home,Columbus St. Mary's (OH),7,6,3.2,714,"1930s/early-1940s season -- crossover games still happened, though less often than the 1920s.",The_Zanesville_Signal_1943_10_23_5 (1).csv,,,
1,1940,1940-09-28,Oberlin (OH),Home,Willard (OH),41,6,-5.6,712,"Margin (+35) is a 1.7-sigma outlier vs this team's usual margin (-5.6 avg). | Recurs across 11 different seasons vs this same opponent -- looks like a real, stable HS conference rivalry. | 1930s/early-1940s season -- crossover games still happened, though less often than the 1920s.",The_Akron_Beacon_Journal_1940_09_28_Page_10.csv,,,
1,1944,1944-09-23,Marietta (OH),Home,Glouster Trimble (OH),34,12,-3.3,961,"1930s/early-1940s season -- crossover games still happened, though less often than the 1920s.",The_Zanesville_Signal_1944_09_23_5.csv,,,
1,1938,1938-10-15,Chadron (NE),Visitor,Alliance (NE),6,33,8.0,742,"Margin (-27) is a 1.5-sigma outlier vs this team's usual margin (8.0 avg). | Recurs across 71 different seasons vs this same opponent -- looks like a real, stable HS conference rivalry. | 1930s/early-1940s season -- crossover games still happened, though less often than the 1920s.",Lincoln_Journal_Star_1938_10_15_11.csv,,,
1,1937,1937-09-18,Chadron (NE),Visitor,Scottsbluff (NE),0,38,8.0,742,"Margin (-38) is a 2.0-sigma outlier vs this team's usual margin (8.0 avg). | Recurs across 10 different seasons vs this same opponent -- looks like a real, stable HS conference rivalry. | 1930s/early-1940s season -- crossover games still happened, though less often than the 1920s.",Lincoln_Journal_Star_1937_09_18_5.csv,,,
1,1936,1936-10-17,Wayne (NE),Visitor,Wakefield (NE),0,54,-2.3,595,"Margin (-54) is a 2.2-sigma outlier vs this team's usual margin (-2.3 avg). | Recurs across 19 different seasons vs this same opponent -- looks like a real, stable HS conference rivalry. | 1930s/early-1940s season -- crossover games still happened, though less often than the 1920s.",Lincoln_Journal_Star_1936_10_17_5.csv,,,
1,1936,1936-10-03,Kearney (NE),Visitor,North Platte (NE),0,46,2.2,951,"Margin (-46) is a 2.2-sigma outlier vs this team's usual margin (2.2 avg). | Recurs across 94 different seasons vs this same opponent -- looks like a real, stable HS conference rivalry. | 1930s/early-1940s season -- crossover games still happened, though less often than the 1920s.",Lincoln_Journal_Star_1936_10_03_5.csv,,,
1,1945,1945-10-27,Marietta (OH),Home,Lancaster Boys' Industrial School (OH),7,6,-3.3,961,This opponent pairing is a one-off (not a recurring year-over-year matchup) -- more consistent with a one-time guarantee game than a conference rivalry.,The_Zanesville_Signal_1945_10_27_5.csv,,,
1,1948,1948-10-02,Findlay (OH),Home,Bluffton (OH),27,0,2.7,1201,"Opponent 'Bluffton (OH)' is ALSO a risk-listed college-town name -- may be a college-vs-college guarantee game misfiled as HS, or confirms both sides need a look. | Recurs across 6 different seasons vs this same opponent -- looks like a real, stable HS conference rivalry.",The_Akron_Beacon_Journal_1948_10_02_Page_10.csv,,,
1,1948,1948-10-02,Ashland (OH),Home,Cedarville (OH),21,0,1.4,651,This opponent pairing is a one-off (not a recurring year-over-year matchup) -- more consistent with a one-time guarantee game than a conference rivalry.,The_Akron_Beacon_Journal_1948_10_02_Page_10.csv,,,
1,1946,1946-09-28,Albion (MI),Home,Hillsdale (MI),13,0,-4.1,550,"Opponent 'Hillsdale (MI)' is ALSO a risk-listed college-town name -- may be a college-vs-college guarantee game misfiled as HS, or confirms both sides need a look. | Recurs across 20 different seasons vs this same opponent -- looks like a real, stable HS conference rivalry.",The_Bay_City_Times_1946_09_28_7.csv,,,
1,1946,1946-10-05,Adrian (MI),Home,Ida (MI),7,6,0.9,877,This opponent pairing is a one-off (not a recurring year-over-year matchup) -- more consistent with a one-time guarantee game than a conference rivalry.,The_Bay_City_Times_1946_10_05_5 (2).csv,,,
1,1943,1943-10-16,Adrian (MI),Home,Sylvania (OH),21,6,0.9,877,"1930s/early-1940s season -- crossover games still happened, though less often than the 1920s.",Detroit_Free_Press_1943_10_16_Page_11.csv,,,
1,1946,1946-09-21,Adrian (MI),Home,Albion (MI),20,0,0.9,877,"Opponent 'Albion (MI)' is ALSO a risk-listed college-town name -- may be a college-vs-college guarantee game misfiled as HS, or confirms both sides need a look. | Recurs across 22 different seasons vs this same opponent -- looks like a real, stable HS conference rivalry.",Lansing_State_Journal_1946_09_21_Page_8 (1).csv,,,
1,1940,1940-10-19,Hillsdale (MI),Home,Ionia (MI),41,0,-1.6,695,"Margin (+41) is a 1.7-sigma outlier vs this team's usual margin (-1.6 avg). | Recurs across 5 different seasons vs this same opponent -- looks like a real, stable HS conference rivalry. | 1930s/early-1940s season -- crossover games still happened, though less often than the 1920s.",Detroit_Free_Press_1940_10_19_Page_13.csv,,,
1,1942,1942-09-12,Wheaton (IL),Home,Riverside-Brookfield (IL),6,6,7.9,278,"1930s/early-1940s season -- crossover games still happened, though less often than the 1920s.",The_Dispatch_1942_09_12_13.csv,,,
1,1934,1934-11-10,Wayne (NE),Visitor,Coleridge (NE),2,26,-2.3,595,"1930s/early-1940s season -- crossover games still happened, though less often than the 1920s.",Lincoln_Journal_Star_1934_11_10_5.csv,,,
1,1933,1933-11-18,Chadron (NE),Visitor,Alliance (NE),0,57,8.0,742,"Margin (-57) is a 2.9-sigma outlier vs this team's usual margin (8.0 avg). | Recurs across 71 different seasons vs this same opponent -- looks like a real, stable HS conference rivalry. | 1930s/early-1940s season -- crossover games still happened, though less often than the 1920s.",Lincoln_Journal_Star_1933_11_18_12.csv,,,
1,1933,1933-11-04,Kearney (NE),Visitor,Gothenburg (NE),0,88,2.2,951,"Margin (-88) is a 4.2-sigma outlier vs this team's usual margin (2.2 avg). | Recurs across 24 different seasons vs this same opponent -- looks like a real, stable HS conference rivalry. | 1930s/early-1940s season -- crossover games still happened, though less often than the 1920s.",Lincoln_Journal_Star_1933_11_04_11.csv,,,
1,1948,1948-11-13,Adrian (MI),Home,Albion (MI),19,13,0.9,877,"Opponent 'Albion (MI)' is ALSO a risk-listed college-town name -- may be a college-vs-college guarantee game misfiled as HS, or confirms both sides need a look. | Recurs across 22 different seasons vs this same opponent -- looks like a real, stable HS conference rivalry.",The_Blade_MI_1948_11_13_10 (2).csv,,,
1,1949,1949-10-01,Danville (IL),Home,Mooresville (IN),33,13,4.2,926,This opponent pairing is a one-off (not a recurring year-over-year matchup) -- more consistent with a one-time guarantee game than a conference rivalry.,The_Indianapolis_Star_1949_10_01_20.csv,,,
1,1945,1945-10-20,Joliet (IL),Home,Gary Roosevelt (IN),34,18,-9.3,928,This opponent pairing is a one-off (not a recurring year-over-year matchup) -- more consistent with a one-time guarantee game than a conference rivalry.,The_Indianapolis_Star_1945_10_20_Page_12 (1).csv,,,
1,1946,1946-10-26,Whitewater (WI),Home,Marengo (IL),20,6,-0.9,677,This opponent pairing is a one-off (not a recurring year-over-year matchup) -- more consistent with a one-time guarantee game than a conference rivalry.,The_Capital_Times_1946_10_26_5.csv,,,
1,1947,1947-10-18,Ashland (OH),Home,Wooster (OH),26,13,1.4,651,"Opponent 'Wooster (OH)' is ALSO a risk-listed college-town name -- may be a college-vs-college guarantee game misfiled as HS, or confirms both sides need a look. | Recurs across 59 different seasons vs this same opponent -- looks like a real, stable HS conference rivalry.",The_Akron_Beacon_Journal_1947_10_18_Page_10.csv,,,
1,1949,1949-10-01,Findlay (OH),Home,Bowling Green (OH),42,7,2.7,1201,"Opponent 'Bowling Green (OH)' is ALSO a risk-listed college-town name -- may be a college-vs-college guarantee game misfiled as HS, or confirms both sides need a look. | Recurs across 38 different seasons vs this same opponent -- looks like a real, stable HS conference rivalry.",The_Blade_1949_10_01_9.csv,,,
1,1942,1942-09-26,Marietta (OH),Home,Williamstown (WV),58,0,-3.3,961,"Margin (+58) is a 2.6-sigma outlier vs this team's usual margin (-3.3 avg). | Recurs across 29 different seasons vs this same opponent -- looks like a real, stable HS conference rivalry. | 1930s/early-1940s season -- crossover games still happened, though less often than the 1920s.",The_Zanesville_Signal_1942_09_26_5.csv,,,
1,1945,1945-09-30,Eureka (IL),Home,Chicago Amundsen (IL),15,13,1.1,682,This opponent pairing is a one-off (not a recurring year-over-year matchup) -- more consistent with a one-time guarantee game than a conference rivalry.,Chicago_Tribune_1945_09_30_32 (3).csv,,,
1,1949,1949-10-22,Adrian (MI),Home,Albion (MI),34,13,0.9,877,"Opponent 'Albion (MI)' is ALSO a risk-listed college-town name -- may be a college-vs-college guarantee game misfiled as HS, or confirms both sides need a look. | Recurs across 22 different seasons vs this same opponent -- looks like a real, stable HS conference rivalry.",Lansing_State_Journal_1949_10_22_Page_12.csv,,,
1,1940,1940-10-26,Eureka (IL),Home,Dunlap (IL),45,0,1.1,682,"Margin (+45) is a 1.8-sigma outlier vs this team's usual margin (1.1 avg). | Recurs across 17 different seasons vs this same opponent -- looks like a real, stable HS conference rivalry. | 1930s/early-1940s season -- crossover games still happened, though less often than the 1920s.",The_Dispatch_1940_10_26_21 (1).csv,,,
1,1941,1941-09-27,Eureka (IL),Home,LeRoy Coop (IL),45,0,1.1,682,"Margin (+45) is a 1.8-sigma outlier vs this team's usual margin (1.1 avg). | Recurs across 12 different seasons vs this same opponent -- looks like a real, stable HS conference rivalry. | 1930s/early-1940s season -- crossover games still happened, though less often than the 1920s.",The_Dispatch_1941_09_27_15.csv,,,
1,1941,1941-10-18,DeKalb (IL),Home,Mendota (IL),26,7,-3.7,886,"1930s/early-1940s season -- crossover games still happened, though less often than the 1920s.",The_Dispatch_1941_10_18_18.csv,,,
1,1948,1948-10-09,Monmouth (IL),Home,Macomb (IL),33,6,-2.7,640,"Opponent 'Macomb (IL)' is ALSO a risk-listed college-town name -- may be a college-vs-college guarantee game misfiled as HS, or confirms both sides need a look. | Recurs across 43 different seasons vs this same opponent -- looks like a real, stable HS conference rivalry.",The_Pantagraph_1948_10_09_Page_10.csv,,,
1,1931,1931-10-17,Kearney (NE),Visitor,Crete (NE),0,19,2.2,951,"1930s/early-1940s season -- crossover games still happened, though less often than the 1920s.",Lincoln_Journal_Star_1931_10_17_9.csv,,,
1,1931,1931-09-26,York (NE),Visitor,Seward (NE),0,51,-0.5,821,"Margin (-51) is a 2.3-sigma outlier vs this team's usual margin (-0.5 avg). | Recurs across 76 different seasons vs this same opponent -- looks like a real, stable HS conference rivalry. | 1930s/early-1940s season -- crossover games still happened, though less often than the 1920s.",Lincoln_Journal_Star_1931_09_26_7.csv,,,
1,1939,1939-11-04,Grand Island (NE),Visitor,Omaha Creighton Prep (NE),0,28,6.2,931,"Margin (-28) is a 1.6-sigma outlier vs this team's usual margin (6.2 avg). | Recurs across 11 different seasons vs this same opponent -- looks like a real, stable HS conference rivalry. | 1930s/early-1940s season -- crossover games still happened, though less often than the 1920s.",Lincoln_Journal_Star_1939_11_04_11.csv,,,
1,1935,1935-11-23,York (NE),Visitor,Julesburg (CO),6,40,-0.5,821,"Margin (-34) is a 1.6-sigma outlier vs this team's usual margin (-0.5 avg). | Recurs across 3 different seasons vs this same opponent -- looks like a real, stable HS conference rivalry. | 1930s/early-1940s season -- crossover games still happened, though less often than the 1920s.",Lincoln_Journal_Star_1935_11_23_5.csv,,,
1,1942,1942-10-03,Eureka (IL),Home,Chenoa (IL),46,0,1.1,682,"Margin (+46) is a 1.9-sigma outlier vs this team's usual margin (1.1 avg). | Recurs across 12 different seasons vs this same opponent -- looks like a real, stable HS conference rivalry. | 1930s/early-1940s season -- crossover games still happened, though less often than the 1920s.",The_Dispatch_1942_10_03_12.csv,,,
1,1942,1942-10-10,DeKalb (IL),Home,Mendota (IL),20,10,-3.7,886,"1930s/early-1940s season -- crossover games still happened, though less often than the 1920s.",The_Dispatch_1942_10_10_12.csv,,,
1,1942,1942-10-31,Eureka (IL),Home,DePue (IL),42,6,1.1,682,"1930s/early-1940s season -- crossover games still happened, though less often than the 1920s.",The_Dispatch_1942_10_31_18.csv,,,
1,1943,1943-10-02,Danville (IL),Home,Carmi (IL),27,2,4.2,926,"1930s/early-1940s season -- crossover games still happened, though less often than the 1920s.",The_Dispatch_1943_10_02_9.csv,,,
1,1944,1944-10-28,Joliet (IL),Home,Freeport (IL),35,0,-9.3,928,"Margin (+35) is a 1.9-sigma outlier vs this team's usual margin (-9.3 avg). | Recurs across 24 different seasons vs this same opponent -- looks like a real, stable HS conference rivalry. | 1930s/early-1940s season -- crossover games still happened, though less often than the 1920s.",Freeport_Journal_Standard_1944_10_28_Page_5.csv,,,
1,1949,1949-09-17,Hillsdale (MI),Home,Albion (MI),13,0,-1.6,695,"Opponent 'Albion (MI)' is ALSO a risk-listed college-town name -- may be a college-vs-college guarantee game misfiled as HS, or confirms both sides need a look. | Recurs across 20 different seasons vs this same opponent -- looks like a real, stable HS conference rivalry.",Lansing_State_Journal_1949_09_17_Page_12 (1).csv,,,
1,1949,1949-09-17,Danville (IL),Home,Bridgeport (IL),39,0,4.2,926,This opponent pairing is a one-off (not a recurring year-over-year matchup) -- more consistent with a one-time guarantee game than a conference rivalry.,The_Pantagraph_1949_09_17_Page_11.csv,,,
1,1949,1949-10-08,Monmouth (IL),Home,Macomb (IL),34,13,-2.7,640,"Opponent 'Macomb (IL)' is ALSO a risk-listed college-town name -- may be a college-vs-college guarantee game misfiled as HS, or confirms both sides need a look. | Recurs across 43 different seasons vs this same opponent -- looks like a real, stable HS conference rivalry.",The_Pantagraph_1949_10_08_Page_11 (1).csv,,,
1,1947,1947-11-15,Albion (MI),Home,Adrian (MI),19,0,-4.1,550,"Opponent 'Adrian (MI)' is ALSO a risk-listed college-town name -- may be a college-vs-college guarantee game misfiled as HS, or confirms both sides need a look. | Recurs across 22 different seasons vs this same opponent -- looks like a real, stable HS conference rivalry.",Lansing_State_Journal_1947_11_15_Page_10.csv,,,
1,1949,1949-10-22,Monmouth (IL),Home,Carthage (IL),13,0,-2.7,640,"Opponent 'Carthage (IL)' is ALSO a risk-listed college-town name -- may be a college-vs-college guarantee game misfiled as HS, or confirms both sides need a look. | Recurs across 11 different seasons vs this same opponent -- looks like a real, stable HS conference rivalry.",The_Pantagraph_1949_10_22_Page_10 (1).csv,,,
1,1947,1947-09-27,Hillsdale (MI),Home,Albion (MI),7,0,-1.6,695,"Opponent 'Albion (MI)' is ALSO a risk-listed college-town name -- may be a college-vs-college guarantee game misfiled as HS, or confirms both sides need a look. | Recurs across 20 different seasons vs this same opponent -- looks like a real, stable HS conference rivalry.",Lansing_State_Journal_1947_09_27_Page_10.csv,,,
1,1949,1949-10-22,Wooster (OH),Home,Ashland (OH),13,7,0.1,1005,"Opponent 'Ashland (OH)' is ALSO a risk-listed college-town name -- may be a college-vs-college guarantee game misfiled as HS, or confirms both sides need a look. | Recurs across 59 different seasons vs this same opponent -- looks like a real, stable HS conference rivalry.",The_Akron_Beacon_Journal_1949_10_22_Page_11 (1).csv,,,
1,1945,1945-09-22,Bowling Green (OH),Home,Findlay (OH),1,6,-2.0,691,"Opponent 'Findlay (OH)' is ALSO a risk-listed college-town name -- may be a college-vs-college guarantee game misfiled as HS, or confirms both sides need a look. | Recurs across 38 different seasons vs this same opponent -- looks like a real, stable HS conference rivalry.",The_Akron_Beacon_Journal_1945_09_22_Page_10 (1).csv,,,
1,1939,1939-09-23,Hastings (NE),Visitor,Julesburg (CO),13,25,-1.5,909,"1930s/early-1940s season -- crossover games still happened, though less often than the 1920s.",Lincoln_Journal_Star_1939_09_23_11.csv,,,
1,1940,1940-09-28,Hastings (NE),Visitor,Canton Augustana Academy (SD),0,7,-1.5,909,"1930s/early-1940s season -- crossover games still happened, though less often than the 1920s.",Lincoln_Journal_Star_1940_09_28_9.csv,,,
1,1943,1943-11-13,Grand Island (NE),Visitor,Lincoln (NE),0,31,6.2,931,"Margin (-31) is a 1.7-sigma outlier vs this team's usual margin (6.2 avg). | Recurs across 90 different seasons vs this same opponent -- looks like a real, stable HS conference rivalry. | 1930s/early-1940s season -- crossover games still happened, though less often than the 1920s.",Lincoln_Journal_Star_1943_11_13_5.csv,,,
1,1943,1943-11-20,York (NE),Visitor,Lincoln Northeast (NE),0,47,-0.5,821,"Margin (-47) is a 2.2-sigma outlier vs this team's usual margin (-0.5 avg). | Recurs across 5 different seasons vs this same opponent -- looks like a real, stable HS conference rivalry. | 1930s/early-1940s season -- crossover games still happened, though less often than the 1920s.",Lincoln_Journal_Star_1943_11_20_5.csv,,,
1,1932,1932-10-15,Kearney (NE),Visitor,Crete (NE),0,27,2.2,951,"1930s/early-1940s season -- crossover games still happened, though less often than the 1920s.",Lincoln_Journal_Star_1932_10_15_7.csv,,,
1,1941,1941-09-20,Joliet (IL),Home,Chicago Heights Bloom Township (IL),32,6,-9.3,928,"Margin (+26) is a 1.5-sigma outlier vs this team's usual margin (-9.3 avg). | Recurs across 20 different seasons vs this same opponent -- looks like a real, stable HS conference rivalry. | 1930s/early-1940s season -- crossover games still happened, though less often than the 1920s.",Chicago_Tribune_1941_09_20_19.csv,,,
1,1941,1941-10-18,Joliet (IL),Home,Rockford East (IL),26,0,-9.3,928,"Margin (+26) is a 1.5-sigma outlier vs this team's usual margin (-9.3 avg). | Recurs across 14 different seasons vs this same opponent -- looks like a real, stable HS conference rivalry. | 1930s/early-1940s season -- crossover games still happened, though less often than the 1920s.",Chicago_Tribune_1941_10_18_21.csv,,,
1,1941,1941-10-25,DeKalb (IL),Home,Belvidere (IL),48,7,-3.7,886,"Margin (+41) is a 2.0-sigma outlier vs this team's usual margin (-3.7 avg). | Recurs across 13 different seasons vs this same opponent -- looks like a real, stable HS conference rivalry. | 1930s/early-1940s season -- crossover games still happened, though less often than the 1920s.",Chicago_Tribune_1941_10_25_21 (2).csv,,,
1,1945,1945-09-17,Joliet (IL),Home,Chicago Holy Trinity (IL),26,7,-9.3,928,This opponent pairing is a one-off (not a recurring year-over-year matchup) -- more consistent with a one-time guarantee game than a conference rivalry.,Chicago_Tribune_1945_09_17_20.csv,,,
1,1938,1938-11-11,Findlay (OH),Home,Lima Central (OH),46,0,2.7,1201,"Margin (+46) is a 1.9-sigma outlier vs this team's usual margin (2.7 avg). | Recurs across 36 different seasons vs this same opponent -- looks like a real, stable HS conference rivalry. | 1930s/early-1940s season -- crossover games still happened, though less often than the 1920s.",https://www.classmates.com/siteui/yearbooks/71750?page=63,,,
1,1930,1930-10-10,Ashland (OH),Home,Orrville (OH),39,7,1.4,651,"Margin (+32) is a 1.5-sigma outlier vs this team's usual margin (1.4 avg). | Recurs across 26 different seasons vs this same opponent -- looks like a real, stable HS conference rivalry. | 1930s/early-1940s season -- crossover games still happened, though less often than the 1920s.",http://www.redridersportsblog.com/,,,
1,1946,1946-09-21,Oberlin (OH),Home,Mansfield Madison Comprehensive (OH),13,12,-5.6,712,This opponent pairing is a one-off (not a recurring year-over-year matchup) -- more consistent with a one-time guarantee game than a conference rivalry.,The_Blade_1946_09_21_15.csv,,,
1,1946,1946-11-02,Defiance (OH),Home,Findlay (OH),19,6,-1.0,862,"Opponent 'Findlay (OH)' is ALSO a risk-listed college-town name -- may be a college-vs-college guarantee game misfiled as HS, or confirms both sides need a look. | Recurs across 11 different seasons vs this same opponent -- looks like a real, stable HS conference rivalry.",The_Blade_1946_11_02_9.csv,,,
1,1953,1953-10-03,Monmouth (IL),Home,Carthage (IL),35,0,-2.7,640,"Opponent 'Carthage (IL)' is ALSO a risk-listed college-town name -- may be a college-vs-college guarantee game misfiled as HS, or confirms both sides need a look. | Margin (+35) is a 1.6-sigma outlier vs this team's usual margin (-2.7 avg). | Recurs across 11 different seasons vs this same opponent -- looks like a real, stable HS conference rivalry. | 1950 or later -- college/HS crossover games had essentially stopped by this point, so this is most likely a genuine same-name high school, not a misfiled college game.",The_Pantagraph_1953_10_03_Page_7.csv,,,
1,1948,1948-10-16,Adrian (MI),Home,Hillsdale (MI),26,6,0.9,877,"Opponent 'Hillsdale (MI)' is ALSO a risk-listed college-town name -- may be a college-vs-college guarantee game misfiled as HS, or confirms both sides need a look. | Recurs across 19 different seasons vs this same opponent -- looks like a real, stable HS conference rivalry.",Lansing_State_Journal_1948_10_16_Page_12.csv,,,
1,1947,1947-11-01,Albion (MI),Home,Lansing Boys Vocational School (MI),33,18,-4.1,550,This opponent pairing is a one-off (not a recurring year-over-year matchup) -- more consistent with a one-time guarantee game than a conference rivalry.,Lansing_State_Journal_1947_11_01_Page_10.csv,,,
1,1945,1945-09-29,Grand Island (NE),Visitor,Hastings (NE),6,12,6.2,931,"Opponent 'Hastings (NE)' is ALSO a risk-listed college-town name -- may be a college-vs-college guarantee game misfiled as HS, or confirms both sides need a look. | Recurs across 62 different seasons vs this same opponent -- looks like a real, stable HS conference rivalry.",Lincoln_Journal_Star_1945_09_29_9.csv,,,
1,1950,1950-10-07,Kearney (NE),Visitor,Grand Island (NE),0,33,2.2,951,"Opponent 'Grand Island (NE)' is ALSO a risk-listed college-town name -- may be a college-vs-college guarantee game misfiled as HS, or confirms both sides need a look. | Margin (-33) is a 1.6-sigma outlier vs this team's usual margin (2.2 avg). | Recurs across 77 different seasons vs this same opponent -- looks like a real, stable HS conference rivalry. | 1950 or later -- college/HS crossover games had essentially stopped by this point, so this is most likely a genuine same-name high school, not a misfiled college game.",Omaha_World_Herald_1950_10_07_10 (1).csv,,,
1,1949,1949-11-12,Chadron (NE),Visitor,Clay Center (NE),20,21,8.0,742,This opponent pairing is a one-off (not a recurring year-over-year matchup) -- more consistent with a one-time guarantee game than a conference rivalry.,Omaha_World_Herald_1949_11_12_10.csv,,,
1,1949,1949-10-29,Grand Island (NE),Visitor,Stella Southeast Nebraska Consolidated (NE),28,52,6.2,931,This opponent pairing is a one-off (not a recurring year-over-year matchup) -- more consistent with a one-time guarantee game than a conference rivalry.,Omaha_World_Herald_1949_10_29_12 (1).csv,,,
1,1949,1949-10-01,Sioux Falls (SD),Visitor,Shenandoah (IA),12,23,7.5,125,This opponent pairing is a one-off (not a recurring year-over-year matchup) -- more consistent with a one-time guarantee game than a conference rivalry.,Omaha_World_Herald_1949_10_01_14 (1).csv,,,
1,1948,1948-09-25,Hastings (NE),Visitor,Grand Island (NE),13,43,-1.5,909,"Opponent 'Grand Island (NE)' is ALSO a risk-listed college-town name -- may be a college-vs-college guarantee game misfiled as HS, or confirms both sides need a look. | Recurs across 62 different seasons vs this same opponent -- looks like a real, stable HS conference rivalry.",Omaha_World_Herald_1948_09_25_11.csv,,,
1,1945,1945-11-03,York (NE),Visitor,Hastings (NE),6,33,-0.5,821,"Opponent 'Hastings (NE)' is ALSO a risk-listed college-town name -- may be a college-vs-college guarantee game misfiled as HS, or confirms both sides need a look. | Recurs across 40 different seasons vs this same opponent -- looks like a real, stable HS conference rivalry.",Omaha_World_Herald_1945_11_03_9.csv,,,
1,1945,1945-10-13,Kearney (NE),Visitor,Grand Island (NE),0,19,2.2,951,"Opponent 'Grand Island (NE)' is ALSO a risk-listed college-town name -- may be a college-vs-college guarantee game misfiled as HS, or confirms both sides need a look. | Recurs across 77 different seasons vs this same opponent -- looks like a real, stable HS conference rivalry.",Omaha_World_Herald_1945_10_13_11.csv,,,
1,1938,1938-11-12,Grand Island (NE),Visitor,Fairbury (NE),0,26,6.2,931,"Margin (-26) is a 1.5-sigma outlier vs this team's usual margin (6.2 avg). | Recurs across 12 different seasons vs this same opponent -- looks like a real, stable HS conference rivalry. | 1930s/early-1940s season -- crossover games still happened, though less often than the 1920s.",Lincoln_Journal_Star_1938_11_12_11.csv,,,
1,1936,1936-10-23,Ripon (WI),Home,Berlin (WI),39,0,-0.8,850,"Margin (+39) is a 1.7-sigma outlier vs this team's usual margin (-0.8 avg). | Recurs across 86 different seasons vs this same opponent -- looks like a real, stable HS conference rivalry. | 1930s/early-1940s season -- crossover games still happened, though less often than the 1920s.",http://www.riponlibrary.org,,,
1,1953,1953-10-03,Kearney (NE),Visitor,Grand Island (NE),0,61,2.2,951,"Opponent 'Grand Island (NE)' is ALSO a risk-listed college-town name -- may be a college-vs-college guarantee game misfiled as HS, or confirms both sides need a look. | Margin (-61) is a 2.9-sigma outlier vs this team's usual margin (2.2 avg). | Recurs across 77 different seasons vs this same opponent -- looks like a real, stable HS conference rivalry. | 1950 or later -- college/HS crossover games had essentially stopped by this point, so this is most likely a genuine same-name high school, not a misfiled college game.",Omaha_World_Herald_1953_10_03_10.csv,,,
1,1930,1930-11-09,Oberlin (OH),Visitor,Sandusky (OH),0,45,-5.6,712,"Margin (-45) is a 1.6-sigma outlier vs this team's usual margin (-5.6 avg). | Recurs across 14 different seasons vs this same opponent -- looks like a real, stable HS conference rivalry. | 1930s/early-1940s season -- crossover games still happened, though less often than the 1920s.",The_Plain_Dealer_1930_11_09_26 (1).csv,,,
1,1932,1932-10-01,Defiance (OH),Visitor,Tiffin Junior Order Orphans (OH),0,20,-1.0,862,"1930s/early-1940s season -- crossover games still happened, though less often than the 1920s.",The_Plain_Dealer_1932_10_01_19.csv,,,
1,1932,1932-11-20,Wooster (OH),Visitor,Barberton (OH),7,43,0.1,1005,"Margin (-36) is a 1.6-sigma outlier vs this team's usual margin (0.1 avg). | Recurs across 5 different seasons vs this same opponent -- looks like a real, stable HS conference rivalry. | 1930s/early-1940s season -- crossover games still happened, though less often than the 1920s.",The_Plain_Dealer_1932_11_20_16.csv,,,
1,1933,1933-10-15,Adrian (MI),Visitor,Toledo Woodward (OH),0,7,0.9,877,"1930s/early-1940s season -- crossover games still happened, though less often than the 1920s.",The_Plain_Dealer_1933_10_15_25 (1).csv,,,
1,1938,1938-10-15,Austin (MN),Visitor,Waterloo East (IA),13,19,1.7,1094,"1930s/early-1940s season -- crossover games still happened, though less often than the 1920s.",The_Des_Moines_Register_1938_10_15_Page_6.csv,,,
1,1938,1938-10-15,Peru (NE),Visitor,Coin (IA),0,7,-7.2,25,"1930s/early-1940s season -- crossover games still happened, though less often than the 1920s.",The_Des_Moines_Register_1938_10_15_Page_6.csv,,,
1,1943,1943-11-13,Murray Calloway County (KY),Home,Russellville (KY),55,0,-5.1,603,"Margin (+55) is a 2.3-sigma outlier vs this team's usual margin (-5.1 avg). | Recurs across 13 different seasons vs this same opponent -- looks like a real, stable HS conference rivalry. | 1930s/early-1940s season -- crossover games still happened, though less often than the 1920s.",Lexington_Herald_Leader_1943_11_13_2.csv,,,
1,1946,1946-10-04,Minot (ND),Home,Dickinson (ND),13,0,7.4,1098,"Opponent 'Dickinson (ND)' is ALSO a risk-listed college-town name -- may be a college-vs-college guarantee game misfiled as HS, or confirms both sides need a look. | Recurs across 74 different seasons vs this same opponent -- looks like a real, stable HS conference rivalry.",http://www.bhs.bismarckschools.org/bhs/bhsathletics/throwers/history-of-bismarck-high-football/,,,
1,1943,1943-09-24,Pikeville (KY),Home,Williamson (WV),0,34,12.2,1276,"Margin (-34) is a 1.7-sigma outlier vs this team's usual margin (12.2 avg). | Recurs across 17 different seasons vs this same opponent -- looks like a real, stable HS conference rivalry. | 1930s/early-1940s season -- crossover games still happened, though less often than the 1920s.",http://fourseasonsfootball.com/va.html,,,
1,1933,1933-11-03,Grinnell (IA),Home,Marengo (IL),13,7,1.7,1110,"1930s/early-1940s season -- crossover games still happened, though less often than the 1920s.",https://www.classmates.com/siteui/yearbooks/1000247876?page=38,,,
1,1933,1933-09-29,Dickinson (ND),Home,Beulah (ND),55,0,-0.9,982,"Margin (+55) is a 2.4-sigma outlier vs this team's usual margin (-0.9 avg). | Recurs across 4 different seasons vs this same opponent -- looks like a real, stable HS conference rivalry. | 1930s/early-1940s season -- crossover games still happened, though less often than the 1920s.",http://www.bhs.bismarckschools.org/bhs/bhsathletics/throwers/history-of-bismarck-high-football/,,,
1,1945,1945-10-19,Joliet Township (IL),Home,Gary Roosevelt (IN),34,18,-3.9,140,This opponent pairing is a one-off (not a recurring year-over-year matchup) -- more consistent with a one-time guarantee game than a conference rivalry.,http://ifca.zebras.net/ifca/candler/football.htm,,,
1,1936,1936-10-30,Minot (ND),Home,Devils Lake (ND),43,0,7.4,1098,"Margin (+43) is a 1.5-sigma outlier vs this team's usual margin (7.4 avg). | Recurs across 66 different seasons vs this same opponent -- looks like a real, stable HS conference rivalry. | 1930s/early-1940s season -- crossover games still happened, though less often than the 1920s.",http://www.bhs.bismarckschools.org/bhs/bhsathletics/throwers/history-of-bismarck-high-football/,,,
1,1940,1940-09-27,Dickinson (ND),Home,Hettinger (ND),45,0,-0.9,982,"Margin (+45) is a 1.9-sigma outlier vs this team's usual margin (-0.9 avg). | Recurs across 14 different seasons vs this same opponent -- looks like a real, stable HS conference rivalry. | 1930s/early-1940s season -- crossover games still happened, though less often than the 1920s.",http://www.bhs.bismarckschools.org/bhs/bhsathletics/throwers/history-of-bismarck-high-football/,,,
1,1948,1948-09-17,Wahpeton (ND),Home,Montevideo (ND),19,0,-2.7,888,This opponent pairing is a one-off (not a recurring year-over-year matchup) -- more consistent with a one-time guarantee game than a conference rivalry.,http://www.classmates.com/yearbooks/Wahpeton-High-School/4182727410?page=52,,,
1,1951,1951-09-29,Bowling Green (OH),Home,Findlay (OH),52,13,-2.0,691,"Opponent 'Findlay (OH)' is ALSO a risk-listed college-town name -- may be a college-vs-college guarantee game misfiled as HS, or confirms both sides need a look. | Margin (+39) is a 1.9-sigma outlier vs this team's usual margin (-2.0 avg). | Recurs across 38 different seasons vs this same opponent -- looks like a real, stable HS conference rivalry. | 1950 or later -- college/HS crossover games had essentially stopped by this point, so this is most likely a genuine same-name high school, not a misfiled college game.",The_Blade_1951_09_29_8.csv,,,
1,1937,1937-10-30,Grinnell (IA),Visitor,Ames (IA),0,51,1.7,1110,"Margin (-51) is a 2.3-sigma outlier vs this team's usual margin (1.7 avg). | Recurs across 39 different seasons vs this same opponent -- looks like a real, stable HS conference rivalry. | 1930s/early-1940s season -- crossover games still happened, though less often than the 1920s.",The_Des_Moines_Register_1937_10_30_Page_8.csv,,,
1,1937,1937-09-25,Yankton (SD),Visitor,Sioux City East (IA),0,33,8.4,975,"Margin (-33) is a 2.0-sigma outlier vs this team's usual margin (8.4 avg). | Recurs across 8 different seasons vs this same opponent -- looks like a real, stable HS conference rivalry. | 1930s/early-1940s season -- crossover games still happened, though less often than the 1920s.",The_Des_Moines_Register_1937_09_25_Page_8.csv,,,
1,1935,1935-10-12,Carthage (IL),Visitor,Fort Madison (IA),7,39,14.4,457,"Margin (-32) is a 1.8-sigma outlier vs this team's usual margin (14.4 avg). | Recurs across 4 different seasons vs this same opponent -- looks like a real, stable HS conference rivalry. | 1930s/early-1940s season -- crossover games still happened, though less often than the 1920s.",The_Des_Moines_Register_1935_10_12_Page_8.csv,,,
1,1935,1935-10-05,Grinnell (IA),Visitor,Oskaloosa (IA),0,34,1.7,1110,"Margin (-34) is a 1.6-sigma outlier vs this team's usual margin (1.7 avg). | Recurs across 99 different seasons vs this same opponent -- looks like a real, stable HS conference rivalry. | 1930s/early-1940s season -- crossover games still happened, though less often than the 1920s.",The_Des_Moines_Register_1935_10_05_Page_6.csv,,,
1,1933,1933-11-05,Findlay (OH),Visitor,Sandusky (OH),0,47,2.7,1201,"Margin (-47) is a 2.2-sigma outlier vs this team's usual margin (2.7 avg). | Recurs across 68 different seasons vs this same opponent -- looks like a real, stable HS conference rivalry. | 1930s/early-1940s season -- crossover games still happened, though less often than the 1920s.",The_Plain_Dealer_1933_11_05_22 (1).csv,,,
1,1944,1944-10-21,Chadron (NE),Visitor,Alliance (NE),0,32,8.0,742,"Margin (-32) is a 1.8-sigma outlier vs this team's usual margin (8.0 avg). | Recurs across 71 different seasons vs this same opponent -- looks like a real, stable HS conference rivalry. | 1930s/early-1940s season -- crossover games still happened, though less often than the 1920s.",Omaha_World_Herald_1944_10_21_9.csv,,,
1,1946,1946-09-27,Bowling Green (OH),Home,Findlay (OH),20,6,-2.0,691,"Opponent 'Findlay (OH)' is ALSO a risk-listed college-town name -- may be a college-vs-college guarantee game misfiled as HS, or confirms both sides need a look. | Recurs across 38 different seasons vs this same opponent -- looks like a real, stable HS conference rivalry.",https://www.classmates.com/siteui/yearbooks/53080?page=71,,,
1,1932,1932-09-30,Winona (MN),Home,Red Wing (MN),43,0,-3.4,915,"Margin (+43) is a 2.1-sigma outlier vs this team's usual margin (-3.4 avg). | Recurs across 53 different seasons vs this same opponent -- looks like a real, stable HS conference rivalry. | 1930s/early-1940s season -- crossover games still happened, though less often than the 1920s.",http://www.classmates.com/yearbooks/Winona-High-School/1000247827?page=42,,,
1,1950,1950-09-22,Austin (MN),Home,Rochester (MN),46,0,1.7,1094,"Opponent 'Rochester (MN)' is ALSO a risk-listed college-town name -- may be a college-vs-college guarantee game misfiled as HS, or confirms both sides need a look. | Margin (+46) is a 2.0-sigma outlier vs this team's usual margin (1.7 avg). | Recurs across 45 different seasons vs this same opponent -- looks like a real, stable HS conference rivalry. | 1950 or later -- college/HS crossover games had essentially stopped by this point, so this is most likely a genuine same-name high school, not a misfiled college game.",https://www.classmates.com/siteui/yearbooks/46451?page=68,,,
1,1935,1935-11-29,Marietta (OH),Home,Lancaster (OH),33,0,-3.3,961,"Margin (+33) is a 1.5-sigma outlier vs this team's usual margin (-3.3 avg). | Recurs across 45 different seasons vs this same opponent -- looks like a real, stable HS conference rivalry. | 1930s/early-1940s season -- crossover games still happened, though less often than the 1920s.",http://www.classmates.com/siteui/yearbooks/69658?page=85,,,
1,1933,1933-09-29,Austin (MN),Home,Austin St. Augustine (MN),50,0,1.7,1094,"Margin (+50) is a 2.2-sigma outlier vs this team's usual margin (1.7 avg). | Recurs across 3 different seasons vs this same opponent -- looks like a real, stable HS conference rivalry. | 1930s/early-1940s season -- crossover games still happened, though less often than the 1920s.",http://www.classmates.com/yearbooks/Austin-High-School/4182759217?page=86,,,
1,1944,1944-10-20,Milton (WI),Home,Wisconsin School for the Deaf (WI),45,0,7.0,758,"Margin (+45) is a 1.7-sigma outlier vs this team's usual margin (7.0 avg). | Recurs across 4 different seasons vs this same opponent -- looks like a real, stable HS conference rivalry. | 1930s/early-1940s season -- crossover games still happened, though less often than the 1920s.",https://www.classmates.com/siteui/yearbooks/1000244164?page=49,,,
1,1930,1930-09-27,Yankton (SD),Home,Springfield (SD),6,0,8.4,975,"1930s/early-1940s season -- crossover games still happened, though less often than the 1920s.",The_Forum_1930_09_27_10.csv,,,
1,1932,1932-11-04,Mankato (MN),Home,Blue Earth Area (MN),47,0,2.3,366,"Margin (+47) is a 2.3-sigma outlier vs this team's usual margin (2.3 avg). | Recurs across 9 different seasons vs this same opponent -- looks like a real, stable HS conference rivalry. | 1930s/early-1940s season -- crossover games still happened, though less often than the 1920s.",https://www.classmates.com/siteui/yearbooks/101297?page=78,,,
1,1932,1932-09-09,Ripon (WI),Home,Oconomowoc (WI),38,0,-0.8,850,"Margin (+38) is a 1.7-sigma outlier vs this team's usual margin (-0.8 avg). | Recurs across 15 different seasons vs this same opponent -- looks like a real, stable HS conference rivalry. | 1930s/early-1940s season -- crossover games still happened, though less often than the 1920s.",http://www.riponlibrary.org,,,
1,1941,1941-10-04,Albion (MI),Home,Kalamazoo Central (MI),12,0,-4.1,550,"1930s/early-1940s season -- crossover games still happened, though less often than the 1920s.",The_Bay_City_Times_1941_10_04_7.csv,,,
1,1930,1930-10-11,Jamestown (ND),Visitor,Devils Lake (ND),0,35,3.9,347,"Margin (-35) is a 1.7-sigma outlier vs this team's usual margin (3.9 avg). | Recurs across 17 different seasons vs this same opponent -- looks like a real, stable HS conference rivalry. | 1930s/early-1940s season -- crossover games still happened, though less often than the 1920s.",Star_Tribune_1930_10_11_Page_27.csv,,,
1,1931,1931-10-17,Jamestown (ND),Visitor,Mandan (ND),0,35,3.9,347,"Margin (-35) is a 1.7-sigma outlier vs this team's usual margin (3.9 avg). | Recurs across 39 different seasons vs this same opponent -- looks like a real, stable HS conference rivalry. | 1930s/early-1940s season -- crossover games still happened, though less often than the 1920s.",Star_Tribune_1931_10_17_Page_27.csv,,,
1,1931,1931-10-17,Jamestown (ND),Visitor,Mandan (ND),0,33,3.9,347,"Margin (-33) is a 1.7-sigma outlier vs this team's usual margin (3.9 avg). | Recurs across 39 different seasons vs this same opponent -- looks like a real, stable HS conference rivalry. | 1930s/early-1940s season -- crossover games still happened, though less often than the 1920s.",Star_Tribune_1931_10_17_Page_27.csv,,,
1,1936,1936-09-19,Austin (MN),Visitor,Minneapolis Central (MN),6,39,1.7,1094,"Margin (-33) is a 1.6-sigma outlier vs this team's usual margin (1.7 avg). | Recurs across 3 different seasons vs this same opponent -- looks like a real, stable HS conference rivalry. | 1930s/early-1940s season -- crossover games still happened, though less often than the 1920s.",Star_Tribune_1936_09_19_Page_20.csv,,,
1,1937,1937-10-02,Bemidji (MN),Visitor,Hibbing (MN),0,31,5.1,737,"Margin (-31) is a 1.7-sigma outlier vs this team's usual margin (5.1 avg). | Recurs across 17 different seasons vs this same opponent -- looks like a real, stable HS conference rivalry. | 1930s/early-1940s season -- crossover games still happened, though less often than the 1920s.",Star_Tribune_1937_10_02_Page_21.csv,,,
1,1937,1937-10-02,Rochester (MN),Visitor,Faribault (MN),6,45,5.8,272,"Margin (-39) is a 2.2-sigma outlier vs this team's usual margin (5.8 avg). | Recurs across 21 different seasons vs this same opponent -- looks like a real, stable HS conference rivalry. | 1930s/early-1940s season -- crossover games still happened, though less often than the 1920s.",Star_Tribune_1937_10_02_Page_21.csv,,,
1,1937,1937-10-16,Grinnell (IA),Visitor,Newton (IA),0,33,1.7,1110,"Margin (-33) is a 1.5-sigma outlier vs this team's usual margin (1.7 avg). | Recurs across 66 different seasons vs this same opponent -- looks like a real, stable HS conference rivalry. | 1930s/early-1940s season -- crossover games still happened, though less often than the 1920s.",The_Des_Moines_Register_1937_10_16_Page_14.csv,,,
1,1940,1940-10-11,Minot (ND),Home,Crosby (ND),26,0,7.4,1098,"1930s/early-1940s season -- crossover games still happened, though less often than the 1920s.",http://www.bhs.bismarckschools.org/bhs/bhsathletics/throwers/history-of-bismarck-high-football/,,,
1,1930,1930-10-10,Ripon (WI),Home,Horicon (WI),53,0,-0.8,850,"Margin (+53) is a 2.3-sigma outlier vs this team's usual margin (-0.8 avg). | Recurs across 35 different seasons vs this same opponent -- looks like a real, stable HS conference rivalry. | 1930s/early-1940s season -- crossover games still happened, though less often than the 1920s.",http://www.riponlibrary.org,,,
1,1945,1945-09-14,Austin (MN),Home,Rochester (MN),27,0,1.7,1094,"Opponent 'Rochester (MN)' is ALSO a risk-listed college-town name -- may be a college-vs-college guarantee game misfiled as HS, or confirms both sides need a look. | Recurs across 45 different seasons vs this same opponent -- looks like a real, stable HS conference rivalry.",https://www.classmates.com/siteui/yearbooks/80503?page=50,,,
1,1931,1931-10-30,Wheaton (IL),Home,Chicago Hyde Park (IL),20,0,7.9,278,"1930s/early-1940s season -- crossover games still happened, though less often than the 1920s.",https://www.classmates.com/siteui/yearbooks/72171?page=101,,,
1,1931,1931-09-18,Mankato (MN),Home,Faribault (MN),44,0,2.3,366,"Margin (+44) is a 2.2-sigma outlier vs this team's usual margin (2.3 avg). | Recurs across 40 different seasons vs this same opponent -- looks like a real, stable HS conference rivalry. | 1930s/early-1940s season -- crossover games still happened, though less often than the 1920s.",https://www.classmates.com/siteui/yearbooks/63074?page=103,,,
1,1941,1941-09-19,Ashland (OH),Home,Norwalk (OH),33,0,1.4,651,"Margin (+33) is a 1.6-sigma outlier vs this team's usual margin (1.4 avg). | Recurs across 4 different seasons vs this same opponent -- looks like a real, stable HS conference rivalry. | 1930s/early-1940s season -- crossover games still happened, though less often than the 1920s.",https://www.classmates.com/siteui/yearbooks/247977?page=80,,,
1,1935,1935-10-12,Valley City (ND),Home,Oakes (ND),54,0,1.2,953,"Margin (+54) is a 2.2-sigma outlier vs this team's usual margin (1.2 avg). | Recurs across 7 different seasons vs this same opponent -- looks like a real, stable HS conference rivalry. | 1930s/early-1940s season -- crossover games still happened, though less often than the 1920s.",The_Forum_1935_10_12_12.csv,,,
1,1951,1951-10-05,Winona (MN),Home,Rochester (MN),32,0,-3.4,915,"Opponent 'Rochester (MN)' is ALSO a risk-listed college-town name -- may be a college-vs-college guarantee game misfiled as HS, or confirms both sides need a look. | Margin (+32) is a 1.6-sigma outlier vs this team's usual margin (-3.4 avg). | Recurs across 31 different seasons vs this same opponent -- looks like a real, stable HS conference rivalry. | 1950 or later -- college/HS crossover games had essentially stopped by this point, so this is most likely a genuine same-name high school, not a misfiled college game.",https://www.classmates.com/siteui/yearbooks/4182848116?page=71,,,
1,1935,1935-11-09,Macomb (IL),Visitor,Moline (IL),0,53,1.2,729,"Margin (-53) is a 2.3-sigma outlier vs this team's usual margin (1.2 avg). | Recurs across 3 different seasons vs this same opponent -- looks like a real, stable HS conference rivalry. | 1930s/early-1940s season -- crossover games still happened, though less often than the 1920s.",The_Pantagraph_1935_11_09_Page_10.csv,,,
1,1944,1944-10-21,Dickinson (ND),Visitor,Williston (ND),0,39,-0.9,982,"Margin (-39) is a 1.6-sigma outlier vs this team's usual margin (-0.9 avg). | Recurs across 94 different seasons vs this same opponent -- looks like a real, stable HS conference rivalry. | 1930s/early-1940s season -- crossover games still happened, though less often than the 1920s.",Star_Tribune_1944_10_21_Page_8 (1).csv,,,
1,1945,1945-09-29,Wahpeton (ND),Visitor,Fargo Sacred Heart (ND),6,13,-2.7,888,This opponent pairing is a one-off (not a recurring year-over-year matchup) -- more consistent with a one-time guarantee game than a conference rivalry.,Star_Tribune_1945_09_29_Page_7 (1).csv,,,
1,1945,1945-10-13,Winona (MN),Visitor,Mankato (MN),7,28,-3.4,915,"Opponent 'Mankato (MN)' is ALSO a risk-listed college-town name -- may be a college-vs-college guarantee game misfiled as HS, or confirms both sides need a look. | Recurs across 32 different seasons vs this same opponent -- looks like a real, stable HS conference rivalry.",Star_Tribune_1945_10_13_Page_7.csv,,,
1,1945,1945-10-20,Austin (MN),Visitor,Winona (MN),6,12,1.7,1094,"Opponent 'Winona (MN)' is ALSO a risk-listed college-town name -- may be a college-vs-college guarantee game misfiled as HS, or confirms both sides need a look. | Recurs across 91 different seasons vs this same opponent -- looks like a real, stable HS conference rivalry.",Star_Tribune_1945_10_20_Page_7.csv,,,
1,1945,1945-11-10,Winona (MN),Visitor,Rochester (MN),0,14,-3.4,915,"Opponent 'Rochester (MN)' is ALSO a risk-listed college-town name -- may be a college-vs-college guarantee game misfiled as HS, or confirms both sides need a look. | Recurs across 31 different seasons vs this same opponent -- looks like a real, stable HS conference rivalry.",Star_Tribune_1945_11_10_Page_7.csv,,,
1,1946,1946-09-28,Rochester (MN),Visitor,Austin (MN),0,6,5.8,272,"Opponent 'Austin (MN)' is ALSO a risk-listed college-town name -- may be a college-vs-college guarantee game misfiled as HS, or confirms both sides need a look. | Recurs across 45 different seasons vs this same opponent -- looks like a real, stable HS conference rivalry.",Star_Tribune_1946_09_28_Page_9.csv,,,
1,1930,1930-09-27,River Falls (WI),Visitor,Hastings (MN),0,49,2.3,556,"Margin (-49) is a 2.4-sigma outlier vs this team's usual margin (2.3 avg). | Recurs across 3 different seasons vs this same opponent -- looks like a real, stable HS conference rivalry. | 1930s/early-1940s season -- crossover games still happened, though less often than the 1920s.",Star_Tribune_1930_09_27_Page_30.csv,,,
1,1936,1936-09-19,Murray Calloway County (KY),Home,Greenfield (TN),15,7,-5.1,603,"1930s/early-1940s season -- crossover games still happened, though less often than the 1920s.",Lexington_Herald_Leader_1936_09_19_8.csv,,,
1,1935,1935-09-27,Austin (MN),Home,Minneapolis Marshall (MN),20,6,1.7,1094,"1930s/early-1940s season -- crossover games still happened, though less often than the 1920s.",http://www.classmates.com/yearbooks/Austin-High-School/62106?page=86,,,
1,1935,1935-10-25,Joliet (IL),Home,Freeport (IL),27,0,-9.3,928,"Margin (+27) is a 1.6-sigma outlier vs this team's usual margin (-9.3 avg). | Recurs across 24 different seasons vs this same opponent -- looks like a real, stable HS conference rivalry. | 1930s/early-1940s season -- crossover games still happened, though less often than the 1920s.",http://www.classmates.com/siteui/yearbooks/4182790791?page=132,,,
1,1936,1936-09-18,Alma (MI),Home,Ithaca (MI),32,0,-1.0,641,"Margin (+32) is a 1.5-sigma outlier vs this team's usual margin (-1.0 avg). | Recurs across 5 different seasons vs this same opponent -- looks like a real, stable HS conference rivalry. | 1930s/early-1940s season -- crossover games still happened, though less often than the 1920s.",http://www.classmates.com/yearbooks/Ithaca-High-School/58447?page=62,,,
1,1945,1945-09-21,Bowling Green (OH),Home,Findlay (OH),7,6,-2.0,691,"Opponent 'Findlay (OH)' is ALSO a risk-listed college-town name -- may be a college-vs-college guarantee game misfiled as HS, or confirms both sides need a look. | Recurs across 38 different seasons vs this same opponent -- looks like a real, stable HS conference rivalry.",https://www.classmates.com/siteui/yearbooks/54611?page=48,,,
1,1930,1930-10-03,Dickinson (ND),Home,Heart River co-op [Belfield-South Heart] (ND),61,0,-0.9,982,"Margin (+61) is a 2.6-sigma outlier vs this team's usual margin (-0.9 avg). | Recurs across 7 different seasons vs this same opponent -- looks like a real, stable HS conference rivalry. | 1930s/early-1940s season -- crossover games still happened, though less often than the 1920s.",http://www.bhs.bismarckschools.org/bhs/bhsathletics/throwers/history-of-bismarck-high-football/,,,
1,1936,1936-09-25,Marietta (OH),Home,Saint Marys (WV),32,0,-3.3,961,"Margin (+32) is a 1.5-sigma outlier vs this team's usual margin (-3.3 avg). | Recurs across 28 different seasons vs this same opponent -- looks like a real, stable HS conference rivalry. | 1930s/early-1940s season -- crossover games still happened, though less often than the 1920s.",http://fourseasonsfootball.com/va.html,,,
1,1930,1930-09-19,Monmouth (IL),Home,Geneseo (IL),47,7,-2.7,640,"Margin (+40) is a 1.8-sigma outlier vs this team's usual margin (-2.7 avg). | Recurs across 31 different seasons vs this same opponent -- looks like a real, stable HS conference rivalry. | 1930s/early-1940s season -- crossover games still happened, though less often than the 1920s.",http://geneseofootball.com/,,,
1,1945,1945-09-22,Jamestown (ND),Home,Wahpeton (ND),30,6,3.9,347,"Opponent 'Wahpeton (ND)' is ALSO a risk-listed college-town name -- may be a college-vs-college guarantee game misfiled as HS, or confirms both sides need a look. | Recurs across 17 different seasons vs this same opponent -- looks like a real, stable HS conference rivalry.",The_Forum_1945_09_22_6.csv,,,
1,1935,1935-09-27,Ripon (WI),Home,Oconomowoc (WI),42,6,-0.8,850,"Margin (+36) is a 1.6-sigma outlier vs this team's usual margin (-0.8 avg). | Recurs across 15 different seasons vs this same opponent -- looks like a real, stable HS conference rivalry. | 1930s/early-1940s season -- crossover games still happened, though less often than the 1920s.",http://www.riponlibrary.org,,,
1,1946,1946-10-19,Winona (MN),Visitor,Austin (MN),13,14,-3.4,915,"Opponent 'Austin (MN)' is ALSO a risk-listed college-town name -- may be a college-vs-college guarantee game misfiled as HS, or confirms both sides need a look. | Recurs across 91 different seasons vs this same opponent -- looks like a real, stable HS conference rivalry.",Star_Tribune_1946_10_19_Page_12.csv,,,
1,1947,1947-09-20,Rochester (MN),Visitor,White Bear Lake (MN),6,13,5.8,272,This opponent pairing is a one-off (not a recurring year-over-year matchup) -- more consistent with a one-time guarantee game than a conference rivalry.,Star_Tribune_1947_09_20_Page_10.csv,,,
1,1947,1947-10-11,Winona (MN),Visitor,Mankato (MN),0,27,-3.4,915,"Opponent 'Mankato (MN)' is ALSO a risk-listed college-town name -- may be a college-vs-college guarantee game misfiled as HS, or confirms both sides need a look. | Recurs across 32 different seasons vs this same opponent -- looks like a real, stable HS conference rivalry.",Star_Tribune_1947_10_11_Page_11.csv,,,
1,1947,1947-10-18,Winona (MN),Visitor,Austin (MN),14,32,-3.4,915,"Opponent 'Austin (MN)' is ALSO a risk-listed college-town name -- may be a college-vs-college guarantee game misfiled as HS, or confirms both sides need a look. | Recurs across 91 different seasons vs this same opponent -- looks like a real, stable HS conference rivalry.",Star_Tribune_1947_10_18_Page_14.csv,,,
1,1947,1947-11-08,Winona (MN),Visitor,Rochester (MN),12,25,-3.4,915,"Opponent 'Rochester (MN)' is ALSO a risk-listed college-town name -- may be a college-vs-college guarantee game misfiled as HS, or confirms both sides need a look. | Recurs across 31 different seasons vs this same opponent -- looks like a real, stable HS conference rivalry.",Star_Tribune_1947_11_08_Page_11.csv,,,
1,1948,1948-10-16,Mankato (MN),Visitor,Winona (MN),6,7,2.3,366,"Opponent 'Winona (MN)' is ALSO a risk-listed college-town name -- may be a college-vs-college guarantee game misfiled as HS, or confirms both sides need a look. | Recurs across 32 different seasons vs this same opponent -- looks like a real, stable HS conference rivalry.",Star_Tribune_1948_10_16_Page_14.csv,,,
1,1948,1948-10-23,Winona (MN),Visitor,Austin (MN),14,40,-3.4,915,"Opponent 'Austin (MN)' is ALSO a risk-listed college-town name -- may be a college-vs-college guarantee game misfiled as HS, or confirms both sides need a look. | Recurs across 91 different seasons vs this same opponent -- looks like a real, stable HS conference rivalry.",Star_Tribune_1948_10_23_Page_14.csv,,,
1,1949,1949-10-01,Rochester (MN),Visitor,Austin (MN),13,21,5.8,272,"Opponent 'Austin (MN)' is ALSO a risk-listed college-town name -- may be a college-vs-college guarantee game misfiled as HS, or confirms both sides need a look. | Recurs across 45 different seasons vs this same opponent -- looks like a real, stable HS conference rivalry.",Star_Tribune_1949_10_01_Page_16 (2).csv,,,
1,1949,1949-10-15,Mankato (MN),Visitor,Winona (MN),6,7,2.3,366,"Opponent 'Winona (MN)' is ALSO a risk-listed college-town name -- may be a college-vs-college guarantee game misfiled as HS, or confirms both sides need a look. | Recurs across 32 different seasons vs this same opponent -- looks like a real, stable HS conference rivalry.",Star_Tribune_1949_10_15_Page_16.csv,,,
1,1949,1949-10-22,Winona (MN),Visitor,Austin (MN),6,22,-3.4,915,"Opponent 'Austin (MN)' is ALSO a risk-listed college-town name -- may be a college-vs-college guarantee game misfiled as HS, or confirms both sides need a look. | Recurs across 91 different seasons vs this same opponent -- looks like a real, stable HS conference rivalry.",Star_Tribune_1949_10_22_Page_17.csv,,,
1,1953,1953-10-10,Mankato (MN),Visitor,Austin (MN),20,47,2.3,366,"Opponent 'Austin (MN)' is ALSO a risk-listed college-town name -- may be a college-vs-college guarantee game misfiled as HS, or confirms both sides need a look. | Margin (-27) is a 1.5-sigma outlier vs this team's usual margin (2.3 avg). | Recurs across 32 different seasons vs this same opponent -- looks like a real, stable HS conference rivalry. | 1950 or later -- college/HS crossover games had essentially stopped by this point, so this is most likely a genuine same-name high school, not a misfiled college game.",Star_Tribune_1953_10_10_Page_22.csv,,,
1,1938,1938-10-29,Rochester (MN),Visitor,Red Wing (MN),0,39,5.8,272,"Margin (-39) is a 2.2-sigma outlier vs this team's usual margin (5.8 avg). | Recurs across 31 different seasons vs this same opponent -- looks like a real, stable HS conference rivalry. | 1930s/early-1940s season -- crossover games still happened, though less often than the 1920s.",Star_Tribune_1938_10_29_Page_18 (1).csv,,,
1,1932,1932-10-14,Mankato (MN),Home,Owatonna (MN),32,0,2.3,366,"Margin (+32) is a 1.6-sigma outlier vs this team's usual margin (2.3 avg). | Recurs across 34 different seasons vs this same opponent -- looks like a real, stable HS conference rivalry. | 1930s/early-1940s season -- crossover games still happened, though less often than the 1920s.",https://www.classmates.com/siteui/yearbooks/101297?page=78,,,
1,1959,1959-10-02,Austin (MN),Home,Winona (MN),53,8,1.7,1094,"Opponent 'Winona (MN)' is ALSO a risk-listed college-town name -- may be a college-vs-college guarantee game misfiled as HS, or confirms both sides need a look. | Margin (+45) is a 2.0-sigma outlier vs this team's usual margin (1.7 avg). | Recurs across 91 different seasons vs this same opponent -- looks like a real, stable HS conference rivalry. | 1950 or later -- college/HS crossover games had essentially stopped by this point, so this is most likely a genuine same-name high school, not a misfiled college game.",http://www.classmates.com/yearbooks/Austin-High-School/4182759218?page=60,,,
1,1940,1940-10-05,Moorhead (MN),Visitor,Fergus Falls (MN),9,34,7.8,900,"Margin (-25) is a 1.6-sigma outlier vs this team's usual margin (7.8 avg). | Recurs across 52 different seasons vs this same opponent -- looks like a real, stable HS conference rivalry. | 1930s/early-1940s season -- crossover games still happened, though less often than the 1920s.",The_Forum_1940_10_05_9.csv,,,
1,1931,1931-10-24,Mayville (ND),Visitor,Hatton (ND),0,41,-3.0,134,"Margin (-41) is a 1.6-sigma outlier vs this team's usual margin (-3.0 avg). | Recurs across 9 different seasons vs this same opponent -- looks like a real, stable HS conference rivalry. | 1930s/early-1940s season -- crossover games still happened, though less often than the 1920s.",The_Forum_1931_10_24_13.csv,,,
1,1954,1954-10-30,Minot (ND),Visitor,Jamestown (ND),0,32,7.4,1098,"Opponent 'Jamestown (ND)' is ALSO a risk-listed college-town name -- may be a college-vs-college guarantee game misfiled as HS, or confirms both sides need a look. | Margin (-32) is a 1.7-sigma outlier vs this team's usual margin (7.4 avg). | Recurs across 25 different seasons vs this same opponent -- looks like a real, stable HS conference rivalry. | 1950 or later -- college/HS crossover games had essentially stopped by this point, so this is most likely a genuine same-name high school, not a misfiled college game.",The_Forum_1954_10_30_11.csv,,,
1,1938,1938-10-01,Minot (ND),Visitor,Fargo (ND),0,32,7.4,1098,"Margin (-32) is a 1.7-sigma outlier vs this team's usual margin (7.4 avg). | Recurs across 6 different seasons vs this same opponent -- looks like a real, stable HS conference rivalry. | 1930s/early-1940s season -- crossover games still happened, though less often than the 1920s.",The_Forum_1938_10_01_7.csv,,,
1,1938,1938-10-08,Mayville (ND),Visitor,Hillsboro (ND),2,47,-3.0,134,"Margin (-45) is a 1.8-sigma outlier vs this team's usual margin (-3.0 avg). | Recurs across 24 different seasons vs this same opponent -- looks like a real, stable HS conference rivalry. | 1930s/early-1940s season -- crossover games still happened, though less often than the 1920s.",The_Forum_1938_10_08_7.csv,,,
1,1931,1931-10-31,Wahpeton (ND),Visitor,Oakes (ND),0,0,-2.7,888,"1930s/early-1940s season -- crossover games still happened, though less often than the 1920s.",The_Forum_1931_10_31_11.csv,,,
1,1938,1938-10-01,Bemidji (MN),Visitor,Hibbing (MN),0,33,5.1,737,"Margin (-33) is a 1.8-sigma outlier vs this team's usual margin (5.1 avg). | Recurs across 17 different seasons vs this same opponent -- looks like a real, stable HS conference rivalry. | 1930s/early-1940s season -- crossover games still happened, though less often than the 1920s.",The_Minneapolis_Star_1938_10_01_Page_31.csv,,,
1,1946,1946-10-12,Moorhead (MN),Visitor,Wahpeton (ND),0,19,7.8,900,"Opponent 'Wahpeton (ND)' is ALSO a risk-listed college-town name -- may be a college-vs-college guarantee game misfiled as HS, or confirms both sides need a look. | Recurs across 22 different seasons vs this same opponent -- looks like a real, stable HS conference rivalry.",Star_Tribune_1946_10_12_Page_10.csv,,,
1,1941,1941-10-11,Dickinson (ND),Home,Mott (ND),60,6,-0.9,982,"Margin (+54) is a 2.3-sigma outlier vs this team's usual margin (-0.9 avg). | Recurs across 7 different seasons vs this same opponent -- looks like a real, stable HS conference rivalry. | 1930s/early-1940s season -- crossover games still happened, though less often than the 1920s.",The_Forum_1941_10_11_7.csv,,,
1,1930,1930-10-24,Findlay (OH),Home,Marion Harding (OH),45,0,2.7,1201,"Margin (+45) is a 1.9-sigma outlier vs this team's usual margin (2.7 avg). | Recurs across 75 different seasons vs this same opponent -- looks like a real, stable HS conference rivalry. | 1930s/early-1940s season -- crossover games still happened, though less often than the 1920s.",https://www.classmates.com/siteui/yearbooks/54026?page=116,,,
1,1930,1930-10-03,Ripon (WI),Home,Columbus (WI),41,6,-0.8,850,"Margin (+35) is a 1.5-sigma outlier vs this team's usual margin (-0.8 avg). | Recurs across 48 different seasons vs this same opponent -- looks like a real, stable HS conference rivalry. | 1930s/early-1940s season -- crossover games still happened, though less often than the 1920s.",http://www.riponlibrary.org,,,
1,1946,1946-10-19,Defiance (OH),Home,Findlay (OH),7,6,-1.0,862,"Opponent 'Findlay (OH)' is ALSO a risk-listed college-town name -- may be a college-vs-college guarantee game misfiled as HS, or confirms both sides need a look. | Recurs across 11 different seasons vs this same opponent -- looks like a real, stable HS conference rivalry.",The_Blade_1946_10_19_9.csv,,,
1,1933,1933-11-03,Austin (MN),Home,Owatonna (MN),46,0,1.7,1094,"Margin (+46) is a 2.0-sigma outlier vs this team's usual margin (1.7 avg). | Recurs across 93 different seasons vs this same opponent -- looks like a real, stable HS conference rivalry. | 1930s/early-1940s season -- crossover games still happened, though less often than the 1920s.",http://www.classmates.com/yearbooks/Austin-High-School/4182759217?page=86,,,
1,1944,1944-08-18,Murray (KY),Home,Huntingdon (TN),44,7,7.5,832,"1930s/early-1940s season -- crossover games still happened, though less often than the 1920s.",,,,
1,1940,1940-11-02,Albion (MI),Home,Eaton Rapids (MI),33,0,-4.1,550,"Margin (+33) is a 1.7-sigma outlier vs this team's usual margin (-4.1 avg). | Recurs across 3 different seasons vs this same opponent -- looks like a real, stable HS conference rivalry. | 1930s/early-1940s season -- crossover games still happened, though less often than the 1920s.",Lansing_State_Journal_1940_11_02_Page_9.csv,,,
1,1947,1947-09-27,Grand Island (NE),Home,Hastings (NE),28,7,6.2,931,"Opponent 'Hastings (NE)' is ALSO a risk-listed college-town name -- may be a college-vs-college guarantee game misfiled as HS, or confirms both sides need a look. | Recurs across 62 different seasons vs this same opponent -- looks like a real, stable HS conference rivalry.",Omaha_World_Herald_1947_09_27_13 (1).csv,,,
1,1947,1947-09-20,Yankton (SD),Home,Manning (IA),6,0,8.4,975,This opponent pairing is a one-off (not a recurring year-over-year matchup) -- more consistent with a one-time guarantee game than a conference rivalry.,Omaha_World_Herald_1947_09_20_9.csv,,,
1,1946,1946-10-12,Kearney (NE),Home,Grand Island (NE),12,7,2.2,951,"Opponent 'Grand Island (NE)' is ALSO a risk-listed college-town name -- may be a college-vs-college guarantee game misfiled as HS, or confirms both sides need a look. | Recurs across 77 different seasons vs this same opponent -- looks like a real, stable HS conference rivalry.",Omaha_World_Herald_1946_10_12_11.csv,,,
1,1941,1941-10-17,Wooster (OH),Home,Millersburg (OH),56,6,0.1,1005,"Margin (+50) is a 2.2-sigma outlier vs this team's usual margin (0.1 avg). | Recurs across 10 different seasons vs this same opponent -- looks like a real, stable HS conference rivalry. | 1930s/early-1940s season -- crossover games still happened, though less often than the 1920s.",https://www.classmates.com/siteui/yearbooks/74331?page=74,,,
1,1940,1940-10-19,Rochester (MN),Visitor,Red Wing (MN),0,32,5.8,272,"Margin (-32) is a 1.8-sigma outlier vs this team's usual margin (5.8 avg). | Recurs across 31 different seasons vs this same opponent -- looks like a real, stable HS conference rivalry. | 1930s/early-1940s season -- crossover games still happened, though less often than the 1920s.",The_Minneapolis_Star_1940_10_19_Page_8 (1).csv,,,
1,1942,1942-10-03,Rochester (MN),Visitor,Decorah (IA),0,39,5.8,272,"Margin (-39) is a 2.2-sigma outlier vs this team's usual margin (5.8 avg). | Recurs across 4 different seasons vs this same opponent -- looks like a real, stable HS conference rivalry. | 1930s/early-1940s season -- crossover games still happened, though less often than the 1920s.",The_Minneapolis_Star_1942_10_03_Page_6.csv,,,
1,1955,1955-10-29,York (NE),Home,Curtis (NE),39,6,-0.5,821,"Margin (+33) is a 1.6-sigma outlier vs this team's usual margin (-0.5 avg). | This opponent pairing is a one-off (not a recurring year-over-year matchup) -- more consistent with a one-time guarantee game than a conference rivalry. | 1950 or later -- college/HS crossover games had essentially stopped by this point, so this is most likely a genuine same-name high school, not a misfiled college game.",Lincoln_Journal_Star_1955_10_29_7.csv,,,
1,1938,1938-11-04,Dickinson (ND),Home,Killdeer Old HS (ND),14,0,-0.9,982,"1930s/early-1940s season -- crossover games still happened, though less often than the 1920s.",http://www.bhs.bismarckschools.org/bhs/bhsathletics/throwers/history-of-bismarck-high-football/,,,
1,1947,1947-10-25,Jamestown (ND),Home,Minot (ND),20,6,3.9,347,"Opponent 'Minot (ND)' is ALSO a risk-listed college-town name -- may be a college-vs-college guarantee game misfiled as HS, or confirms both sides need a look. | Recurs across 25 different seasons vs this same opponent -- looks like a real, stable HS conference rivalry.",The_Forum_1947_10_25_7.csv,,,
1,1949,1949-10-07,Grand Island (NE),Home,Kearney (NE),32,0,6.2,931,"Opponent 'Kearney (NE)' is ALSO a risk-listed college-town name -- may be a college-vs-college guarantee game misfiled as HS, or confirms both sides need a look. | Recurs across 77 different seasons vs this same opponent -- looks like a real, stable HS conference rivalry.",http://www.classmates.com/yearbooks/Kearney-High-School/231045?page=72,,,
1,1948,1948-09-25,Albion (MI),Home,Hillsdale (MI),7,0,-4.1,550,"Opponent 'Hillsdale (MI)' is ALSO a risk-listed college-town name -- may be a college-vs-college guarantee game misfiled as HS, or confirms both sides need a look. | Recurs across 20 different seasons vs this same opponent -- looks like a real, stable HS conference rivalry.",Lansing_State_Journal_1948_09_25_Page_12.csv,,,
1,1930,1930-10-31,Findlay (OH),Home,Marion Harding (OH),48,0,2.7,1201,"Margin (+48) is a 2.0-sigma outlier vs this team's usual margin (2.7 avg). | Recurs across 75 different seasons vs this same opponent -- looks like a real, stable HS conference rivalry. | 1930s/early-1940s season -- crossover games still happened, though less often than the 1920s.",http://www.classmates.com/yearbooks/Findlay-High-School/54026?page=116,,,
1,1941,1941-10-25,Hillsdale (MI),Home,Michigan Center (MI),7,6,-1.6,695,"1930s/early-1940s season -- crossover games still happened, though less often than the 1920s.",The_Bay_City_Times_1941_10_25_7.csv,,,
1,1940,1940-10-12,Marietta (OH),Home,Cambridge (OH),34,0,-3.3,961,"Margin (+34) is a 1.6-sigma outlier vs this team's usual margin (-3.3 avg). | Recurs across 49 different seasons vs this same opponent -- looks like a real, stable HS conference rivalry. | 1930s/early-1940s season -- crossover games still happened, though less often than the 1920s.",The_Akron_Beacon_Journal_1940_10_12_Page_11.csv,,,
1,1947,1947-10-31,Murray (KY),Home,Memphis Christian Brothers (TN),7,6,7.5,832,This opponent pairing is a one-off (not a recurring year-over-year matchup) -- more consistent with a one-time guarantee game than a conference rivalry.,,,,
1,1947,1947-10-25,Moorhead (MN),Home,Valley City (ND),20,7,7.8,900,"Opponent 'Valley City (ND)' is ALSO a risk-listed college-town name -- may be a college-vs-college guarantee game misfiled as HS, or confirms both sides need a look. | Recurs across 18 different seasons vs this same opponent -- looks like a real, stable HS conference rivalry.",The_Forum_1947_10_25_7.csv,,,
1,1942,1942-10-10,Alma (MI),Home,Saint Louis (MI),38,0,-1.0,641,"Margin (+38) is a 1.8-sigma outlier vs this team's usual margin (-1.0 avg). | Recurs across 21 different seasons vs this same opponent -- looks like a real, stable HS conference rivalry. | 1930s/early-1940s season -- crossover games still happened, though less often than the 1920s.",The_Bay_City_Times_1942_10_10_9.csv,,,
1,1939,1939-10-13,Dickinson (ND),Home,Bowman (ND),53,0,-0.9,982,"Margin (+53) is a 2.3-sigma outlier vs this team's usual margin (-0.9 avg). | Recurs across 3 different seasons vs this same opponent -- looks like a real, stable HS conference rivalry. | 1930s/early-1940s season -- crossover games still happened, though less often than the 1920s.",http://www.bhs.bismarckschools.org/bhs/bhsathletics/throwers/history-of-bismarck-high-football/,,,
1,1942,1942-10-29,Bemidji (MN),Visitor,Saint Cloud Tech (MN),6,38,5.1,737,"Margin (-32) is a 1.8-sigma outlier vs this team's usual margin (5.1 avg). | Recurs across 21 different seasons vs this same opponent -- looks like a real, stable HS conference rivalry. | 1930s/early-1940s season -- crossover games still happened, though less often than the 1920s.",The_Minneapolis_Star_1942_10_29_Page_30.csv,,,
1,1949,1949-10-22,Valley City (ND),Visitor,Moorhead (MN),14,33,1.2,953,"Opponent 'Moorhead (MN)' is ALSO a risk-listed college-town name -- may be a college-vs-college guarantee game misfiled as HS, or confirms both sides need a look. | Recurs across 18 different seasons vs this same opponent -- looks like a real, stable HS conference rivalry.",The_Forum_1949_10_22_8.csv,,,
1,1948,1948-10-23,Moorhead (MN),Visitor,Valley City (ND),7,13,7.8,900,"Opponent 'Valley City (ND)' is ALSO a risk-listed college-town name -- may be a college-vs-college guarantee game misfiled as HS, or confirms both sides need a look. | Recurs across 18 different seasons vs this same opponent -- looks like a real, stable HS conference rivalry.",The_Forum_1948_10_23_8.csv,,,
1,1948,1948-10-23,Mayville (ND),Visitor,Park River (ND),14,27,-3.0,134,This opponent pairing is a one-off (not a recurring year-over-year matchup) -- more consistent with a one-time guarantee game than a conference rivalry.,The_Forum_1948_10_23_8.csv,,,
1,1947,1947-10-11,Moorhead (MN),Visitor,Wahpeton (ND),0,20,7.8,900,"Opponent 'Wahpeton (ND)' is ALSO a risk-listed college-town name -- may be a college-vs-college guarantee game misfiled as HS, or confirms both sides need a look. | Recurs across 22 different seasons vs this same opponent -- looks like a real, stable HS conference rivalry.",The_Forum_1947_10_11_7.csv,,,
1,1935,1935-10-25,Alma (MI),Home,Saint Louis (MI),32,0,-1.0,641,"Margin (+32) is a 1.5-sigma outlier vs this team's usual margin (-1.0 avg). | Recurs across 21 different seasons vs this same opponent -- looks like a real, stable HS conference rivalry. | 1930s/early-1940s season -- crossover games still happened, though less often than the 1920s.",https://www.newspapers.com/image/206194690/,,,
1,1932,1932-10-28,Mankato (MN),Home,Red Wing (MN),39,0,2.3,366,"Margin (+39) is a 1.9-sigma outlier vs this team's usual margin (2.3 avg). | Recurs across 28 different seasons vs this same opponent -- looks like a real, stable HS conference rivalry. | 1930s/early-1940s season -- crossover games still happened, though less often than the 1920s.",https://www.classmates.com/siteui/yearbooks/101297?page=78,,,
1,1934,1934-11-02,Grinnell (IA),Home,Marengo (IL),6,2,1.7,1110,"1930s/early-1940s season -- crossover games still happened, though less often than the 1920s.",https://www.classmates.com/siteui/yearbooks/1000247981?page=42,,,
1,1948,1948-10-15,Grand Island (NE),Home,Kearney (NE),34,7,6.2,931,"Opponent 'Kearney (NE)' is ALSO a risk-listed college-town name -- may be a college-vs-college guarantee game misfiled as HS, or confirms both sides need a look. | Recurs across 77 different seasons vs this same opponent -- looks like a real, stable HS conference rivalry.",http://www.classmates.com/yearbooks/Kearney-High-School/1000244006?page=74,,,
1,1942,1942-10-17,Albion (MI),Home,Coldwater (MI),31,0,-4.1,550,"Margin (+31) is a 1.6-sigma outlier vs this team's usual margin (-4.1 avg). | Recurs across 15 different seasons vs this same opponent -- looks like a real, stable HS conference rivalry. | 1930s/early-1940s season -- crossover games still happened, though less often than the 1920s.",The_Bay_City_Times_1942_10_17_9.csv,,,
1,1940,1940-09-21,Marietta (OH),Home,Woodsfield (OH),19,7,-3.3,961,"1930s/early-1940s season -- crossover games still happened, though less often than the 1920s.",The_Akron_Beacon_Journal_1940_09_21_Page_10.csv,,,
1,1935,1935-10-25,Joliet (IL),Home,Elgin (IL),28,0,-9.3,928,"Margin (+28) is a 1.6-sigma outlier vs this team's usual margin (-9.3 avg). | Recurs across 44 different seasons vs this same opponent -- looks like a real, stable HS conference rivalry. | 1930s/early-1940s season -- crossover games still happened, though less often than the 1920s.",https://www.classmates.com/siteui/yearbooks/57713?page=73,,,
1,1937,1937-11-19,Minot (ND),Home,Crosby (ND),41,0,7.4,1098,"1930s/early-1940s season -- crossover games still happened, though less often than the 1920s.",http://www.bhs.bismarckschools.org/bhs/bhsathletics/throwers/history-of-bismarck-high-football/,,,
1,1947,1947-10-25,Jamestown (ND),Home,Grafton (ND),20,0,3.9,347,This opponent pairing is a one-off (not a recurring year-over-year matchup) -- more consistent with a one-time guarantee game than a conference rivalry.,The_Forum_1947_10_25_7.csv,,,
1,1947,1947-10-18,Wahpeton (ND),Home,Valley City (ND),13,12,-2.7,888,"Opponent 'Valley City (ND)' is ALSO a risk-listed college-town name -- may be a college-vs-college guarantee game misfiled as HS, or confirms both sides need a look. | Recurs across 54 different seasons vs this same opponent -- looks like a real, stable HS conference rivalry.",The_Forum_1947_10_18_6.csv,,,
1,1949,1949-10-29,Minot (ND),Home,Jamestown (ND),7,6,7.4,1098,"Opponent 'Jamestown (ND)' is ALSO a risk-listed college-town name -- may be a college-vs-college guarantee game misfiled as HS, or confirms both sides need a look. | Recurs across 25 different seasons vs this same opponent -- looks like a real, stable HS conference rivalry.",The_Forum_1949_10_29_8.csv,,,
1,1945,1945-11-03,Findlay (OH),Home,Defiance (OH),14,0,2.7,1201,"Opponent 'Defiance (OH)' is ALSO a risk-listed college-town name -- may be a college-vs-college guarantee game misfiled as HS, or confirms both sides need a look. | Recurs across 11 different seasons vs this same opponent -- looks like a real, stable HS conference rivalry.",The_Zanesville_Signal_1945_11_03_5.csv,,,
1,1938,1938-09-30,Dickinson (ND),Home,Beulah (ND),48,0,-0.9,982,"Margin (+48) is a 2.1-sigma outlier vs this team's usual margin (-0.9 avg). | Recurs across 4 different seasons vs this same opponent -- looks like a real, stable HS conference rivalry. | 1930s/early-1940s season -- crossover games still happened, though less often than the 1920s.",http://www.bhs.bismarckschools.org/bhs/bhsathletics/throwers/history-of-bismarck-high-football/,,,
1,1933,1933-10-28,Moorhead (MN),Visitor,Fargo (ND),0,26,7.8,900,"Margin (-26) is a 1.7-sigma outlier vs this team's usual margin (7.8 avg). | Recurs across 24 different seasons vs this same opponent -- looks like a real, stable HS conference rivalry. | 1930s/early-1940s season -- crossover games still happened, though less often than the 1920s.",The_Forum_1933_10_28_10.csv,,,
1,1936,1936-10-17,Mayville (ND),Visitor,Hillsboro (ND),0,39,-3.0,134,"Margin (-39) is a 1.5-sigma outlier vs this team's usual margin (-3.0 avg). | Recurs across 24 different seasons vs this same opponent -- looks like a real, stable HS conference rivalry. | 1930s/early-1940s season -- crossover games still happened, though less often than the 1920s.",The_Forum_1936_10_17_10.csv,,,
1,1937,1937-10-29,Dickinson (ND),Home,Beach (ND),48,0,-0.9,982,"Margin (+48) is a 2.1-sigma outlier vs this team's usual margin (-0.9 avg). | Recurs across 16 different seasons vs this same opponent -- looks like a real, stable HS conference rivalry. | 1930s/early-1940s season -- crossover games still happened, though less often than the 1920s.",http://www.bhs.bismarckschools.org/bhs/bhsathletics/throwers/history-of-bismarck-high-football/,,,
1,1949,1949-09-23,Wooster (OH),Home,Painesville (OH),45,19,0.1,1005,This opponent pairing is a one-off (not a recurring year-over-year matchup) -- more consistent with a one-time guarantee game than a conference rivalry.,http://www.classmates.com/yearbooks/Wooster-High-School/1000236563/?page=86,,,
1,1937,1937-11-06,Grand Island (NE),Home,Albion (NE),27,0,6.2,931,"1930s/early-1940s season -- crossover games still happened, though less often than the 1920s.",Lincoln_Journal_Star_1937_11_06_5 (1).csv,,,
1,1946,1946-11-01,Defiance (OH),Home,Findlay (OH),19,16,-1.0,862,"Opponent 'Findlay (OH)' is ALSO a risk-listed college-town name -- may be a college-vs-college guarantee game misfiled as HS, or confirms both sides need a look. | Recurs across 11 different seasons vs this same opponent -- looks like a real, stable HS conference rivalry.",https://www.classmates.com/siteui/yearbooks/53080?page=71,,,
1,1938,1938-10-21,Dickinson (ND),Home,Mott (ND),68,0,-0.9,982,"Margin (+68) is a 2.9-sigma outlier vs this team's usual margin (-0.9 avg). | Recurs across 7 different seasons vs this same opponent -- looks like a real, stable HS conference rivalry. | 1930s/early-1940s season -- crossover games still happened, though less often than the 1920s.",http://www.bhs.bismarckschools.org/bhs/bhsathletics/throwers/history-of-bismarck-high-football/,,,
1,1931,1931-10-17,Findlay (OH),Home,Marion Harding (OH),58,0,2.7,1201,"Margin (+58) is a 2.4-sigma outlier vs this team's usual margin (2.7 avg). | Recurs across 75 different seasons vs this same opponent -- looks like a real, stable HS conference rivalry. | 1930s/early-1940s season -- crossover games still happened, though less often than the 1920s.",The_Plain_Dealer_1931_10_17_24 (1).csv,,,
1,1933,1933-11-10,Austin (MN),Home,Faribault (MN),67,0,1.7,1094,"Margin (+67) is a 3.0-sigma outlier vs this team's usual margin (1.7 avg). | Recurs across 87 different seasons vs this same opponent -- looks like a real, stable HS conference rivalry. | 1930s/early-1940s season -- crossover games still happened, though less often than the 1920s.",http://www.classmates.com/yearbooks/Austin-High-School/4182759217?page=86,,,
1,1947,1947-10-31,Austin (MN),Home,Mankato (MN),31,7,1.7,1094,"Opponent 'Mankato (MN)' is ALSO a risk-listed college-town name -- may be a college-vs-college guarantee game misfiled as HS, or confirms both sides need a look. | Recurs across 32 different seasons vs this same opponent -- looks like a real, stable HS conference rivalry.",http://www.classmates.com/yearbooks/Austin-High-School/1000246433?page=68,,,
1,1940,1940-09-21,Hastings (NE),Home,Julesburg (CO),12,7,-1.5,909,"1930s/early-1940s season -- crossover games still happened, though less often than the 1920s.",Lincoln_Journal_Star_1940_09_21_11.csv,,,
1,1940,1940-09-28,Hastings (NE),Home,Fairbury (NE),38,6,-1.5,909,"Margin (+32) is a 1.5-sigma outlier vs this team's usual margin (-1.5 avg). | Recurs across 26 different seasons vs this same opponent -- looks like a real, stable HS conference rivalry. | 1930s/early-1940s season -- crossover games still happened, though less often than the 1920s.",Lincoln_Journal_Star_1940_09_28_9.csv,,,
1,1948,1948-09-17,Rochester (MN),Home,Austin (MN),47,26,5.8,272,"Opponent 'Austin (MN)' is ALSO a risk-listed college-town name -- may be a college-vs-college guarantee game misfiled as HS, or confirms both sides need a look. | Recurs across 45 different seasons vs this same opponent -- looks like a real, stable HS conference rivalry.",http://www.classmates.com/yearbooks/Austin-High-School/4182759216?page=58,,,
1,1950,1950-10-20,Austin (MN),Home,Winona (MN),46,0,1.7,1094,"Opponent 'Winona (MN)' is ALSO a risk-listed college-town name -- may be a college-vs-college guarantee game misfiled as HS, or confirms both sides need a look. | Margin (+46) is a 2.0-sigma outlier vs this team's usual margin (1.7 avg). | Recurs across 91 different seasons vs this same opponent -- looks like a real, stable HS conference rivalry. | 1950 or later -- college/HS crossover games had essentially stopped by this point, so this is most likely a genuine same-name high school, not a misfiled college game.",http://www.classmates.com/yearbooks/Austin-High-School/57558?page=48,,,
1,1950,1950-10-06,Findlay (OH),Home,Bowling Green (OH),60,12,2.7,1201,"Opponent 'Bowling Green (OH)' is ALSO a risk-listed college-town name -- may be a college-vs-college guarantee game misfiled as HS, or confirms both sides need a look. | Margin (+48) is a 2.0-sigma outlier vs this team's usual margin (2.7 avg). | Recurs across 38 different seasons vs this same opponent -- looks like a real, stable HS conference rivalry. | 1950 or later -- college/HS crossover games had essentially stopped by this point, so this is most likely a genuine same-name high school, not a misfiled college game.",https://www.classmates.com/siteui/yearbooks/118780?page=107,,,
1,1932,1932-11-11,Sioux Falls (SD),Home,Sioux City Central (IA),13,42,7.5,125,"Margin (-29) is a 1.6-sigma outlier vs this team's usual margin (7.5 avg). | Recurs across 13 different seasons vs this same opponent -- looks like a real, stable HS conference rivalry. | 1930s/early-1940s season -- crossover games still happened, though less often than the 1920s.",http://www.classmates.com/yearbooks/Central-High-School/65403?page=118,,,
1,1947,1947-09-12,Austin (MN),Home,Rochester (MN),20,7,1.7,1094,"Opponent 'Rochester (MN)' is ALSO a risk-listed college-town name -- may be a college-vs-college guarantee game misfiled as HS, or confirms both sides need a look. | Recurs across 45 different seasons vs this same opponent -- looks like a real, stable HS conference rivalry.",https://www.classmates.com/siteui/yearbooks/47837?page=47,,,
1,1939,1939-09-23,Wahpeton (ND),Visitor,Aberdeen (SD),0,67,-2.7,888,"Margin (-67) is a 2.7-sigma outlier vs this team's usual margin (-2.7 avg). | Recurs across 5 different seasons vs this same opponent -- looks like a real, stable HS conference rivalry. | 1930s/early-1940s season -- crossover games still happened, though less often than the 1920s.",The_Forum_1939_09_23_7.csv,,,
1,1934,1934-10-07,Wooster (OH),Visitor,Sandusky (OH),6,19,0.1,1005,"1930s/early-1940s season -- crossover games still happened, though less often than the 1920s.",The_Plain_Dealer_1934_10_07_35 (1).csv,,,
1,1934,1934-11-04,Findlay (OH),Visitor,Sandusky (OH),0,45,2.7,1201,"Margin (-45) is a 2.1-sigma outlier vs this team's usual margin (2.7 avg). | Recurs across 68 different seasons vs this same opponent -- looks like a real, stable HS conference rivalry. | 1930s/early-1940s season -- crossover games still happened, though less often than the 1920s.",The_Plain_Dealer_1934_11_04_32 (1).csv,,,
1,1935,1935-09-21,Oberlin (OH),Visitor,Sandusky (OH),0,52,-5.6,712,"Margin (-52) is a 1.9-sigma outlier vs this team's usual margin (-5.6 avg). | Recurs across 14 different seasons vs this same opponent -- looks like a real, stable HS conference rivalry. | 1930s/early-1940s season -- crossover games still happened, though less often than the 1920s.",The_Plain_Dealer_1935_09_21_20.csv,,,
1,1935,1935-09-29,Bluffton (OH),Visitor,Fostoria (OH),0,55,3.2,714,"Margin (-55) is a 2.3-sigma outlier vs this team's usual margin (3.2 avg). | Recurs across 3 different seasons vs this same opponent -- looks like a real, stable HS conference rivalry. | 1930s/early-1940s season -- crossover games still happened, though less often than the 1920s.",The_Plain_Dealer_1935_09_29_31.csv,,,
1,1958,1958-09-27,Winona (MN),Visitor,Austin (MN),6,53,-3.4,915,"Opponent 'Austin (MN)' is ALSO a risk-listed college-town name -- may be a college-vs-college guarantee game misfiled as HS, or confirms both sides need a look. | Margin (-47) is a 2.0-sigma outlier vs this team's usual margin (-3.4 avg). | Recurs across 91 different seasons vs this same opponent -- looks like a real, stable HS conference rivalry. | 1950 or later -- college/HS crossover games had essentially stopped by this point, so this is most likely a genuine same-name high school, not a misfiled college game.",The_Minneapolis_Star_1958_09_27_Page_13.csv,,,
1,1949,1949-09-10,Moorhead (MN),Home,East Grand Forks Sacred Heart (MN),18,12,7.8,900,This opponent pairing is a one-off (not a recurring year-over-year matchup) -- more consistent with a one-time guarantee game than a conference rivalry.,The_Forum_1949_09_10_8.csv,,,
1,1937,1937-10-01,Ripon (WI),Home,Columbus (WI),51,0,-0.8,850,"Margin (+51) is a 2.2-sigma outlier vs this team's usual margin (-0.8 avg). | Recurs across 48 different seasons vs this same opponent -- looks like a real, stable HS conference rivalry. | 1930s/early-1940s season -- crossover games still happened, though less often than the 1920s.",http://www.riponlibrary.org,,,
1,1938,1938-10-21,Marietta (OH),Home,Williamstown (WV),40,6,-3.3,961,"Margin (+34) is a 1.6-sigma outlier vs this team's usual margin (-3.3 avg). | Recurs across 29 different seasons vs this same opponent -- looks like a real, stable HS conference rivalry. | 1930s/early-1940s season -- crossover games still happened, though less often than the 1920s.",http://fourseasonsfootball.com/va.html,,,
1,1936,1936-10-09,Ashland (OH),Home,Dover (OH),32,0,1.4,651,"Margin (+32) is a 1.5-sigma outlier vs this team's usual margin (1.4 avg). | Recurs across 36 different seasons vs this same opponent -- looks like a real, stable HS conference rivalry. | 1930s/early-1940s season -- crossover games still happened, though less often than the 1920s.",https://www.classmates.com/siteui/yearbooks/4182781609?page=63,,,
1,1946,1946-10-12,Jamestown (ND),Home,Valley City (ND),25,0,3.9,347,"Opponent 'Valley City (ND)' is ALSO a risk-listed college-town name -- may be a college-vs-college guarantee game misfiled as HS, or confirms both sides need a look. | Recurs across 43 different seasons vs this same opponent -- looks like a real, stable HS conference rivalry.",The_Forum_1946_10_12_7.csv,,,
1,1935,1935-11-17,Findlay (OH),Visitor,Sandusky (OH),0,41,2.7,1201,"Margin (-41) is a 1.9-sigma outlier vs this team's usual margin (2.7 avg). | Recurs across 68 different seasons vs this same opponent -- looks like a real, stable HS conference rivalry. | 1930s/early-1940s season -- crossover games still happened, though less often than the 1920s.",The_Plain_Dealer_1935_11_17_35 (1).csv,,,
1,1936,1936-10-18,Marietta (OH),Visitor,Newcomerstown (OH),0,26,-3.3,961,"1930s/early-1940s season -- crossover games still happened, though less often than the 1920s.",The_Plain_Dealer_1936_10_18_38 (1).csv,,,
1,1936,1936-11-15,Findlay (OH),Visitor,Sandusky (OH),6,45,2.7,1201,"Margin (-39) is a 1.8-sigma outlier vs this team's usual margin (2.7 avg). | Recurs across 68 different seasons vs this same opponent -- looks like a real, stable HS conference rivalry. | 1930s/early-1940s season -- crossover games still happened, though less often than the 1920s.",The_Plain_Dealer_1936_11_15_38.csv,,,
1,1938,1938-11-13,Findlay (OH),Visitor,Sandusky (OH),0,40,2.7,1201,"Margin (-40) is a 1.9-sigma outlier vs this team's usual margin (2.7 avg). | Recurs across 68 different seasons vs this same opponent -- looks like a real, stable HS conference rivalry. | 1930s/early-1940s season -- crossover games still happened, though less often than the 1920s.",The_Plain_Dealer_1938_11_13_56.csv,,,
1,1939,1939-09-23,Defiance (OH),Visitor,Tiffin Junior Order Orphans (OH),0,6,-1.0,862,"1930s/early-1940s season -- crossover games still happened, though less often than the 1920s.",The_Plain_Dealer_1939_09_23_16.csv,,,
1,1938,1938-09-17,Georgetown Scott County (KY),Visitor,Shelbyville (KY),0,53,4.9,1007,"Margin (-53) is a 2.2-sigma outlier vs this team's usual margin (4.9 avg). | Recurs across 20 different seasons vs this same opponent -- looks like a real, stable HS conference rivalry. | 1930s/early-1940s season -- crossover games still happened, though less often than the 1920s.",Lexington_Herald_Leader_1938_09_17_5.csv,,,
1,1936,1936-10-24,Mayville (ND),Visitor,Larimore (ND),0,51,-3.0,134,"Margin (-51) is a 2.0-sigma outlier vs this team's usual margin (-3.0 avg). | Recurs across 18 different seasons vs this same opponent -- looks like a real, stable HS conference rivalry. | 1930s/early-1940s season -- crossover games still happened, though less often than the 1920s.",The_Forum_1936_10_24_13.csv,,,
1,1950,1950-09-08,Austin (MN),Home,Saint Paul Mechanical Arts (MN),47,0,1.7,1094,"Margin (+47) is a 2.1-sigma outlier vs this team's usual margin (1.7 avg). | This opponent pairing is a one-off (not a recurring year-over-year matchup) -- more consistent with a one-time guarantee game than a conference rivalry. | 1950 or later -- college/HS crossover games had essentially stopped by this point, so this is most likely a genuine same-name high school, not a misfiled college game.",http://www.classmates.com/yearbooks/Austin-High-School/57558?page=48,,,
1,1949,1949-09-09,Winona (MN),Home,Rochester (MN),12,0,-3.4,915,"Opponent 'Rochester (MN)' is ALSO a risk-listed college-town name -- may be a college-vs-college guarantee game misfiled as HS, or confirms both sides need a look. | Recurs across 31 different seasons vs this same opponent -- looks like a real, stable HS conference rivalry.",https://www.classmates.com/siteui/yearbooks/41651?page=44,,,
1,1940,1940-11-08,Joliet (IL),Home,Oak Park Fenwick (IL),13,6,-9.3,928,"1930s/early-1940s season -- crossover games still happened, though less often than the 1920s.",http://www.classmates.com/siteui/yearbooks/134309?page=54,,,
1,1947,1947-10-10,Grand Island (NE),Home,Kearney (NE),34,6,6.2,931,"Opponent 'Kearney (NE)' is ALSO a risk-listed college-town name -- may be a college-vs-college guarantee game misfiled as HS, or confirms both sides need a look. | Recurs across 77 different seasons vs this same opponent -- looks like a real, stable HS conference rivalry.",http://www.classmates.com/yearbooks/Kearney-High-School/142553?page=74,,,
1,1943,1943-10-22,Austin (MN),Home,Northfield (MN),38,0,1.7,1094,"Margin (+38) is a 1.7-sigma outlier vs this team's usual margin (1.7 avg). | Recurs across 29 different seasons vs this same opponent -- looks like a real, stable HS conference rivalry. | 1930s/early-1940s season -- crossover games still happened, though less often than the 1920s.",http://www.classmates.com/yearbooks/Austin-High-School/1000245206?page=84,,,
1,1936,1936-10-09,Minot (ND),Home,Minot Model (ND),53,0,7.4,1098,"Margin (+53) is a 1.9-sigma outlier vs this team's usual margin (7.4 avg). | Recurs across 3 different seasons vs this same opponent -- looks like a real, stable HS conference rivalry. | 1930s/early-1940s season -- crossover games still happened, though less often than the 1920s.",http://www.bhs.bismarckschools.org/bhs/bhsathletics/throwers/history-of-bismarck-high-football/,,,
1,1948,1948-10-15,Wahpeton (ND),Home,Valley City (ND),25,0,-2.7,888,"Opponent 'Valley City (ND)' is ALSO a risk-listed college-town name -- may be a college-vs-college guarantee game misfiled as HS, or confirms both sides need a look. | Recurs across 54 different seasons vs this same opponent -- looks like a real, stable HS conference rivalry.",http://www.classmates.com/yearbooks/Wahpeton-High-School/4182727410?page=52,,,
1,1946,1946-09-27,Grand Island (NE),Home,Hastings (NE),27,0,6.2,931,"Opponent 'Hastings (NE)' is ALSO a risk-listed college-town name -- may be a college-vs-college guarantee game misfiled as HS, or confirms both sides need a look. | Recurs across 62 different seasons vs this same opponent -- looks like a real, stable HS conference rivalry.",http://www.classmates.com/siteui/yearbooks/4182785891?page=17,,,
1,1947,1947-10-10,Adrian (MI),Home,Hillsdale (MI),7,0,0.9,877,"Opponent 'Hillsdale (MI)' is ALSO a risk-listed college-town name -- may be a college-vs-college guarantee game misfiled as HS, or confirms both sides need a look. | Recurs across 19 different seasons vs this same opponent -- looks like a real, stable HS conference rivalry.",https://www.newspapers.com/image/910207,,,
1,1936,1936-11-06,Minot (ND),Home,Bismarck (ND),90,0,7.4,1098,"Margin (+90) is a 3.5-sigma outlier vs this team's usual margin (7.4 avg). | Recurs across 103 different seasons vs this same opponent -- looks like a real, stable HS conference rivalry. | 1930s/early-1940s season -- crossover games still happened, though less often than the 1920s.",http://www.bhs.bismarckschools.org/bhs/bhsathletics/throwers/history-of-bismarck-high-football/,,,
1,1949,1949-09-16,Rochester (MN),Home,Saint Paul Academy (MN),28,0,5.8,272,This opponent pairing is a one-off (not a recurring year-over-year matchup) -- more consistent with a one-time guarantee game than a conference rivalry.,https://www.classmates.com/siteui/yearbooks/41651?page=44,,,
1,1957,1957-09-27,Findlay (OH),Home,Ashland (OH),48,6,2.7,1201,"Opponent 'Ashland (OH)' is ALSO a risk-listed college-town name -- may be a college-vs-college guarantee game misfiled as HS, or confirms both sides need a look. | Margin (+42) is a 1.7-sigma outlier vs this team's usual margin (2.7 avg). | Recurs across 4 different seasons vs this same opponent -- looks like a real, stable HS conference rivalry. | 1950 or later -- college/HS crossover games had essentially stopped by this point, so this is most likely a genuine same-name high school, not a misfiled college game.",https://www.classmates.com/siteui/yearbooks/85352?page=134,,,
1,1948,1948-09-10,Wahpeton (ND),Home,Grand Forks (ND),7,0,-2.7,888,This opponent pairing is a one-off (not a recurring year-over-year matchup) -- more consistent with a one-time guarantee game than a conference rivalry.,http://www.classmates.com/yearbooks/Wahpeton-High-School/4182727410?page=52,,,
1,1934,1934-10-26,Dickinson (ND),Home,Heart River co-op [Belfield-South Heart] (ND),80,0,-0.9,982,"Margin (+80) is a 3.4-sigma outlier vs this team's usual margin (-0.9 avg). | Recurs across 7 different seasons vs this same opponent -- looks like a real, stable HS conference rivalry. | 1930s/early-1940s season -- crossover games still happened, though less often than the 1920s.",http://www.bhs.bismarckschools.org/bhs/bhsathletics/throwers/history-of-bismarck-high-football/,,,
1,1930,1930-10-10,Albion (MI),Home,East Lansing (MI),39,0,-4.1,550,"Margin (+39) is a 1.9-sigma outlier vs this team's usual margin (-4.1 avg). | Recurs across 25 different seasons vs this same opponent -- looks like a real, stable HS conference rivalry. | 1930s/early-1940s season -- crossover games still happened, though less often than the 1920s.",http://www.classmates.com/siteui/yearbooks/61201?page=77,,,
1,1958,1958-09-27,Marietta (OH),Home,Clarksburg Victory (WV),36,0,-3.3,961,"Margin (+36) is a 1.7-sigma outlier vs this team's usual margin (-3.3 avg). | This opponent pairing is a one-off (not a recurring year-over-year matchup) -- more consistent with a one-time guarantee game than a conference rivalry. | 1950 or later -- college/HS crossover games had essentially stopped by this point, so this is most likely a genuine same-name high school, not a misfiled college game.",http://fourseasonsfootball.com/va.html,,,
1,1942,1942-10-17,Mayville (ND),Visitor,Grafton (ND),0,6,-3.0,134,"1930s/early-1940s season -- crossover games still happened, though less often than the 1920s.",The_Forum_1942_10_17_5.csv,,,
1,1943,1943-11-06,Jamestown (ND),Visitor,Fargo (ND),0,34,3.9,347,"Margin (-34) is a 1.7-sigma outlier vs this team's usual margin (3.9 avg). | Recurs across 19 different seasons vs this same opponent -- looks like a real, stable HS conference rivalry. | 1930s/early-1940s season -- crossover games still happened, though less often than the 1920s.",The_Forum_1943_11_06_6.csv,,,
1,1945,1945-10-06,Minot (ND),Visitor,Dickinson (ND),6,8,7.4,1098,"Opponent 'Dickinson (ND)' is ALSO a risk-listed college-town name -- may be a college-vs-college guarantee game misfiled as HS, or confirms both sides need a look. | Recurs across 74 different seasons vs this same opponent -- looks like a real, stable HS conference rivalry.",The_Forum_1945_10_06_5.csv,,,
1,1945,1945-10-13,Wahpeton (ND),Visitor,Moorhead (MN),8,39,-2.7,888,"Opponent 'Moorhead (MN)' is ALSO a risk-listed college-town name -- may be a college-vs-college guarantee game misfiled as HS, or confirms both sides need a look. | Recurs across 22 different seasons vs this same opponent -- looks like a real, stable HS conference rivalry.",The_Forum_1945_10_13_5.csv,,,
1,1945,1945-10-13,Valley City (ND),Visitor,Jamestown (ND),0,18,1.2,953,"Opponent 'Jamestown (ND)' is ALSO a risk-listed college-town name -- may be a college-vs-college guarantee game misfiled as HS, or confirms both sides need a look. | Recurs across 43 different seasons vs this same opponent -- looks like a real, stable HS conference rivalry.",The_Forum_1945_10_13_5.csv,,,
1,1945,1945-10-20,Wahpeton (ND),Visitor,Valley City (ND),7,7,-2.7,888,"Opponent 'Valley City (ND)' is ALSO a risk-listed college-town name -- may be a college-vs-college guarantee game misfiled as HS, or confirms both sides need a look. | Recurs across 54 different seasons vs this same opponent -- looks like a real, stable HS conference rivalry.",The_Forum_1945_10_20_5.csv,,,
1,1945,1945-10-27,Valley City (ND),Visitor,Moorhead (MN),0,20,1.2,953,"Opponent 'Moorhead (MN)' is ALSO a risk-listed college-town name -- may be a college-vs-college guarantee game misfiled as HS, or confirms both sides need a look. | Recurs across 18 different seasons vs this same opponent -- looks like a real, stable HS conference rivalry.",The_Forum_1945_10_27_5.csv,,,
1,1946,1946-09-21,Wahpeton (ND),Visitor,Jamestown (ND),18,19,-2.7,888,"Opponent 'Jamestown (ND)' is ALSO a risk-listed college-town name -- may be a college-vs-college guarantee game misfiled as HS, or confirms both sides need a look. | Recurs across 17 different seasons vs this same opponent -- looks like a real, stable HS conference rivalry.",The_Forum_1946_09_21_5.csv,,,
1,1946,1946-10-26,Moorhead (MN),Visitor,Valley City (ND),6,19,7.8,900,"Opponent 'Valley City (ND)' is ALSO a risk-listed college-town name -- may be a college-vs-college guarantee game misfiled as HS, or confirms both sides need a look. | Recurs across 18 different seasons vs this same opponent -- looks like a real, stable HS conference rivalry.",The_Forum_1946_10_26_7.csv,,,
1,1938,1938-10-14,Wheaton (IL),Home,Chicago Hyde Park (IL),18,6,7.9,278,"1930s/early-1940s season -- crossover games still happened, though less often than the 1920s.",https://www.classmates.com/siteui/yearbooks/60598?page=70,,,
1,1933,1933-10-06,Dickinson (ND),Home,Heart River co-op [Belfield-South Heart] (ND),46,0,-0.9,982,"Margin (+46) is a 2.0-sigma outlier vs this team's usual margin (-0.9 avg). | Recurs across 7 different seasons vs this same opponent -- looks like a real, stable HS conference rivalry. | 1930s/early-1940s season -- crossover games still happened, though less often than the 1920s.",http://www.bhs.bismarckschools.org/bhs/bhsathletics/throwers/history-of-bismarck-high-football/,,,
1,1934,1934-09-28,Dickinson (ND),Home,Dickinson Alumni (ND),12,0,-0.9,982,"1930s/early-1940s season -- crossover games still happened, though less often than the 1920s.",http://www.bhs.bismarckschools.org/bhs/bhsathletics/throwers/history-of-bismarck-high-football/,,,
1,1950,1950-10-06,Mankato (MN),Home,Winona (MN),33,0,2.3,366,"Opponent 'Winona (MN)' is ALSO a risk-listed college-town name -- may be a college-vs-college guarantee game misfiled as HS, or confirms both sides need a look. | Margin (+33) is a 1.6-sigma outlier vs this team's usual margin (2.3 avg). | Recurs across 32 different seasons vs this same opponent -- looks like a real, stable HS conference rivalry. | 1950 or later -- college/HS crossover games had essentially stopped by this point, so this is most likely a genuine same-name high school, not a misfiled college game.",https://www.classmates.com/siteui/yearbooks/4182935272?page=70,,,
1,1948,1948-10-02,Dickinson (ND),Visitor,Minot (ND),0,20,-0.9,982,"Opponent 'Minot (ND)' is ALSO a risk-listed college-town name -- may be a college-vs-college guarantee game misfiled as HS, or confirms both sides need a look. | Recurs across 74 different seasons vs this same opponent -- looks like a real, stable HS conference rivalry.",The_Forum_1948_10_02_8.csv,,,
1,1948,1948-10-09,Moorhead (MN),Visitor,Wahpeton (ND),0,21,7.8,900,"Opponent 'Wahpeton (ND)' is ALSO a risk-listed college-town name -- may be a college-vs-college guarantee game misfiled as HS, or confirms both sides need a look. | Recurs across 22 different seasons vs this same opponent -- looks like a real, stable HS conference rivalry.",The_Forum_1948_10_09_8.csv,,,
1,1948,1948-10-09,Valley City (ND),Visitor,Jamestown (ND),6,14,1.2,953,"Opponent 'Jamestown (ND)' is ALSO a risk-listed college-town name -- may be a college-vs-college guarantee game misfiled as HS, or confirms both sides need a look. | Recurs across 43 different seasons vs this same opponent -- looks like a real, stable HS conference rivalry.",The_Forum_1948_10_09_8.csv,,,
1,1949,1949-10-01,Mayville (ND),Visitor,Park River Walsh County Agricultural School (ND),0,33,-3.0,134,This opponent pairing is a one-off (not a recurring year-over-year matchup) -- more consistent with a one-time guarantee game than a conference rivalry.,The_Forum_1949_10_01_8.csv,,,
1,1949,1949-10-01,Bemidji (MN),Visitor,Saint Cloud (MN),6,13,5.1,737,This opponent pairing is a one-off (not a recurring year-over-year matchup) -- more consistent with a one-time guarantee game than a conference rivalry.,The_Forum_1949_10_01_8.csv,,,
1,1949,1949-10-08,Wahpeton (ND),Visitor,Moorhead (MN),0,20,-2.7,888,"Opponent 'Moorhead (MN)' is ALSO a risk-listed college-town name -- may be a college-vs-college guarantee game misfiled as HS, or confirms both sides need a look. | Recurs across 22 different seasons vs this same opponent -- looks like a real, stable HS conference rivalry.",The_Forum_1949_10_08_8.csv,,,
1,1949,1949-10-08,Valley City (ND),Visitor,Jamestown (ND),18,14,1.2,953,"Opponent 'Jamestown (ND)' is ALSO a risk-listed college-town name -- may be a college-vs-college guarantee game misfiled as HS, or confirms both sides need a look. | Recurs across 43 different seasons vs this same opponent -- looks like a real, stable HS conference rivalry.",The_Forum_1949_10_08_8.csv,,,
1,1949,1949-10-15,Wahpeton (ND),Visitor,Valley City (ND),6,13,-2.7,888,"Opponent 'Valley City (ND)' is ALSO a risk-listed college-town name -- may be a college-vs-college guarantee game misfiled as HS, or confirms both sides need a look. | Recurs across 54 different seasons vs this same opponent -- looks like a real, stable HS conference rivalry.",The_Forum_1949_10_15_8.csv,,,
1,1950,1950-09-30,Valley City (ND),Visitor,Moorhead (MN),0,48,1.2,953,"Opponent 'Moorhead (MN)' is ALSO a risk-listed college-town name -- may be a college-vs-college guarantee game misfiled as HS, or confirms both sides need a look. | Margin (-48) is a 2.0-sigma outlier vs this team's usual margin (1.2 avg). | Recurs across 18 different seasons vs this same opponent -- looks like a real, stable HS conference rivalry. | 1950 or later -- college/HS crossover games had essentially stopped by this point, so this is most likely a genuine same-name high school, not a misfiled college game.",The_Forum_1950_09_30_6.csv,,,
1,1950,1950-10-14,Valley City (ND),Visitor,Jamestown (ND),7,44,1.2,953,"Opponent 'Jamestown (ND)' is ALSO a risk-listed college-town name -- may be a college-vs-college guarantee game misfiled as HS, or confirms both sides need a look. | Margin (-37) is a 1.6-sigma outlier vs this team's usual margin (1.2 avg). | Recurs across 43 different seasons vs this same opponent -- looks like a real, stable HS conference rivalry. | 1950 or later -- college/HS crossover games had essentially stopped by this point, so this is most likely a genuine same-name high school, not a misfiled college game.",The_Forum_1950_10_14_6.csv,,,
1,1950,1950-10-21,Moorhead (MN),Visitor,Wahpeton (ND),0,32,7.8,900,"Opponent 'Wahpeton (ND)' is ALSO a risk-listed college-town name -- may be a college-vs-college guarantee game misfiled as HS, or confirms both sides need a look. | Margin (-32) is a 2.0-sigma outlier vs this team's usual margin (7.8 avg). | Recurs across 22 different seasons vs this same opponent -- looks like a real, stable HS conference rivalry. | 1950 or later -- college/HS crossover games had essentially stopped by this point, so this is most likely a genuine same-name high school, not a misfiled college game.",The_Forum_1950_10_21_6.csv,,,
1,1931,1931-10-17,Pikeville (KY),Home,Kermit (WV),67,0,12.2,1276,"Margin (+67) is a 2.0-sigma outlier vs this team's usual margin (12.2 avg). | Recurs across 6 different seasons vs this same opponent -- looks like a real, stable HS conference rivalry. | 1930s/early-1940s season -- crossover games still happened, though less often than the 1920s.",http://fourseasonsfootball.com/va.html,,,
1,1934,1934-10-26,Mankato (MN),Home,Blue Earth Area (MN),46,0,2.3,366,"Margin (+46) is a 2.3-sigma outlier vs this team's usual margin (2.3 avg). | Recurs across 9 different seasons vs this same opponent -- looks like a real, stable HS conference rivalry. | 1930s/early-1940s season -- crossover games still happened, though less often than the 1920s.",https://www.classmates.com/siteui/yearbooks/232899?page=91,,,
1,1930,1930-09-26,Winona (MN),Home,La Crosse Central (WI),40,0,-3.4,915,"Margin (+40) is a 2.0-sigma outlier vs this team's usual margin (-3.4 avg). | Recurs across 40 different seasons vs this same opponent -- looks like a real, stable HS conference rivalry. | 1930s/early-1940s season -- crossover games still happened, though less often than the 1920s.",http://www.classmates.com/yearbooks/Central-High-School/71449?page=92,,,
1,1949,1949-10-21,Rochester (MN),Home,Mankato (MN),27,0,5.8,272,"Opponent 'Mankato (MN)' is ALSO a risk-listed college-town name -- may be a college-vs-college guarantee game misfiled as HS, or confirms both sides need a look. | Recurs across 28 different seasons vs this same opponent -- looks like a real, stable HS conference rivalry.",https://www.classmates.com/siteui/yearbooks/41651?page=44,,,
1,1946,1946-10-04,Hastings (NE),Home,Columbus Kramer (NE),13,7,-1.5,909,This opponent pairing is a one-off (not a recurring year-over-year matchup) -- more consistent with a one-time guarantee game than a conference rivalry.,http://www.classmates.com/siteui/yearbooks/4182727045?page=32,,,
1,1931,1931-10-25,Wooster (OH),Home,Orrville (OH),61,0,0.1,1005,"Margin (+61) is a 2.7-sigma outlier vs this team's usual margin (0.1 avg). | Recurs across 111 different seasons vs this same opponent -- looks like a real, stable HS conference rivalry. | 1930s/early-1940s season -- crossover games still happened, though less often than the 1920s.",The_Plain_Dealer_1931_10_25_21.csv,,,
1,1953,1953-10-03,Moorhead (MN),Visitor,Bemidji (MN),13,38,7.8,900,"Opponent 'Bemidji (MN)' is ALSO a risk-listed college-town name -- may be a college-vs-college guarantee game misfiled as HS, or confirms both sides need a look. | Margin (-25) is a 1.6-sigma outlier vs this team's usual margin (7.8 avg). | Recurs across 43 different seasons vs this same opponent -- looks like a real, stable HS conference rivalry. | 1950 or later -- college/HS crossover games had essentially stopped by this point, so this is most likely a genuine same-name high school, not a misfiled college game.",The_Forum_1953_10_03_11.csv,,,
1,1956,1956-10-20,Minot (ND),Visitor,Jamestown (ND),0,34,7.4,1098,"Opponent 'Jamestown (ND)' is ALSO a risk-listed college-town name -- may be a college-vs-college guarantee game misfiled as HS, or confirms both sides need a look. | Margin (-34) is a 1.8-sigma outlier vs this team's usual margin (7.4 avg). | Recurs across 25 different seasons vs this same opponent -- looks like a real, stable HS conference rivalry. | 1950 or later -- college/HS crossover games had essentially stopped by this point, so this is most likely a genuine same-name high school, not a misfiled college game.",The_Forum_1956_10_20_9.csv,,,
1,1942,1942-10-31,Milton (WI),Visitor,Jefferson (WI),0,28,7.0,758,"Margin (-28) is a 1.6-sigma outlier vs this team's usual margin (7.0 avg). | Recurs across 37 different seasons vs this same opponent -- looks like a real, stable HS conference rivalry. | 1930s/early-1940s season -- crossover games still happened, though less often than the 1920s.",Wisconsin_State_Journal_1942_10_31_7.csv,,,
1,1944,1944-10-07,Whitewater (WI),Visitor,Burlington (WI),0,38,-0.9,677,"Margin (-38) is a 1.5-sigma outlier vs this team's usual margin (-0.9 avg). | Recurs across 35 different seasons vs this same opponent -- looks like a real, stable HS conference rivalry. | 1930s/early-1940s season -- crossover games still happened, though less often than the 1920s.",Wisconsin_State_Journal_1944_10_07_3.csv,,,
1,1946,1946-10-26,Minot (ND),Visitor,Jamestown (ND),15,19,7.4,1098,"Opponent 'Jamestown (ND)' is ALSO a risk-listed college-town name -- may be a college-vs-college guarantee game misfiled as HS, or confirms both sides need a look. | Recurs across 25 different seasons vs this same opponent -- looks like a real, stable HS conference rivalry.",The_Forum_1946_10_26_7.csv,,,
1,1946,1946-10-25,Hastings (NE),Home,York (NE),7,0,-1.5,909,"Opponent 'York (NE)' is ALSO a risk-listed college-town name -- may be a college-vs-college guarantee game misfiled as HS, or confirms both sides need a look. | Recurs across 40 different seasons vs this same opponent -- looks like a real, stable HS conference rivalry.",http://www.classmates.com/siteui/yearbooks/4182785891?page=17,,,
1,1932,1932-10-14,Austin (MN),Home,Austin St. Augustine (MN),65,0,1.7,1094,"Margin (+65) is a 2.9-sigma outlier vs this team's usual margin (1.7 avg). | Recurs across 3 different seasons vs this same opponent -- looks like a real, stable HS conference rivalry. | 1930s/early-1940s season -- crossover games still happened, though less often than the 1920s.",http://www.classmates.com/yearbooks/Austin-High-School/62309?page=78,,,
1,1945,1945-09-21,Albion (MI),Home,Adrian (MI),7,6,-4.1,550,"Opponent 'Adrian (MI)' is ALSO a risk-listed college-town name -- may be a college-vs-college guarantee game misfiled as HS, or confirms both sides need a look. | Recurs across 22 different seasons vs this same opponent -- looks like a real, stable HS conference rivalry.",https://www.newspapers.com/image/210475818,,,
1,1946,1946-09-14,Bowling Green (OH),Home,Gibsonburg (OH),18,7,-2.0,691,This opponent pairing is a one-off (not a recurring year-over-year matchup) -- more consistent with a one-time guarantee game than a conference rivalry.,The_Blade_1946_09_14_10.csv,,,
1,1945,1945-10-12,Adrian (MI),Home,Toledo Whitmer (OH),19,6,0.9,877,This opponent pairing is a one-off (not a recurring year-over-year matchup) -- more consistent with a one-time guarantee game than a conference rivalry.,https://www.classmates.com/siteui/yearbooks/109751?page=108,,,
1,1949,1949-09-16,Moorhead (MN),Home,Fargo Sacred Heart Academy (ND),18,12,7.8,900,This opponent pairing is a one-off (not a recurring year-over-year matchup) -- more consistent with a one-time guarantee game than a conference rivalry.,http://www.classmates.com/yearbooks/Moorhead-High-School/184339?page=42,,,
1,1931,1931-11-27,Defiance (OH),Home,Van Wert (OH),59,0,-1.0,862,"Margin (+59) is a 2.5-sigma outlier vs this team's usual margin (-1.0 avg). | Recurs across 80 different seasons vs this same opponent -- looks like a real, stable HS conference rivalry. | 1930s/early-1940s season -- crossover games still happened, though less often than the 1920s.",The_Plain_Dealer_1931_11_27_22 (1).csv,,,
1,1951,1951-09-28,Bowling Green (OH),Home,Findlay (OH),53,13,-2.0,691,"Opponent 'Findlay (OH)' is ALSO a risk-listed college-town name -- may be a college-vs-college guarantee game misfiled as HS, or confirms both sides need a look. | Margin (+40) is a 1.9-sigma outlier vs this team's usual margin (-2.0 avg). | Recurs across 38 different seasons vs this same opponent -- looks like a real, stable HS conference rivalry. | 1950 or later -- college/HS crossover games had essentially stopped by this point, so this is most likely a genuine same-name high school, not a misfiled college game.",https://www.classmates.com/siteui/yearbooks/82196?page=98,,,
1,1949,1949-10-07,Moorhead (MN),Home,Wahpeton (ND),7,0,7.8,900,"Opponent 'Wahpeton (ND)' is ALSO a risk-listed college-town name -- may be a college-vs-college guarantee game misfiled as HS, or confirms both sides need a look. | Recurs across 22 different seasons vs this same opponent -- looks like a real, stable HS conference rivalry.",http://www.classmates.com/yearbooks/Moorhead-High-School/184339?page=42,,,
1,1940,1940-10-04,Grinnell (IA),Home,Eldora (IA),33,0,1.7,1110,"1930s/early-1940s season -- crossover games still happened, though less often than the 1920s.",https://www.classmates.com/siteui/yearbooks/1000247888?page=22,,,
1,1938,1938-10-21,Findlay (OH),Home,Tiffin Columbian (OH),46,6,2.7,1201,"Margin (+40) is a 1.6-sigma outlier vs this team's usual margin (2.7 avg). | Recurs across 28 different seasons vs this same opponent -- looks like a real, stable HS conference rivalry. | 1930s/early-1940s season -- crossover games still happened, though less often than the 1920s.",https://www.classmates.com/siteui/yearbooks/71750?page=63,,,
1,1942,1942-10-31,Pikeville (KY),Visitor,Fleming (KY),14,26,12.2,1276,"1930s/early-1940s season -- crossover games still happened, though less often than the 1920s.",The_Courier_Journal_1942_10_31_Page_14.csv,,,
1,1936,1936-11-14,Georgetown Scott County (KY),Visitor,Lexington (KY),0,42,4.9,1007,"Margin (-42) is a 1.8-sigma outlier vs this team's usual margin (4.9 avg). | Recurs across 6 different seasons vs this same opponent -- looks like a real, stable HS conference rivalry. | 1930s/early-1940s season -- crossover games still happened, though less often than the 1920s.",The_Courier_Journal_1936_11_14_Page_17.csv,,,
1,1936,1936-09-26,Morehead Rowan County (KY),Visitor,Raceland (KY),0,46,-2.7,669,"Margin (-46) is a 1.6-sigma outlier vs this team's usual margin (-2.7 avg). | Recurs across 9 different seasons vs this same opponent -- looks like a real, stable HS conference rivalry. | 1930s/early-1940s season -- crossover games still happened, though less often than the 1920s.",The_Courier_Journal_1936_09_26_Page_14.csv,,,
1,1935,1935-10-26,Murray (KY),Visitor,Central City (KY),12,12,7.5,832,"1930s/early-1940s season -- crossover games still happened, though less often than the 1920s.",The_Courier_Journal_1935_10_26_Page_13.csv,,,
1,1935,1935-09-28,Georgetown Scott County (KY),Visitor,Carlisle Nicholas County (KY),6,47,4.9,1007,"Margin (-41) is a 1.7-sigma outlier vs this team's usual margin (4.9 avg). | Recurs across 34 different seasons vs this same opponent -- looks like a real, stable HS conference rivalry. | 1930s/early-1940s season -- crossover games still happened, though less often than the 1920s.",The_Courier_Journal_1935_09_28_Page_16.csv,,,
1,1935,1935-09-28,Morehead Rowan County (KY),Visitor,Olive Hill (KY),0,46,-2.7,669,"Margin (-46) is a 1.6-sigma outlier vs this team's usual margin (-2.7 avg). | Recurs across 5 different seasons vs this same opponent -- looks like a real, stable HS conference rivalry. | 1930s/early-1940s season -- crossover games still happened, though less often than the 1920s.",The_Courier_Journal_1935_09_28_Page_16.csv,,,
1,1934,1934-11-10,Georgetown Scott County (KY),Visitor,Frankfort (KY),0,39,4.9,1007,"Margin (-39) is a 1.7-sigma outlier vs this team's usual margin (4.9 avg). | Recurs across 31 different seasons vs this same opponent -- looks like a real, stable HS conference rivalry. | 1930s/early-1940s season -- crossover games still happened, though less often than the 1920s.",The_Courier_Journal_1934_11_10_Page_14.csv,,,
1,1933,1933-11-11,Georgetown Scott County (KY),Visitor,Frankfort (KY),0,37,4.9,1007,"Margin (-37) is a 1.6-sigma outlier vs this team's usual margin (4.9 avg). | Recurs across 31 different seasons vs this same opponent -- looks like a real, stable HS conference rivalry. | 1930s/early-1940s season -- crossover games still happened, though less often than the 1920s.",The_Courier_Journal_1933_11_11_Page_13.csv,,,
1,1952,1952-09-27,Valley City (ND),Visitor,Moorhead (MN),0,42,1.2,953,"Opponent 'Moorhead (MN)' is ALSO a risk-listed college-town name -- may be a college-vs-college guarantee game misfiled as HS, or confirms both sides need a look. | Margin (-42) is a 1.8-sigma outlier vs this team's usual margin (1.2 avg). | Recurs across 18 different seasons vs this same opponent -- looks like a real, stable HS conference rivalry. | 1950 or later -- college/HS crossover games had essentially stopped by this point, so this is most likely a genuine same-name high school, not a misfiled college game.",The_Forum_1952_09_27_8.csv,,,
1,1939,1939-09-22,Marietta (OH),Home,Williamstown (WV),45,0,-3.3,961,"Margin (+45) is a 2.1-sigma outlier vs this team's usual margin (-3.3 avg). | Recurs across 29 different seasons vs this same opponent -- looks like a real, stable HS conference rivalry. | 1930s/early-1940s season -- crossover games still happened, though less often than the 1920s.",http://fourseasonsfootball.com/va.html,,,
1,1959,1959-09-25,Findlay (OH),Home,Ashland (OH),42,0,2.7,1201,"Opponent 'Ashland (OH)' is ALSO a risk-listed college-town name -- may be a college-vs-college guarantee game misfiled as HS, or confirms both sides need a look. | Margin (+42) is a 1.7-sigma outlier vs this team's usual margin (2.7 avg). | Recurs across 4 different seasons vs this same opponent -- looks like a real, stable HS conference rivalry. | 1950 or later -- college/HS crossover games had essentially stopped by this point, so this is most likely a genuine same-name high school, not a misfiled college game.",https://www.classmates.com/siteui/yearbooks/15829?page=126,,,
1,1955,1955-11-04,Rochester (MN),Home,Austin (MN),40,0,5.8,272,"Opponent 'Austin (MN)' is ALSO a risk-listed college-town name -- may be a college-vs-college guarantee game misfiled as HS, or confirms both sides need a look. | Margin (+40) is a 1.7-sigma outlier vs this team's usual margin (5.8 avg). | Recurs across 45 different seasons vs this same opponent -- looks like a real, stable HS conference rivalry. | 1950 or later -- college/HS crossover games had essentially stopped by this point, so this is most likely a genuine same-name high school, not a misfiled college game.",https://www.classmates.com/siteui/yearbooks/159804?page=90,,,
1,1940,1940-10-11,Dickinson (ND),Home,Killdeer Old HS (ND),20,0,-0.9,982,"1930s/early-1940s season -- crossover games still happened, though less often than the 1920s.",http://www.bhs.bismarckschools.org/bhs/bhsathletics/throwers/history-of-bismarck-high-football/,,,
1,1938,1938-09-23,Austin (MN),Home,Sioux City Central (IA),7,13,1.7,1094,"1930s/early-1940s season -- crossover games still happened, though less often than the 1920s.",http://www.classmates.com/yearbooks/Central-High-School/184362?page=88,,,
1,1949,1949-11-04,Alma (MI),Home,Flint Tech (MI),9,6,-1.0,641,This opponent pairing is a one-off (not a recurring year-over-year matchup) -- more consistent with a one-time guarantee game than a conference rivalry.,http://www.classmates.com/siteui/yearbooks/4182738763?page=45,,,
1,1932,1932-10-14,Winona (MN),Home,Owatonna (MN),37,0,-3.4,915,"Margin (+37) is a 1.8-sigma outlier vs this team's usual margin (-3.4 avg). | Recurs across 71 different seasons vs this same opponent -- looks like a real, stable HS conference rivalry. | 1930s/early-1940s season -- crossover games still happened, though less often than the 1920s.",http://www.classmates.com/yearbooks/Winona-High-School/1000247827?page=42,,,
1,1948,1948-11-06,Oberlin (OH),Home,Ashland (KY),7,0,-5.6,712,This opponent pairing is a one-off (not a recurring year-over-year matchup) -- more consistent with a one-time guarantee game than a conference rivalry.,The_Blade_1948_11_06_11.csv,,,
1,1933,1933-09-22,Mankato (MN),Home,Janesville (MN),40,0,2.3,366,"Margin (+40) is a 2.0-sigma outlier vs this team's usual margin (2.3 avg). | Recurs across 3 different seasons vs this same opponent -- looks like a real, stable HS conference rivalry. | 1930s/early-1940s season -- crossover games still happened, though less often than the 1920s.",https://www.classmates.com/siteui/yearbooks/4182773687?page=86,,,
1,1931,1931-10-25,Joliet (IL),Visitor,Rockford Central Lightswieigts (IL),0,20,-9.3,928,"1930s/early-1940s season -- crossover games still happened, though less often than the 1920s.",The_Pantagraph_1931_10_25_Page_13.csv,,,
1,1947,1947-10-03,Minot (ND),Home,Dickinson (ND),3,0,7.4,1098,"Opponent 'Dickinson (ND)' is ALSO a risk-listed college-town name -- may be a college-vs-college guarantee game misfiled as HS, or confirms both sides need a look. | Recurs across 74 different seasons vs this same opponent -- looks like a real, stable HS conference rivalry.",http://www.bhs.bismarckschools.org/bhs/bhsathletics/throwers/history-of-bismarck-high-football/,,,
1,1930,1930-09-26,Findlay (OH),Home,Upper Sandusky (OH),86,0,2.7,1201,"Margin (+86) is a 3.7-sigma outlier vs this team's usual margin (2.7 avg). | Recurs across 6 different seasons vs this same opponent -- looks like a real, stable HS conference rivalry. | 1930s/early-1940s season -- crossover games still happened, though less often than the 1920s.",https://www.classmates.com/siteui/yearbooks/54026?page=116,,,
1,1930,1930-10-31,Monmouth (IL),Home,Rock Island (IL),33,0,-2.7,640,"Margin (+33) is a 1.5-sigma outlier vs this team's usual margin (-2.7 avg). | Recurs across 16 different seasons vs this same opponent -- looks like a real, stable HS conference rivalry. | 1930s/early-1940s season -- crossover games still happened, though less often than the 1920s.",https://www.classmates.com/siteui/yearbooks/58250?page=85,,,
1,1947,1947-10-10,Mankato (MN),Home,Rochester (MN),12,6,2.3,366,"Opponent 'Rochester (MN)' is ALSO a risk-listed college-town name -- may be a college-vs-college guarantee game misfiled as HS, or confirms both sides need a look. | Recurs across 28 different seasons vs this same opponent -- looks like a real, stable HS conference rivalry.",https://www.classmates.com/siteui/yearbooks/47837?page=47,,,
1,1950,1950-10-21,Albion (MI),Home,Adrian (MI),39,0,-4.1,550,"Opponent 'Adrian (MI)' is ALSO a risk-listed college-town name -- may be a college-vs-college guarantee game misfiled as HS, or confirms both sides need a look. | Margin (+39) is a 1.9-sigma outlier vs this team's usual margin (-4.1 avg). | Recurs across 22 different seasons vs this same opponent -- looks like a real, stable HS conference rivalry. | 1950 or later -- college/HS crossover games had essentially stopped by this point, so this is most likely a genuine same-name high school, not a misfiled college game.",The_Blade_1950_10_21_8 (1).csv,,,
1,1942,1942-10-16,Milton (WI),Home,Lake Mills (WI),50,0,7.0,758,"Margin (+50) is a 2.0-sigma outlier vs this team's usual margin (7.0 avg). | Recurs across 29 different seasons vs this same opponent -- looks like a real, stable HS conference rivalry. | 1930s/early-1940s season -- crossover games still happened, though less often than the 1920s.",https://www.classmates.com/siteui/yearbooks/228577?page=22,,,
1,1949,1949-09-23,Moorhead (MN),Home,Park River (ND),33,0,7.8,900,This opponent pairing is a one-off (not a recurring year-over-year matchup) -- more consistent with a one-time guarantee game than a conference rivalry.,http://www.classmates.com/yearbooks/Moorhead-High-School/184339?page=42,,,
1,1943,1943-08-20,Murray (KY),Home,Huntingdon (TN),26,7,7.5,832,"1930s/early-1940s season -- crossover games still happened, though less often than the 1920s.",,,,
1,1947,1947-10-03,Winona (MN),Visitor,Duluth Central (MN),6,19,-3.4,915,This opponent pairing is a one-off (not a recurring year-over-year matchup) -- more consistent with a one-time guarantee game than a conference rivalry.,https://www.classmates.com/siteui/yearbooks/1300336140?page=88,,,
1,1948,1948-10-15,Kearney (NE),Visitor,Grand Island (NE),7,34,2.2,951,"Opponent 'Grand Island (NE)' is ALSO a risk-listed college-town name -- may be a college-vs-college guarantee game misfiled as HS, or confirms both sides need a look. | Recurs across 77 different seasons vs this same opponent -- looks like a real, stable HS conference rivalry.",http://www.classmates.com/yearbooks/Kearney-High-School/1000244006?page=74,,,
1,1947,1947-10-25,Minot (ND),Visitor,Jamestown (ND),6,20,7.4,1098,"Opponent 'Jamestown (ND)' is ALSO a risk-listed college-town name -- may be a college-vs-college guarantee game misfiled as HS, or confirms both sides need a look. | Recurs across 25 different seasons vs this same opponent -- looks like a real, stable HS conference rivalry.",The_Forum_1947_10_25_7.csv,,,
1,1932,1932-11-24,Pikeville (KY),Visitor,Louisa Lawrence County (KY),0,31,12.2,1276,"Margin (-31) is a 1.6-sigma outlier vs this team's usual margin (12.2 avg). | Recurs across 26 different seasons vs this same opponent -- looks like a real, stable HS conference rivalry. | 1930s/early-1940s season -- crossover games still happened, though less often than the 1920s.",http://fourseasonsfootball.com/va.html,,,
1,1948,1948-09-25,Hillsdale (MI),Visitor,Albion (MI),0,7,-1.6,695,"Opponent 'Albion (MI)' is ALSO a risk-listed college-town name -- may be a college-vs-college guarantee game misfiled as HS, or confirms both sides need a look. | Recurs across 20 different seasons vs this same opponent -- looks like a real, stable HS conference rivalry.",Lansing_State_Journal_1948_09_25_Page_12.csv,,,
1,1956,1956-10-26,Ashland (OH),Visitor,Wooster (OH),0,33,1.4,651,"Opponent 'Wooster (OH)' is ALSO a risk-listed college-town name -- may be a college-vs-college guarantee game misfiled as HS, or confirms both sides need a look. | Margin (-33) is a 1.7-sigma outlier vs this team's usual margin (1.4 avg). | Recurs across 59 different seasons vs this same opponent -- looks like a real, stable HS conference rivalry. | 1950 or later -- college/HS crossover games had essentially stopped by this point, so this is most likely a genuine same-name high school, not a misfiled college game.",http://www.classmates.com/yearbooks/Wooster-High-School/108849?page=98,,,
1,1947,1947-09-27,Hastings (NE),Visitor,Grand Island (NE),7,28,-1.5,909,"Opponent 'Grand Island (NE)' is ALSO a risk-listed college-town name -- may be a college-vs-college guarantee game misfiled as HS, or confirms both sides need a look. | Recurs across 62 different seasons vs this same opponent -- looks like a real, stable HS conference rivalry.",Omaha_World_Herald_1947_09_27_13 (1).csv,,,
1,1946,1946-10-12,Grand Island (NE),Visitor,Kearney (NE),7,12,6.2,931,"Opponent 'Kearney (NE)' is ALSO a risk-listed college-town name -- may be a college-vs-college guarantee game misfiled as HS, or confirms both sides need a look. | Recurs across 77 different seasons vs this same opponent -- looks like a real, stable HS conference rivalry.",Omaha_World_Herald_1946_10_12_11.csv,,,
1,1941,1941-10-31,Grand Island (NE),Visitor,Lincoln (NE),0,53,6.2,931,"Margin (-53) is a 2.8-sigma outlier vs this team's usual margin (6.2 avg). | Recurs across 90 different seasons vs this same opponent -- looks like a real, stable HS conference rivalry. | 1930s/early-1940s season -- crossover games still happened, though less often than the 1920s.",http://www.classmates.com/yearbooks/Lincoln-High-School/81092?page=78,,,
1,1946,1946-09-20,Kearney (NE),Visitor,Columbus Kramer (NE),0,27,2.2,951,This opponent pairing is a one-off (not a recurring year-over-year matchup) -- more consistent with a one-time guarantee game than a conference rivalry.,http://www.classmates.com/siteui/yearbooks/4182727045?page=32,,,
1,1943,1943-10-22,Grinnell (IA),Visitor,Des Moines Roosevelt (IA),0,33,1.7,1110,"Margin (-33) is a 1.5-sigma outlier vs this team's usual margin (1.7 avg). | Recurs across 16 different seasons vs this same opponent -- looks like a real, stable HS conference rivalry. | 1930s/early-1940s season -- crossover games still happened, though less often than the 1920s.",https://www.classmates.com/siteui/yearbooks/1000247879?page=36,,,
1,1931,1931-10-30,Valley City (ND),Visitor,Grand Forks Central (ND),0,43,1.2,953,"Margin (-43) is a 1.8-sigma outlier vs this team's usual margin (1.2 avg). | Recurs across 24 different seasons vs this same opponent -- looks like a real, stable HS conference rivalry. | 1930s/early-1940s season -- crossover games still happened, though less often than the 1920s.",http://www.classmates.com/siteui/yearbooks/206601?page=101,,,
1,1930,1930-10-11,Georgetown (KY),Visitor,Ashland Blazer (KY),0,73,-18.5,35,"Margin (-73) is a 2.0-sigma outlier vs this team's usual margin (-18.5 avg). | Recurs across 6 different seasons vs this same opponent -- looks like a real, stable HS conference rivalry. | 1930s/early-1940s season -- crossover games still happened, though less often than the 1920s.",http://fourseasonsfootball.com/va.html,,,
1,1938,1938-10-22,Georgetown Scott County (KY),Visitor,Richmond Madison Central (KY),0,55,4.9,1007,"Margin (-55) is a 2.3-sigma outlier vs this team's usual margin (4.9 avg). | Recurs across 35 different seasons vs this same opponent -- looks like a real, stable HS conference rivalry. | 1930s/early-1940s season -- crossover games still happened, though less often than the 1920s.",Lexington_Herald_Leader_1938_10_22_5.csv,,,
1,1946,1946-10-19,Adrian (MI),Home,Hillsdale (MI),22,0,0.9,877,"Opponent 'Hillsdale (MI)' is ALSO a risk-listed college-town name -- may be a college-vs-college guarantee game misfiled as HS, or confirms both sides need a look. | Recurs across 19 different seasons vs this same opponent -- looks like a real, stable HS conference rivalry.",Lansing_State_Journal_1946_10_19_Page_8.csv,,,
1,1937,1937-10-15,Dickinson (ND),Home,Mott (ND),39,0,-0.9,982,"Margin (+39) is a 1.7-sigma outlier vs this team's usual margin (-0.9 avg). | Recurs across 7 different seasons vs this same opponent -- looks like a real, stable HS conference rivalry. | 1930s/early-1940s season -- crossover games still happened, though less often than the 1920s.",http://www.bhs.bismarckschools.org/bhs/bhsathletics/throwers/history-of-bismarck-high-football/,,,
