1 Not in HS_Team_Names,Fort Lauderdale St. Thomas Aquinas (FL),NULL,14,NULL
1 Not in HS_Team_Names,Land O' Lakes Academy at the Lakes (FL),NULL,13,NULL
1 Not in HS_Team_Names,Rockford Jefferson JV (IL),NULL,10,NULL
1 Not in HS_Team_Names,Humboldt-Table Rock (NE),NULL,8,NULL
1 Not in HS_Team_Names,Regina Luther College (SK),NULL,5,NULL
1 Not in HS_Team_Names,Saskatoon  E. D. Feehan Catholic (SK),NULL,2,NULL
1 Not in HS_Team_Names,Alma PALS Night & Senior Night (MI),NULL,1,NULL
1 Not in HS_Team_Names,Alpena Homecoming (MI),NULL,1,NULL
1 Not in HS_Team_Names,Barrie Maple Ridge (ON),NULL,1,NULL
1 Not in HS_Team_Names,Capac Hall of Fame Night (MI),NULL,1,NULL
1 Not in HS_Team_Names,Capac Homecoming (MI),NULL,1,NULL
1 Not in HS_Team_Names,Capac Senior Night (MI),NULL,1,NULL
1 Not in HS_Team_Names,Constantine HOF game (MI),NULL,1,NULL
1 Not in HS_Team_Names,Dansville Homecoming (MI),NULL,1,NULL
1 Not in HS_Team_Names,Dansville Senior/Parent Night (MI),NULL,1,NULL
1 Not in HS_Team_Names,Dexter Homecoming (MI),NULL,1,NULL
1 Not in HS_Team_Names,Edmonton St. Joseph JV (AB),NULL,1,NULL
1 Not in HS_Team_Names,Erie Mason Homecoming (MI),NULL,1,NULL
1 Not in HS_Team_Names,Grosse Pointe South Homecoming Football Game (MI),NULL,1,NULL
1 Not in HS_Team_Names,Grosse Pointe Woods University Liggett Homecoming (MI),NULL,1,NULL
1 Not in HS_Team_Names,Hafford Central (SK),NULL,1,NULL
1 Not in HS_Team_Names,Hancock @Hancock-bus 4:30 (MI),NULL,1,NULL
1 Not in HS_Team_Names,Houghton Copper Bowl (MI),NULL,1,NULL
1 Not in HS_Team_Names,Houghton Lake Homecoming (MI),NULL,1,NULL
1 Not in HS_Team_Names,Johannesburg-Lewiston Homecoming (MI),NULL,1,NULL
1 Not in HS_Team_Names,Kingston Homecoming (MI),NULL,1,NULL
1 Not in HS_Team_Names,Kissimmee Victory Charter (FL),NULL,1,NULL
1 Not in HS_Team_Names,Laingsburg SENIOR NIGHT (MI),NULL,1,NULL
1 Not in HS_Team_Names,Lemberg North Valley (SK),NULL,1,NULL
1 Not in HS_Team_Names,Livonia Franklin KLAA Cross-Over @ East Division (MI),NULL,1,NULL
1 Not in HS_Team_Names,London Stoney Creek (ON),NULL,1,NULL
1 Not in HS_Team_Names,Melvindale Academy for Business & Tech Homecoming (MI),NULL,1,NULL
1 Not in HS_Team_Names,Melvindale Academy for Business & Tech Senior Night (MI),NULL,1,NULL
1 Not in HS_Team_Names,Muskegon Orchard View Homecoming (MI),NULL,1,NULL
1 Not in HS_Team_Names,Northville Homecoming (MI),NULL,1,NULL
1 Not in HS_Team_Names,Okotoks Holy Trinity Academy JV (AB),NULL,1,NULL
1 Not in HS_Team_Names,Park Falls Chequamegon-Phillips (WI),NULL,1,NULL
1 Not in HS_Team_Names,San Juan Legacy Sports Academy (PR),NULL,1,NULL
1 Not in HS_Team_Names,Sandusky Homecoming (MI),NULL,1,NULL
1 Not in HS_Team_Names,Saskatoon St. Joesph (SK),NULL,1,NULL
1 Not in HS_Team_Names,Saskatoon St. Thomas More (SK),NULL,1,NULL
1 Not in HS_Team_Names,TBD (MB),NULL,1,NULL
1 Not in HS_Team_Names,Toledo Ottawa Hills (OH-2) (MI),NULL,1,NULL
1 Not in HS_Team_Names,Utica Eisenhower Homecoming (MI),NULL,1,NULL
1 Not in HS_Team_Names,Waterford Kettering Senior Night (MI),NULL,1,NULL
1 Not in HS_Team_Names,Whitko (IN),NULL,1,NULL
2 No MaxPreps URL mapping,Seattle O'Dea (WA),NULL,22,68020
2 No MaxPreps URL mapping,Dover Specially Fit Academy (FL),NULL,20,61554
2 No MaxPreps URL mapping,Bay St. Louis St. Stanislaus (MS),NULL,19,38525
2 No MaxPreps URL mapping,Saint Charles Francis Howel (MO),NULL,19,67602
2 No MaxPreps URL mapping,Orchard Lake St. Marys Prep (MI),NULL,18,66314
2 No MaxPreps URL mapping,Pontiac Notre Dame Prep (MI),NULL,18,66945
2 No MaxPreps URL mapping,Union-Endicott (NY),NULL,18,11414
2 No MaxPreps URL mapping,Washington KIPP College Prep (DC),NULL,18,69482
2 No MaxPreps URL mapping,Birmingham Groves (MI),NULL,17,3068
2 No MaxPreps URL mapping,Jackson Lumen Christi Catholic (MI),NULL,17,63450
2 No MaxPreps URL mapping,Arcadia Rio Hondo Prep (CA),NULL,16,59044
2 No MaxPreps URL mapping,Dallas South Oak Cliff (TX),NULL,16,43338
2 No MaxPreps URL mapping,Detroit Catholic Central (MI),NULL,16,61445
2 No MaxPreps URL mapping,Houston Galena Park North Shore (TX),NULL,16,63248
2 No MaxPreps URL mapping,Lacombe Ecole Lacombe Composite (AB),NULL,16,63891
2 No MaxPreps URL mapping,Little Rock Southwest Christian Academy (AR),NULL,16,7412
2 No MaxPreps URL mapping,Warren De La Salle Collegiate (MI),NULL,16,69426
2 No MaxPreps URL mapping,Bascom Hopewell-Loudon (OH),NULL,15,59394
2 No MaxPreps URL mapping,Dardanelle (AR),NULL,15,61267
2 No MaxPreps URL mapping,Edmonton St. Joseph's (AB),NULL,15,61721
2 No MaxPreps URL mapping,Kenosha St. Joseph (WI),NULL,15,63705
2 No MaxPreps URL mapping,Louisville Kentucky Country Day (KY),NULL,15,64551
2 No MaxPreps URL mapping,Mount Enterprise (TX),NULL,15,65555
2 No MaxPreps URL mapping,Thomasville Thomas County Central (GA),NULL,15,28781
2 No MaxPreps URL mapping,West Palm Beach Cardinal Newman (FL),NULL,15,69658
2 No MaxPreps URL mapping,Abbotsford Mouat (BC),NULL,14,58730
2 No MaxPreps URL mapping,Arcola Iowa Colony (TX),NULL,14,3434
2 No MaxPreps URL mapping,Blacksville Clay-Battelle (WV),NULL,14,15225
2 No MaxPreps URL mapping,Boca Raton West (FL),NULL,14,59788
2 No MaxPreps URL mapping,Calgary John G. Diefenbaker (AB),NULL,14,41738
2 No MaxPreps URL mapping,Cincinnati St. Xavier (OH),NULL,14,60735
2 No MaxPreps URL mapping,Columbia Irmo (SC),NULL,14,60967
2 No MaxPreps URL mapping,Downey St. Pius X (CA),NULL,14,2365
2 No MaxPreps URL mapping,Duncanville (TX),NULL,14,37280
2 No MaxPreps URL mapping,Festus St. Pius X (MO),NULL,14,62088
2 No MaxPreps URL mapping,L'Anse (MI),NULL,14,64064
2 No MaxPreps URL mapping,Lake Worth Dr. Joaquin Garcia (FL),NULL,14,63991
2 No MaxPreps URL mapping,Lee's Summit St. Michael the Archangel (MO),NULL,14,64213
2 No MaxPreps URL mapping,Lexington Holmes County Central (MS),NULL,14,22091
2 No MaxPreps URL mapping,Mont Belvieu Barbers Hill (TX),NULL,14,65413
2 No MaxPreps URL mapping,New Lenox Lincoln-Way West (IL),NULL,14,1468
2 No MaxPreps URL mapping,Pasadena First Baptist Christian (TX),NULL,14,39706
2 No MaxPreps URL mapping,Pinson Clay-Chalkville (AL),NULL,14,66819
2 No MaxPreps URL mapping,Port Neches (TX),NULL,14,66967
2 No MaxPreps URL mapping,Reserve Riverside Academy (LA),NULL,14,67259
2 No MaxPreps URL mapping,Solana Beach Santa Fe Christian (CA),NULL,14,27808
2 No MaxPreps URL mapping,West Columbia Gray Collegiate Academy (SC),NULL,14,7090
2 No MaxPreps URL mapping,Baldwin-Woodville (WI),NULL,13,59294
2 No MaxPreps URL mapping,Baltimore Mergenthaler Vo-Tech (MD),NULL,13,59327
2 No MaxPreps URL mapping,Burbank St. Laurence (IL),NULL,13,60065
2 No MaxPreps URL mapping,Calgary Sir Winston Churchill (AB),NULL,13,4763
2 No MaxPreps URL mapping,Cape Cod RVT-Harwich (MA),NULL,13,38221
2 No MaxPreps URL mapping,Cedar City (UT),NULL,13,60331
2 No MaxPreps URL mapping,Chicago St. Rita (IL),NULL,13,58676
2 No MaxPreps URL mapping,Clearwater Central Catholic (FL),NULL,13,60809
2 No MaxPreps URL mapping,Concord Clayton Valley Charter (CA),NULL,13,61029
2 No MaxPreps URL mapping,Concord De La Salle (CA),NULL,13,39657
2 No MaxPreps URL mapping,Conroe Northside Lions Sports Association (TX),NULL,13,2715
2 No MaxPreps URL mapping,Cuyahoga Falls Walsh Jesuit (OH),NULL,13,61215
2 No MaxPreps URL mapping,Damascus Southwest Georgia Academy (GA),NULL,13,61248
2 No MaxPreps URL mapping,Danvers St. John's Prep (MA),NULL,13,61256
2 No MaxPreps URL mapping,East St. Louis (IL),NULL,13,58671
2 No MaxPreps URL mapping,Fairhope St. Michael Catholic (AL),NULL,13,7651
2 No MaxPreps URL mapping,Findlay Liberty-Benton (OH),NULL,13,62094
2 No MaxPreps URL mapping,Fitzgerald (GA),NULL,13,62106
2 No MaxPreps URL mapping,Franklin Battle Ground Academy (TN),NULL,13,62292
2 No MaxPreps URL mapping,Gibsonia Pine-Richland (PA),NULL,13,24262
2 No MaxPreps URL mapping,Graham-Kapowsin (WA),NULL,13,19276
2 No MaxPreps URL mapping,Grand Island Central Catholic (NE),NULL,13,62587
2 No MaxPreps URL mapping,Gypsum Southeast of Saline (KS),NULL,13,62752
2 No MaxPreps URL mapping,Hanover-Horton (MI),NULL,13,62838
2 No MaxPreps URL mapping,Henderson Sports Leadership & Management (NV),NULL,13,63028
2 No MaxPreps URL mapping,Hollywood Chaminade-Madonna (FL),NULL,13,63164
2 No MaxPreps URL mapping,Kalamazoo Hackett Catholic Prep (MI),NULL,13,63606
2 No MaxPreps URL mapping,Kea'au Kamehameha (HI),NULL,13,63663
2 No MaxPreps URL mapping,Lakewood St. Edward (OH),NULL,13,64020
2 No MaxPreps URL mapping,Lenexa Christ Prep Academy (KS),NULL,13,64247
2 No MaxPreps URL mapping,Lepanto East Poinsett County (AR),NULL,13,27328
2 No MaxPreps URL mapping,Lineville Central of Clay County (AL),NULL,13,64360
2 No MaxPreps URL mapping,Louisville St. Xavier (KY),NULL,13,64558
2 No MaxPreps URL mapping,Mio-Au Sable (MI),NULL,13,65332
2 No MaxPreps URL mapping,Nelsonville-York (OH),NULL,13,21956
2 No MaxPreps URL mapping,Norcross Greater Atlanta Christian (GA),NULL,13,44113
2 No MaxPreps URL mapping,Ogemaw Heights (MI),NULL,13,70344
2 No MaxPreps URL mapping,Old Tappan Northern Valley (NJ),NULL,13,66230
2 No MaxPreps URL mapping,Orlando Dr. Phillips (FL),NULL,13,66328
2 No MaxPreps URL mapping,Oshkosh Lourdes Academy (WI),NULL,13,66372
2 No MaxPreps URL mapping,Otisville LakeVille Memorial (MI),NULL,13,66388
2 No MaxPreps URL mapping,Pandora-Gilboa (OH),NULL,13,66499
2 No MaxPreps URL mapping,Papillion-La Vista South (NE),NULL,13,13859
2 No MaxPreps URL mapping,Pasco Tri-Cities Prep (WA),NULL,13,66556
2 No MaxPreps URL mapping,Perkins-Tryon (OK),NULL,13,25452
2 No MaxPreps URL mapping,Pewamo-Westphalia (MI),NULL,13,66697
2 No MaxPreps URL mapping,Phenix City Glenwood Academy (AL),NULL,13,66707
2 No MaxPreps URL mapping,Pond Creek (OK),NULL,13,66934
2 No MaxPreps URL mapping,Portland St Patrick (MI),NULL,13,72128
2 No MaxPreps URL mapping,Portland St. Patrick Catholic (MI),NULL,13,67010
2 No MaxPreps URL mapping,Richmond Armstrong-Kennedy (VA),NULL,13,67280
2 No MaxPreps URL mapping,Riverview Gabriel Richard Catholic (MI),NULL,13,67350
2 No MaxPreps URL mapping,Saint Ansgar (IA),NULL,13,47819
2 No MaxPreps URL mapping,Sioux City Bishop Heelan Catholic (IA),NULL,13,23042
2 No MaxPreps URL mapping,Springfield Cardinal O'Hara (PA),NULL,13,28200
2 No MaxPreps URL mapping,St. Petersburg Catholic (FL),NULL,13,68410
2 No MaxPreps URL mapping,St. Petersburg Lakewood (FL),NULL,13,68413
2 No MaxPreps URL mapping,Stephenville Three Way (TX),NULL,13,68474
2 No MaxPreps URL mapping,Temperance Bedford (MI),NULL,13,68805
2 No MaxPreps URL mapping,Toledo St. John's Jesuit (OH),NULL,13,68917
2 No MaxPreps URL mapping,Toxey South Choctaw Academy (AL),NULL,13,44683
2 No MaxPreps URL mapping,Tsawwassen South Delta (BC),NULL,13,69057
2 No MaxPreps URL mapping,Tucson Pusch Ridge Christian Academy (AZ),NULL,13,69075
2 No MaxPreps URL mapping,Upper Saint Clair (PA),NULL,13,69195
2 No MaxPreps URL mapping,Wayne Passaic County Tech (NJ),NULL,13,31876
2 No MaxPreps URL mapping,Wheaton St. Francis (IL),NULL,13,69715
2 No MaxPreps URL mapping,Wichita Kapaun Mount Carmel (KS),NULL,13,69776
2 No MaxPreps URL mapping,Wrentham King Philip Regional (MA),NULL,13,70006
2 No MaxPreps URL mapping,Abbotsford Robert Bateman (BC),NULL,12,58732
2 No MaxPreps URL mapping,Albany Deerfield-Windsor (GA),NULL,12,58814
2 No MaxPreps URL mapping,Albuquerque St. Pius X (NM),NULL,12,4164
2 No MaxPreps URL mapping,Anderson T.L. Hanna (SC),NULL,12,8849
2 No MaxPreps URL mapping,Arthur Lovington Atwood Hammond (IL),NULL,12,59092
2 No MaxPreps URL mapping,Ashland-Greenwood (NE),NULL,12,59131
2 No MaxPreps URL mapping,Athens Prince Avenue Christian (GA),NULL,12,38237
2 No MaxPreps URL mapping,Atherton Sacred Heart Prep (CA),NULL,12,47398
2 No MaxPreps URL mapping,Au Gres-Sims (MI),NULL,12,59183
2 No MaxPreps URL mapping,Auburn Lee-Scott Academy (AL),NULL,12,25420
2 No MaxPreps URL mapping,Austin Eastside Early College (TX),NULL,12,59232
2 No MaxPreps URL mapping,Austin LBJ (TX),NULL,12,38430
2 No MaxPreps URL mapping,Ayden-Grifton (NC),NULL,12,59255
2 No MaxPreps URL mapping,Baltimore Green Street Academy (MD),NULL,12,59319
2 No MaxPreps URL mapping,Bark River-Harris (MI),NULL,12,59369
2 No MaxPreps URL mapping,Basehor-Linwood (KS),NULL,12,59396
2 No MaxPreps URL mapping,Belden Tupelo Christian Prep (MS),NULL,12,12288
2 No MaxPreps URL mapping,Bellwood-Antis (PA),NULL,12,59574
2 No MaxPreps URL mapping,Blanding San Juan County (UT),NULL,12,59744
2 No MaxPreps URL mapping,Bridgewater-Raynham (MA),NULL,12,33917
2 No MaxPreps URL mapping,Brooklyn Frank J. Macchiarola (NY),NULL,12,32882
2 No MaxPreps URL mapping,Brooksville Nature Coast Tech (FL),NULL,12,59987
2 No MaxPreps URL mapping,Brownsville St. Joseph Academy (TX),NULL,12,32190
2 No MaxPreps URL mapping,Cambridge Tri-Valley (ID),NULL,12,44524
2 No MaxPreps URL mapping,Carlsbad (NM),NULL,12,34037
2 No MaxPreps URL mapping,Carrollton Prince of Peace (TX),NULL,12,32925
2 No MaxPreps URL mapping,Centreville Queen Anne's County (MD),NULL,12,46097
2 No MaxPreps URL mapping,Chesterfield Bird (VA),NULL,12,60542
2 No MaxPreps URL mapping,Chippewa Falls McDonell Central Catholic (WI),NULL,12,60686
2 No MaxPreps URL mapping,Clarksville Clinton-Massie (OH),NULL,12,7425
2 No MaxPreps URL mapping,Claysburg-Kimmel (PA),NULL,12,6998
2 No MaxPreps URL mapping,Clermont Real Life Christian Academy (FL),NULL,12,60816
2 No MaxPreps URL mapping,Climax-Scotts (MI),NULL,12,60848
2 No MaxPreps URL mapping,Colbert Northwest Christian School (WA),NULL,12,30790
2 No MaxPreps URL mapping,College Station A&M Consolidated (TX),NULL,12,30362
2 No MaxPreps URL mapping,Colorado Springs The Classical Academy (CO),NULL,12,60938
2 No MaxPreps URL mapping,Columbus St. Francis de Sales (OH),NULL,12,61012
2 No MaxPreps URL mapping,Conway Atlantic Collegiate Academy (SC),NULL,12,71397
2 No MaxPreps URL mapping,Coquitlam Centennial (BC),NULL,12,61066
2 No MaxPreps URL mapping,Crowley Nazarene Christian Academy (TX),NULL,12,13091
2 No MaxPreps URL mapping,Dalzell Thomas Sumter Academy (SC),NULL,12,5824
2 No MaxPreps URL mapping,DesArc (AR),NULL,12,10091
2 No MaxPreps URL mapping,Detroit Communication Media Arts (MI),NULL,12,61450
2 No MaxPreps URL mapping,Detroit Denby Tech Prep (MI),NULL,12,61455
2 No MaxPreps URL mapping,Detroit Lincoln-King Academy (MI),NULL,12,61465
2 No MaxPreps URL mapping,Detroit Martin Luther King (MI),NULL,12,61469
2 No MaxPreps URL mapping,Douglasville Harvester Christian Academy (GA),NULL,12,9774
2 No MaxPreps URL mapping,Downs Tri-Valley (IL),NULL,12,61568
2 No MaxPreps URL mapping,Dresden Tri-Valley (OH),NULL,12,48262
2 No MaxPreps URL mapping,East Brewton W.S. Neal (AL),NULL,12,12194
2 No MaxPreps URL mapping,East Grand Rapids (MI),NULL,12,61642
2 No MaxPreps URL mapping,Edmonton McNally (AB),NULL,12,61716
2 No MaxPreps URL mapping,Elmhurst Immaculate Conception (IL),NULL,12,61812
2 No MaxPreps URL mapping,Eureka St. Bernard's (CA),NULL,12,61929
2 No MaxPreps URL mapping,Fairview Park (OH),NULL,12,62002
2 No MaxPreps URL mapping,Fayetteville Seventy-First (NC),NULL,12,62056
2 No MaxPreps URL mapping,Fischer Canyon Lake (TX),NULL,12,31677
2 No MaxPreps URL mapping,Flint New Standard Academy (MI),NULL,12,62123
2 No MaxPreps URL mapping,Frankfort Lincoln-Way (IL),NULL,12,7398
2 No MaxPreps URL mapping,Gardner-Edgerton (KS),NULL,12,62414
2 No MaxPreps URL mapping,Garrettsville Garfield (OH),NULL,12,35497
2 No MaxPreps URL mapping,Gatlinburg-Pittman (TN),NULL,12,14935
2 No MaxPreps URL mapping,Gaylord St. Mary Cathedral (MI),NULL,12,62446
2 No MaxPreps URL mapping,Grandfalls-Royalty (TX),NULL,12,17353
2 No MaxPreps URL mapping,Greendale Martin Luther Prep (WI),NULL,12,62662
2 No MaxPreps URL mapping,Hanover South Shore Vo-Tech (MA),NULL,12,19895
2 No MaxPreps URL mapping,Hardin Calhoun-Brussels (IL),NULL,12,62848
2 No MaxPreps URL mapping,Harrison Township L'Anse Creuse (MI),NULL,12,62884
2 No MaxPreps URL mapping,Hartland Lake Country Lutheran (WI),NULL,12,23407
2 No MaxPreps URL mapping,Hegins Tri-Valley (PA),NULL,12,63000
2 No MaxPreps URL mapping,High Point T. Wingate Andrews (NC),NULL,12,17443
2 No MaxPreps URL mapping,Homer City Homer-Center (PA),NULL,12,63182
2 No MaxPreps URL mapping,Houston St. Pius X (TX),NULL,12,35595
2 No MaxPreps URL mapping,Houston St. Thomas Catholic (TX),NULL,12,48282
2 No MaxPreps URL mapping,Jacksonville Impact Christian Academy (FL),NULL,12,63479
2 No MaxPreps URL mapping,Jacksonville Northside (NC),NULL,12,28473
2 No MaxPreps URL mapping,Jacksonville Paxon (FL),NULL,12,63485
2 No MaxPreps URL mapping,Kannapolis A.L. Brown (NC),NULL,12,63624
2 No MaxPreps URL mapping,Kasson-Mantorville (MN),NULL,12,63655
2 No MaxPreps URL mapping,Kinston Arendell Parrott Academy (NC),NULL,12,63792
2 No MaxPreps URL mapping,La Cañada (CA),NULL,12,63863
2 No MaxPreps URL mapping,La Jolla The Bishop's School (CA),NULL,12,26004
2 No MaxPreps URL mapping,Lake Cormorant (MS),NULL,12,63957
2 No MaxPreps URL mapping,Lake Linden-Hubbell (MI),NULL,12,63967
2 No MaxPreps URL mapping,Lithonia M.L. King (GA),NULL,12,27111
2 No MaxPreps URL mapping,Louisville Central (KY),NULL,12,1482
2 No MaxPreps URL mapping,Marcelius (MI),NULL,12,64812
2 No MaxPreps URL mapping,Matthews David W. Butler (NC),NULL,12,10791
2 No MaxPreps URL mapping,Melvindale Academy for Business & Tech (MI),NULL,12,65043
2 No MaxPreps URL mapping,Mendota Heights St. Thomas Academy (MN),NULL,12,65091
2 No MaxPreps URL mapping,Midland Lee (TX),NULL,12,65211
2 No MaxPreps URL mapping,Milledgeville John Milledge Academy (GA),NULL,12,16849
2 No MaxPreps URL mapping,Monroe South Sevier County (UT),NULL,12,65405
2 No MaxPreps URL mapping,Monroe St. Mary Catholic Central (MI),NULL,12,65407
2 No MaxPreps URL mapping,Montrose (MI),NULL,12,65447
2 No MaxPreps URL mapping,Mullins Pee Dee Academy (SC),NULL,12,31506
2 No MaxPreps URL mapping,Murfreesboro Providence Christian Academy (TN),NULL,12,65643
2 No MaxPreps URL mapping,Nashville Christ Presbyterian Academy (TN),NULL,12,65689
2 No MaxPreps URL mapping,Nashville Pearl-Cohn (TN),NULL,12,10562
2 No MaxPreps URL mapping,New Madison Tri-Village (OH),NULL,12,65824
2 No MaxPreps URL mapping,Newton-Conover (NC),NULL,12,65953
2 No MaxPreps URL mapping,Norwich Free Academy (CT),NULL,12,66107
2 No MaxPreps URL mapping,O'Fallon Fort Zumwalt West (MO),NULL,12,33644
2 No MaxPreps URL mapping,Odenville St. Clair County (AL),NULL,12,66171
2 No MaxPreps URL mapping,Owego Free Academy (NY),NULL,12,8234
2 No MaxPreps URL mapping,Philadelphia Neumann-Goretti (PA),NULL,12,22301
2 No MaxPreps URL mapping,Phoenix Brophy College Prep (AZ),NULL,12,21462
2 No MaxPreps URL mapping,Phoenix St. Mary's (AZ),NULL,12,40257
2 No MaxPreps URL mapping,Pinson East Central HomeSchool (AL),NULL,12,5863
2 No MaxPreps URL mapping,Pittsburgh Bishop Canevin Catholic (PA),NULL,12,66832
2 No MaxPreps URL mapping,Plano Coram Deo Academy (TX),NULL,12,13489
2 No MaxPreps URL mapping,Pontiac Arts & Tech (MI),NULL,12,66942
2 No MaxPreps URL mapping,Port St. Joe (FL),NULL,12,66972
2 No MaxPreps URL mapping,Pottstown Owen J. Roberts (PA),NULL,12,67033
2 No MaxPreps URL mapping,Pueblo West (CO),NULL,12,67104
2 No MaxPreps URL mapping,Rosebud-Lott (TX),NULL,12,67471
2 No MaxPreps URL mapping,Roswell New Mexico Military Institute (NM),NULL,12,6997
2 No MaxPreps URL mapping,Rutherfordton-Spindale Central (NC),NULL,12,67553
2 No MaxPreps URL mapping,Saint Augustine (FL),NULL,12,67595
2 No MaxPreps URL mapping,San Angelo Central (TX),NULL,12,13143
2 No MaxPreps URL mapping,San Juan Capistrano St. Margaret's (CA),NULL,12,67863
2 No MaxPreps URL mapping,Sandusky St. Mary Central Catholic (OH),NULL,12,18927
2 No MaxPreps URL mapping,Semmes Montgomery (AL),NULL,12,17835
2 No MaxPreps URL mapping,Sergeant Bluffs (IA),NULL,12,68054
2 No MaxPreps URL mapping,Springfield (TN),NULL,12,68359
2 No MaxPreps URL mapping,St. Francisville West Feliciana (LA),NULL,12,68396
2 No MaxPreps URL mapping,St. James (LA),NULL,12,68399
2 No MaxPreps URL mapping,Surrey Lord Tweedsmuir (BC),NULL,12,68630
2 No MaxPreps URL mapping,Sylvan Grove Sylvan-Lucas (KS),NULL,12,68674
2 No MaxPreps URL mapping,Tacoma Mt.Tahoma (WA),NULL,12,68707
2 No MaxPreps URL mapping,Tallahassee Florida State University High (FL),NULL,12,68718
2 No MaxPreps URL mapping,Teachey Wallace-Rose Hill (NC),NULL,12,68776
2 No MaxPreps URL mapping,Thibodaux E.D. White (LA),NULL,12,16952
2 No MaxPreps URL mapping,Traverse City St. Francis (MI),NULL,12,68994
2 No MaxPreps URL mapping,Trotwood-Madison (OH),NULL,12,69030
2 No MaxPreps URL mapping,Twin City Emanuel County Institute (GA),NULL,12,33076
2 No MaxPreps URL mapping,Vancouver Collegiate (BC),NULL,12,69239
2 No MaxPreps URL mapping,Velva-Garrison (ND),NULL,12,69257
2 No MaxPreps URL mapping,Vincent (AL),NULL,12,4255
2 No MaxPreps URL mapping,Washington Court House Miami Trace (OH),NULL,12,69473
2 No MaxPreps URL mapping,West Columbia (TX),NULL,12,29155
2 No MaxPreps URL mapping,White House Christian Community School (TN),NULL,12,69731
2 No MaxPreps URL mapping,Wilson James B. Hunt (NC),NULL,12,69864
2 No MaxPreps URL mapping,Winchester George Rogers Clark (KY),NULL,12,9670
2 No MaxPreps URL mapping,Winston-Salem Oak Grove (NC),NULL,12,42342
2 No MaxPreps URL mapping,Aberdeen-Weatherwax (WA),NULL,11,9102
2 No MaxPreps URL mapping,Albany Christian Brothers Academy (NY),NULL,11,11089
2 No MaxPreps URL mapping,Alpharetta King's Ridge Christian (GA),NULL,11,31742
2 No MaxPreps URL mapping,Amanda-Clearcreek (OH),NULL,11,58923
2 No MaxPreps URL mapping,Anderson-Shiro (TX),NULL,11,818
2 No MaxPreps URL mapping,Annapolis St. Mary's (MD),NULL,11,58988
2 No MaxPreps URL mapping,Annville-Cleona (PA),NULL,11,42153
2 No MaxPreps URL mapping,Arlington Washington-Liberty (VA),NULL,11,59077
2 No MaxPreps URL mapping,Asheville T.C. Roberson (NC),NULL,11,59112
2 No MaxPreps URL mapping,Atlanta Holy Innocents Episcopal (GA),NULL,11,31877
2 No MaxPreps URL mapping,Augusta Academy of Richmond County (GA),NULL,11,42939
2 No MaxPreps URL mapping,Augusta Westminster Schools of Augusta (GA),NULL,11,59204
2 No MaxPreps URL mapping,Austin Royals HomeSchool (TX),NULL,11,7454
2 No MaxPreps URL mapping,Austin St. Michael's (TX),NULL,11,3727
2 No MaxPreps URL mapping,Austin St. Savio Dominic (TX),NULL,11,13836
2 No MaxPreps URL mapping,Baltimore Chesapeake (MD),NULL,11,59306
2 No MaxPreps URL mapping,Baltimore Mt. Saint Joseph (MD),NULL,11,59329
2 No MaxPreps URL mapping,Baltimore St. Frances Academy (MD),NULL,11,59344
2 No MaxPreps URL mapping,Bel Air C. Milton Wright (MD),NULL,11,59510
2 No MaxPreps URL mapping,Belmont Stuart W. Cramer (NC),NULL,11,8473
2 No MaxPreps URL mapping,Berea-Midpark (OH),NULL,11,59625
2 No MaxPreps URL mapping,Bethlehem Christian Academy (GA),NULL,11,59663
2 No MaxPreps URL mapping,Billerica Shawsheen Valley Tech (MA),NULL,11,35748
2 No MaxPreps URL mapping,Blackstone-Millville (MA),NULL,11,41748
2 No MaxPreps URL mapping,Blackville Jefferson Davis Academy (SC),NULL,11,17671
2 No MaxPreps URL mapping,Bloomfield Hills Brother Rice (MI),NULL,11,59752
2 No MaxPreps URL mapping,Bloomington (IL),NULL,11,59758
2 No MaxPreps URL mapping,Boca Raton St. Andrews (FL),NULL,11,45100
2 No MaxPreps URL mapping,Bradenton St.Stephen's Episcopal (FL),NULL,11,59853
2 No MaxPreps URL mapping,Bronx Mt. St. Michael Academy (NY),NULL,11,59959
2 No MaxPreps URL mapping,Brooklandville St.Paul's (MD),NULL,11,59968
2 No MaxPreps URL mapping,Brooklyn Boys & Girls (NY),NULL,11,26308
2 No MaxPreps URL mapping,Buffalo Lewis J. Bennett (NY),NULL,11,60047
2 No MaxPreps URL mapping,Burlington Walter M. Williams (NC),NULL,11,60088
2 No MaxPreps URL mapping,Burlington-Edison (WA),NULL,11,7971
2 No MaxPreps URL mapping,Byron Area (MI),NULL,11,60119
2 No MaxPreps URL mapping,Cambridge-South Dorchester (MD),NULL,11,60170
2 No MaxPreps URL mapping,Canonsburg Canon-McMillan (PA),NULL,11,60211
2 No MaxPreps URL mapping,Carbondale (PA),NULL,11,60241
2 No MaxPreps URL mapping,Carbondale Santa Fe Trail (KS),NULL,11,60243
2 No MaxPreps URL mapping,Carlsbad Army & Navy Academy (CA),NULL,11,60251
2 No MaxPreps URL mapping,Carlsbad La Costa Canyon (CA),NULL,11,60252
2 No MaxPreps URL mapping,Carsonville-Port Sanilac (MI),NULL,11,60288
2 No MaxPreps URL mapping,Casper Natrona County (WY),NULL,11,45164
2 No MaxPreps URL mapping,Cedar Grove (WI),NULL,11,60334
2 No MaxPreps URL mapping,Centennial (AB),NULL,11,60354
2 No MaxPreps URL mapping,Central Valley Monroe-Woodbury (NY),NULL,11,60384
2 No MaxPreps URL mapping,Charleston First Baptist School (SC),NULL,11,60437
2 No MaxPreps URL mapping,Chicago St. Ingatius College Prep (IL),NULL,11,60647
2 No MaxPreps URL mapping,Chilliwack G.W. Graham (BC),NULL,11,60677
2 No MaxPreps URL mapping,Chula Vista Victory Christian Academy (CA),NULL,11,40051
2 No MaxPreps URL mapping,Cincinnati Hills Christian Academy (OH),NULL,11,60719
2 No MaxPreps URL mapping,Clark-Willow Lake (SD),NULL,11,60788
2 No MaxPreps URL mapping,Clarksburg Robert C. Byrd (WV),NULL,11,60774
2 No MaxPreps URL mapping,Coal Grove Dawson-Bryant (OH),NULL,11,60869
2 No MaxPreps URL mapping,Columbus Africentric Early College (OH),NULL,11,5250
2 No MaxPreps URL mapping,Como-Pickton (TX),NULL,11,291
2 No MaxPreps URL mapping,Concord Jay M. Robinson (NC),NULL,11,34097
2 No MaxPreps URL mapping,Concordia St. Paul Lutheran (MO),NULL,11,28379
2 No MaxPreps URL mapping,Conyers Young Americans Christian (GA),NULL,11,61052
2 No MaxPreps URL mapping,Coraopolis Our Lady of the Sacred Heart (PA),NULL,11,30782
2 No MaxPreps URL mapping,Corpus Christi Incarnate Word Academy (TX),NULL,11,36631
2 No MaxPreps URL mapping,Corpus Christi Tuloso-Midway (TX),NULL,11,6766
2 No MaxPreps URL mapping,Corrigan-Camden (TX),NULL,11,61091
2 No MaxPreps URL mapping,Covington St. Paul's (LA),NULL,11,61148
2 No MaxPreps URL mapping,Covington-Douglas (OK),NULL,11,25313
2 No MaxPreps URL mapping,Crockett (TX),NULL,11,46955
2 No MaxPreps URL mapping,D'Hanis (TX),NULL,11,37234
2 No MaxPreps URL mapping,Danville San Ramon Valley (CA),NULL,11,29067
2 No MaxPreps URL mapping,Darien McIntosh County Academy (GA),NULL,11,61268
2 No MaxPreps URL mapping,Davenport Ridge Community (FL),NULL,11,61280
2 No MaxPreps URL mapping,Dawson-Boyd (MN),NULL,11,14469
2 No MaxPreps URL mapping,De Quincy (LA),NULL,11,6161
2 No MaxPreps URL mapping,Dell Rapids St. Mary's (SD),NULL,11,10554
2 No MaxPreps URL mapping,Dorchester Tech-Boston Academy (MA),NULL,11,61547
2 No MaxPreps URL mapping,Dover-Sherborn (MA),NULL,11,46500
2 No MaxPreps URL mapping,Draper Juan Diego Catholic (UT),NULL,11,61575
2 No MaxPreps URL mapping,Dudley Shepherd Hill Regional (MA),NULL,11,36333
2 No MaxPreps URL mapping,Durand-Arkansaw (WI),NULL,11,61613
2 No MaxPreps URL mapping,Durand-Pecatonica (IL),NULL,11,61614
2 No MaxPreps URL mapping,East Las Vegas Mater Academy (NV),NULL,11,61648
2 No MaxPreps URL mapping,Easthampton-Hampshire (MA),NULL,11,21903
2 No MaxPreps URL mapping,Edcouch-Elsa (TX),NULL,11,48456
2 No MaxPreps URL mapping,Edenton John A. Holmes (NC),NULL,11,61690
2 No MaxPreps URL mapping,Edgard West Saint John (LA),NULL,11,61691
2 No MaxPreps URL mapping,Edgewood-Colesburg (IA),NULL,11,1805
2 No MaxPreps URL mapping,Edison St. Thomas Aquinas (NJ),NULL,11,61703
2 No MaxPreps URL mapping,El Paso (IL),NULL,11,61737
2 No MaxPreps URL mapping,El Paso Americas (TX),NULL,11,16157
2 No MaxPreps URL mapping,Elkhorn Mt. Michael Benedictine (NE),NULL,11,61784
2 No MaxPreps URL mapping,Elkton-Pigeon-Bay (MI),NULL,11,61793
2 No MaxPreps URL mapping,Estill Patrick Henry Academy (SC),NULL,11,2518
2 No MaxPreps URL mapping,Falls Church George C. Marshall (VA),NULL,11,62010
2 No MaxPreps URL mapping,Fayetteville E.E. Smith (NC),NULL,11,45765
2 No MaxPreps URL mapping,Fayetteville Starr's Mill (GA),NULL,11,62057
2 No MaxPreps URL mapping,Fillmore Millard County (UT),NULL,11,62092
2 No MaxPreps URL mapping,Fitchburg St. Bernard's Central Catholic (MA),NULL,11,47620
2 No MaxPreps URL mapping,Flora Coop (IL),NULL,11,62136
2 No MaxPreps URL mapping,Folsom Vista del Lago (CA),NULL,11,4256
2 No MaxPreps URL mapping,Fort Worth Carter-Riverside (TX),NULL,11,47873
2 No MaxPreps URL mapping,Fort Worth Mercy Culture Prep (TX),NULL,11,62248
2 No MaxPreps URL mapping,Fort Worth Southwest Christian School (TX),NULL,11,62257
2 No MaxPreps URL mapping,Fort Worth THESA (TX),NULL,11,72076
2 No MaxPreps URL mapping,Freeman-Marion-Freeman Academy (SD),NULL,11,46935
2 No MaxPreps URL mapping,Fuquay-Varina Willow Spring (NC),NULL,11,29762
2 No MaxPreps URL mapping,Galesburg-Augusta (MI),NULL,11,62394
2 No MaxPreps URL mapping,Garland Sachse (TX),NULL,11,5676
2 No MaxPreps URL mapping,Gary Calumet New Tech (IN),NULL,11,16946
2 No MaxPreps URL mapping,Georgetown Grace Academy (TX),NULL,11,18644
2 No MaxPreps URL mapping,Glen St. Mary Baker County (FL),NULL,11,62516
2 No MaxPreps URL mapping,Gloucester City Catholic (NJ),NULL,11,70900
2 No MaxPreps URL mapping,Goodyear Millenium (AZ),NULL,11,62560
2 No MaxPreps URL mapping,Great Falls C M Russell (MT),NULL,11,15060
2 No MaxPreps URL mapping,Greater New Bedford RVT (MA),NULL,11,10908
2 No MaxPreps URL mapping,Greeley Dayspring Christian Academy (CO),NULL,11,28985
2 No MaxPreps URL mapping,Greencastle (IN),NULL,11,62658
2 No MaxPreps URL mapping,Greenfield-Central (IN),NULL,11,62667
2 No MaxPreps URL mapping,Greenville D.H. Conley (NC),NULL,11,26742
2 No MaxPreps URL mapping,Greenville J.H. Rose (NC),NULL,11,15875
2 No MaxPreps URL mapping,Greenville St. Joseph's Catholic (SC),NULL,11,62700
2 No MaxPreps URL mapping,Groveport-Madison (OH),NULL,11,62731
2 No MaxPreps URL mapping,Hamshire-Fannett (TX),NULL,11,62821
2 No MaxPreps URL mapping,Hanoverton United Local (OH),NULL,11,62839
2 No MaxPreps URL mapping,Harrison City Penn-Trafford (PA),NULL,11,62881
2 No MaxPreps URL mapping,Hazard Perry County Central (KY),NULL,11,62970
2 No MaxPreps URL mapping,Hickory St. Stephens (NC),NULL,11,63077
2 No MaxPreps URL mapping,Higdon North Sand Mountain (AL),NULL,11,38479
2 No MaxPreps URL mapping,High Point Christian Academy (NC),NULL,11,7326
2 No MaxPreps URL mapping,Hindman Knott County Central (KY),NULL,11,63127
2 No MaxPreps URL mapping,Hope Mills Gray's Creek (NC),NULL,11,31875
2 No MaxPreps URL mapping,Hot Springs National Park Cutter-Morning Star (AR),NULL,11,21937
2 No MaxPreps URL mapping,Houston Chartiers-Houston (PA),NULL,11,63247
2 No MaxPreps URL mapping,Howells-Dodge (NE),NULL,11,63271
2 No MaxPreps URL mapping,Jacksonville Christ's Church Academy (FL),NULL,11,63471
2 No MaxPreps URL mapping,Jacksonville Eagle's View (FL),NULL,11,63473
2 No MaxPreps URL mapping,Jacksonville ED White (FL),NULL,11,63474
2 No MaxPreps URL mapping,Jacksonville Stanton College Prep (FL),NULL,11,63492
2 No MaxPreps URL mapping,Jefferson-Morgan (PA),NULL,11,63520
2 No MaxPreps URL mapping,Johnson City (TX),NULL,11,2556
2 No MaxPreps URL mapping,Jonesboro-Hodge (LA),NULL,11,63579
2 No MaxPreps URL mapping,Joppa Joppatowne (MD),NULL,11,63584
2 No MaxPreps URL mapping,Jourdanton (TX),NULL,11,37684
2 No MaxPreps URL mapping,Kansas City St. Pius X (MO),NULL,11,46138
2 No MaxPreps URL mapping,Katy St. Pope John XXIII (TX),NULL,11,1996
2 No MaxPreps URL mapping,Keller Harvest Christian Academy (TX),NULL,11,20992
2 No MaxPreps URL mapping,Kelowna (BC),NULL,11,63674
2 No MaxPreps URL mapping,Kings Mills Kings (OH),NULL,11,36484
2 No MaxPreps URL mapping,Kingston Silver Lake Regional (MA),NULL,11,12985
2 No MaxPreps URL mapping,Kirkwood St. John Vianney (MO),NULL,11,63803
2 No MaxPreps URL mapping,La Belle (FL),NULL,11,63862
2 No MaxPreps URL mapping,Lafayette St. Thomas More (LA),NULL,11,63916
2 No MaxPreps URL mapping,Lakeland Geneva Classical Academy (FL),NULL,11,63998
2 No MaxPreps URL mapping,Lampeter-Strasburg (PA),NULL,11,8471
2 No MaxPreps URL mapping,Land O'Lakes (FL),NULL,11,64051
2 No MaxPreps URL mapping,Lee's Summit (MO),NULL,11,64211
2 No MaxPreps URL mapping,Lee-Lenox Memorial (MA),NULL,11,23010
2 No MaxPreps URL mapping,Lenexa St. James Academy (KS),NULL,11,64248
2 No MaxPreps URL mapping,Lethbridge Catholic Central (AB),NULL,11,64269
2 No MaxPreps URL mapping,Lethbridge Collegiate Institute (AB),NULL,11,71465
2 No MaxPreps URL mapping,Little River Academy (TX),NULL,11,35991
2 No MaxPreps URL mapping,Little Rock Mills (AR),NULL,11,64390
2 No MaxPreps URL mapping,Lizton Tri-West Hendricks (IN),NULL,11,64417
2 No MaxPreps URL mapping,Locust Grove Strong Rock Christian (GA),NULL,11,17166
2 No MaxPreps URL mapping,Long Beach St. Anthony (CA),NULL,11,64464
2 No MaxPreps URL mapping,Los Angeles John C. Fremont (CA),NULL,11,64513
2 No MaxPreps URL mapping,Los Angeles King-Drew (CA),NULL,11,18290
2 No MaxPreps URL mapping,Lubbock Christ the King Cathedral (TX),NULL,11,64587
2 No MaxPreps URL mapping,Madisonville Hopkins County Central (KY),NULL,11,64708
2 No MaxPreps URL mapping,Manning Laurence Manning Academy (SC),NULL,11,28534
2 No MaxPreps URL mapping,Manor New Tech (TX),NULL,11,64776
2 No MaxPreps URL mapping,Marietta Sprayberry (GA),NULL,11,35681
2 No MaxPreps URL mapping,Marrero L.W. Higgins (LA),NULL,11,64861
2 No MaxPreps URL mapping,Melbourne Central Catholic (FL),NULL,11,65029
2 No MaxPreps URL mapping,Memphis Academy of Health Sciences (TN),NULL,11,65046
2 No MaxPreps URL mapping,Memphis Business Academy (TN),NULL,11,65048
2 No MaxPreps URL mapping,Metairie St. Martin's Episcopal (LA),NULL,11,65135
2 No MaxPreps URL mapping,Miami Immaculata-Lasalle (FL),NULL,11,5168
2 No MaxPreps URL mapping,Miami True North Classical Academy (FL),NULL,11,65177
2 No MaxPreps URL mapping,Middletown St. Georges Tech (DE),NULL,11,13647
2 No MaxPreps URL mapping,Mobile McGill-Toolen (AL),NULL,11,28021
2 No MaxPreps URL mapping,Montgomery Valiant Cross Academy (AL),NULL,11,13014
2 No MaxPreps URL mapping,Monument Lewis-Palmer (CO),NULL,11,65454
2 No MaxPreps URL mapping,Mooresboro Thomas Jefferson Classical Academy (NC),NULL,11,65461
2 No MaxPreps URL mapping,Morley-Stanwood (MI),NULL,11,65499
2 No MaxPreps URL mapping,Mountain View St.Francis (CA),NULL,11,65612
2 No MaxPreps URL mapping,Murrells Inlet St. James (SC),NULL,11,43746
2 No MaxPreps URL mapping,Muskegon Mona Shores (MI),NULL,11,65656
2 No MaxPreps URL mapping,Muskegon Reeths-Puffer (MI),NULL,11,65659
2 No MaxPreps URL mapping,Myerstown Eastern Lebanon County (PA),NULL,11,65660
2 No MaxPreps URL mapping,Nanty Glo United Valley co-op [Blacklick Valley-United] (PA),NULL,11,39700
2 No MaxPreps URL mapping,Nashville Donelson Christian Academy (TN),NULL,11,65693
2 No MaxPreps URL mapping,New Braunfels John Paul II (TX),NULL,11,65760
2 No MaxPreps URL mapping,New Hope (PA),NULL,11,27359
2 No MaxPreps URL mapping,New Iberia Catholic (LA),NULL,11,65801
2 No MaxPreps URL mapping,New London West Rusk (TX),NULL,11,65819
2 No MaxPreps URL mapping,New Orleans De La Salle (LA),NULL,11,65840
2 No MaxPreps URL mapping,New Orleans Livingston Collegiate Academy (LA),NULL,11,34763
2 No MaxPreps URL mapping,New Westminster (BC),NULL,11,65887
2 No MaxPreps URL mapping,Newton North (MA),NULL,11,38076
2 No MaxPreps URL mapping,Newtown Square Marple (PA),NULL,11,17310
2 No MaxPreps URL mapping,North Carrollton J.Z. George (MS),NULL,11,26219
2 No MaxPreps URL mapping,North Chelmsford (MA),NULL,11,38813
2 No MaxPreps URL mapping,North Fort Myers (FL),NULL,11,66039
2 No MaxPreps URL mapping,North Little Rock (AR),NULL,11,66049
2 No MaxPreps URL mapping,North Richland Hills Fort Worth Christian (TX),NULL,11,66070
2 No MaxPreps URL mapping,O'Neill Saint Mary's (NE),NULL,11,66273
2 No MaxPreps URL mapping,Ogdensburg Free Academy (NY),NULL,11,34622
2 No MaxPreps URL mapping,Oklahoma City Mount St. Mary (OK),NULL,11,38169
2 No MaxPreps URL mapping,Okotoks Holy Trinity Academy (AB),NULL,11,66219
2 No MaxPreps URL mapping,Olney Our Lady of Good Counsel (MD),NULL,11,10216
2 No MaxPreps URL mapping,Omaha Paul Pewitt (TX),NULL,11,66252
2 No MaxPreps URL mapping,Orangeburg Bethune-Bowman (SC),NULL,11,66306
2 No MaxPreps URL mapping,Orlando West Oaks Academy (FL),NULL,11,66344
2 No MaxPreps URL mapping,Ortonville-Brandon (MI),NULL,11,66357
2 No MaxPreps URL mapping,Oxford (AL),NULL,11,66430
2 No MaxPreps URL mapping,Peabody Veterans Memorial (MA),NULL,11,17760
2 No MaxPreps URL mapping,Pelahatchie East Rankin Academy (MS),NULL,11,26572
2 No MaxPreps URL mapping,Peoria Notre Dame (IL),NULL,11,66662
2 No MaxPreps URL mapping,Perrysburg (OH),NULL,11,66678
2 No MaxPreps URL mapping,Pigeon (MI),NULL,11,66790
2 No MaxPreps URL mapping,Pittsburg St. Mary's-Colgan (KS),NULL,11,38934
2 No MaxPreps URL mapping,Plaquemine St. John The Evangelist (LA),NULL,11,66889
2 No MaxPreps URL mapping,Platte-Geddes (SD),NULL,11,66891
2 No MaxPreps URL mapping,Plymouth (IN),NULL,11,33334
2 No MaxPreps URL mapping,Pocono Summit Pocono Mountain West (PA),NULL,11,66914
2 No MaxPreps URL mapping,Pottsville Nativity Blessed Virgin Mary (PA),NULL,11,23632
2 No MaxPreps URL mapping,Prairie du Chien (WI),NULL,11,67054
2 No MaxPreps URL mapping,Providence Lasalle Academy (RI),NULL,11,67093
2 No MaxPreps URL mapping,Raymond (AB),NULL,11,67190
2 No MaxPreps URL mapping,Raymond Central Hinds Academy (MS),NULL,11,9818
2 No MaxPreps URL mapping,Richmond St. Christopher's (VA),NULL,11,67303
2 No MaxPreps URL mapping,Ridgeland John Paul II (SC),NULL,11,67311
2 No MaxPreps URL mapping,Rockford Central of Coosa County (AL),NULL,11,33545
2 No MaxPreps URL mapping,Royersford Spring-Ford (PA),NULL,11,24386
2 No MaxPreps URL mapping,Saginaw Nouvel Catholic Central (MI),NULL,11,67580
2 No MaxPreps URL mapping,Saint Louis Christian Brothers College (MO),NULL,11,67672
2 No MaxPreps URL mapping,Saint Paul Cretin-Derham Hall (MN),NULL,11,67735
2 No MaxPreps URL mapping,Salt Lake City Judge Memorial Catholic (UT),NULL,11,67798
2 No MaxPreps URL mapping,San Antonio The Christian School at Castle Hills (TX),NULL,11,460
2 No MaxPreps URL mapping,San Luis Obispo Mission College Prep (CA),NULL,11,67867
2 No MaxPreps URL mapping,San Marcos St. Joseph Academy (CA),NULL,11,47732
2 No MaxPreps URL mapping,Santa Maria St.Joseph (CA),NULL,11,67905
2 No MaxPreps URL mapping,Savannah Country Day (GA),NULL,11,26874
2 No MaxPreps URL mapping,Scobey-Opheim (MT),NULL,11,67982
2 No MaxPreps URL mapping,Scottsdale Prep Academy (AZ),NULL,11,67996
2 No MaxPreps URL mapping,Sebewaing (MI),NULL,11,68028
2 No MaxPreps URL mapping,Sedro-Woolley (WA),NULL,11,41037
2 No MaxPreps URL mapping,Seeley Lake-Swan (MT),NULL,11,68034
2 No MaxPreps URL mapping,Shrewsbury St. John's (MA),NULL,11,24461
2 No MaxPreps URL mapping,Silver City (NM),NULL,11,5075
2 No MaxPreps URL mapping,Slayton Murray County Central (MN),NULL,11,68194
2 No MaxPreps URL mapping,South Dartmouth (MA),NULL,11,42786
2 No MaxPreps URL mapping,Southfield Arts & Tech (MI),NULL,11,68286
2 No MaxPreps URL mapping,Spanish Fork American Leadership Academy (UT),NULL,11,68299
2 No MaxPreps URL mapping,Spencer-Columbus Catholic (WI),NULL,11,68318
2 No MaxPreps URL mapping,Springdale Har-Ber (AR),NULL,11,16969
2 No MaxPreps URL mapping,St. Amant (LA),NULL,11,68391
2 No MaxPreps URL mapping,St. Petersburg Keswick Christian (FL),NULL,11,68412
2 No MaxPreps URL mapping,St. Petersburg Northside Christian (FL),NULL,11,68415
2 No MaxPreps URL mapping,Standish-Sterling Central (MI),NULL,11,68427
2 No MaxPreps URL mapping,Stanville Betsy Layne (KY),NULL,11,11724
2 No MaxPreps URL mapping,Staten Island St. Joseph Hill Academy (NY),NULL,11,68448
2 No MaxPreps URL mapping,Stephen-Argyle Central (MN),NULL,11,6887
2 No MaxPreps URL mapping,Stillmore David Emanuel Academy (GA),NULL,11,26596
2 No MaxPreps URL mapping,Strathmore (AB),NULL,11,68531
2 No MaxPreps URL mapping,Syracuse Christian Brothers Academy (NY),NULL,11,68686
2 No MaxPreps URL mapping,Tallahassee Richards (FL),NULL,11,68724
2 No MaxPreps URL mapping,Toledo MR Waite (OH),NULL,11,68911
2 No MaxPreps URL mapping,Trumansburg Charles O. Dickerson (NY),NULL,11,69048
2 No MaxPreps URL mapping,Tucson High Magnet School (AZ),NULL,11,69069
2 No MaxPreps URL mapping,Tulsa Booker T. Washington (OK),NULL,11,2509
2 No MaxPreps URL mapping,Tulsa NOAH HomeSchool (OK),NULL,11,69092
2 No MaxPreps URL mapping,Tuskegee Booker T. Washington (AL),NULL,11,34103
2 No MaxPreps URL mapping,Tyler Bishop Thomas K. Gorman Catholic (TX),NULL,11,69126
2 No MaxPreps URL mapping,Unionville-Sebewaing (MI),NULL,11,69179
2 No MaxPreps URL mapping,Valencia Trinity Classical Academy (CA),NULL,11,28430
2 No MaxPreps URL mapping,Ventura St.Bonaventure (CA),NULL,11,69260
2 No MaxPreps URL mapping,Vero Beach Master's Academy (FL),NULL,11,69274
2 No MaxPreps URL mapping,Vero Beach St. Edward's (FL),NULL,11,69275
2 No MaxPreps URL mapping,Wagener-Salley (SC),NULL,11,20274
2 No MaxPreps URL mapping,Waldorf St. Charles (MD),NULL,11,69370
2 No MaxPreps URL mapping,Walton-Verona (KY),NULL,11,69409
2 No MaxPreps URL mapping,Warren John F. Kennedy Catholic (OH),NULL,11,69431
2 No MaxPreps URL mapping,Warrior Corner (AL),NULL,11,25811
2 No MaxPreps URL mapping,Warwick Valley Central (NY),NULL,11,69456
2 No MaxPreps URL mapping,Washington Rappahannock County (VA),NULL,11,69490
2 No MaxPreps URL mapping,Wathena Riverside [Wathena-Elwood] (KS),NULL,11,69529
2 No MaxPreps URL mapping,Waukomis Pioneer-Pleasant Vale (OK),NULL,11,13205
2 No MaxPreps URL mapping,Wauzeka-Steuben (WI),NULL,11,46509
2 No MaxPreps URL mapping,Wellington Palm Beach Central (FL),NULL,11,69591
2 No MaxPreps URL mapping,Wellman Mid-Prairie (IA),NULL,11,38679
2 No MaxPreps URL mapping,West Las Vegas (NM),NULL,11,69634
2 No MaxPreps URL mapping,West Palm Beach King's Academy (FL),NULL,11,69660
2 No MaxPreps URL mapping,West Palm Beach Palm Beach Lakes (FL),NULL,11,36907
2 No MaxPreps URL mapping,Westford Nashoba Valley Tech (MA),NULL,11,12834
2 No MaxPreps URL mapping,Westland John Glenn (MI),NULL,11,69694
2 No MaxPreps URL mapping,Whitesburg Letcher County Central (KY),NULL,11,69750
2 No MaxPreps URL mapping,Whitman-Hanson Regional (MA),NULL,11,46036
2 No MaxPreps URL mapping,Whittemore-Prescott (MI),NULL,11,69760
2 No MaxPreps URL mapping,Williamstown (KY),NULL,11,69820
2 No MaxPreps URL mapping,Wingate Bald Eagle Area (PA),NULL,11,40844
2 No MaxPreps URL mapping,Winnipeg West Kildonan (MB),NULL,11,27454
2 No MaxPreps URL mapping,Winston-Salem R.J. Reynolds (NC),NULL,11,69935
2 No MaxPreps URL mapping,Woodbridge Gar-Field (VA),NULL,11,69968
2 No MaxPreps URL mapping,Woodland Hills El Camino Real (CA),NULL,11,5880
2 No MaxPreps URL mapping,Abilene Texas Leadership Charter Academy (TX),NULL,10,58741
2 No MaxPreps URL mapping,Abington Friends (PA),NULL,10,17234
2 No MaxPreps URL mapping,Adrian-Ellsworth (MN),NULL,10,58774
2 No MaxPreps URL mapping,Albany St. Marys (CA),NULL,10,1502
2 No MaxPreps URL mapping,Alexandria Holy Savior Menard (LA),NULL,10,58858
2 No MaxPreps URL mapping,Allentown Louis E. Dieruff (PA),NULL,10,58886
2 No MaxPreps URL mapping,Amboy-LaMoille (IL),NULL,10,58926
2 No MaxPreps URL mapping,Amherst-Pelham Regional (MA),NULL,10,9831
2 No MaxPreps URL mapping,Amite Oak Forest Academy (LA),NULL,10,58941
2 No MaxPreps URL mapping,Appleton Fox Valley Lutheran (WI),NULL,10,59029
2 No MaxPreps URL mapping,Atlanta St. Pius X Catholic (GA),NULL,10,45237
2 No MaxPreps URL mapping,Aurora Marmion Military Academy (IL),NULL,10,59216
2 No MaxPreps URL mapping,Austin Northeast Early College (TX),NULL,10,9365
2 No MaxPreps URL mapping,Badger-Greenbush (MN),NULL,10,59263
2 No MaxPreps URL mapping,Baggs Little Snake River (WY),NULL,10,59266
2 No MaxPreps URL mapping,Baltimore Our Lady of Mount Carmel (MD),NULL,10,59332
2 No MaxPreps URL mapping,Bartow (FL),NULL,10,59392
2 No MaxPreps URL mapping,Baton Rouge Christian Home Educators Fellowship (LA),NULL,10,59423
2 No MaxPreps URL mapping,Bay City Western (MI),NULL,10,59462
2 No MaxPreps URL mapping,Bear Red Lion Christian Academy (DE),NULL,10,59479
2 No MaxPreps URL mapping,Beatrice J.F. Shields (AL),NULL,10,59482
2 No MaxPreps URL mapping,Bellevue Newport (WA),NULL,10,59563
2 No MaxPreps URL mapping,Beloit Turner Memorial (WI),NULL,10,59584
2 No MaxPreps URL mapping,Berthold Lewis & Clark [Berthold-Our Redeemer's Christian-North Shore] (ND),NULL,10,59643
2 No MaxPreps URL mapping,Bessemer (MI),NULL,10,59650
2 No MaxPreps URL mapping,Bethel-Tate (OH),NULL,10,35723
2 No MaxPreps URL mapping,Bethesda Walter Johnson (MD),NULL,10,59660
2 No MaxPreps URL mapping,Bethesda-Chevy Chase (MD),NULL,10,59662
2 No MaxPreps URL mapping,Birmingham Jackson-Olin (AL),NULL,10,28082
2 No MaxPreps URL mapping,Bismarck St. Mary's Central (ND),NULL,10,59711
2 No MaxPreps URL mapping,Black Mountain Charles D. Owen (NC),NULL,10,59718
2 No MaxPreps URL mapping,Blair-Taylor (WI),NULL,10,59736
2 No MaxPreps URL mapping,Bloomington (TX),NULL,10,5226
2 No MaxPreps URL mapping,Bloomsburg ColumbiaMontour Vo-Tech (PA),NULL,10,336
2 No MaxPreps URL mapping,Bogalusa Ben's Ford Christian (LA),NULL,10,13899
2 No MaxPreps URL mapping,Boston Latin School (MA),NULL,10,59822
2 No MaxPreps URL mapping,Bourne Upper Cape Cod RVT (MA),NULL,10,44894
2 No MaxPreps URL mapping,Bowie (TX),NULL,10,2921
2 No MaxPreps URL mapping,Box Elder Rocky Boy (MT),NULL,10,59841
2 No MaxPreps URL mapping,Branchville (SC),NULL,10,5435
2 No MaxPreps URL mapping,Brewton T.R. Miller (AL),NULL,10,37852
2 No MaxPreps URL mapping,Bristol Mt. Abraham-Vergennes (VT),NULL,10,59936
2 No MaxPreps URL mapping,Brookline Dexter Southfield (MA),NULL,10,38216
2 No MaxPreps URL mapping,Brookville Ell-Saline (KS),NULL,10,59988
2 No MaxPreps URL mapping,Buckhannon-Upshur (WV),NULL,10,28378
2 No MaxPreps URL mapping,Buffalo Western New York Maritime Charter (NY),NULL,10,31618
2 No MaxPreps URL mapping,Burnaby St. Thomas More Collegiate (BC),NULL,10,60090
2 No MaxPreps URL mapping,Burnt Hills (NY),NULL,10,18060
2 No MaxPreps URL mapping,Buxton Hillsboro-Central Valley (ND),NULL,10,60113
2 No MaxPreps URL mapping,Calgary All Saints (AB),NULL,10,60143
2 No MaxPreps URL mapping,Calumet (MI),NULL,10,60155
2 No MaxPreps URL mapping,Cambridge Rindge Tech (MA),NULL,10,6359
2 No MaxPreps URL mapping,Cameron C.H. Yoe (TX),NULL,10,34963
2 No MaxPreps URL mapping,Camilla Mitchell County (GA),NULL,10,24795
2 No MaxPreps URL mapping,Canton Central Catholic (OH),NULL,10,60218
2 No MaxPreps URL mapping,Canton-Salem (MI),NULL,10,60228
2 No MaxPreps URL mapping,Canyon Country Santa Clarita Christian (CA),NULL,10,60229
2 No MaxPreps URL mapping,Cardington-Lincoln (OH),NULL,10,33469
2 No MaxPreps URL mapping,Castroville North Monterey County (CA),NULL,10,5695
2 No MaxPreps URL mapping,Cato-Meridian (NY),NULL,10,4135
2 No MaxPreps URL mapping,Central McLean co-op [Underwood-Turtle Lake-Mercer] (ND),NULL,10,32111
2 No MaxPreps URL mapping,Central Montcalm (MI),NULL,10,71216
2 No MaxPreps URL mapping,Charlotte Country Day (NC),NULL,10,26447
2 No MaxPreps URL mapping,Chetek-Weyerhaeuser (WI),NULL,10,1922
2 No MaxPreps URL mapping,Chicago Morgan Park Academy (IL),NULL,10,60624
2 No MaxPreps URL mapping,Chicago St. Patrick (IL),NULL,10,60648
2 No MaxPreps URL mapping,Chilliwack Sardis (BC),NULL,10,40466
2 No MaxPreps URL mapping,Chouteau-Mazie (OK),NULL,10,11701
2 No MaxPreps URL mapping,Cincinnati Madeira (OH),NULL,10,60724
2 No MaxPreps URL mapping,Cincinnati Miami Valley Christian Academy (OH),NULL,10,60726
2 No MaxPreps URL mapping,Cincinnati Summit Country Day (OH),NULL,10,27311
2 No MaxPreps URL mapping,Claremont The Webb Schools (CA),NULL,10,25564
2 No MaxPreps URL mapping,Cle Elum (WA),NULL,10,60798
2 No MaxPreps URL mapping,Cleveland John F. Kennedy (OH),NULL,10,60830
2 No MaxPreps URL mapping,Cleveland St. Ignatius (OH),NULL,10,60838
2 No MaxPreps URL mapping,Clute Brazoswood (TX),NULL,10,9119
2 No MaxPreps URL mapping,Cold Spring Harbor (NY),NULL,10,8410
2 No MaxPreps URL mapping,Coldspring-Oakhurst (TX),NULL,10,2300
2 No MaxPreps URL mapping,Collierville St. George's (TN),NULL,10,60911
2 No MaxPreps URL mapping,Colton Tri-Valley (SD),NULL,10,60947
2 No MaxPreps URL mapping,Columbia Providence Athletic Club (SC),NULL,10,60971
2 No MaxPreps URL mapping,Columbia Zion Christian Academy (TN),NULL,10,60978
2 No MaxPreps URL mapping,Columbus Marion-Franklin (OH),NULL,10,61001
2 No MaxPreps URL mapping,Columbus St. Charles (OH),NULL,10,61011
2 No MaxPreps URL mapping,Concord-Carlisle (MA),NULL,10,35526
2 No MaxPreps URL mapping,Coquitlam Terry Fox (BC),NULL,10,61067
2 No MaxPreps URL mapping,Cordova First Assembly Christian (TN),NULL,10,61081
2 No MaxPreps URL mapping,Corn Bible Academy (OK),NULL,10,61082
2 No MaxPreps URL mapping,Corpus Christi Annapolis Christian Academy (TX),NULL,10,15948
2 No MaxPreps URL mapping,Corpus Christi Coastal Christian HomeSchool (TX),NULL,10,31948
2 No MaxPreps URL mapping,Cottondale Paul W. Bryant (AL),NULL,10,61114
2 No MaxPreps URL mapping,Crosby-Ironton (MN),NULL,10,61175
2 No MaxPreps URL mapping,Croswell-Lexington (MI),NULL,10,61181
2 No MaxPreps URL mapping,Cuthbert Randolph-Clay (GA),NULL,10,6346
2 No MaxPreps URL mapping,Cypress Cy-Woods (TX),NULL,10,11028
2 No MaxPreps URL mapping,Dallas A Plus Academy (TX),NULL,10,12637
2 No MaxPreps URL mapping,Dallas Center (IA),NULL,10,61224
2 No MaxPreps URL mapping,Dallas Life Oak Cliff (TX),NULL,10,23993
2 No MaxPreps URL mapping,Dallas St. Mark's (TX),NULL,10,61230
2 No MaxPreps URL mapping,Dallas Wilmer-Hutchins (TX),NULL,10,61237
2 No MaxPreps URL mapping,Davis (CA),NULL,10,26335
2 No MaxPreps URL mapping,Dayton Ponitz Career Tech (OH),NULL,10,61310
2 No MaxPreps URL mapping,Denver D'Evelyn (CO),NULL,10,44413
2 No MaxPreps URL mapping,Detroit Central Collegiate (MI),NULL,10,61446
2 No MaxPreps URL mapping,Dingmans Ferry East Stroudsburg North (PA),NULL,10,61522
2 No MaxPreps URL mapping,Doniphan-Trumbull (NE),NULL,10,61541
2 No MaxPreps URL mapping,Dover Plains (NY),NULL,10,2362
2 No MaxPreps URL mapping,Dover St. Thomas Aquinas (NH),NULL,10,61555
2 No MaxPreps URL mapping,Dryden (MB),NULL,10,61585
2 No MaxPreps URL mapping,Duke Center Otto-Eldred (PA),NULL,10,42519
2 No MaxPreps URL mapping,Dunning Sandhills-Thedford (NE),NULL,10,61605
2 No MaxPreps URL mapping,Durham Riverside (NC),NULL,10,48344
2 No MaxPreps URL mapping,East Orange (NJ),NULL,10,3586
2 No MaxPreps URL mapping,East Point Tri-Cities (GA),NULL,10,5698
2 No MaxPreps URL mapping,East Sandwich (MA),NULL,10,25461
2 No MaxPreps URL mapping,Easthampton Williston Northampton School (MA),NULL,10,61669
2 No MaxPreps URL mapping,Eddy Bruceville-Eddy (TX),NULL,10,14779
2 No MaxPreps URL mapping,Eden Valley (MN),NULL,10,71378
2 No MaxPreps URL mapping,Edison John P. Stevens (NJ),NULL,10,61701
2 No MaxPreps URL mapping,Edison Lake Station Edison (IN),NULL,10,61702
2 No MaxPreps URL mapping,Edmond Santa Fe (OK),NULL,10,42513
2 No MaxPreps URL mapping,Edmonds-Woodway (WA),NULL,10,61707
2 No MaxPreps URL mapping,Edmonton Harry Ainlay (AB),NULL,10,61711
2 No MaxPreps URL mapping,Edmonton Jasper Place (AB),NULL,10,61714
2 No MaxPreps URL mapping,El Dorado Springs (MO),NULL,10,27495
2 No MaxPreps URL mapping,El Paso Jefferson (TX),NULL,10,42060
2 No MaxPreps URL mapping,Elkton Todd County Central (KY),NULL,10,61791
2 No MaxPreps URL mapping,Ewing Thomas Walker (VA),NULL,10,61957
2 No MaxPreps URL mapping,Fairmount Madison-Grant (IN),NULL,10,61997
2 No MaxPreps URL mapping,Fall River Diman Regional Vo-Tech (MA),NULL,10,29599
2 No MaxPreps URL mapping,Farmerville D'Arbonne Woods (LA),NULL,10,62021
2 No MaxPreps URL mapping,Fawn Grove Kennard-Dale (PA),NULL,10,37175
2 No MaxPreps URL mapping,Fertile-Beltrami (MN),NULL,10,62085
2 No MaxPreps URL mapping,Flanders Mt. Olive (NJ),NULL,10,26560
2 No MaxPreps URL mapping,Fond du Lac (WI),NULL,10,62155
2 No MaxPreps URL mapping,Fond du Lac St. Mary's Springs (WI),NULL,10,62156
2 No MaxPreps URL mapping,Fort Myers Southwest Florida Christian (FL),NULL,10,62216
2 No MaxPreps URL mapping,Fort Wingate (NM),NULL,10,19390
2 No MaxPreps URL mapping,Fort Worth Poly (TX),NULL,10,62254
2 No MaxPreps URL mapping,Fort Worth V.R. Eaton (TX),NULL,10,671
2 No MaxPreps URL mapping,Frankfort-Schuyler (NY),NULL,10,34435
2 No MaxPreps URL mapping,Franklin Christian Academy (TN),NULL,10,62295
2 No MaxPreps URL mapping,Frederick Governor Thomas Johnson (MD),NULL,10,35981
2 No MaxPreps URL mapping,Fremont St. Joseph Central Catholic (OH),NULL,10,62346
2 No MaxPreps URL mapping,Fridley Totino-Grace (MN),NULL,10,62353
2 No MaxPreps URL mapping,Gilbertville-Don Bosco (IA),NULL,10,109
2 No MaxPreps URL mapping,Glendale Desert Heights Prep (AZ),NULL,10,17750
2 No MaxPreps URL mapping,Grass Range (MT),NULL,10,1635
2 No MaxPreps URL mapping,Greensboro Ben L. Smith (NC),NULL,10,17746
2 No MaxPreps URL mapping,Greensboro Lake Oconee Academy (GA),NULL,10,46924
2 No MaxPreps URL mapping,Greensburg St. Helena College (LA),NULL,10,62679
2 No MaxPreps URL mapping,Greenville (MI),NULL,10,62682
2 No MaxPreps URL mapping,Greenville John Paul II Catholic (NC),NULL,10,41206
2 No MaxPreps URL mapping,Greenville O'Bannon (MS),NULL,10,62694
2 No MaxPreps URL mapping,Greenwood Christian Academy (IN),NULL,10,62707
2 No MaxPreps URL mapping,Greenwood Delta Streets Academy (MS),NULL,10,3219
2 No MaxPreps URL mapping,Grosse Pointe South (MI),NULL,10,62721
2 No MaxPreps URL mapping,Guthrie Center-Adair-Casey (IA),NULL,10,17653
2 No MaxPreps URL mapping,Hammond St. Thomas Aquinas (LA),NULL,10,62808
2 No MaxPreps URL mapping,Harborcreek (PA),NULL,10,62844
2 No MaxPreps URL mapping,Havre de Grace (MD),NULL,10,47691
2 No MaxPreps URL mapping,Henrico J.R. Tucker (VA),NULL,10,23720
2 No MaxPreps URL mapping,Holmdel St. John-Vianney (NJ),NULL,10,18201
2 No MaxPreps URL mapping,Honeoye Falls (NY),NULL,10,51091
2 No MaxPreps URL mapping,Hookstown South Side Beaver (PA),NULL,10,63213
2 No MaxPreps URL mapping,Houston Cesar E. Chavez (TX),NULL,10,15661
2 No MaxPreps URL mapping,Houston Math Science & Tech (TX),NULL,10,46959
2 No MaxPreps URL mapping,Houston St. Francis Episcopal (TX),NULL,10,8596
2 No MaxPreps URL mapping,Houston St. John's (TX),NULL,10,13668
2 No MaxPreps URL mapping,Howard Lake (MN),NULL,10,63262
2 No MaxPreps URL mapping,Huntsville Pope John Paul II (AL),NULL,10,22813
2 No MaxPreps URL mapping,Indianapolis Cardinal Ritter (IN),NULL,10,63370
2 No MaxPreps URL mapping,Indianapolis Crispus Attucks (IN),NULL,10,63375
2 No MaxPreps URL mapping,Jackson County Central (MN),NULL,10,63445
2 No MaxPreps URL mapping,Jackson Living Word Lutheran (WI),NULL,10,63449
2 No MaxPreps URL mapping,Jacksonville Old Plank Christian Academy (FL),NULL,10,63483
2 No MaxPreps URL mapping,John's Island St. John's (SC),NULL,10,15593
2 No MaxPreps URL mapping,Jonesboro Mundy's Mill (GA),NULL,10,63575
2 No MaxPreps URL mapping,Kelowna Okanagan Mission (BC),NULL,10,63676
2 No MaxPreps URL mapping,Kelowna Rutland (BC),NULL,10,63677
2 No MaxPreps URL mapping,Kennesaw Mount Paran Christian (GA),NULL,10,63693
2 No MaxPreps URL mapping,Kermit (TX),NULL,10,29633
2 No MaxPreps URL mapping,Kidder County co-op [Steele-Dawson-Tappen-Tuttle-Pettibone] (ND),NULL,10,5692
2 No MaxPreps URL mapping,Kingsville Santa Gertrudis Academy (TX),NULL,10,63784
2 No MaxPreps URL mapping,Kissimmee City of Life Christian Academy (FL),NULL,10,63805
2 No MaxPreps URL mapping,La Crescenta Valley (CA),NULL,10,40983
2 No MaxPreps URL mapping,La Joya Juarez-Lincoln (TX),NULL,10,37384
2 No MaxPreps URL mapping,La Junta (CO),NULL,10,63879
2 No MaxPreps URL mapping,Lafayette Central Catholic (IN),NULL,10,6058
2 No MaxPreps URL mapping,Lafayette Renaissance Charter Academy (LA),NULL,10,63915
2 No MaxPreps URL mapping,Lake Arrowhead Rim of the World (CA),NULL,10,63936
2 No MaxPreps URL mapping,Lake Fenton (MI),NULL,10,71714
2 No MaxPreps URL mapping,Lamberton Red Rock Central (MN),NULL,10,64027
2 No MaxPreps URL mapping,Lancaster J.P. McCaskey (PA),NULL,10,38551
2 No MaxPreps URL mapping,Las Vegas Democracy Prep Agassi Campus (NV),NULL,10,17382
2 No MaxPreps URL mapping,Leavittsburg La Brae (OH),NULL,10,64189
2 No MaxPreps URL mapping,Lee's Summit Summit Christian Academy (MO),NULL,10,64214
2 No MaxPreps URL mapping,Lee's Summit West (MO),NULL,10,64215
2 No MaxPreps URL mapping,Leesburg (FL),NULL,10,64216
2 No MaxPreps URL mapping,Lehigh Acres East Lee County (FL),NULL,10,64230
2 No MaxPreps URL mapping,Lemont Township (IL),NULL,10,64240
2 No MaxPreps URL mapping,Leonardtown St. Mary's Ryken (MD),NULL,10,18258
2 No MaxPreps URL mapping,Levittown Harry S. Truman (PA),NULL,10,13234
2 No MaxPreps URL mapping,Lewisburg Tri-County North (OH),NULL,10,64280
2 No MaxPreps URL mapping,Lewiston-Altura (MN),NULL,10,64285
2 No MaxPreps URL mapping,Lexington Northside Christian Academy (SC),NULL,10,24917
2 No MaxPreps URL mapping,Lexington Paul Laurence Dunbar (KY),NULL,10,64303
2 No MaxPreps URL mapping,Lincoln Standing Bear (NE),NULL,10,70646
2 No MaxPreps URL mapping,Linden-Kildare (TX),NULL,10,7955
2 No MaxPreps URL mapping,Lingle-Fort Laramie (WY),NULL,10,64362
2 No MaxPreps URL mapping,Los Angeles George Washington Prep (CA),NULL,10,64508
2 No MaxPreps URL mapping,Louisville Pleasure Ridge Park (KY),NULL,10,64554
2 No MaxPreps URL mapping,Macon Academy for Classical Education (GA),NULL,10,34071
2 No MaxPreps URL mapping,Macon Mount de Sales Academy (GA),NULL,10,37957
2 No MaxPreps URL mapping,Madison Heights Bishop Foley Catholic (MI),NULL,10,64694
2 No MaxPreps URL mapping,Madison La Follette (WI),NULL,10,64699
2 No MaxPreps URL mapping,Magnolia Legacy Prep Christian Academy (TX),NULL,10,64717
2 No MaxPreps URL mapping,Manassas Charles J. Colgan (VA),NULL,10,64734
2 No MaxPreps URL mapping,Marietta Johnson Ferry Christian Academy (GA),NULL,10,12276
2 No MaxPreps URL mapping,Marion (VA),NULL,10,42891
2 No MaxPreps URL mapping,Marion-Tigerton (WI),NULL,10,64845
2 No MaxPreps URL mapping,Mattapoisett Old Rochester Regional (MA),NULL,10,29994
2 No MaxPreps URL mapping,McCall-Donnelly (ID),NULL,10,43243
2 No MaxPreps URL mapping,McDonough Eagle's Landing (GA),NULL,10,4810
2 No MaxPreps URL mapping,McDonough Eagle's Landing Christian Academy (GA),NULL,10,40887
2 No MaxPreps URL mapping,McGuffey Upper Scioto Valley (OH),NULL,10,23118
2 No MaxPreps URL mapping,McKees Rocks Sto-Rox (PA),NULL,10,64975
2 No MaxPreps URL mapping,Melrose-Mindoro (WI),NULL,10,65039
2 No MaxPreps URL mapping,Memphis PURE Academy (TN),NULL,10,65074
2 No MaxPreps URL mapping,Middleburg Midd-West (PA),NULL,10,65190
2 No MaxPreps URL mapping,Middletown Madison Senior (OH),NULL,10,3861
2 No MaxPreps URL mapping,Milwaukee Marquette University High (WI),NULL,10,65281
2 No MaxPreps URL mapping,Mobile St. Luke's Episcopal (AL),NULL,10,707
2 No MaxPreps URL mapping,Mobile St. Paul's Episcopal (AL),NULL,10,39326
2 No MaxPreps URL mapping,Mobile UMS-Wright Prep (AL),NULL,10,19251
2 No MaxPreps URL mapping,Monte Vista (CO),NULL,10,65422
2 No MaxPreps URL mapping,Montgomery St. James (AL),NULL,10,16005
2 No MaxPreps URL mapping,Montgomery Tri-City United [Montgomery-Lonsdale-Le Center] (MN),NULL,10,65437
2 No MaxPreps URL mapping,Moorefield (WV),NULL,10,65460
2 No MaxPreps URL mapping,Morristown Lakeway Christian Academy (TN),NULL,10,65511
2 No MaxPreps URL mapping,Morristown-Hamblen East (TN),NULL,10,65513
2 No MaxPreps URL mapping,Mound-Westonka (MN),NULL,10,65540
2 No MaxPreps URL mapping,Mount Calm (TX),NULL,10,65546
2 No MaxPreps URL mapping,Mount Carmel (IL),NULL,10,65547
2 No MaxPreps URL mapping,Mount Orab Western Brown (OH),NULL,10,65577
2 No MaxPreps URL mapping,Mount Pleasant Sacred Heart Academy (MI),NULL,10,65583
2 No MaxPreps URL mapping,Neenah St. Mary Central (WI),NULL,10,65736
2 No MaxPreps URL mapping,New Lenox Lincoln-Way Central (IL),NULL,10,65809
2 No MaxPreps URL mapping,New London (MN),NULL,10,55211
2 No MaxPreps URL mapping,New Roads Catholic of Pointe Coupee (LA),NULL,10,65877
2 No MaxPreps URL mapping,Newark Hodgson Vo-Tech (DE),NULL,10,65906
2 No MaxPreps URL mapping,Nixon-Smiley (TX),NULL,10,65976
2 No MaxPreps URL mapping,Normal University High (IL),NULL,10,66002
2 No MaxPreps URL mapping,North Dighton-Rehoboth Regional (MA),NULL,10,3081
2 No MaxPreps URL mapping,North Farmington (MI),NULL,10,66038
2 No MaxPreps URL mapping,North Jackson-Milton (OH),NULL,10,1723
2 No MaxPreps URL mapping,North Lauderdale Somerset Prep (FL),NULL,10,66048
2 No MaxPreps URL mapping,North Little Rock Central Arkansas Christian (AR),NULL,10,66050
2 No MaxPreps URL mapping,North Prairie co-op (ND),NULL,10,66067
2 No MaxPreps URL mapping,North Vancouver Carson Graham (BC),NULL,10,66075
2 No MaxPreps URL mapping,Northampton-Smith Vo-Tech (MA),NULL,10,11404
2 No MaxPreps URL mapping,Norwalk St. Paul (OH),NULL,10,66103
2 No MaxPreps URL mapping,Norwich (NY),NULL,10,39271
2 No MaxPreps URL mapping,O'Donnell (TX),NULL,10,66178
2 No MaxPreps URL mapping,O'Fallon St. Dominic (MO),NULL,10,66180
2 No MaxPreps URL mapping,Orland Park Carl Sandburg (IL),NULL,10,66323
2 No MaxPreps URL mapping,Orlando Lake Buena Vista (FL),NULL,10,66336
2 No MaxPreps URL mapping,Orlando Oakridge (FL),NULL,10,66339
2 No MaxPreps URL mapping,Ottawa Lake-Whiteford (MI),NULL,10,66395
2 No MaxPreps URL mapping,Overland Park St. Thomas Aquinas (KS),NULL,10,66406
2 No MaxPreps URL mapping,Ovid-Elsie (MI),NULL,10,66412
2 No MaxPreps URL mapping,Owen-Withee (WI),NULL,10,66425
2 No MaxPreps URL mapping,Oxford J.F. Webb (NC),NULL,10,66437
2 No MaxPreps URL mapping,Palm Coast Flagler (FL),NULL,10,66474
2 No MaxPreps URL mapping,Pana Coop (IL),NULL,10,34978
2 No MaxPreps URL mapping,Panama City North Bay Haven Academy (FL),NULL,10,66497
2 No MaxPreps URL mapping,Paragould Greene County Tech (AR),NULL,10,42210
2 No MaxPreps URL mapping,Parkland Stoneman Douglas (FL),NULL,10,66533
2 No MaxPreps URL mapping,Parma Western (OH),NULL,10,71655
2 No MaxPreps URL mapping,Pawtucket St. Raphael Academy (RI),NULL,10,28919
2 No MaxPreps URL mapping,Pensacola Booker T. Washington (FL),NULL,10,66652
2 No MaxPreps URL mapping,Pensacola Lighthouse Private Christian Academy (FL),NULL,10,2177
2 No MaxPreps URL mapping,Perrin-Whitt (TX),NULL,10,48664
2 No MaxPreps URL mapping,Petersburg-Summerfield (MI),NULL,10,66693
2 No MaxPreps URL mapping,Pharr-San Juan-Alamo (TX),NULL,10,34102
2 No MaxPreps URL mapping,Philadelphia Martin Luther King (PA),NULL,10,34999
2 No MaxPreps URL mapping,Philadelphia Springside Chestnut Hill Academy (PA),NULL,10,17111
2 No MaxPreps URL mapping,Philipsburg-Osceola (PA),NULL,10,66732
2 No MaxPreps URL mapping,Pikeville C.B. Aycock (NC),NULL,10,8325
2 No MaxPreps URL mapping,Pikeville Pike County Central (KY),NULL,10,66795
2 No MaxPreps URL mapping,Pittsburgh Shady Side Academy (PA),NULL,10,66848
2 No MaxPreps URL mapping,Point Pleasant Beach (NJ),NULL,10,66916
2 No MaxPreps URL mapping,Port Orchard South Kitsap (WA),NULL,10,66971
2 No MaxPreps URL mapping,Poughkeepsie Our Lady of Lourdes (NY),NULL,10,8314
2 No MaxPreps URL mapping,Queen Creek San Tan Foothills (AZ),NULL,10,19393
2 No MaxPreps URL mapping,Quincy Notre Dame (IL),NULL,10,35360
2 No MaxPreps URL mapping,Raleigh St. David's (NC),NULL,10,67163
2 No MaxPreps URL mapping,Rapid City Central (SD),NULL,10,67180
2 No MaxPreps URL mapping,Raymond-South Bend (WA),NULL,10,30488
2 No MaxPreps URL mapping,Red Boiling Springs (TN),NULL,10,67201
2 No MaxPreps URL mapping,Ridgeland St. Andrews Episcopal (MS),NULL,10,67312
2 No MaxPreps URL mapping,Ridgeland Thomas Heyward Academy (SC),NULL,10,67313
2 No MaxPreps URL mapping,Rio Grande City (TX),NULL,10,67323
2 No MaxPreps URL mapping,Rochester (MI),NULL,10,70479
2 No MaxPreps URL mapping,Roland-Story (IA),NULL,10,29860
2 No MaxPreps URL mapping,Roxbury O'Bryant (MA),NULL,10,14120
2 No MaxPreps URL mapping,Sadler S&S Consolidated (TX),NULL,10,67567
2 No MaxPreps URL mapping,Saginaw Michigan Lutheran Seminary (MI),NULL,10,67579
2 No MaxPreps URL mapping,Saint Albans (WV),NULL,10,67589
2 No MaxPreps URL mapping,Saint Albert Bellerose (AB),NULL,10,67590
2 No MaxPreps URL mapping,Saint Albert Paul Kane (AB),NULL,10,67592
2 No MaxPreps URL mapping,Saint Charles Francis Howel North (MO),NULL,10,67603
2 No MaxPreps URL mapping,Saint James Area (MN),NULL,10,67634
2 No MaxPreps URL mapping,Saint Louis Cardinal Ritter College Prep (MO),NULL,10,67668
2 No MaxPreps URL mapping,Saint Louis Ladue Horton Watkins (MO),NULL,10,67684
2 No MaxPreps URL mapping,Saint Louis Park Benilde-St. Margaret's (MN),NULL,10,67697
2 No MaxPreps URL mapping,Salem (MI),NULL,10,67763
2 No MaxPreps URL mapping,San Antonio John F. Kennedy (TX),NULL,10,4183
2 No MaxPreps URL mapping,San Antonio St. Mary's (TX),NULL,10,70464
2 No MaxPreps URL mapping,San Antonio Young Men's Leadership Academy (TX),NULL,10,67854
2 No MaxPreps URL mapping,San Juan Capistrano Capistrano Valley Christian (CA),NULL,10,46451
2 No MaxPreps URL mapping,San Marcos Hill Country Christian (TX),NULL,10,36109
2 No MaxPreps URL mapping,Santa Fe Indian (NM),NULL,10,9442
2 No MaxPreps URL mapping,Santa Rosa Roseland University Prep (CA),NULL,10,67913
2 No MaxPreps URL mapping,Sarasota Out-of-Door Academy (FL),NULL,10,67921
2 No MaxPreps URL mapping,Sauk Rapids (MN),NULL,10,67942
2 No MaxPreps URL mapping,Sault Saint Marie Sault Area (MI),NULL,10,67944
2 No MaxPreps URL mapping,Savanna West Carroll Coop (IL),NULL,10,15210
2 No MaxPreps URL mapping,Savannah St. Andrew's (GA),NULL,10,67961
2 No MaxPreps URL mapping,Scotia-Glenville (NY),NULL,10,48732
2 No MaxPreps URL mapping,Seattle Nathan Hale (WA),NULL,10,68019
2 No MaxPreps URL mapping,Shawnee North Rock Creek (OK),NULL,10,35204
2 No MaxPreps URL mapping,Shreveport CaptainShreve (LA),NULL,10,68140
2 No MaxPreps URL mapping,Siler City Jordan-Matthews (NC),NULL,10,2090
2 No MaxPreps URL mapping,Sioux Falls O'Gorman (SD),NULL,10,19239
2 No MaxPreps URL mapping,Slaughter Community Charter (LA),NULL,10,68192
2 No MaxPreps URL mapping,Sleepy Eye (MN),NULL,10,68195
2 No MaxPreps URL mapping,Smithfield-Selma (NC),NULL,10,46898
2 No MaxPreps URL mapping,Somerdale Sterling (NJ),NULL,10,68228
2 No MaxPreps URL mapping,Somerset Berkley Regional (MA),NULL,10,44509
2 No MaxPreps URL mapping,South Bend Riley (IN),NULL,10,68247
2 No MaxPreps URL mapping,South Lake Tahoe (CA),NULL,10,32637
2 No MaxPreps URL mapping,South Yarmouth Dennis-Yarmouth Regional (MA),NULL,10,4540
2 No MaxPreps URL mapping,Spencer Star-Spencer (OK),NULL,10,47400
2 No MaxPreps URL mapping,Spokane Lewis & Clark (WA),NULL,10,1566
2 No MaxPreps URL mapping,Springfield Putnam Vo-Tech (MA),NULL,10,29510
2 No MaxPreps URL mapping,St. Gabriel East Iberville (LA),NULL,10,68397
2 No MaxPreps URL mapping,St. Joseph Tensas Academy (LA),NULL,10,68404
2 No MaxPreps URL mapping,St. Petersburg Gibbs (FL),NULL,10,68411
2 No MaxPreps URL mapping,St. Petersburg Northeast (FL),NULL,10,68414
2 No MaxPreps URL mapping,Staples-Motley (MN),NULL,10,68443
2 No MaxPreps URL mapping,Storrs Edwin O. Smith (CT),NULL,10,68519
2 No MaxPreps URL mapping,Studio City Harvard-Westlake (CA),NULL,10,6807
2 No MaxPreps URL mapping,Sugar City Sugar-Salem (ID),NULL,10,16866
2 No MaxPreps URL mapping,Tallahassee North Florida Christian (FL),NULL,10,68723
2 No MaxPreps URL mapping,Tampa Blake (FL),NULL,10,68732
2 No MaxPreps URL mapping,Tarkio East Atchison [Tarkio-Fairfax] (MO),NULL,10,18763
2 No MaxPreps URL mapping,Tavares Liberty Christian Prep (FL),NULL,10,16747
2 No MaxPreps URL mapping,Tempe Corona del Sol (AZ),NULL,10,68800
2 No MaxPreps URL mapping,Texarkana (AR),NULL,10,5531
2 No MaxPreps URL mapping,Thermopolis Hot Springs County (WY),NULL,10,68844
2 No MaxPreps URL mapping,Thomaston Upson-Lee (GA),NULL,10,967
2 No MaxPreps URL mapping,Tucson Canyon del Oro (AZ),NULL,10,69062
2 No MaxPreps URL mapping,Tulsa McLain Science & Tech (OK),NULL,10,69089
2 No MaxPreps URL mapping,Tulsa Will Rogers College (OK),NULL,10,45594
2 No MaxPreps URL mapping,Turners Falls Franklin County Tech (MA),NULL,10,32598
2 No MaxPreps URL mapping,Union Bridge Francis Scott Key (MD),NULL,10,69154
2 No MaxPreps URL mapping,Valrico Foundation Christian Academy (FL),NULL,10,69231
2 No MaxPreps URL mapping,Vancouver King's Way Christian (WA),NULL,10,10730
2 No MaxPreps URL mapping,Vancouver Notre Dame (BC),NULL,10,69245
2 No MaxPreps URL mapping,Velma-Alma (OK),NULL,10,4418
2 No MaxPreps URL mapping,Vicksburg St.Aloysius (MS),NULL,10,69286
2 No MaxPreps URL mapping,Victoria Belmont (BC),NULL,10,69288
2 No MaxPreps URL mapping,Vidalia Heritage Academy (GA),NULL,10,25078
2 No MaxPreps URL mapping,Wabasha-Kellogg (MN),NULL,10,13977
2 No MaxPreps URL mapping,Wakefield Northeast Metro RVT (MA),NULL,10,42357
2 No MaxPreps URL mapping,Waldwick-Midland Park (NJ),NULL,10,69375
2 No MaxPreps URL mapping,Wallingford Choate Rosemary Hall (CT),NULL,10,69390
2 No MaxPreps URL mapping,Washington Jackson-Reed (DC),NULL,10,69481
2 No MaxPreps URL mapping,"Washington Phelps Architecture, Construction & Engineering (DC)",NULL,10,69489
2 No MaxPreps URL mapping,Washington Ron Brown (DC),NULL,10,69492
2 No MaxPreps URL mapping,Washington St. Francis Borgia (MO),NULL,10,69498
2 No MaxPreps URL mapping,Waterville-Elysian (MN),NULL,10,71192
2 No MaxPreps URL mapping,Watsonville Monte Vista Christian (CA),NULL,10,69533
2 No MaxPreps URL mapping,Waverly-Shell Rock (IA),NULL,10,26620
2 No MaxPreps URL mapping,Wayne DePaul Catholic (NJ),NULL,10,69574
2 No MaxPreps URL mapping,Waynesfield-Goshen (OH),NULL,10,46880
2 No MaxPreps URL mapping,Wells United South Central (MN),NULL,10,69595
2 No MaxPreps URL mapping,West Melbourne Calvary Chapel Academy (FL),NULL,10,69641
2 No MaxPreps URL mapping,West Milton-Union (OH),NULL,10,69647
2 No MaxPreps URL mapping,White House-Heritage (TN),NULL,10,9025
2 No MaxPreps URL mapping,Williamston Bear Grass Charter School (NC),NULL,10,69818
2 No MaxPreps URL mapping,Wilmington Mt. Pleasant (DE),NULL,10,25463
2 No MaxPreps URL mapping,Wilmington St. Mark's (DE),NULL,10,24925
2 No MaxPreps URL mapping,Winchester Jefferson County North (KS),NULL,10,38178
2 No MaxPreps URL mapping,Winchester West Central Coop (IL),NULL,10,69878
2 No MaxPreps URL mapping,Winnipeg Dakota (MB),NULL,10,18207
2 No MaxPreps URL mapping,Winnipeg Elmwood (MB),NULL,10,41045
2 No MaxPreps URL mapping,Winnipeg Oak Park (MB),NULL,10,69913
2 No MaxPreps URL mapping,Winnipeg St. Norbert (MB),NULL,10,69918
2 No MaxPreps URL mapping,Winnsboro Richard Winn Academy (SC),NULL,10,6019
2 No MaxPreps URL mapping,Winston-Salem Mt. Tabor (NC),NULL,10,69931
2 No MaxPreps URL mapping,Wisner-Pilger (NE),NULL,10,18818
2 No MaxPreps URL mapping,Wittenberg-Birnamwood (WI),NULL,10,34331
2 No MaxPreps URL mapping,Wolcott Tri-County (IN),NULL,10,46815
2 No MaxPreps URL mapping,Wood Ridge Wood-Ridge (NJ),NULL,10,18866
2 No MaxPreps URL mapping,Worcester Abby Kelley Foster (MA),NULL,10,69990
2 No MaxPreps URL mapping,Wyalusing Valley Area (PA),NULL,10,70008
2 No MaxPreps URL mapping,York Country Day (PA),NULL,10,71388
2 No MaxPreps URL mapping,Ypsilanti Community (MI),NULL,10,13049
2 No MaxPreps URL mapping,Zephyrhills Christian Academy (FL),NULL,10,70096
2 No MaxPreps URL mapping,Abingdon-Avon (IL),NULL,9,58744
2 No MaxPreps URL mapping,Ada Forest Hills Eastern (MI),NULL,9,70146
2 No MaxPreps URL mapping,Adams-Friendship (WI),NULL,9,58759
2 No MaxPreps URL mapping,Afton Chuckey-Doak (TN),NULL,9,58775
2 No MaxPreps URL mapping,Airdrie George McDougall (AB),NULL,9,1187
2 No MaxPreps URL mapping,Akron- Fairgrove (MI),NULL,9,58792
2 No MaxPreps URL mapping,Alexandria Bolton (LA),NULL,9,58849
2 No MaxPreps URL mapping,Alexandria St.Stephen's & St. Agnes (VA),NULL,9,58864
2 No MaxPreps URL mapping,Allentown Executive Education Academy Charter School (PA),NULL,9,58885
2 No MaxPreps URL mapping,Ann Arbor Huron (MI),NULL,9,58976
2 No MaxPreps URL mapping,Antioch Ezell-Harding Christian (TN),NULL,9,59009
2 No MaxPreps URL mapping,Apple Valley-Eastview (MN),NULL,9,43196
2 No MaxPreps URL mapping,Arcadia-Loup City (NE),NULL,9,59045
2 No MaxPreps URL mapping,Arlington Bishop O'Connell (VA),NULL,9,59067
2 No MaxPreps URL mapping,Arlington St. Paul's Prep (TX),NULL,9,59074
2 No MaxPreps URL mapping,Astoria-Table Grove VIT (IL),NULL,9,59152
2 No MaxPreps URL mapping,Atchison Maur Hill Prep (KS),NULL,9,59155
2 No MaxPreps URL mapping,Atlanta Business Engineering Science Tech (GA),NULL,9,16270
2 No MaxPreps URL mapping,Austin St. Andrew's (TX),NULL,9,20660
2 No MaxPreps URL mapping,Avoca Lueders (TX),NULL,9,70302
2 No MaxPreps URL mapping,Avoca-Hancock-Shelby-Tennant-Walnut (IA),NULL,9,59238
2 No MaxPreps URL mapping,Avondale La Joya Community (AZ),NULL,9,59249
2 No MaxPreps URL mapping,Avondale St. John Paul II Catholic (AZ),NULL,9,59250
2 No MaxPreps URL mapping,Bainbridge Grace Christian Academy (GA),NULL,9,59273
2 No MaxPreps URL mapping,Bainbridge Island (WA),NULL,9,59274
2 No MaxPreps URL mapping,Bainbridge-Guilford (NY),NULL,9,59276
2 No MaxPreps URL mapping,Baldwin West St. Mary (LA),NULL,9,59293
2 No MaxPreps URL mapping,Baldwinsville Baker (NY),NULL,9,30524
2 No MaxPreps URL mapping,Baltimore Carver Vo-Tech (MD),NULL,9,59304
2 No MaxPreps URL mapping,Baltimore Edmondson-Westside (MD),NULL,9,59315
2 No MaxPreps URL mapping,Bancroft-Rosalie (NE),NULL,9,19964
2 No MaxPreps URL mapping,Basking Ridge (NJ),NULL,9,21295
2 No MaxPreps URL mapping,Baton Rouge Woodlawn (LA),NULL,9,59441
2 No MaxPreps URL mapping,Battle Creek St. Philip Catholic Central (MI),NULL,9,59446
2 No MaxPreps URL mapping,Bay City John Glenn (MI),NULL,9,59457
2 No MaxPreps URL mapping,Belhaven Pungo Christian Academy (NC),NULL,9,59525
2 No MaxPreps URL mapping,Bellows Free Academy of St. Albans (VT),NULL,9,37984
2 No MaxPreps URL mapping,Bennington Mt. Anthony (VT),NULL,9,59603
2 No MaxPreps URL mapping,Bertha-Hewitt (MN),NULL,9,59641
2 No MaxPreps URL mapping,Birmingham Detroit Country Day (MI),NULL,9,8358
2 No MaxPreps URL mapping,Black Hawk Gilpin County (CO),NULL,9,59717
2 No MaxPreps URL mapping,Black River Falls (WI),NULL,9,59719
2 No MaxPreps URL mapping,Blanchardville Pecatonica-Argyle (WI),NULL,9,22129
2 No MaxPreps URL mapping,Bloomfield Hills Cranbrook-Kingswood (MI),NULL,9,59753
2 No MaxPreps URL mapping,Blue Island Community (IL),NULL,9,59773
2 No MaxPreps URL mapping,Bohemia Connetquot (NY),NULL,9,6900
2 No MaxPreps URL mapping,Braidwood Reed-Custer (IL),NULL,9,59861
2 No MaxPreps URL mapping,Brandon Crocus Plains (MB),NULL,9,59871
2 No MaxPreps URL mapping,Brethren (MI),NULL,9,59892
2 No MaxPreps URL mapping,Brimley (MI),NULL,9,59926
2 No MaxPreps URL mapping,Brookings-Harbor (OR),NULL,9,14778
2 No MaxPreps URL mapping,Broomfield Prospect Ridge Academy (CO),NULL,9,59992
2 No MaxPreps URL mapping,Brush Prairie (WA),NULL,9,60010
2 No MaxPreps URL mapping,Bryan St. Joseph Catholic (TX),NULL,9,4695
2 No MaxPreps URL mapping,Bryant Arkansas Christian Academy (AR),NULL,9,12799
2 No MaxPreps URL mapping,Buckeystown St. John's Catholic Prep (MD),NULL,9,60019
2 No MaxPreps URL mapping,Burns Flat Community (OK),NULL,9,60092
2 No MaxPreps URL mapping,Calgary Ernest Manning (AB),NULL,9,30952
2 No MaxPreps URL mapping,Cambridge-Isanti (MN),NULL,9,60169
2 No MaxPreps URL mapping,Camden-Frontier (MI),NULL,9,60173
2 No MaxPreps URL mapping,Canton Blue Hills RVT (MA),NULL,9,25589
2 No MaxPreps URL mapping,Canton-Galva (KS),NULL,9,60226
2 No MaxPreps URL mapping,Cardston (AB),NULL,9,60244
2 No MaxPreps URL mapping,Carson City (MI),NULL,9,60286
2 No MaxPreps URL mapping,Carson City-Crystal (MI),NULL,9,60287
2 No MaxPreps URL mapping,Cedar Hill Newman International Academy (TX),NULL,9,15640
2 No MaxPreps URL mapping,Cedar Vale (KS),NULL,9,60343
2 No MaxPreps URL mapping,Chantilly St. Paul VI (VA),NULL,9,60416
2 No MaxPreps URL mapping,Charlotte Hickory Grove Christian (NC),NULL,9,13067
2 No MaxPreps URL mapping,Charlottesville St. Anne's-Belfield (VA),NULL,9,60456
2 No MaxPreps URL mapping,Charlton Bay Path RVT (MA),NULL,9,44932
2 No MaxPreps URL mapping,Cherry Hill East (NJ),NULL,9,60514
2 No MaxPreps URL mapping,Cherry Hill West (NJ),NULL,9,60515
2 No MaxPreps URL mapping,Chester Life Christian Academy (VA),NULL,9,60539
2 No MaxPreps URL mapping,Chicago Bowen-Baker College Prep (IL),NULL,9,70348
2 No MaxPreps URL mapping,Chicago Bulls College Prep (IL),NULL,9,60568
2 No MaxPreps URL mapping,Chicago Christ the King (IL),NULL,9,60572
2 No MaxPreps URL mapping,Chicago Christian Fenger Academy (IL),NULL,9,70729
2 No MaxPreps URL mapping,Chicago De La Salle (IL),NULL,9,60580
2 No MaxPreps URL mapping,Chicago Goode STEM Academy (IL),NULL,9,60593
2 No MaxPreps URL mapping,Chicago ITW David Speer Academy (IL),NULL,9,34624
2 No MaxPreps URL mapping,Chicago Marine Leadership Academy (IL),NULL,9,60616
2 No MaxPreps URL mapping,Chicago Perspectives Leadership-IIT-Joslin-Tech (IL),NULL,9,60632
2 No MaxPreps URL mapping,Chicago Whitney M. Young Magnet (IL),NULL,9,60662
2 No MaxPreps URL mapping,Chillicothe Illinois Valley Central (IL),NULL,9,60675
2 No MaxPreps URL mapping,Churchill (MB),NULL,9,60701
2 No MaxPreps URL mapping,Cicero-North Syracuse (NY),NULL,9,14705
2 No MaxPreps URL mapping,Cincinnati Shroder Paideia Academy (OH),NULL,9,60734
2 No MaxPreps URL mapping,Clark Arthur L. Johnson Regional (NJ),NULL,9,8007
2 No MaxPreps URL mapping,Clarkson-Leigh (NE),NULL,9,60779
2 No MaxPreps URL mapping,Clearbrook-Gonvick (MN),NULL,9,60803
2 No MaxPreps URL mapping,Cleveland-Immanuel Lutheran (MN),NULL,9,34645
2 No MaxPreps URL mapping,Clyde Clifton-Clyde (KS),NULL,9,18968
2 No MaxPreps URL mapping,Coleraine Greenway-Nashwauk (MN),NULL,9,70805
2 No MaxPreps URL mapping,Colfax Ridgeview-Lexington (IL),NULL,9,194
2 No MaxPreps URL mapping,Colman-Egan (SD),NULL,9,60918
2 No MaxPreps URL mapping,Colorado Springs (CO),NULL,9,60924
2 No MaxPreps URL mapping,Colorado Springs St. Mary's (CO),NULL,9,60937
2 No MaxPreps URL mapping,Columbus Scotus Central Catholic (NE),NULL,9,22334
2 No MaxPreps URL mapping,Community Of Davidson (NC),NULL,9,4218
2 No MaxPreps URL mapping,Comstock (MI),NULL,9,71146
2 No MaxPreps URL mapping,Council Bluffs St. Albert (IA),NULL,9,61123
2 No MaxPreps URL mapping,Coxsackie-Athens (NY),NULL,9,6435
2 No MaxPreps URL mapping,Danbury ATI [Abbott RVT-Immaculate] (CT),NULL,9,42855
2 No MaxPreps URL mapping,Decatur Victory Christian Academy (TX),NULL,9,34366
2 No MaxPreps URL mapping,Dedham Noble & Greenough (MA),NULL,9,40913
2 No MaxPreps URL mapping,Delta Seaquam (BC),NULL,9,61400
2 No MaxPreps URL mapping,Denison (TX),NULL,9,46160
2 No MaxPreps URL mapping,Detroit Country Day (MI),NULL,9,70967
2 No MaxPreps URL mapping,Detroit Henry Ford (MI),NULL,9,61462
2 No MaxPreps URL mapping,Detroit Northwestern (MI),NULL,9,61475
2 No MaxPreps URL mapping,Detroit University of Detroit Jesuit (MI),NULL,9,61500
2 No MaxPreps URL mapping,Detroit Western (MI),NULL,9,12694
2 No MaxPreps URL mapping,Dove Creek (CO),NULL,9,35138
2 No MaxPreps URL mapping,Durham Mount Zion Christian Academy (NC),NULL,9,11430
2 No MaxPreps URL mapping,East Grand Forks (MN),NULL,9,61640
2 No MaxPreps URL mapping,East Hampton (NY),NULL,9,31319
2 No MaxPreps URL mapping,Eddyville-Blakesburg (IA),NULL,9,44660
2 No MaxPreps URL mapping,Edwardsville Metro-East Lutheran (IL),NULL,9,27610
2 No MaxPreps URL mapping,Elgin Pope John XXIII (NE),NULL,9,61750
2 No MaxPreps URL mapping,Elgin St. Edward Central Catholic (IL),NULL,9,61751
2 No MaxPreps URL mapping,Elma Mary M. Knight (WA),NULL,9,29499
2 No MaxPreps URL mapping,Fairfield Notre Dame Catholic (CT),NULL,9,36048
2 No MaxPreps URL mapping,Fairless Hills Conwell-Egan Catholic (PA),NULL,9,13576
2 No MaxPreps URL mapping,Fall River-Rio (WI),NULL,9,62007
2 No MaxPreps URL mapping,Farmerville Union Christian Academy (LA),NULL,9,62022
2 No MaxPreps URL mapping,Fayetteville-Manlius (NY),NULL,9,19376
2 No MaxPreps URL mapping,Fayetteville-Perry (OH),NULL,9,62063
2 No MaxPreps URL mapping,Fife Lake Forest Area (MI),NULL,9,62090
2 No MaxPreps URL mapping,Fish Hawk Lithia Newsome (FL),NULL,9,62098
2 No MaxPreps URL mapping,Flanagan-Woodland (IL),NULL,9,62108
2 No MaxPreps URL mapping,Flint Carman-Ainsworth (MI),NULL,9,62117
2 No MaxPreps URL mapping,Flint Southwestern (MI),NULL,9,71673
2 No MaxPreps URL mapping,Floral Park Memorial (NY),NULL,9,16746
2 No MaxPreps URL mapping,Florence King's Academy (SC),NULL,9,35757
2 No MaxPreps URL mapping,Florence Township Memorial (NJ),NULL,9,8346
2 No MaxPreps URL mapping,Fort Frances (ON),NULL,9,62190
2 No MaxPreps URL mapping,Fort Sumner-House (NM),NULL,9,32216
2 No MaxPreps URL mapping,Franklin Park East Leyden (IL),NULL,9,8643
2 No MaxPreps URL mapping,Franklin Tri-County RVT (MA),NULL,9,45093
2 No MaxPreps URL mapping,Franklinville-Ellicottville (NY),NULL,9,62312
2 No MaxPreps URL mapping,Fredericksburg St. Michael the Archangel (VA),NULL,9,62326
2 No MaxPreps URL mapping,Fredonia-Elk Valley (KS),NULL,9,62331
2 No MaxPreps URL mapping,Fresh Meadows St. Francis Prep (NY),NULL,9,62349
2 No MaxPreps URL mapping,Fulton (MI),NULL,9,71823
2 No MaxPreps URL mapping,Gahanna-Lincoln (OH),NULL,9,62380
2 No MaxPreps URL mapping,Gainesville Riverside Military Academy (GA),NULL,9,62390
2 No MaxPreps URL mapping,Galesville Gale-Ettrick (WI),NULL,9,46126
2 No MaxPreps URL mapping,Gaston Wes-Del (IN),NULL,9,62439
2 No MaxPreps URL mapping,Geneseo-Mount Morris (NY),NULL,9,20426
2 No MaxPreps URL mapping,Genoa-Hugo (CO),NULL,9,62455
2 No MaxPreps URL mapping,Glencoe-Silver Lake (MN),NULL,9,16840
2 No MaxPreps URL mapping,Gordon-Rushville (NE),NULL,9,62564
2 No MaxPreps URL mapping,Grainfield Wheatland-Grinnell (KS),NULL,9,62575
2 No MaxPreps URL mapping,Grand Coteau Berchmans Academy of the Sacred Heart (LA),NULL,9,62582
2 No MaxPreps URL mapping,Granite Falls Yellow Medicine East (MN),NULL,9,21506
2 No MaxPreps URL mapping,Greenfield-Northwestern Coop (IL),NULL,9,62668
2 No MaxPreps URL mapping,Greenwich Country Day (CT),NULL,9,4874
2 No MaxPreps URL mapping,Grosse Pointe North (MI),NULL,9,62720
2 No MaxPreps URL mapping,Hamilton-Warsaw West Hancock co-op (IL),NULL,9,62796
2 No MaxPreps URL mapping,Hammond St. Croix Central (WI),NULL,9,62807
2 No MaxPreps URL mapping,Hampshire (IL),NULL,9,62813
2 No MaxPreps URL mapping,Hartington-Newcastle (NE),NULL,9,41431
2 No MaxPreps URL mapping,Hartman Coal Hill Westside (AR),NULL,9,62911
2 No MaxPreps URL mapping,Hastings St. Cecilia (NE),NULL,9,62928
2 No MaxPreps URL mapping,Hastings-on-Hudson Dobbs-Hastings (NY),NULL,9,62929
2 No MaxPreps URL mapping,Hendersonville Pope John Paul II (TN),NULL,9,63034
2 No MaxPreps URL mapping,Hettinger-Scranton (ND),NULL,9,63066
2 No MaxPreps URL mapping,Hialeah-Miami Lakes (FL),NULL,9,63072
2 No MaxPreps URL mapping,Highland Falls O'Neill (NY),NULL,9,63090
2 No MaxPreps URL mapping,Hills-Beaver Creek (MN),NULL,9,63108
2 No MaxPreps URL mapping,Hinton Harry Collinge (AB),NULL,9,71572
2 No MaxPreps URL mapping,Hollis-Brookline (NH),NULL,9,45206
2 No MaxPreps URL mapping,Hollow Rock-Bruceton Central (TN),NULL,9,44232
2 No MaxPreps URL mapping,Houma A.J. Ellender (LA),NULL,9,63240
2 No MaxPreps URL mapping,Humphrey St. Francis (NE),NULL,9,63295
2 No MaxPreps URL mapping,Huntersville Christ the King (NC),NULL,9,38567
2 No MaxPreps URL mapping,Huntersville South Lake Christian Academy (NC),NULL,9,18065
2 No MaxPreps URL mapping,Ilion Central Valley Academy (NY),NULL,9,23483
2 No MaxPreps URL mapping,Indianapolis Phalen Leadership Academy (IN),NULL,9,63386
2 No MaxPreps URL mapping,Inkster Midway-Minto (ND),NULL,9,63400
2 No MaxPreps URL mapping,Irene-Wakonda (SD),NULL,9,29851
2 No MaxPreps URL mapping,Iron River West Iron County (MI),NULL,9,63421
2 No MaxPreps URL mapping,Ironwood (MI),NULL,9,63425
2 No MaxPreps URL mapping,Isle of Wight Academy (VA),NULL,9,16349
2 No MaxPreps URL mapping,Johannesburg-Lewiston (MI),NULL,9,63547
2 No MaxPreps URL mapping,Johnson-Brock (NE),NULL,9,63552
2 No MaxPreps URL mapping,Juneau-Douglas (AK),NULL,9,21425
2 No MaxPreps URL mapping,Kalamazoo Loy Norrix (MI),NULL,9,63607
2 No MaxPreps URL mapping,Kelowna Mt. Boucherie (BC),NULL,9,63675
2 No MaxPreps URL mapping,Kent-Meridian (WA),NULL,9,63714
2 No MaxPreps URL mapping,Kerkhoven-Murdock (MN),NULL,9,71808
2 No MaxPreps URL mapping,Kewanee Wethersfield-Annawan (IL),NULL,9,63737
2 No MaxPreps URL mapping,Keyport-Hudson Regional (NJ),NULL,9,45495
2 No MaxPreps URL mapping,Kimball-White Lake (SD),NULL,9,16061
2 No MaxPreps URL mapping,Kinde-North Huron (MI),NULL,9,63757
2 No MaxPreps URL mapping,Kremlin-Hillsdale (OK),NULL,9,29986
2 No MaxPreps URL mapping,Laird Hill Leverett's Chapel (TX),NULL,9,63933
2 No MaxPreps URL mapping,Lake Charles Washington-Marion (LA),NULL,9,63951
2 No MaxPreps URL mapping,Lake City South Central Calhoun (IA),NULL,9,1957
2 No MaxPreps URL mapping,Lake Park (MN),NULL,9,63976
2 No MaxPreps URL mapping,Lake View East Sac County (IA),NULL,9,38573
2 No MaxPreps URL mapping,Lambert-Richey (MT),NULL,9,64028
2 No MaxPreps URL mapping,Langley (BC),NULL,9,64059
2 No MaxPreps URL mapping,Lanham Mt. Zion Prep Academy (MD),NULL,9,64062
2 No MaxPreps URL mapping,Lansing Thornton Fractional South (IL),NULL,9,64076
2 No MaxPreps URL mapping,Las Cruces Mesilla Valley Christian (NM),NULL,9,21684
2 No MaxPreps URL mapping,Las Vegas Cimarron-Memorial (NV),NULL,9,64108
2 No MaxPreps URL mapping,Lawrence (MI),NULL,9,64150
2 No MaxPreps URL mapping,Leakey Big Springs Charter (TX),NULL,9,16335
2 No MaxPreps URL mapping,Leander Founders Classical Academy (TX),NULL,9,31025
2 No MaxPreps URL mapping,LeRoy Coop (IL),NULL,9,13914
2 No MaxPreps URL mapping,Letts Louisa-Muscatine (IA),NULL,9,64272
2 No MaxPreps URL mapping,Lisbon Beaver Local (OH),NULL,9,39297
2 No MaxPreps URL mapping,Litchfield-Mt. Olive (IL),NULL,9,70603
2 No MaxPreps URL mapping,Littleton Front Range Christian (CO),NULL,9,19264
2 No MaxPreps URL mapping,Livingston Iowa-Grant (WI),NULL,9,64408
2 No MaxPreps URL mapping,Long Island City (NY),NULL,9,45070
2 No MaxPreps URL mapping,Longview R.A. Long (WA),NULL,9,64476
2 No MaxPreps URL mapping,Lutheran Westland (MI),NULL,9,70259
2 No MaxPreps URL mapping,Lynn St. Mary's (MA),NULL,9,4553
2 No MaxPreps URL mapping,Lyons-Decatur Northeast (NE),NULL,9,64653
2 No MaxPreps URL mapping,Mabel-Canton (MN),NULL,9,64656
2 No MaxPreps URL mapping,Macomb L'Anse Creuse (MI),NULL,9,70654
2 No MaxPreps URL mapping,Macomb L'Anse Creuse North (MI),NULL,9,64666
2 No MaxPreps URL mapping,Madison Lac qui Parle Valley (MN),NULL,9,64700
2 No MaxPreps URL mapping,Madison Vel Phillips Memorial (WI),NULL,9,64703
2 No MaxPreps URL mapping,Manchester Burr & Burton (VT),NULL,9,23832
2 No MaxPreps URL mapping,Manson-Northwest Webster (IA),NULL,9,24097
2 No MaxPreps URL mapping,Maplewood Hill-Murray (MN),NULL,9,32372
2 No MaxPreps URL mapping,Marion Linn-Mar (IA),NULL,9,14258
2 No MaxPreps URL mapping,Marlborough Assabet Valley RVT (MA),NULL,9,29036
2 No MaxPreps URL mapping,Martinsville The Pingry School (NJ),NULL,9,26584
2 No MaxPreps URL mapping,Marysville-Pilchuck (WA),NULL,9,43759
2 No MaxPreps URL mapping,Mason County Central (MI),NULL,9,71252
2 No MaxPreps URL mapping,Mayville-Portland (ND),NULL,9,64939
2 No MaxPreps URL mapping,McDonough New Creation Christian (GA),NULL,9,11581
2 No MaxPreps URL mapping,Medford St. Mary's (OR),NULL,9,65012
2 No MaxPreps URL mapping,Medicine Hat (AB),NULL,9,65015
2 No MaxPreps URL mapping,Medicine Hat McCoy (AB),NULL,9,65017
2 No MaxPreps URL mapping,Melbourne Holy Trinity Episcopal Academy (FL),NULL,9,65032
2 No MaxPreps URL mapping,Memphis B.T. Washington (TN),NULL,9,70342
2 No MaxPreps URL mapping,Menno-Scotland (SD),NULL,9,65093
2 No MaxPreps URL mapping,Metairie Park Country Day (LA),NULL,9,65132
2 No MaxPreps URL mapping,Miami Belen Jesuit Prep School (FL),NULL,9,65147
2 No MaxPreps URL mapping,Miami Dr. Krop (FL),NULL,9,65157
2 No MaxPreps URL mapping,Miami Senior (FL),NULL,9,65171
2 No MaxPreps URL mapping,Miami Somerset Academy Silver Palms (FL),NULL,9,65172
2 No MaxPreps URL mapping,Milford (MI),NULL,9,65236
2 No MaxPreps URL mapping,Milwaukee St. Thomas More (WI),NULL,9,65289
2 No MaxPreps URL mapping,Mississauga Clarkson Canada Football North (ON),NULL,9,65342
2 No MaxPreps URL mapping,Missoula Loyola-Sacred Heart (MT),NULL,9,65354
2 No MaxPreps URL mapping,Momence Coop (IL),NULL,9,3943
2 No MaxPreps URL mapping,Moncks Corner St. John's Christian Academy (SC),NULL,9,37881
2 No MaxPreps URL mapping,Moneta Smith Mountain Lake Christian Academy (VA),NULL,9,65378
2 No MaxPreps URL mapping,Monroe Parkwood (NC),NULL,9,65401
2 No MaxPreps URL mapping,Montgomery Evangel Family Christian Academy (AL),NULL,9,41632
2 No MaxPreps URL mapping,Montpelier U-32 (VT),NULL,9,24068
2 No MaxPreps URL mapping,Montvale St. Joseph Regional (NJ),NULL,9,65452
2 No MaxPreps URL mapping,Moose Lake (MN),NULL,9,65472
2 No MaxPreps URL mapping,Mosca Sangre de Cristo (CO),NULL,9,65521
2 No MaxPreps URL mapping,Mott-Regent (ND),NULL,9,8981
2 No MaxPreps URL mapping,Moweaqua Central A&M (IL),NULL,9,65617
2 No MaxPreps URL mapping,Muskegon Catholic Central (MI),NULL,9,65654
2 No MaxPreps URL mapping,Muskegon Heights Academy (MI),NULL,9,71998
2 No MaxPreps URL mapping,Namao Sturgeon Composite (AB),NULL,9,70322
2 No MaxPreps URL mapping,Nashville Franklin Road Academy (TN),NULL,9,65698
2 No MaxPreps URL mapping,Neillsville-Granton (WI),NULL,9,48143
2 No MaxPreps URL mapping,Neola Tri-Center (IA),NULL,9,26541
2 No MaxPreps URL mapping,New Baltimore Anchor Bay (MI),NULL,9,65749
2 No MaxPreps URL mapping,New Market Huron Heights (CN),NULL,9,42016
2 No MaxPreps URL mapping,New Philadelphia Tuscarawas Central Catholic (OH),NULL,9,25716
2 No MaxPreps URL mapping,New Richland (MN),NULL,9,65874
2 No MaxPreps URL mapping,New York Mills (MN),NULL,9,65894
2 No MaxPreps URL mapping,Newburgh Free Academy (NY),NULL,9,14086
2 No MaxPreps URL mapping,Newtown Square Delaware County Christian (PA),NULL,9,35653
2 No MaxPreps URL mapping,North Adams-Jerome (MI),NULL,9,66008
2 No MaxPreps URL mapping,North Las Vegas Cheyenne (NV),NULL,9,66044
2 No MaxPreps URL mapping,O'Fallon Fort Zumwalt North (MO),NULL,9,66179
2 No MaxPreps URL mapping,Ocala Christian Academy (FL),NULL,9,66154
2 No MaxPreps URL mapping,Olivia B O L D (MN),NULL,9,66242
2 No MaxPreps URL mapping,Onaway (MI),NULL,9,66268
2 No MaxPreps URL mapping,Orlando The First Academy (FL),NULL,9,66341
2 No MaxPreps URL mapping,Osseo-Fairchild (WI),NULL,9,66378
2 No MaxPreps URL mapping,Ottawa Marquette Academy (IL),NULL,9,18529
2 No MaxPreps URL mapping,Pagosa Springs (CO),NULL,9,66457
2 No MaxPreps URL mapping,Pahala Ka'u (HI),NULL,9,66458
2 No MaxPreps URL mapping,Palmyra-Macedon (NY),NULL,9,32702
2 No MaxPreps URL mapping,Papillion La Vista (NE),NULL,9,71100
2 No MaxPreps URL mapping,Peabody-Burns (KS),NULL,9,66593
2 No MaxPreps URL mapping,Pearl Park Place Christian Academy (MS),NULL,9,66603
2 No MaxPreps URL mapping,Pellston (MI),NULL,9,66624
2 No MaxPreps URL mapping,Peoria Manual Academy (IL),NULL,9,66661
2 No MaxPreps URL mapping,Peterborough Contoocook Valley Regional (NH),NULL,9,66685
2 No MaxPreps URL mapping,Philadelphia Academy at Palumbo (PA),NULL,9,32172
2 No MaxPreps URL mapping,Philadelphia St. Joseph's Prep (PA),NULL,9,66724
2 No MaxPreps URL mapping,Philadelphia Thomas A. Edison (PA),NULL,9,66726
2 No MaxPreps URL mapping,Phoenix NFL Yet Academy (AZ),NULL,9,66759
2 No MaxPreps URL mapping,Piasa Southwestern (IL),NULL,9,66780
2 No MaxPreps URL mapping,Pierre T.F. Riggs (SD),NULL,9,66787
2 No MaxPreps URL mapping,Pittsburgh Perry Traditional Academy (PA),NULL,9,66844
2 No MaxPreps URL mapping,Port Jefferson Station Comsewogue (NY),NULL,9,10631
2 No MaxPreps URL mapping,Port St. Lucie Tradition Prep (FL),NULL,9,66975
2 No MaxPreps URL mapping,Port St. Lucie Treasure Coast (FL),NULL,9,6996
2 No MaxPreps URL mapping,Portland Ida B. Wells (OR),NULL,9,67001
2 No MaxPreps URL mapping,Portsmouth-Oyster River (NH),NULL,9,67021
2 No MaxPreps URL mapping,Potter-Dix (NE),NULL,9,67028
2 No MaxPreps URL mapping,Prairie City (OR),NULL,9,67052
2 No MaxPreps URL mapping,Quicksburg Stonewall Jackson (VA),NULL,9,67135
2 No MaxPreps URL mapping,Raleigh North Raleigh Christian Academy (NC),NULL,9,67160
2 No MaxPreps URL mapping,Ramona-Oldham (SD),NULL,9,70844
2 No MaxPreps URL mapping,Ramsey Don Bosco Prep (NJ),NULL,9,33356
2 No MaxPreps URL mapping,Red Deer Ecole Secondaire Notre Dame (AB),NULL,9,67203
2 No MaxPreps URL mapping,Reno Coral Academy of Science (NV),NULL,9,31859
2 No MaxPreps URL mapping,Richfield Academy of Holy Angels (MN),NULL,9,4058
2 No MaxPreps URL mapping,Richland St.Augustine Prep (NJ),NULL,9,67273
2 No MaxPreps URL mapping,Riverview (NB),NULL,9,67349
2 No MaxPreps URL mapping,Rochester Old Colony RVT (MA),NULL,9,13384
2 No MaxPreps URL mapping,Rock Valley-Boyden Hull (IA),NULL,9,70295
2 No MaxPreps URL mapping,Rockford Boylan Catholic (IL),NULL,9,67402
2 No MaxPreps URL mapping,Rumson-Fair Haven (NJ),NULL,9,35294
2 No MaxPreps URL mapping,Saint John (NB),NULL,9,67637
2 No MaxPreps URL mapping,Saint Louis Mary Institute and Country Day (MO),NULL,9,67689
2 No MaxPreps URL mapping,Saint Louis Park (MN),NULL,9,67696
2 No MaxPreps URL mapping,Salisbury Composite (AB),NULL,9,67786
2 No MaxPreps URL mapping,Sanborn Niagara-Wheatfield (NY),NULL,9,43485
2 No MaxPreps URL mapping,Santa Maria Valley Christian Academy (CA),NULL,9,8590
2 No MaxPreps URL mapping,Scottville Mason County Central (MI),NULL,9,68000
2 No MaxPreps URL mapping,Shawnee Maranatha Christian Academy (KS),NULL,9,29879
2 No MaxPreps URL mapping,Sherburn Martin County West (MN),NULL,9,68112
2 No MaxPreps URL mapping,Sherman Grayson Christian (TX),NULL,9,68121
2 No MaxPreps URL mapping,Shoreham-Wading River (NY),NULL,9,20746
2 No MaxPreps URL mapping,Slidell Pope John Paul II (LA),NULL,9,68199
2 No MaxPreps URL mapping,Sodus-Lyons (NY),NULL,9,68223
2 No MaxPreps URL mapping,South Saint Paul (MN),NULL,9,68275
2 No MaxPreps URL mapping,Southborough St. Mark's (MA),NULL,9,41226
2 No MaxPreps URL mapping,Sparta John Hancock Academy (GA),NULL,9,16973
2 No MaxPreps URL mapping,Springfield Collegiate Institute (MB),NULL,9,70358
2 No MaxPreps URL mapping,Springfield The St. James Performance Academy Strivers (VA),NULL,9,71873
2 No MaxPreps URL mapping,St Clair Shores Lake Shore (MI),NULL,9,72173
2 No MaxPreps URL mapping,St Clair Shores South Lake (MI),NULL,9,71213
2 No MaxPreps URL mapping,St. Petersburg (FL),NULL,9,68407
2 No MaxPreps URL mapping,Stanley-Boyd (WI),NULL,9,47060
2 No MaxPreps URL mapping,Staten Island McKee Vo-Tech (NY),NULL,9,26037
2 No MaxPreps URL mapping,Staten Island St. Peter's (NY),NULL,9,48117
2 No MaxPreps URL mapping,Staunton-Bunker Hill (IL),NULL,9,68455
2 No MaxPreps URL mapping,Strathcona (AB),NULL,9,68530
2 No MaxPreps URL mapping,Stuart West Central Valley (IA),NULL,9,68549
2 No MaxPreps URL mapping,Swannanoa Asheville Christian Academy (NC),NULL,9,12157
2 No MaxPreps URL mapping,Syracuse Institute of Tech (NY),NULL,9,68690
2 No MaxPreps URL mapping,Taber W. R. Myers (AB),NULL,9,68694
2 No MaxPreps URL mapping,Taunton Bristol-Plymouth RVT (MA),NULL,9,38916
2 No MaxPreps URL mapping,Tekamah-Herman (NE),NULL,9,68787
2 No MaxPreps URL mapping,Tekoa-Rosalia (WA),NULL,9,68790
2 No MaxPreps URL mapping,Toledo St. Francis de Sales (OH),NULL,9,68915
2 No MaxPreps URL mapping,Tombstone (AZ),NULL,9,68930
2 No MaxPreps URL mapping,Tonawanda Cardinal O'Hara (NY),NULL,9,68937
2 No MaxPreps URL mapping,Trenton Jones (NC),NULL,9,69008
2 No MaxPreps URL mapping,Tuscaloosa North River Christian (AL),NULL,9,39481
2 No MaxPreps URL mapping,Tyler-Russell (MN),NULL,9,69133
2 No MaxPreps URL mapping,Tyngsborough Greater Lowell Tech (MA),NULL,9,13664
2 No MaxPreps URL mapping,Upton Blackstone Valley RVT (MA),NULL,9,1019
2 No MaxPreps URL mapping,Urbandale JV (IA),NULL,9,15627
2 No MaxPreps URL mapping,Utica Eisenhower (MI),NULL,9,69207
2 No MaxPreps URL mapping,Utica Ford (MI),NULL,9,71019
2 No MaxPreps URL mapping,Valley Douglas County West (NE),NULL,9,69225
2 No MaxPreps URL mapping,Vancouver Hudson's Bay (WA),NULL,9,69244
2 No MaxPreps URL mapping,Vandercook Lake (MI),NULL,9,71262
2 No MaxPreps URL mapping,Viborg-Hurley (SD),NULL,9,16591
2 No MaxPreps URL mapping,Wadena-Deer Creek (MN),NULL,9,69349
2 No MaxPreps URL mapping,Wahiawa Leilehua (HI),NULL,9,69353
2 No MaxPreps URL mapping,Walled Lake Northern (MI),NULL,9,69388
2 No MaxPreps URL mapping,Warren G. Harding (OH),NULL,9,69428
2 No MaxPreps URL mapping,Warren Woods-Tower (MI),NULL,9,69438
2 No MaxPreps URL mapping,Warren-Alvarado (MN),NULL,9,69439
2 No MaxPreps URL mapping,Washington Model School for the Deaf (DC),NULL,9,69485
2 No MaxPreps URL mapping,Waterbury Career Academy (CT),NULL,9,48671
2 No MaxPreps URL mapping,Watertown Great Plains Lutheran (SD),NULL,9,11782
2 No MaxPreps URL mapping,Watertown-Mayer (MN),NULL,9,69520
2 No MaxPreps URL mapping,Wauneta-Palisade (NE),NULL,9,69551
2 No MaxPreps URL mapping,West Iron County (MI),NULL,9,71441
2 No MaxPreps URL mapping,West Orange Seton Hall Prep (NJ),NULL,9,69655
2 No MaxPreps URL mapping,Westhope-Newburg-Melita (ND),NULL,9,69692
2 No MaxPreps URL mapping,Westminster The Academy of Charter Schools (CO),NULL,9,69698
2 No MaxPreps URL mapping,White Bear Lake (MN),NULL,9,69723
2 No MaxPreps URL mapping,Wilber-Clatonia (NE),NULL,9,69787
2 No MaxPreps URL mapping,Wilcox-Hildreth (NE),NULL,9,69790
2 No MaxPreps URL mapping,Wilmington Delaware Military Academy (DE),NULL,9,69846
2 No MaxPreps URL mapping,Wilmington E.A. Laney (NC),NULL,9,69850
2 No MaxPreps URL mapping,Winnipeg St. Paul's AAA (MB),NULL,9,34277
2 No MaxPreps URL mapping,Winnipeg Sturgeon Heights (MB),NULL,9,3150
2 No MaxPreps URL mapping,Winnipeg Tec Voc (MB),NULL,9,24661
2 No MaxPreps URL mapping,Winnipeg Vincent Massey Collegiate (MB),NULL,9,71071
2 No MaxPreps URL mapping,Woodside Polytech (DE),NULL,9,22709
2 No MaxPreps URL mapping,Woodstock The King's Academy (GA),NULL,9,1411
2 No MaxPreps URL mapping,Woonsocket-Wessington Springs (SD),NULL,9,71929
2 No MaxPreps URL mapping,Wyndmere-Lidgerwood (ND),NULL,9,6633
2 No MaxPreps URL mapping,Yamhill-Carlton (OR),NULL,9,1539
2 No MaxPreps URL mapping,Acton-Boxborough (MA),NULL,8,23571
2 No MaxPreps URL mapping,Airdrie Bert Church (AB),NULL,8,29520
2 No MaxPreps URL mapping,Airdrie W.H. Croxford (AB),NULL,8,49415
2 No MaxPreps URL mapping,Akron-Westfield (IA),NULL,8,32392
2 No MaxPreps URL mapping,Albion (NY),NULL,8,25577
2 No MaxPreps URL mapping,Alden-Conger (MN),NULL,8,58841
2 No MaxPreps URL mapping,Allegany-Limestone (NY),NULL,8,38905
2 No MaxPreps URL mapping,Almond-Bancroft (WI),NULL,8,58901
2 No MaxPreps URL mapping,Alta-Aurelia (IA),NULL,8,661
2 No MaxPreps URL mapping,Ansley-Litchfield (NE),NULL,8,58993
2 No MaxPreps URL mapping,Apex South Wake HomeSchool (NC),NULL,8,22282
2 No MaxPreps URL mapping,Arlington Heights St. Viator (IL),NULL,8,59073
2 No MaxPreps URL mapping,Ashton-Franklin Center (IL),NULL,8,59142
2 No MaxPreps URL mapping,Atlanta Holy Spirit Prep (GA),NULL,8,5310
2 No MaxPreps URL mapping,Baltimore Douglass (MD),NULL,8,59309
2 No MaxPreps URL mapping,Barrett West Central Area (MN),NULL,8,59375
2 No MaxPreps URL mapping,Baton Rouge Catholic (LA),NULL,8,59421
2 No MaxPreps URL mapping,Bel Air Patterson Mill (MD),NULL,8,59514
2 No MaxPreps URL mapping,Bellmore John F. Kennedy (NY),NULL,8,59571
2 No MaxPreps URL mapping,Benton City Kiona-Benton (WA),NULL,8,42541
2 No MaxPreps URL mapping,Biggsville West Central (IL),NULL,8,59688
2 No MaxPreps URL mapping,Binghamton Chenango Valley Central (NY),NULL,8,18042
2 No MaxPreps URL mapping,Blountville Tri-Cities Christian (TN),NULL,8,39541
2 No MaxPreps URL mapping,Blue Earth Area (MN),NULL,8,59772
2 No MaxPreps URL mapping,Brandon Vincent Massey (MB),NULL,8,59875
2 No MaxPreps URL mapping,Brandon-Evansville (MN),NULL,8,1440
2 No MaxPreps URL mapping,Bristol St. Paul Catholic (CT),NULL,8,59938
2 No MaxPreps URL mapping,Brooks (AB),NULL,8,31662
2 No MaxPreps URL mapping,Brownsville Jubilee (TX),NULL,8,947
2 No MaxPreps URL mapping,Buffalo Hutchinson Tech (NY),NULL,8,60040
2 No MaxPreps URL mapping,Bushnell Prairie City (IL),NULL,8,21928
2 No MaxPreps URL mapping,Byfield Governor's Academy (MA),NULL,8,6235
2 No MaxPreps URL mapping,Caldwell South Sumner [Caldwell-South Haven] (KS),NULL,8,60134
2 No MaxPreps URL mapping,Calgary Bishop O'Byrne (AB),NULL,8,35075
2 No MaxPreps URL mapping,Calgary Henry Wise Wood (AB),NULL,8,3999
2 No MaxPreps URL mapping,Calgary Lord Beaverbrook (AB),NULL,8,27158
2 No MaxPreps URL mapping,Calgary Notre Dame (AB),NULL,8,48668
2 No MaxPreps URL mapping,Calgary St. Francis (AB),NULL,8,60145
2 No MaxPreps URL mapping,Cambridge Buckingham Browne & Nichols (MA),NULL,8,508
2 No MaxPreps URL mapping,Camp Hill Southern Prep Academy (AL),NULL,8,36032
2 No MaxPreps URL mapping,Camrose (AB),NULL,8,60190
2 No MaxPreps URL mapping,Canajoharie-Fort Plain (NY),NULL,8,2083
2 No MaxPreps URL mapping,Carney-Nadeau (MI),NULL,8,60265
2 No MaxPreps URL mapping,Carpentersville Dundee-Crown (IL),NULL,8,60271
2 No MaxPreps URL mapping,Chambers-Wheeler Central (NE),NULL,8,60401
2 No MaxPreps URL mapping,Champaign St. Thomas More (IL),NULL,8,60405
2 No MaxPreps URL mapping,Cheyenne-Eagle Butte (SD),NULL,8,60559
2 No MaxPreps URL mapping,Chicago Back of the Yards College Prep (IL),NULL,8,60563
2 No MaxPreps URL mapping,Chicago Heights Bloom Township (IL),NULL,8,60599
2 No MaxPreps URL mapping,Chicago Military Academy (IL),NULL,8,60622
2 No MaxPreps URL mapping,Chicago Muchin College Prep (IL),NULL,8,60626
2 No MaxPreps URL mapping,Chicago Steinmetz College Prep (IL),NULL,8,60649
2 No MaxPreps URL mapping,Chicago Von Steuben (IL),NULL,8,60656
2 No MaxPreps URL mapping,Churchville-Chili (NY),NULL,8,14937
2 No MaxPreps URL mapping,Clayton First State Military Academy (DE),NULL,8,60797
2 No MaxPreps URL mapping,Clifton Springs Midlakes (NY),NULL,8,13743
2 No MaxPreps URL mapping,Clintonville AuSable Valley (NY),NULL,8,60861
2 No MaxPreps URL mapping,Cochrane Bow Valley (AB),NULL,8,60877
2 No MaxPreps URL mapping,Coeur d'Alene Charter Academy (ID),NULL,8,18340
2 No MaxPreps URL mapping,Colfax-Mingo (IA),NULL,8,9843
2 No MaxPreps URL mapping,Colorado Springs Banning Lewis Academy (CO),NULL,8,8106
2 No MaxPreps URL mapping,Columbus Junction (IA),NULL,8,4233
2 No MaxPreps URL mapping,Cordova St. Benedict at Auburndale (TN),NULL,8,11457
2 No MaxPreps URL mapping,Corsica-Stickney (SD),NULL,8,61097
2 No MaxPreps URL mapping,Cortez Montezuma County (CO),NULL,8,61098
2 No MaxPreps URL mapping,Dallas Gateway Charter Academy (TX),NULL,8,17134
2 No MaxPreps URL mapping,Dallas UME Preparatory Academy (TX),NULL,8,61235
2 No MaxPreps URL mapping,Decatur St. Teresa (IL),NULL,8,61353
2 No MaxPreps URL mapping,Demarest Northern Valley Regional (NJ),NULL,8,21352
2 No MaxPreps URL mapping,Denton-Stanford (MT),NULL,8,71915
2 No MaxPreps URL mapping,Dix Hills Half Hollow Hills West (NY),NULL,8,61527
2 No MaxPreps URL mapping,Drain North Douglas (OR),NULL,8,61573
2 No MaxPreps URL mapping,Drumheller Valley (AB),NULL,8,61579
2 No MaxPreps URL mapping,East Syracuse-Minoa (NY),NULL,8,21065
2 No MaxPreps URL mapping,Edmonton Ross Sheppard (AB),NULL,8,61720
2 No MaxPreps URL mapping,Edmonton St. Xavier (AB),NULL,8,61722
2 No MaxPreps URL mapping,Edson Parkland Composite (AB),NULL,8,71982
2 No MaxPreps URL mapping,Erskine Win-E-Mac (MN),NULL,8,61880
2 No MaxPreps URL mapping,Estherville Lincoln Central (IA),NULL,8,61904
2 No MaxPreps URL mapping,Eustis Hi-Line [Eustis-Farnam-Elwood] (NE),NULL,8,30094
2 No MaxPreps URL mapping,Falls City-Kings Valley Charter (OR),NULL,8,9967
2 No MaxPreps URL mapping,Farson-Eden (WY),NULL,8,62041
2 No MaxPreps URL mapping,Florence-Henry (SD),NULL,8,62140
2 No MaxPreps URL mapping,Florida School for the Deaf (FL),NULL,8,62141
2 No MaxPreps URL mapping,Foley Snook Christian Academy (AL),NULL,8,23891
2 No MaxPreps URL mapping,Franklin Square Valley Stream North (NY),NULL,8,62303
2 No MaxPreps URL mapping,Fremont California School for the Deaf (CA),NULL,8,6257
2 No MaxPreps URL mapping,Front Royal Randolph-Macon Academy (VA),NULL,8,62359
2 No MaxPreps URL mapping,Galesburg (IL),NULL,8,23347
2 No MaxPreps URL mapping,Gayville-Volin (SD),NULL,8,33379
2 No MaxPreps URL mapping,Giddings Lonestar Southeast (TX),NULL,8,19536
2 No MaxPreps URL mapping,Grahamsville Tri-Valley (NY),NULL,8,42569
2 No MaxPreps URL mapping,Harpersville Coosa Valley Academy (AL),NULL,8,17509
2 No MaxPreps URL mapping,Hartford Sport & Medical Sciences Academy (CT),NULL,8,45208
2 No MaxPreps URL mapping,Hartley-Melvin (IA),NULL,8,62907
2 No MaxPreps URL mapping,Harvey Jefferson RISE Charter (LA),NULL,8,62919
2 No MaxPreps URL mapping,Harvey Thornton Township (IL),NULL,8,18398
2 No MaxPreps URL mapping,Helendale Academy of Careers & Exploration (CA),NULL,8,4037
2 No MaxPreps URL mapping,Henderson Lake Mead Academy (NV),NULL,8,63023
2 No MaxPreps URL mapping,Herreid-Selby (SD),NULL,8,39937
2 No MaxPreps URL mapping,Hightstown The Peddie School (NJ),NULL,8,63100
2 No MaxPreps URL mapping,Hinckley-Finlayson (MN),NULL,8,63126
2 No MaxPreps URL mapping,Hinesburg Champlain Valley Union (VT),NULL,8,47808
2 No MaxPreps URL mapping,Holy Cross (SK),NULL,8,70517
2 No MaxPreps URL mapping,Honolulu St. Louis (HI),NULL,8,63209
2 No MaxPreps URL mapping,Hutchinson Reno County HomeSchool (KS),NULL,8,71975
2 No MaxPreps URL mapping,Iola-Scandinavia (WI),NULL,8,63409
2 No MaxPreps URL mapping,Jacksonville Cedar Creek Christian (FL),NULL,8,63470
2 No MaxPreps URL mapping,Jacksonville Young Kids In Motion (FL),NULL,8,70542
2 No MaxPreps URL mapping,Jersey City St. Peters Prep (NJ),NULL,8,21945
2 No MaxPreps URL mapping,Kadoka Area (SD),NULL,8,23232
2 No MaxPreps URL mapping,Kansas City Hogan Prep Academy (MO),NULL,8,3269
2 No MaxPreps URL mapping,Kansas Tri-County [Kansas-Shiloh-Oakland] (IL),NULL,8,63647
2 No MaxPreps URL mapping,Kenora Beaver Brae (MB),NULL,8,58542
2 No MaxPreps URL mapping,Kerrville Our Lady of the Hills (TX),NULL,8,4955
2 No MaxPreps URL mapping,Kildonan East (MB),NULL,8,63744
2 No MaxPreps URL mapping,Kingsley-Pierson (IA),NULL,8,8499
2 No MaxPreps URL mapping,La Crescent (MN),NULL,8,63868
2 No MaxPreps URL mapping,Lame Deer (MT),NULL,8,64029
2 No MaxPreps URL mapping,Lancaster St. Mary's (NY),NULL,8,64050
2 No MaxPreps URL mapping,Lansing Kee (IA),NULL,8,64073
2 No MaxPreps URL mapping,Laurel-Concord (NE),NULL,8,64133
2 No MaxPreps URL mapping,Lead-Deadwood (SD),NULL,8,16324
2 No MaxPreps URL mapping,Lee's Summit North (MO),NULL,8,64212
2 No MaxPreps URL mapping,Lemmon-McIntosh (SD),NULL,8,64237
2 No MaxPreps URL mapping,Leola-Frederick (SD),NULL,8,64255
2 No MaxPreps URL mapping,Lethbridge Chinook (AB),NULL,8,64270
2 No MaxPreps URL mapping,Lewisville Founders Classical Academy (TX),NULL,8,6366
2 No MaxPreps URL mapping,Lloydminster Holy Rosary (AB),NULL,8,64420
2 No MaxPreps URL mapping,Logan-Magnolia (IA),NULL,8,2339
2 No MaxPreps URL mapping,Lone Jack-Kingsville (MO),NULL,8,36714
2 No MaxPreps URL mapping,Los Angeles Dr. Maya Angelou Community (CA),NULL,8,64503
2 No MaxPreps URL mapping,Los Angeles West Adams Prep (CA),NULL,8,47163
2 No MaxPreps URL mapping,Lynn Vo-Tech (MA),NULL,8,35352
2 No MaxPreps URL mapping,Mahnomen-Waubun (MN),NULL,8,64721
2 No MaxPreps URL mapping,Manitou Springs (CO),NULL,8,64765
2 No MaxPreps URL mapping,Manorville Eastport-South Manor (NY),NULL,8,64777
2 No MaxPreps URL mapping,Martensdale-Saint Mary's (IA),NULL,8,35325
2 No MaxPreps URL mapping,Mays Landing Atlantic County Vo-Tech (NJ),NULL,8,46112
2 No MaxPreps URL mapping,Maywood-Hayes Center (NE),NULL,8,3079
2 No MaxPreps URL mapping,Medicine Hat Crescent Heights (AB),NULL,8,65016
2 No MaxPreps URL mapping,Melcher-Dallas (IA),NULL,8,9341
2 No MaxPreps URL mapping,Melvern Marais Des Cygne Valley (KS),NULL,8,65040
2 No MaxPreps URL mapping,Mendon Unity-Seymour (IL),NULL,8,32078
2 No MaxPreps URL mapping,Mesa Sequoia (AZ),NULL,8,16609
2 No MaxPreps URL mapping,Middletown St. Andrew's (DE),NULL,8,26966
2 No MaxPreps URL mapping,Middletown St. George's (RI),NULL,8,10439
2 No MaxPreps URL mapping,Midland Texas Leadership Charter Academy (TX),NULL,8,22882
2 No MaxPreps URL mapping,Miller Sunshine Bible Academy (SD),NULL,8,65250
2 No MaxPreps URL mapping,Minneapolis De La Salle (MN),NULL,8,65311
2 No MaxPreps URL mapping,Minneapolis St. Anthony Village (MN),NULL,8,65319
2 No MaxPreps URL mapping,Mobridge-Pollock (SD),NULL,8,65365
2 No MaxPreps URL mapping,Moncton (NB),NULL,8,7221
2 No MaxPreps URL mapping,Monticello Aucilla Christian Academy (FL),NULL,8,38069
2 No MaxPreps URL mapping,Mountain Iron (MN),NULL,8,65604
2 No MaxPreps URL mapping,Mountain Lake (MN),NULL,8,65606
2 No MaxPreps URL mapping,Nansemond-Suffolk Academy (VA),NULL,8,65667
2 No MaxPreps URL mapping,Needham St. Sebastian's School (MA),NULL,8,28369
2 No MaxPreps URL mapping,New Hyde Park Memorial (NY),NULL,8,65797
2 No MaxPreps URL mapping,New Orleans Carver Collegiate Academy (LA),NULL,8,70966
2 No MaxPreps URL mapping,New York Mills (NY),NULL,8,65895
2 No MaxPreps URL mapping,Newark Collegiate Academy (NJ),NULL,8,65902
2 No MaxPreps URL mapping,Newman Grove (NE),NULL,8,65930
2 No MaxPreps URL mapping,Newport North Country Union (VT),NULL,8,65946
2 No MaxPreps URL mapping,Norfolk Lutheran-Northeast (NE),NULL,8,65996
2 No MaxPreps URL mapping,North English Valleys (IA),NULL,8,66037
2 No MaxPreps URL mapping,North Kansas City (MO),NULL,8,66042
2 No MaxPreps URL mapping,North Platte St. Patrick's (NE),NULL,8,66065
2 No MaxPreps URL mapping,Oak Bluffs Martha's Vineyard Regional (MA),NULL,8,24432
2 No MaxPreps URL mapping,Oakfield-Alabama (NY),NULL,8,12297
2 No MaxPreps URL mapping,Oakland-Craig (NE),NULL,8,3113
2 No MaxPreps URL mapping,Ocoee Central Florida Christian Academy (FL),NULL,8,66166
2 No MaxPreps URL mapping,Old Orchard Beach (ME),NULL,8,20159
2 No MaxPreps URL mapping,Old Westbury (NY),NULL,8,66231
2 No MaxPreps URL mapping,Paullina South O'Brien (IA),NULL,8,34767
2 No MaxPreps URL mapping,Perry-Lecompton (KS),NULL,8,66677
2 No MaxPreps URL mapping,Philadelphia Boys' Latin Charter (PA),NULL,8,66712
2 No MaxPreps URL mapping,Philadelphia Murrell Dobbins Vo-Tech (PA),NULL,8,13277
2 No MaxPreps URL mapping,Pincher Creek Matthew Halton (AB),NULL,8,66799
2 No MaxPreps URL mapping,Pine River (MN),NULL,8,66811
2 No MaxPreps URL mapping,Pleasanton Foothills (AB),NULL,8,66900
2 No MaxPreps URL mapping,Point Pleasant Borough (NJ),NULL,8,66917
2 No MaxPreps URL mapping,Red Deer Hunting Hills (AB),NULL,8,67204
2 No MaxPreps URL mapping,Reed Point (MT),NULL,8,70833
2 No MaxPreps URL mapping,Reserve East St. John (LA),NULL,8,67258
2 No MaxPreps URL mapping,Richardton-Taylor (ND),NULL,8,4012
2 No MaxPreps URL mapping,Rochester Webster Thomas (NY),NULL,8,67381
2 No MaxPreps URL mapping,Rockaway Beach Neah-Kah-Nie (OR),NULL,8,67394
2 No MaxPreps URL mapping,Rocky Mountain House West Central (AB),NULL,8,67431
2 No MaxPreps URL mapping,Roopville Holy Ground Baptist Academy (GA),NULL,8,34300
2 No MaxPreps URL mapping,Rothesay (NB),NULL,8,67497
2 No MaxPreps URL mapping,Rush Miami-Yoder (CO),NULL,8,67533
2 No MaxPreps URL mapping,Rushford-Peterson (MN),NULL,8,67535
2 No MaxPreps URL mapping,Rye Country Day (NY),NULL,8,30711
2 No MaxPreps URL mapping,Saint Clair (MN),NULL,8,67607
2 No MaxPreps URL mapping,Saint John Harbour View (NB),NULL,8,67638
2 No MaxPreps URL mapping,Saint John St. Malachy's (NB),NULL,8,67641
2 No MaxPreps URL mapping,Saint Louis St. Mary's (MO),NULL,8,67706
2 No MaxPreps URL mapping,Saint Maries (ID),NULL,8,67715
2 No MaxPreps URL mapping,Saint Mary's Academy (KS),NULL,8,67719
2 No MaxPreps URL mapping,Saint Stephen (NB),NULL,8,67752
2 No MaxPreps URL mapping,San Antonio Compass Rose Legacy (TX),NULL,8,70623
2 No MaxPreps URL mapping,Shediac Ecole Polyvalente Louis-J. -Robichaud (NB),NULL,8,71587
2 No MaxPreps URL mapping,Sherwood Park Archbishop Jordan (AB),NULL,8,68127
2 No MaxPreps URL mapping,Sherwood Park Bev Facey (AB),NULL,8,68128
2 No MaxPreps URL mapping,South Glens Falls (NY),NULL,8,68259
2 No MaxPreps URL mapping,Sparta-Steeleville (IL),NULL,8,68311
2 No MaxPreps URL mapping,Spring Legacy School of Sport Sciences (TX),NULL,8,68344
2 No MaxPreps URL mapping,Springfield Jonathan Dayton Regional (NJ),NULL,8,68360
2 No MaxPreps URL mapping,Spruce Grove Composite (AB),NULL,8,68387
2 No MaxPreps URL mapping,St Helen Charlton Heston Academy (MI),NULL,8,71857
2 No MaxPreps URL mapping,St. Martinville (LA),NULL,8,20198
2 No MaxPreps URL mapping,Steinbach (MB),NULL,8,68464
2 No MaxPreps URL mapping,Sterling Newman Central Catholic (IL),NULL,8,68485
2 No MaxPreps URL mapping,Stettler William E. Hay Composite (AB),NULL,8,68487
2 No MaxPreps URL mapping,Sugar Land Harmony School of Innovation (TX),NULL,8,68576
2 No MaxPreps URL mapping,Sylvan Lake (AB),NULL,8,70275
2 No MaxPreps URL mapping,Syracuse Public Service Leadership Academy (NY),NULL,8,68692
2 No MaxPreps URL mapping,Tarrytown Hackley School (NY),NULL,8,68758
2 No MaxPreps URL mapping,Tecumseh Johnson County Central (NE),NULL,8,68783
2 No MaxPreps URL mapping,Tripp-Delmont (SD),NULL,8,18958
2 No MaxPreps URL mapping,Tucson Rincon-University (AZ),NULL,8,46506
2 No MaxPreps URL mapping,Upper Nyack (NY),NULL,8,37065
2 No MaxPreps URL mapping,Upsala-Swanville (MN),NULL,8,69198
2 No MaxPreps URL mapping,Upton-Sundance (WY),NULL,8,26769
2 No MaxPreps URL mapping,Vinton-Shellsburg (IA),NULL,8,26152
2 No MaxPreps URL mapping,Wabeno-Laona (WI),NULL,8,69335
2 No MaxPreps URL mapping,Washington Richard Wright Public Charter School (DC),NULL,8,69491
2 No MaxPreps URL mapping,Waubay-Summit (SD),NULL,8,32347
2 No MaxPreps URL mapping,Wauwatosa Kingdom Prep Lutheran (WI),NULL,8,69564
2 No MaxPreps URL mapping,Waverly-South Shore (SD),NULL,8,4584
2 No MaxPreps URL mapping,West Islip St. John the Baptist (NY),NULL,8,3904
2 No MaxPreps URL mapping,West Roxbury Latin (MA),NULL,8,7559
2 No MaxPreps URL mapping,White Sulphur Springs (MT),NULL,8,69738
2 No MaxPreps URL mapping,Windsor Locks (CT),NULL,8,44750
2 No MaxPreps URL mapping,Winnipeg Dakota JV (MB),NULL,8,71922
2 No MaxPreps URL mapping,Winnipeg Daniel McIntyre (MB),NULL,8,21096
2 No MaxPreps URL mapping,Winnipeg Garden City (MB),NULL,8,17594
2 No MaxPreps URL mapping,Winnipeg Grant Park (MB),NULL,8,69907
2 No MaxPreps URL mapping,Winnipeg Grant Park JV (MB),NULL,8,71125
2 No MaxPreps URL mapping,Winnipeg John Taylor Collegiate (MB),NULL,8,70270
2 No MaxPreps URL mapping,Winnipeg Kelvin (MB),NULL,8,69908
2 No MaxPreps URL mapping,Winnipeg Miles MacDonell (MB),NULL,8,69911
2 No MaxPreps URL mapping,Winnipeg Miles MacDonell JV (MB),NULL,8,70110
2 No MaxPreps URL mapping,Winnipeg Murdoch MacKay (MB),NULL,8,69912
2 No MaxPreps URL mapping,Winnipeg Oak Park JV (MB),NULL,8,70950
2 No MaxPreps URL mapping,Winnipeg River East (MB),NULL,8,69914
2 No MaxPreps URL mapping,Winnipeg Sisler (MB),NULL,8,69915
2 No MaxPreps URL mapping,Winnipeg St. John's (MB),NULL,8,69917
2 No MaxPreps URL mapping,Winsted Gilbert-Northwestern Regional (CT),NULL,8,21656
2 No MaxPreps URL mapping,Winston-Salem (NC),NULL,8,28797
2 No MaxPreps URL mapping,Winterhaven San Pasqual Valley (CA),NULL,8,40081
2 No MaxPreps URL mapping,Wolsey-Wessington (SD),NULL,8,30369
2 No MaxPreps URL mapping,Youngstown Lewiston-Porter (NY),NULL,8,70073
2 No MaxPreps URL mapping,Zumbrota-Mazeppa (MN),NULL,8,32887
2 No MaxPreps URL mapping,Ada-Borup (MN),NULL,7,58754
2 No MaxPreps URL mapping,Alden-Hebron-Faith Lutheran (IL),NULL,7,58842
2 No MaxPreps URL mapping,Apache Junction Imagine Prep Superstition (AZ),NULL,7,59016
2 No MaxPreps URL mapping,Arcola (IL),NULL,7,59052
2 No MaxPreps URL mapping,Ardrossan (AB),NULL,7,17639
2 No MaxPreps URL mapping,Arlington Newman International Academy (TX),NULL,7,36292
2 No MaxPreps URL mapping,Austin St. Stephen's Episcopal (TX),NULL,7,38362
2 No MaxPreps URL mapping,Beaumont (AB),NULL,7,47746
2 No MaxPreps URL mapping,Blackfalds Iron Ridge (AB),NULL,7,70197
2 No MaxPreps URL mapping,Brandon Crocus Plains JV (MB),NULL,7,71806
2 No MaxPreps URL mapping,Brandon Vincent Massey JV (MB),NULL,7,71271
2 No MaxPreps URL mapping,Brasher Falls St. Lawrence Central (NY),NULL,7,32209
2 No MaxPreps URL mapping,Bridgeport Bullard Havens Tech (CT),NULL,7,59906
2 No MaxPreps URL mapping,Bridgeport Capital Prep Harbor (CT),NULL,7,59907
2 No MaxPreps URL mapping,Broadus Powder River County (MT),NULL,7,35942
2 No MaxPreps URL mapping,Brookville Long Island Lutheran (NY),NULL,7,3869
2 No MaxPreps URL mapping,Bryn Athyn Academy of the New Church (PA),NULL,7,6001
2 No MaxPreps URL mapping,Buffalo Altoona-Midway (KS),NULL,7,60031
2 No MaxPreps URL mapping,Buffalo Bishop Timon-St. Jude (NY),NULL,7,60033
2 No MaxPreps URL mapping,Calgary Bishop Carroll (AB),NULL,7,18826
2 No MaxPreps URL mapping,Calgary Central Memorial (AB),NULL,7,19576
2 No MaxPreps URL mapping,Calgary Our Lady of the Rockies (AB),NULL,7,49419
2 No MaxPreps URL mapping,Camden Military Academy (SC),NULL,7,18835
2 No MaxPreps URL mapping,Canisteo-Greenwood (NY),NULL,7,39176
2 No MaxPreps URL mapping,Cattaraugus-Little Valley (NY),NULL,7,35455
2 No MaxPreps URL mapping,Center Line Prep Academy (MI),NULL,7,70296
2 No MaxPreps URL mapping,Chester-Seward Park (NY),NULL,7,30849
2 No MaxPreps URL mapping,Chicago Englewood Stem (IL),NULL,7,60587
2 No MaxPreps URL mapping,Chicago Payton College Prep (IL),NULL,7,60631
2 No MaxPreps URL mapping,Chicago Rowe-Clark Math & Science Academy (IL),NULL,7,60641
2 No MaxPreps URL mapping,Chicago The Noble Academy (IL),NULL,7,60652
2 No MaxPreps URL mapping,Chicago Westinghouse College Prep (IL),NULL,7,60661
2 No MaxPreps URL mapping,Claresholm Willow Creek (AB),NULL,7,60766
2 No MaxPreps URL mapping,Clendenin Herbert Hoover (WV),NULL,7,26707
2 No MaxPreps URL mapping,Cochrane (AB),NULL,7,60876
2 No MaxPreps URL mapping,Cold Lake (AB),NULL,7,60895
2 No MaxPreps URL mapping,Columbus Victory Christian Academy (MS),NULL,7,48452
2 No MaxPreps URL mapping,Concord St. Paul's (NH),NULL,7,17432
2 No MaxPreps URL mapping,Delphos St. John's (OH),NULL,7,61394
2 No MaxPreps URL mapping,Drayton Valley Community Outreach (AB),NULL,7,70881
2 No MaxPreps URL mapping,Edmonton Austin O'Brien (AB),NULL,7,61709
2 No MaxPreps URL mapping,Epping-Newmarket (NH),NULL,7,61863
2 No MaxPreps URL mapping,Florence-Carlton (MT),NULL,7,39359
2 No MaxPreps URL mapping,Fredericton (NB),NULL,7,1364
2 No MaxPreps URL mapping,Fredericton Leo Hayes (NB),NULL,7,19135
2 No MaxPreps URL mapping,Gainesville St.Francis Catholic (FL),NULL,7,62391
2 No MaxPreps URL mapping,Gallatin-Tri-County (MO),NULL,7,42009
2 No MaxPreps URL mapping,Gretna Thomas Jefferson (LA),NULL,7,62712
2 No MaxPreps URL mapping,Hamilton St. Thomas More Catholic (ON),NULL,7,49323
2 No MaxPreps URL mapping,Harpursville-Afton (NY),NULL,7,39418
2 No MaxPreps URL mapping,Hartford Prince Tech (CT),NULL,7,62899
2 No MaxPreps URL mapping,Hilltop Whitecourt (AB),NULL,7,63121
2 No MaxPreps URL mapping,Ione-Arlington (OR),NULL,7,63412
2 No MaxPreps URL mapping,Jacksonville Joshua Christian Academy (FL),NULL,7,71750
2 No MaxPreps URL mapping,Johnson-Stanton County (KS),NULL,7,8137
2 No MaxPreps URL mapping,Kingston Wyoming Seminary (PA),NULL,7,63781
2 No MaxPreps URL mapping,La Veta (CO),NULL,7,63885
2 No MaxPreps URL mapping,Lake Crystal (MN),NULL,7,63958
2 No MaxPreps URL mapping,Lyle-Wishram (WA),NULL,7,64628
2 No MaxPreps URL mapping,Madison-Hamilton (KS),NULL,7,35423
2 No MaxPreps URL mapping,McDonough Peoples Baptist Academy (GA),NULL,7,6383
2 No MaxPreps URL mapping,Milner Rock Springs Christian Academy (GA),NULL,7,65263
2 No MaxPreps URL mapping,Miramichi James M. Hill (NB),NULL,7,70184
2 No MaxPreps URL mapping,Moncton Ecole L'Odysse (NB),NULL,7,65376
2 No MaxPreps URL mapping,Moncton Harrison Trimble (NB),NULL,7,21053
2 No MaxPreps URL mapping,Mooresville Pine Lake Prep (NC),NULL,7,65465
2 No MaxPreps URL mapping,New Ulm Minnesota Valley Lutheran (MN),NULL,7,65885
2 No MaxPreps URL mapping,Newark-Marion (NY),NULL,7,44136
2 No MaxPreps URL mapping,Newell-Fonda (IA),NULL,7,65923
2 No MaxPreps URL mapping,Newport West Canada Valley (NY),NULL,7,23621
2 No MaxPreps URL mapping,Northwood-Kensett (IA),NULL,7,23223
2 No MaxPreps URL mapping,Norwich Thames River Academy (CT),NULL,7,66108
2 No MaxPreps URL mapping,Norwood-Young America (MN),NULL,7,66112
2 No MaxPreps URL mapping,Oklee Red Lake County Central (MN),NULL,7,66215
2 No MaxPreps URL mapping,Olds (AB),NULL,7,66233
2 No MaxPreps URL mapping,Orangeburg Christian Academy (SC),NULL,7,71907
2 No MaxPreps URL mapping,Pelham Trinity Christian Homeschool (AL),NULL,7,66620
2 No MaxPreps URL mapping,Peru St. Bede (IL),NULL,7,66682
2 No MaxPreps URL mapping,Philadelphia Kensington (PA),NULL,7,7801
2 No MaxPreps URL mapping,Philadelphia KIPP DuBois Collegiate Academy (PA),NULL,7,869
2 No MaxPreps URL mapping,Phoenix Madison Highland Prep (AZ),NULL,7,66755
2 No MaxPreps URL mapping,Plainfield Tri-County (WI),NULL,7,66868
2 No MaxPreps URL mapping,Portage la Prairie (MB),NULL,7,66983
2 No MaxPreps URL mapping,Princeton Hun School (NJ),NULL,7,17661
2 No MaxPreps URL mapping,Red Deer Lindsay Thurber (AB),NULL,7,67205
2 No MaxPreps URL mapping,Regina Miller (SK),NULL,7,67240
2 No MaxPreps URL mapping,Richlands Liberty Christian Academy (NC),NULL,7,22975
2 No MaxPreps URL mapping,Richmond Central Virginia Disciples HomeSchool (VA),NULL,7,67282
2 No MaxPreps URL mapping,Rochester East-World of Inquiry (NY),NULL,7,39526
2 No MaxPreps URL mapping,Rochester Greece Olympia-Greece Odyssey (NY),NULL,7,4315
2 No MaxPreps URL mapping,Roslyn Heights Roslyn-Friends Academy (NY),NULL,7,47891
2 No MaxPreps URL mapping,Roy-Mosquero (NM),NULL,7,33068
2 No MaxPreps URL mapping,Saint Albert (AB),NULL,7,70806
2 No MaxPreps URL mapping,Saint John Simonds (NB),NULL,7,67640
2 No MaxPreps URL mapping,Saltsburg Kiski Prep (PA),NULL,7,67804
2 No MaxPreps URL mapping,Scottsdale Cicero Prep Academy (AZ),NULL,7,67991
2 No MaxPreps URL mapping,Shellman Southwest Georgia STEM Charter (GA),NULL,7,26377
2 No MaxPreps URL mapping,Slave Lake Roland Michener (AB),NULL,7,71560
2 No MaxPreps URL mapping,Springville-Griffith Institute (NY),NULL,7,68386
2 No MaxPreps URL mapping,St. Petersburg Shorecrest Prep (FL),NULL,7,68416
2 No MaxPreps URL mapping,Sunburst North Toole County (MT),NULL,7,68604
2 No MaxPreps URL mapping,Taylor St. Mary's Catholic (TX),NULL,7,18289
2 No MaxPreps URL mapping,Toppenish Yakama Nation Tribal (WA),NULL,7,68955
2 No MaxPreps URL mapping,Tupper Lake Central (NY),NULL,7,69104
2 No MaxPreps URL mapping,Vermilion J.R. Robson (AB),NULL,7,70616
2 No MaxPreps URL mapping,Walker-Hackensack (MN),NULL,7,71135
2 No MaxPreps URL mapping,Wausau Newman Catholic (WI),NULL,7,69557
2 No MaxPreps URL mapping,Waynesboro Fishburne Military Academy (VA),NULL,7,69580
2 No MaxPreps URL mapping,Westlock (AB),NULL,7,70956
2 No MaxPreps URL mapping,Wheeling Linsly Military Institute (WV),NULL,7,22635
2 No MaxPreps URL mapping,Wilbraham & Monson Academy (MA),NULL,7,26798
2 No MaxPreps URL mapping,Windsor Holy Names (ON),NULL,7,69896
2 No MaxPreps URL mapping,Winnipeg Maples (MB),NULL,7,69909
2 No MaxPreps URL mapping,Winnipeg St. Paul's AA (MB),NULL,7,69919
2 No MaxPreps URL mapping,Winnipeg Vincent Massey Collegiate JV (MB),NULL,7,71446
2 No MaxPreps URL mapping,Athens Mt. Olive Christian (LA),NULL,6,59165
2 No MaxPreps URL mapping,Belgrade-Brooten (MN),NULL,6,72179
2 No MaxPreps URL mapping,Big Timber Sweet Grass County (MT),NULL,6,59683
2 No MaxPreps URL mapping,Breton (AB),NULL,6,26690
2 No MaxPreps URL mapping,Broadalbin-Perth (NY),NULL,6,6914
2 No MaxPreps URL mapping,Cairo-Durham (NY),NULL,6,11220
2 No MaxPreps URL mapping,Calgary Bowness (AB),NULL,6,14284
2 No MaxPreps URL mapping,Calgary Crescent Heights (AB),NULL,6,11117
2 No MaxPreps URL mapping,Calgary Forest Lawn (AB),NULL,6,14496
2 No MaxPreps URL mapping,Calgary North Trail (AB),NULL,6,49418
2 No MaxPreps URL mapping,Calgary Springbank (AB),NULL,6,60144
2 No MaxPreps URL mapping,Calgary St. Mary's (AB),NULL,6,60146
2 No MaxPreps URL mapping,Calgary Western Canada (AB),NULL,6,60147
2 No MaxPreps URL mapping,Calgary William Aberhart (AB),NULL,6,60148
2 No MaxPreps URL mapping,Campbell (SK),NULL,6,60180
2 No MaxPreps URL mapping,Camrose St. Carlo Acutis Catholic (AB),NULL,6,70779
2 No MaxPreps URL mapping,Casa Grande Mission Heights Prep (AZ),NULL,6,19425
2 No MaxPreps URL mapping,Chestermere (AB),NULL,6,70969
2 No MaxPreps URL mapping,Churchill JV (MB),NULL,6,71832
2 No MaxPreps URL mapping,Dieppe Ecole Mathieu-Martin (NB),NULL,6,24642
2 No MaxPreps URL mapping,Dix Hills Half Hollow Hills East (NY),NULL,6,61526
2 No MaxPreps URL mapping,Drummond Flint Creek co-op [Drummond-Granite] (MT),NULL,6,61581
2 No MaxPreps URL mapping,Edison Pataula Charter Academy (GA),NULL,6,20412
2 No MaxPreps URL mapping,Edmonton Archbishop O'Leary (AB),NULL,6,61708
2 No MaxPreps URL mapping,Edmonton Lillian Osborne (AB),NULL,6,71354
2 No MaxPreps URL mapping,Edmonton Millwoods Christian (AB),NULL,6,70830
2 No MaxPreps URL mapping,Edmonton Queen Elizabeth (AB),NULL,6,61719
2 No MaxPreps URL mapping,Edson Holy Redeemer (AB),NULL,6,70211
2 No MaxPreps URL mapping,Farmington-Nute (NH),NULL,6,62034
2 No MaxPreps URL mapping,Fayetteville Berean Baptist Academy (NC),NULL,6,19361
2 No MaxPreps URL mapping,Fort McMurray Composite (AB),NULL,6,62204
2 No MaxPreps URL mapping,Fort Saskatchewan (AB),NULL,6,62222
2 No MaxPreps URL mapping,Fredericton Ecole Sainte-Anne (NB),NULL,6,71841
2 No MaxPreps URL mapping,Galveston O'Connell (TX),NULL,6,31632
2 No MaxPreps URL mapping,Georgetown Great Crossing (KY),NULL,6,10305
2 No MaxPreps URL mapping,Grande Prairie Composite (AB),NULL,6,62613
2 No MaxPreps URL mapping,Grande Prairie Peace Wapiti (AB),NULL,6,62614
2 No MaxPreps URL mapping,Gray-New Gloucester (ME),NULL,6,47695
2 No MaxPreps URL mapping,Hampton (NB),NULL,6,39234
2 No MaxPreps URL mapping,Hanna J.C. Charyk (AB),NULL,6,71312
2 No MaxPreps URL mapping,Harlan Tri-State Crusaders (IN),NULL,6,38040
2 No MaxPreps URL mapping,Harlingen Marine Military Academy (TX),NULL,6,25300
2 No MaxPreps URL mapping,Katonah The Harvey School (NY),NULL,6,63657
2 No MaxPreps URL mapping,Kenyon-Wanamingo (MN),NULL,6,63721
2 No MaxPreps URL mapping,Kildonan East JV (MB),NULL,6,71211
2 No MaxPreps URL mapping,Lafayette First Baptist Christian (LA),NULL,6,63911
2 No MaxPreps URL mapping,Leduc Composite (AB),NULL,6,64207
2 No MaxPreps URL mapping,Lester B. Pearson (AB),NULL,6,72157
2 No MaxPreps URL mapping,Long Prairie (MN),NULL,6,64467
2 No MaxPreps URL mapping,Manassas Northern Virginia HomeSchool (VA),NULL,6,25632
2 No MaxPreps URL mapping,Medicine Lake-Froid (MT),NULL,6,65019
2 No MaxPreps URL mapping,Minneapolis Henry-FAIR Downtown (MN),NULL,6,71759
2 No MaxPreps URL mapping,Moncton Bernice MacNaughton (NB),NULL,6,35913
2 No MaxPreps URL mapping,Morrisville-Eaton (NY),NULL,6,30796
2 No MaxPreps URL mapping,New Canaan St. Luke's (CT),NULL,6,65767
2 No MaxPreps URL mapping,Notre Dame JV (AB),NULL,6,71533
2 No MaxPreps URL mapping,Oromocto (NB),NULL,6,36419
2 No MaxPreps URL mapping,Penfield Finney-Northstar Christian Academy (NY),NULL,6,41877
2 No MaxPreps URL mapping,Pittsfield Maine Central Institute (ME),NULL,6,20911
2 No MaxPreps URL mapping,Plymouth (MI),NULL,6,14753
2 No MaxPreps URL mapping,Quispamsis Kennebecasis Valley (NB),NULL,6,67144
2 No MaxPreps URL mapping,Regina Dr. Martin Leboldus (SK),NULL,6,67237
2 No MaxPreps URL mapping,Regina F.W. Johnson Collegiate (SK),NULL,6,67238
2 No MaxPreps URL mapping,Regina Riffel (SK),NULL,6,67241
2 No MaxPreps URL mapping,Regina Thom (SK),NULL,6,67243
2 No MaxPreps URL mapping,Regina Winston Knoll Collegiate (SK),NULL,6,67244
2 No MaxPreps URL mapping,Rimbey (AB),NULL,6,70644
2 No MaxPreps URL mapping,Sackville Tantramar Regional (NB),NULL,6,67564
2 No MaxPreps URL mapping,Saint Paul (AB),NULL,6,67727
2 No MaxPreps URL mapping,San Juan Bautista Anzar (CA),NULL,6,67859
2 No MaxPreps URL mapping,Saskatoon Bethlehem (SK),NULL,6,67932
2 No MaxPreps URL mapping,Severn Annapolis Area Christian (MD),NULL,6,44795
2 No MaxPreps URL mapping,Sharpsville Tri-Central (IN),NULL,6,68083
2 No MaxPreps URL mapping,Stamford King Low Heywood Thomas (CT),NULL,6,68422
2 No MaxPreps URL mapping,Steinbach JV (MB),NULL,6,71033
2 No MaxPreps URL mapping,SWC (SK),NULL,6,8073
2 No MaxPreps URL mapping,Washington Federick Gunn (CT),NULL,6,69478
2 No MaxPreps URL mapping,Winifred (MT),NULL,6,69899
2 No MaxPreps URL mapping,Winnipeg John Taylor Collegiate JV (MB),NULL,6,71065
2 No MaxPreps URL mapping,Winnipeg River East JV (MB),NULL,6,71878
2 No MaxPreps URL mapping,Winnipeg Sturgeon Heights JV (MB),NULL,6,71395
2 No MaxPreps URL mapping,Winnipeg Windsor Park Collegiate JV (MB),NULL,6,70547
2 No MaxPreps URL mapping,Yuma Harvest Prep Academy (AZ),NULL,6,4333
2 No MaxPreps URL mapping,Bonnyville (AB),NULL,5,20895
2 No MaxPreps URL mapping,Byron Center Grand Valley Christian Patriots (MI),NULL,5,60121
2 No MaxPreps URL mapping,Calgary Dr. E.P. Scarlett (AB),NULL,5,29271
2 No MaxPreps URL mapping,Calgary Nelson Mandela (AB),NULL,5,71495
2 No MaxPreps URL mapping,Calgary Robert Thirsk (AB),NULL,5,42237
2 No MaxPreps URL mapping,Canmore (AB),NULL,5,60204
2 No MaxPreps URL mapping,Carstairs (AB),NULL,5,70150
2 No MaxPreps URL mapping,Chandler Skyline - Gila River (AZ),NULL,5,72000
2 No MaxPreps URL mapping,Chicago Catalyst-Maria (IL),NULL,5,60571
2 No MaxPreps URL mapping,Chicago DRW College Prep (IL),NULL,5,60582
2 No MaxPreps URL mapping,Coaldale Kate Andrews (AB),NULL,5,60870
2 No MaxPreps URL mapping,Cobleskill-Richmondville (NY),NULL,5,6475
2 No MaxPreps URL mapping,Edmonton M. E. LaZerte (AB),NULL,5,61715
2 No MaxPreps URL mapping,Enfield CREC (CT),NULL,5,61848
2 No MaxPreps URL mapping,Frank Maddock (AB),NULL,5,70650
2 No MaxPreps URL mapping,Griswold-Wheeler (CT),NULL,5,62717
2 No MaxPreps URL mapping,Guernsey-Sunrise (WY),NULL,5,62738
2 No MaxPreps URL mapping,Higganum Haddam-Killingworth (CT),NULL,5,5410
2 No MaxPreps URL mapping,Hillsborough Crystal Springs Uplands (CA),NULL,5,11284
2 No MaxPreps URL mapping,Honolulu Pac-Five (HI),NULL,5,63204
2 No MaxPreps URL mapping,Jordan-Elbridge (NY),NULL,5,35741
2 No MaxPreps URL mapping,Kannapolis Cabarrus Stallions (NC),NULL,5,63625
2 No MaxPreps URL mapping,Little Rock Arkansas Baptist (AR),NULL,5,64382
2 No MaxPreps URL mapping,Maysville-Winston (MO),NULL,5,64935
2 No MaxPreps URL mapping,McKinney Cornerstone Christian Academy (TX),NULL,5,64983
2 No MaxPreps URL mapping,Mount Desert Island (ME),NULL,5,33979
2 No MaxPreps URL mapping,Ocala St. John Lutheran (FL),NULL,5,66157
2 No MaxPreps URL mapping,Peace River (AB),NULL,5,66594
2 No MaxPreps URL mapping,Regina Archbishop M.C. O'Neill Catholic (SK),NULL,5,67235
2 No MaxPreps URL mapping,Regina Balfour (SK),NULL,5,67236
2 No MaxPreps URL mapping,San Antonio The Winston (TX),NULL,5,39320
2 No MaxPreps URL mapping,Saskatoon Aden Bowman (SK),NULL,5,67930
2 No MaxPreps URL mapping,Saskatoon Centennial (SK),NULL,5,67933
2 No MaxPreps URL mapping,Sellersburg Rock Creek Academy (IN),NULL,5,68039
2 No MaxPreps URL mapping,Sherburne-Earlville (NY),NULL,5,46114
2 No MaxPreps URL mapping,Viola Kickapoo-La Farge (WI),NULL,5,69310
2 No MaxPreps URL mapping,Wainwright (AB),NULL,5,69361
2 No MaxPreps URL mapping,Wetaskiwin Composite (AB),NULL,5,34972
2 No MaxPreps URL mapping,Albertville Marshall Christian Academy (AL),NULL,4,37418
2 No MaxPreps URL mapping,Bray-Doyle (OK),NULL,4,26670
2 No MaxPreps URL mapping,Fonda-Fultonville (NY),NULL,4,41690
2 No MaxPreps URL mapping,High Prairie (AB),NULL,4,63084
2 No MaxPreps URL mapping,High River Highwood (AB),NULL,4,63085
2 No MaxPreps URL mapping,Ironwood Luther L Wright (MI),NULL,4,63426
2 No MaxPreps URL mapping,Miami Country Day (FL),NULL,4,65155
2 No MaxPreps URL mapping,Milwaukee Barack Obama Career & Tech (WI),NULL,4,65272
2 No MaxPreps URL mapping,O'Fallon Christian School District (MO),NULL,4,70210
2 No MaxPreps URL mapping,Phoenix Southwest Leadership Academy (AZ),NULL,4,66773
2 No MaxPreps URL mapping,Saskatoon Bishop James Mahoney (SK),NULL,4,44662
2 No MaxPreps URL mapping,Saskatoon Evan Hardy Collegiate Institute (SK),NULL,4,70834
2 No MaxPreps URL mapping,Saskatoon Tommy Douglas (SK),NULL,4,67936
2 No MaxPreps URL mapping,Saskatoon Walter Murray (SK),NULL,4,67937
2 No MaxPreps URL mapping,Sexsmith (AB),NULL,4,68061
2 No MaxPreps URL mapping,St. Joseph (SK),NULL,4,68401
2 No MaxPreps URL mapping,Vegreville Composite (AB),NULL,4,69255
2 No MaxPreps URL mapping,Baton Rouge Louisiana State University High (LA),NULL,3,70988
2 No MaxPreps URL mapping,Jemison Chilton Christian Academy (AL),NULL,3,63522
2 No MaxPreps URL mapping,Lafayette Louisiana Kings (LA),NULL,3,71556
2 No MaxPreps URL mapping,Marion Graham (SK),NULL,3,64840
2 No MaxPreps URL mapping,North Vancouver Handsworth (BC),NULL,3,66076
2 No MaxPreps URL mapping,Plymouth Salem (MI),NULL,3,66912
2 No MaxPreps URL mapping,Rochester Bishop Kearney-Rochester Academy (NY),NULL,3,71593
2 No MaxPreps URL mapping,Rock Mid-Peninsula (MI),NULL,3,2201
2 No MaxPreps URL mapping,Saskatoon Mount Royal Collegiate (SK),NULL,3,72141
2 No MaxPreps URL mapping,Wyoming Tri-Unity Christian (MI),NULL,3,70029
2 No MaxPreps URL mapping,Alden-Conger-Emmons (MN),NULL,2,70899
2 No MaxPreps URL mapping,Centreville Cahawba Christian Academy (AL),NULL,2,60392
2 No MaxPreps URL mapping,Dearborn Advanced Tech Academy (MI),NULL,2,61326
2 No MaxPreps URL mapping,Mission Ecole Mission (BC),NULL,2,65337
2 No MaxPreps URL mapping,North Vancouver Argyle (BC),NULL,2,66074
2 No MaxPreps URL mapping,Oakdale St.Thomas More (CT),NULL,2,66131
2 No MaxPreps URL mapping,Saskatoon Bedford Road (SK),NULL,2,67931
2 No MaxPreps URL mapping,Staten Island Notre Dame Academy (NY),NULL,2,26464
2 No MaxPreps URL mapping,Surrey Holy Cross (BC),NULL,2,68629
2 No MaxPreps URL mapping,Vernon (BC),NULL,2,69266
2 No MaxPreps URL mapping,Victoria Mt. Douglas (BC),NULL,2,69292
2 No MaxPreps URL mapping,Watkins Glen (NY),NULL,2,46033
2 No MaxPreps URL mapping," Regina F.W. Johnson Collegiate (SK)",NULL,1,70620
2 No MaxPreps URL mapping,Ancaster Bishop Tonnos (ON),NULL,1,58958
2 No MaxPreps URL mapping,Bedford Heights St. Peter Chanel (OH),NULL,1,59504
2 No MaxPreps URL mapping,Blue Island Eisenhower (IL),NULL,1,59774
2 No MaxPreps URL mapping,Cedar Grove-Belgium (WI),NULL,1,60335
2 No MaxPreps URL mapping,Chatham Ursuline College The Pines (ON),NULL,1,60469
2 No MaxPreps URL mapping,Chicago Mt. Carmel (IL),NULL,1,60625
2 No MaxPreps URL mapping,Courtice Holy Trinity Catholic (ON),NULL,1,61129
2 No MaxPreps URL mapping,Dowagiac Union (MI),NULL,1,61556
2 No MaxPreps URL mapping,Erie-Prophetstown Coop (IL),NULL,1,61878
2 No MaxPreps URL mapping,Essex (ON),NULL,1,61892
2 No MaxPreps URL mapping,Estevan (SK),NULL,1,61903
2 No MaxPreps URL mapping,Fremont Ross (OH),NULL,1,62345
2 No MaxPreps URL mapping,Hale (MI),NULL,1,62764
2 No MaxPreps URL mapping,Hamilton Bishop Ryan (ON),NULL,1,49319
2 No MaxPreps URL mapping,Hamilton Cathedral (ON),NULL,1,62786
2 No MaxPreps URL mapping,Hamilton St Jean de Brebeuf (CN),NULL,1,26095
2 No MaxPreps URL mapping,Hamilton St. Mary Catholic (CN),NULL,1,37340
2 No MaxPreps URL mapping,Hermitage Kennedy Catholic (PA),NULL,1,63051
2 No MaxPreps URL mapping,Indianapolis Calumet Heritage Christian (IN),NULL,1,63369
2 No MaxPreps URL mapping,Jacksonville Hollis Christian Academy (FL),NULL,1,71586
2 No MaxPreps URL mapping,Kamloops Westsyde (BC),NULL,1,63615
2 No MaxPreps URL mapping,LaSalle St. Thomas of Villanova (ON),NULL,1,64124
2 No MaxPreps URL mapping,Leesburg Loudoun Sports Academy (VA),NULL,1,58509
2 No MaxPreps URL mapping,Lockport Township (IL),NULL,1,64422
2 No MaxPreps URL mapping,Louisiana School for the Deaf (LA),NULL,1,64534
2 No MaxPreps URL mapping,Moose Jaw Central (SK),NULL,1,65469
2 No MaxPreps URL mapping,Oshawa Monsignor Paul Dwyer (ON),NULL,1,66368
2 No MaxPreps URL mapping,Parksville Ballenas (BC),NULL,1,66534
2 No MaxPreps URL mapping,Prentice (WI),NULL,1,32438
2 No MaxPreps URL mapping,Prince Albert Carlton (SK),NULL,1,67070
2 No MaxPreps URL mapping,"Prince George (BC) ",NULL,1,67072
2 No MaxPreps URL mapping,Saint Clair Shores Lakeview (MI),NULL,1,15419
2 No MaxPreps URL mapping,Saint Stephens (WY),NULL,1,67755
2 No MaxPreps URL mapping,Sells Tohono O'Odham (AZ),NULL,1,68042
2 No MaxPreps URL mapping,South Kamloops (BC),NULL,1,68266
2 No MaxPreps URL mapping,Spencer (WI),NULL,1,68314
2 No MaxPreps URL mapping,Sullivan-Okaw Valley Coop (IL),NULL,1,68583
2 No MaxPreps URL mapping,Surrey Sullivan Heights (BC),NULL,1,49409
2 No MaxPreps URL mapping,Tecumseh St. Annes (ON),NULL,1,49380
2 No MaxPreps URL mapping,Toronto Michael Powers St. Joseph (ON),NULL,1,49387
2 No MaxPreps URL mapping,Waldorf Hewlett Sports Academy (MD),NULL,1,58512
2 No MaxPreps URL mapping,Westmoreland-Oriskany (NY),NULL,1,69702
2 No MaxPreps URL mapping,Weyburn (SK),NULL,1,69710
2 No MaxPreps URL mapping,Windsor Sandwich (ON),NULL,1,49401
2 No MaxPreps URL mapping,Windsor W. F. Herman (ON),NULL,1,49304
2 No MaxPreps URL mapping,Wisconsin Rapids Assumption (WI),NULL,1,69952
2 No MaxPreps URL mapping,Woodstock Marian Catholic Central (IL),NULL,1,48600
5 Page had no 2026 games,Wyoming Lee (MI),Wyoming Lee (MI),15,15856
5 Page had no 2026 games,Sarasota Booker (FL),Sarasota Booker (FL),14,67919
5 Page had no 2026 games,Edmond Oklahoma Christian Academy (OK),Edmond Oklahoma Christian Academy (OK),13,16309
5 Page had no 2026 games,Imani Christian Academy (PA),Imani Christian Academy (PA),13,30414
5 Page had no 2026 games,Walnut Grove Leake County (MS),Walnut Grove Leake County (MS),13,21260
5 Page had no 2026 games,Carthage Leake Central (MS),Carthage Leake Central (MS),12,31503
5 Page had no 2026 games,Conway Northampton County (NC),Conway Northampton County (NC),12,34659
5 Page had no 2026 games,Hathorne Essex Tech (MA),Hathorne Essex Tech (MA),12,7660
5 Page had no 2026 games,Hopkinsville (KY),Hopkinsville (KY),12,63224
5 Page had no 2026 games,Plainview (NE),Plainview (NE),12,66870
5 Page had no 2026 games,Anton Arickaree (CO),Anton Arickaree (CO),11,59011
5 Page had no 2026 games,Booneville Thrasher (MS),Booneville Thrasher (MS),11,1637
5 Page had no 2026 games,Brighton Kennedy (MA),Brighton Kennedy (MA),11,9040
5 Page had no 2026 games,Elida (NM),Elida (NM),11,6022
5 Page had no 2026 games,Flint Beecher (MI),Flint Beecher (MI),11,62115
5 Page had no 2026 games,Fremont Irvington (CA),Fremont Irvington (CA),11,33650
5 Page had no 2026 games,Jamestown Southwestern (NY),Jamestown Southwestern (NY),11,43523
5 Page had no 2026 games,Lake Charles Hamilton Christian (LA),Lake Charles Hamilton Christian (LA),11,63945
5 Page had no 2026 games,Liberal (MO),Liberal (MO),11,64309
5 Page had no 2026 games,Lincoln (MT),Lincoln (MT),11,64335
5 Page had no 2026 games,Linton Hazelton (ND),Linton Hazelton (ND),11,16360
5 Page had no 2026 games,Lockwood (MO),Lockwood (MO),11,64423
5 Page had no 2026 games,Oregon Cardinal Stritch (OH),Oregon Cardinal Stritch (OH),11,66319
5 Page had no 2026 games,Palmer (MA),Palmer (MA),11,3260
5 Page had no 2026 games,San Diego Rock Academy (CA),San Diego Rock Academy (CA),11,17252
5 Page had no 2026 games,Texhoma-Goodwell (OK),Texhoma-Goodwell (OK),11,25900
5 Page had no 2026 games,Baton Rouge Helix Mentorship Academy (LA),Baton Rouge Helix Mentorship Academy (LA),10,1157
5 Page had no 2026 games,Bear Caravel (DE),Bear Caravel (DE),10,58706
5 Page had no 2026 games,Cambria Friesland (WI),Cambria Friesland (WI),10,38338
5 Page had no 2026 games,Dedham (MA),Dedham (MA),10,17612
5 Page had no 2026 games,Deerfield Beach Somerset Academy (FL),Deerfield Beach Somerset Academy (FL),10,61367
5 Page had no 2026 games,Elfrida Valley Union (AZ),Elfrida Valley Union (AZ),10,16319
5 Page had no 2026 games,Florence Siuslaw (OR),Florence Siuslaw (OR),10,25224
5 Page had no 2026 games,Glendale Prep Academy (AZ),Glendale Prep Academy (AZ),10,26666
5 Page had no 2026 games,Grundy (VA),Grundy (VA),10,14338
5 Page had no 2026 games,High Point Central (NC),High Point Central (NC),10,7417
5 Page had no 2026 games,Hillsboro Hill County (TX),Hillsboro Hill County (TX),10,40713
5 Page had no 2026 games,Homestead Somerset Academy (FL),Homestead Somerset Academy (FL),10,47984
5 Page had no 2026 games,Hurley (VA),Hurley (VA),10,44177
5 Page had no 2026 games,Indianapolis Purdue Poly (IN),Indianapolis Purdue Poly (IN),10,63388
5 Page had no 2026 games,Jackson Township Jackson Memorial (NJ),Jackson Township Jackson Memorial (NJ),10,31166
5 Page had no 2026 games,Knob Noster (MO),Knob Noster (MO),10,63822
5 Page had no 2026 games,Lenoir West Caldwell (NC),Lenoir West Caldwell (NC),10,12478
5 Page had no 2026 games,Little Rock Hall (AR),Little Rock Hall (AR),10,64388
5 Page had no 2026 games,Littleton (MA),Littleton (MA),10,35472
5 Page had no 2026 games,Logan (KS),Logan (KS),10,64431
5 Page had no 2026 games,Macon Covenant Academy (GA),Macon Covenant Academy (GA),10,35385
5 Page had no 2026 games,Palouse Garfield Palouse (WA),Palouse Garfield Palouse (WA),10,6770
5 Page had no 2026 games,Pattonsburg (MO),Pattonsburg (MO),10,29183
5 Page had no 2026 games,Princeton (MO),Princeton (MO),10,33082
5 Page had no 2026 games,Richland Center Ithaca (WI),Richland Center Ithaca (WI),10,34811
5 Page had no 2026 games,Saint Anne St. Anne (IL),Saint Anne St. Anne (IL),10,785
5 Page had no 2026 games,Seven Springs Spring Creek (NC),Seven Springs Spring Creek (NC),10,39473
5 Page had no 2026 games,Stewartsville (MO),Stewartsville (MO),10,68491
5 Page had no 2026 games,Sumiton Christian (AL),Sumiton Christian (AL),10,18508
5 Page had no 2026 games,Tonopah Valley (AZ),Tonopah Valley (AZ),10,68941
5 Page had no 2026 games,Wausa (NE),Wausa (NE),10,69554
5 Page had no 2026 games,Weleetka Graham (OK),Weleetka Graham (OK),10,4711
5 Page had no 2026 games,Williston-Elko (SC),Williston-Elko (SC),10,5398
5 Page had no 2026 games,Worcester St. Paul (MA),Worcester St. Paul (MA),10,69997
5 Page had no 2026 games,Youngstown East (OH),Youngstown East (OH),10,70072
5 Page had no 2026 games,Arvada (CO),Arvada (CO),9,59094
5 Page had no 2026 games,Beaverton Valley Catholic (OR),Beaverton Valley Catholic (OR),9,59497
5 Page had no 2026 games,Bessemer Gogebic Johnston (MI),Bessemer Gogebic Johnston (MI),9,30781
5 Page had no 2026 games,Cambridge (NY),Cambridge (NY),9,20779
5 Page had no 2026 games,Carrollton (MI),Carrollton (MI),9,60279
5 Page had no 2026 games,Cleveland Collinwood (OH),Cleveland Collinwood (OH),9,60822
5 Page had no 2026 games,Hampton (NE),Hampton (NE),9,62816
5 Page had no 2026 games,Hayfield (MN),Hayfield (MN),9,62957
5 Page had no 2026 games,Hooper Logan View (NE),Hooper Logan View (NE),9,63214
5 Page had no 2026 games,Indianapolis Christel House (IN),Indianapolis Christel House (IN),9,63372
5 Page had no 2026 games,Metairie Crescent City Christian (LA),Metairie Crescent City Christian (LA),9,65126
5 Page had no 2026 games,Minonk Fieldcrest (IL),Minonk Fieldcrest (IL),9,17883
5 Page had no 2026 games,Monte Vista Sargent (CO),Monte Vista Sargent (CO),9,65423
5 Page had no 2026 games,Morton White (WA),Morton White (WA),9,43246
5 Page had no 2026 games,Oberlin The (OH),Oberlin The (OH),9,25492
5 Page had no 2026 games,Paoli (OK),Paoli (OK),9,66501
5 Page had no 2026 games,Parker (SD),Parker (SD),9,11944
5 Page had no 2026 games,Pendleton Nixyaawii (OR),Pendleton Nixyaawii (OR),9,1902
5 Page had no 2026 games,Pilgrims Knob Twin Valley (VA),Pilgrims Knob Twin Valley (VA),9,20052
5 Page had no 2026 games,Pilot Rock-Nixyaawii Community (OR),Pilot Rock-Nixyaawii Community (OR),9,29836
5 Page had no 2026 games,Rancho Santa Fe Horizon Prep (CA),Rancho Santa Fe Horizon Prep (CA),9,45860
5 Page had no 2026 games,Rich Hill (MO),Rich Hill (MO),9,44825
5 Page had no 2026 games,Saint Joseph Lafayette (MO),Saint Joseph Lafayette (MO),9,67654
5 Page had no 2026 games,Swink (CO),Swink (CO),9,68664
5 Page had no 2026 games,Syracuse Bishop Ludden (NY),Syracuse Bishop Ludden (NY),9,68685
5 Page had no 2026 games,Villa Grove-Heritage (IL),Villa Grove-Heritage (IL),9,69301
5 Page had no 2026 games,Watseka Coop (IL),Watseka Coop (IL),9,69531
5 Page had no 2026 games,West Hempstead (NY),West Hempstead (NY),9,1675
5 Page had no 2026 games,Westminster Belleview Christian (CO),Westminster Belleview Christian (CO),9,35953
5 Page had no 2026 games,Wyncote Cheltenham (PA),Wyncote Cheltenham (PA),9,70018
5 Page had no 2026 games,Yonkers Force (NY),Yonkers Force (NY),9,70046
5 Page had no 2026 games,Youngstown Chaney (OH),Youngstown Chaney (OH),9,70070
5 Page had no 2026 games,Alberton (MT),Alberton (MT),8,45131
5 Page had no 2026 games,Alsea (OR),Alsea (OR),8,58907
5 Page had no 2026 games,Athens (MI),Athens (MI),8,59160
5 Page had no 2026 games,Bloomfield Davis County (IA),Bloomfield Davis County (IA),8,28945
5 Page had no 2026 games,Bloomingdale (MI),Bloomingdale (MI),8,59757
5 Page had no 2026 games,Carrizozo (NM),Carrizozo (NM),8,8371
5 Page had no 2026 games,Chicago Collins Academy (IL),Chicago Collins Academy (IL),8,60575
5 Page had no 2026 games,Chicago Uplift (IL),Chicago Uplift (IL),8,60654
5 Page had no 2026 games,Colome (SD),Colome (SD),8,60920
5 Page had no 2026 games,Detroit Collegiate Prep (MI),Detroit Collegiate Prep (MI),8,61449
5 Page had no 2026 games,Elk Horn Exira Ehk (IA),Elk Horn Exira Ehk (IA),8,2276
5 Page had no 2026 games,Escondido Calvin Christian (CA),Escondido Calvin Christian (CA),8,42776
5 Page had no 2026 games,Faith (SD),Faith (SD),8,62003
5 Page had no 2026 games,Fargo Shanley Oak (ND),Fargo Shanley Oak (ND),8,3243
5 Page had no 2026 games,Hedley (TX),Hedley (TX),8,62998
5 Page had no 2026 games,Henderson Heartland (NE),Henderson Heartland (NE),8,63022
5 Page had no 2026 games,Hialeah Abf Academy (FL),Hialeah Abf Academy (FL),8,30184
5 Page had no 2026 games,Irrigon (OR),Irrigon (OR),8,63427
5 Page had no 2026 games,Jamaica Plain Roxbury Prep (MA),Jamaica Plain Roxbury Prep (MA),8,12164
5 Page had no 2026 games,Leon Central Decatur (IA),Leon Central Decatur (IA),8,64257
5 Page had no 2026 games,Lockland (OH),Lockland (OH),8,40047
5 Page had no 2026 games,Medina (NY),Medina (NY),8,34714
5 Page had no 2026 games,Omaha Christian Academy (NE),Omaha Christian Academy (NE),8,32484
5 Page had no 2026 games,Pittsfield (MA),Pittsfield (MA),8,27850
5 Page had no 2026 games,Poultney (VT),Poultney (VT),8,16576
5 Page had no 2026 games,San Jacinto Noli Indian (CA),San Jacinto Noli Indian (CA),8,37210
5 Page had no 2026 games,Webberville (MI),Webberville (MI),8,69583
5 Page had no 2026 games,West Burlington (IA),West Burlington (IA),8,19476
5 Page had no 2026 games,Winter Haven Oasis Christian (FL),Winter Haven Oasis Christian (FL),8,21412
5 Page had no 2026 games,Yonkers (NY),Yonkers (NY),8,70045
5 Page had no 2026 games,Baltimore Connexions Leadership Academy (MD),Baltimore Connexions Leadership Academy (MD),7,13569
5 Page had no 2026 games,Chicago Harlan (IL),Chicago Harlan (IL),7,60596
5 Page had no 2026 games,Clayton (WI),Clayton (WI),7,4586
5 Page had no 2026 games,Cotopaxi (CO),Cotopaxi (CO),7,61107
5 Page had no 2026 games,Great Falls Central Catholic (MT),Great Falls Central Catholic (MT),7,13856
5 Page had no 2026 games,Hot Springs (MT),Hot Springs (MT),7,63235
5 Page had no 2026 games,Indianapolis Irvington Preparatory Academy (IN),Indianapolis Irvington Preparatory Academy (IN),7,10556
5 Page had no 2026 games,New London (IA),New London (IA),7,65813
5 Page had no 2026 games,Red Lodge (MT),Red Lodge (MT),7,67209
5 Page had no 2026 games,Rolla (KS),Rolla (KS),7,67444
5 Page had no 2026 games,Saint Louis Confluence Prep Academy (MO),Saint Louis Confluence Prep Academy (MO),7,67676
5 Page had no 2026 games,Seaside Jewell (OR),Seaside Jewell (OR),7,41897
5 Page had no 2026 games,Three Lakes (WI),Three Lakes (WI),7,68867
5 Page had no 2026 games,Bieber Big Valley (CA),Bieber Big Valley (CA),6,59673
5 Page had no 2026 games,Chicago Golder (IL),Chicago Golder (IL),6,19570
5 Page had no 2026 games,Fairburn St. Marys (GA),Fairburn St. Marys (GA),6,16663
5 Page had no 2026 games,Garden Grove Mormon Trail (IA),Garden Grove Mormon Trail (IA),6,33204
5 Page had no 2026 games,Hancock (MD),Hancock (MD),6,40277
5 Page had no 2026 games,Hebron Academy (ME),Hebron Academy (ME),6,62991
5 Page had no 2026 games,Houston Texas Christian (TX),Houston Texas Christian (TX),6,35257
5 Page had no 2026 games,Huntington (OR),Huntington (OR),6,19220
5 Page had no 2026 games,Kennedale Fellowship Academy (TX),Kennedale Fellowship Academy (TX),6,6141
5 Page had no 2026 games,Litchfield Forman (CT),Litchfield Forman (CT),6,5016
5 Page had no 2026 games,Meriden Wilcox RVT (CT),Meriden Wilcox RVT (CT),6,35877
5 Page had no 2026 games,Norfolk Christian (VA),Norfolk Christian (VA),6,65993
5 Page had no 2026 games,Pateros (WA),Pateros (WA),6,66563
5 Page had no 2026 games,Prairie Farm (WI),Prairie Farm (WI),6,67056
5 Page had no 2026 games,Sherman Texoma Christian (TX),Sherman Texoma Christian (TX),6,7418
5 Page had no 2026 games,Tilton Winnisquam (NH),Tilton Winnisquam (NH),6,68885
5 Page had no 2026 games,Weippe Timberline (ID),Weippe Timberline (ID),6,45180
5 Page had no 2026 games,Bruneau Rimrock (ID),Bruneau Rimrock (ID),5,60005
5 Page had no 2026 games,Cleveland Lincoln West (OH),Cleveland Lincoln West (OH),5,60834
5 Page had no 2026 games,Colorado City El Capitan (AZ),Colorado City El Capitan (AZ),5,33473
5 Page had no 2026 games,Elgin Westminster Christian (IL),Elgin Westminster Christian (IL),5,37160
5 Page had no 2026 games,Franklin (NH),Franklin (NH),5,62288
5 Page had no 2026 games,Houston KIPP Academy (TX),Houston KIPP Academy (TX),5,26434
5 Page had no 2026 games,Kenosha Christian (WI),Kenosha Christian (WI),5,40062
5 Page had no 2026 games,Minneapolis Edison (MN),Minneapolis Edison (MN),5,65312
5 Page had no 2026 games,North Augusta Victory Christian (SC),North Augusta Victory Christian (SC),5,47013
5 Page had no 2026 games,Saint Louis Bayless (MO),Saint Louis Bayless (MO),5,67663
5 Page had no 2026 games,Westland Hialeah (FL),Westland Hialeah (FL),5,4184
5 Page had no 2026 games,Mutual Sharon-Mutual-Taloga (OK),Mutual Sharon-Mutual-Taloga (OK),4,30620
5 Page had no 2026 games,Myrtle Beach Christian Academy (SC),Myrtle Beach Christian Academy (SC),4,7970
5 Page had no 2026 games,Caledonia Mumford (NY),Caledonia Mumford (NY),3,47231
5 Page had no 2026 games,Clinton Morgan (CT),Clinton Morgan (CT),3,60858
5 Page had no 2026 games,Griswold (CT),Griswold (CT),3,62716
5 Page had no 2026 games,Horseshoe Bend (ID),Horseshoe Bend (ID),3,63230
5 Page had no 2026 games,Kansas City University Academy Charter (MO),Kansas City University Academy Charter (MO),3,13832
5 Page had no 2026 games,New Orleans King Charter (LA),New Orleans King Charter (LA),3,36611
5 Page had no 2026 games,Ovid South Seneca (NY),Ovid South Seneca (NY),3,280
5 Page had no 2026 games,Porum (OK),Porum (OK),3,67022
5 Page had no 2026 games,East Syracuse Bishop Grimes (NY),East Syracuse Bishop Grimes (NY),2,30679
5 Page had no 2026 games,Harlem-Turner (MT),Harlem-Turner (MT),2,62856
5 Page had no 2026 games,Jackson Mississippi School (MS),Jackson Mississippi School (MS),2,12566
5 Page had no 2026 games,Livingston Newark Academy (NJ),Livingston Newark Academy (NJ),2,64409
5 Page had no 2026 games,Makawao Seabury Hall (HI),Makawao Seabury Hall (HI),2,45832
5 Page had no 2026 games,Newark (NY),Newark (NY),2,35196
5 Page had no 2026 games,Pickens Carolina Wildcats (SC),Pickens Carolina Wildcats (SC),2,43314
5 Page had no 2026 games,Rochester East (NY),Rochester East (NY),2,67368
5 Page had no 2026 games,Rochester Greece Olympia (NY),Rochester Greece Olympia (NY),2,10681
5 Page had no 2026 games,Rocklin Western Sierra (CA),Rocklin Western Sierra (CA),2,12910
5 Page had no 2026 games,Sioux City Siouxland Christian (IA),Sioux City Siouxland Christian (IA),2,23224
5 Page had no 2026 games,Bartlesville Wesleyan Christian (OK),Bartlesville Wesleyan Christian (OK),1,38789
5 Page had no 2026 games,Chicago Clark Prep (IL),Chicago Clark Prep (IL),1,60573
5 Page had no 2026 games,Chicago DuSable (IL),Chicago DuSable (IL),1,60584
5 Page had no 2026 games,Corinth (NY),Corinth (NY),1,26529
5 Page had no 2026 games,Deltona Trinity Christian Academy (FL),Deltona Trinity Christian Academy (FL),1,61404
5 Page had no 2026 games,Fairfield (PA),Fairfield (PA),1,61990
5 Page had no 2026 games,Gainesville Letchworth (NY),Gainesville Letchworth (NY),1,62386
5 Page had no 2026 games,Jackson Hillcrest Christian (MS),Jackson Hillcrest Christian (MS),1,8233
5 Page had no 2026 games,Katy Faith West Academy (TX),Katy Faith West Academy (TX),1,37763
5 Page had no 2026 games,Phoenix Day (AZ),Phoenix Day (AZ),1,43930
5 Page had no 2026 games,Pine Plains (NY),Pine Plains (NY),1,1279
5 Page had no 2026 games,Retsof York (NY),Retsof York (NY),1,67261
5 Page had no 2026 games,Richmond Armstrong (VA),Richmond Armstrong (VA),1,67279
5 Page had no 2026 games,Rushville Whitman (NY),Rushville Whitman (NY),1,18966
5 Page had no 2026 games,Saint Louis Bishop DuBourg (MO),Saint Louis Bishop DuBourg (MO),1,67665
5 Page had no 2026 games,Stockton (MO),Stockton (MO),1,68506
5 Page had no 2026 games,Texarkana Trinity Christian (AR),Texarkana Trinity Christian (AR),1,8008
5 Page had no 2026 games,Wellsville (NY),Wellsville (NY),1,32271
5 Page had no 2026 games,Yoncalla (OR),Yoncalla (OR),1,11090
"6 Scraped games, none reached HS_Scores",Arkoma (OK),Arkoma (OK),11,738
"6 Scraped games, none reached HS_Scores",Hicksville Long Holy Trinity (NY),Hicksville Long Holy Trinity (NY),11,63080
"6 Scraped games, none reached HS_Scores",Ipswich (MA),Ipswich (MA),11,11228
"6 Scraped games, none reached HS_Scores",Tacoma Life Christian (WA),Tacoma Life Christian (WA),11,35658
"6 Scraped games, none reached HS_Scores",Ticonderoga (NY),Ticonderoga (NY),10,40652
"6 Scraped games, none reached HS_Scores",Turlock Christian (CA),Turlock Christian (CA),10,34203
"6 Scraped games, none reached HS_Scores",Wilson (TX),Wilson (TX),10,14969
"6 Scraped games, none reached HS_Scores",Kingman Academy (AZ),Kingman Academy (AZ),9,63766
"6 Scraped games, none reached HS_Scores",Lafayette Comeaux (LA),Lafayette Comeaux (LA),9,63910
"6 Scraped games, none reached HS_Scores",New Orleans Frederick A (LA),New Orleans Frederick A (LA),9,31938
"6 Scraped games, none reached HS_Scores",Palm Springs Desert Chapel (CA),Palm Springs Desert Chapel (CA),9,15498
"6 Scraped games, none reached HS_Scores",Priddy (TX),Priddy (TX),9,4870
"6 Scraped games, none reached HS_Scores",Carlton (MN),Carlton (MN),8,60253
"6 Scraped games, none reached HS_Scores",Kaycee (WY),Kaycee (WY),8,63659
"6 Scraped games, none reached HS_Scores",Meeteetse (WY),Meeteetse (WY),8,65025
"6 Scraped games, none reached HS_Scores",Pheba Hebron Christian (MS),Pheba Hebron Christian (MS),8,30498
"6 Scraped games, none reached HS_Scores",Brooklyn Canarsie (NY),Brooklyn Canarsie (NY),7,6699
"6 Scraped games, none reached HS_Scores",Many Farms (AZ),Many Farms (AZ),7,64790
"6 Scraped games, none reached HS_Scores",Stanfield (OR),Stanfield (OR),7,68428
"6 Scraped games, none reached HS_Scores",Newberg Lewis Academy (OR),Newberg Lewis Academy (OR),6,37913
"6 Scraped games, none reached HS_Scores",Plymouth Holderness (NH),Plymouth Holderness (NH),6,66909
"6 Scraped games, none reached HS_Scores",Mathews (VA),Mathews (VA),5,14019
"6 Scraped games, none reached HS_Scores",Wichita Falls Christian Academy (TX),Wichita Falls Christian Academy (TX),5,69769
"6 Scraped games, none reached HS_Scores",Wichita Falls Wichita Christian (TX),Wichita Falls Wichita Christian (TX),5,49618
"6 Scraped games, none reached HS_Scores",Bradenton IMG Academy White (FL),Bradenton IMG Academy White (FL),1,11403
"6 Scraped games, none reached HS_Scores",Port Wing South Shore (WI),Port Wing South Shore (WI),1,24036
