InvestigationID,AnchorTeam,Season,Recommendation,Heuristic,Reasoning,KeepID,DeleteID,Row1_ID,Row1_Date,Row1_Candidate,Row1_Side,Row1_Source,Row2_ID,Row2_Date,Row2_Candidate,Row2_Side,Row2_Source,Row1_Home,Row1_Visitor,Row2_Home,Row2_Visitor
24,Bartlesville (OK),2015,MANUAL_REVIEW,NONE,No heuristic resolved 'Midwest City (OK)' vs 'Bixby (OK)',,,D1D50CAE-2879-4B9F-BDD6-D407AA8F3623,2015-11-20,Midwest City (OK),Visitor,www.maxpreps.com,41F86C81-6807-44DD-9E9E-EE8326F1C4F9,2015-11-21,Bixby (OK),Visitor,www.maxpreps.com,,,,
26,Seiling (OK),1954,ALREADY_RESOLVED,missing_row,One or both HS_Scores rows no longer exist (already cleaned up) - just needs `close --status Fixed`,,,,,,,,,,,,,,,,
29,Fox (OK),2024,MANUAL_REVIEW,STATE_MISMATCH,"'Cedar Hill Newman International Academy (TX)' (TX) vs 'Weleetka Graham (OK)' (OK) -- different states, needs manual verification (known recurring confusion pattern in this dataset)",,,4CA9CB1B-DF51-433D-B1AF-8D825DC8B043,2024-10-11,Cedar Hill Newman International Academy (TX),Visitor,https://www.maxpreps.com/ok/fox/fox-foxes/football/schedule/,2FA9C081-9119-460E-B666-B8BC9A18406F,2024-10-11,Weleetka Graham (OK),Visitor,https://www.maxpreps.com/ok/fox/fox-foxes/football/schedule/,,,,
30,Copan (OK),2003,MANUAL_REVIEW,SUBSTRING_BUT_RISKY_QUALIFIER,'Oaks-Mission (OK)' / 'Oaks (OK)' -- extra word(s) ['mission'] have historically named a DIFFERENT real school in this dataset - needs manual verification,,,06B8B824-5DD8-4533-8BE8-03C8F4682CB6,2003-10-10,Oaks-Mission (OK),Visitor,http://www.iwasatthegame.com/,3CCFB835-507D-493F-9253-33E7C0E199F1,2003-10-11,Oaks (OK),Home,The Daily Oklahoman,,,,
31,Checotah (OK),1941,MANUAL_REVIEW,cluster_size=6,Investigation does not have exactly 2 linked games,,,,,,,,,,,,,,,,
32,Oklahoma City Justice Wilson SeeWorth Academy (OK),2017,MANUAL_REVIEW,SUBSTRING_BUT_RISKY_QUALIFIER,'Oklahoma City Northeast Academy (OK)' / 'Oklahoma City Northeast (OK)' -- extra word(s) ['academy'] have historically named a DIFFERENT real school in this dataset - needs manual verification,,,66D4658E-2D99-491C-949A-BBFBDD6DF2A9,2017-09-07,Oklahoma City Northeast Academy (OK),Home,www.maxpreps.com,B32F947F-523F-4E78-A8AA-EB7CA860026D,2017-09-07,Oklahoma City Northeast (OK),Visitor,www.maxpreps.com,,,,
33,Glenpool (OK),2016,MANUAL_REVIEW,NONE,No heuristic resolved 'Tahlequah (OK)' vs 'Oologah (OK)',,,F1E04EF9-2A38-45FD-9CA3-54260277DB80,2016-09-09,Tahlequah (OK),Visitor,www.maxpreps.com,0C6F9452-F9F8-43E1-9EE3-A502A1BE1893,2016-09-09,Oologah (OK),Home,www.maxpreps.com,,,,
36,Dewey (OK),1932,AUTO,H1_IDENTICAL_AFTER_NORMALIZE,'Sand Springs Charles Page (OK)' and 'Sand Springs Charles Page (OK)' are the same name after normalization (same state),84419CB9-A7F2-4F18-A1AD-14A647B8944D,D866A6ED-AD20-4CD3-A7E0-45A57891ED25,84419CB9-A7F2-4F18-A1AD-14A647B8944D,1932-11-12,Sand Springs Charles Page (OK),Home,Times_Record_1932_11_12_8.csv,D866A6ED-AD20-4CD3-A7E0-45A57891ED25,1932-11-12,Sand Springs Charles Page (OK),Home,Tulsa_World_1932_11_12_16.csv,,,,
39,Guthrie (OK),1931,MANUAL_REVIEW,STATE_MISMATCH,"'Joiner Shawnee (AR)' (AR) vs 'Shawnee (OK)' (OK) -- different states, needs manual verification (known recurring confusion pattern in this dataset)",,,D76914F4-6933-470B-9892-120E9CA04466,1931-11-07,Joiner Shawnee (AR),Visitor,Times_Record_1931_11_07_3 (1).csv,330917D0-0D32-4002-9AE1-9A8401C73996,1931-11-07,Shawnee (OK),Visitor,Tulsa_World_1931_11_07_17.csv,,,,
40,Alva (OK),1953,ALREADY_RESOLVED,missing_row,One or both HS_Scores rows no longer exist (already cleaned up) - just needs `close --status Fixed`,,,,,,,,,,,,,,,,
43,Oklahoma City Classen (OK),1932,ALREADY_RESOLVED,missing_row,One or both HS_Scores rows no longer exist (already cleaned up) - just needs `close --status Fixed`,,,,,,,,,,,,,,,,
44,Caddo (OK),1936,MANUAL_REVIEW,STATE_MISMATCH,"'Kiowa (KS)' (KS) vs 'Keota (OK)' (OK) -- different states, needs manual verification (known recurring confusion pattern in this dataset)",,,1BD5FD70-F681-4043-8AB9-506C38471674,1936-10-10,Kiowa (KS),Home,Muskogee_Daily_Phoenix_and_Times_Democrat_1936_10_10_8.csv,F3E02BB9-3B3B-4155-85BD-F9519C8AA222,1936-10-10,Keota (OK),Home,Times_Record_1936_10_10_8 (1).csv,,,,
47,Enid (OK),1932,ALREADY_RESOLVED,missing_row,One or both HS_Scores rows no longer exist (already cleaned up) - just needs `close --status Fixed`,,,,,,,,,,,,,,,,
48,Wilburton (OK),1974,MANUAL_REVIEW,STATE_MISMATCH,"'Quinton (OK)' (OK) vs 'Quinter (KS)' (KS) -- different states, needs manual verification (known recurring confusion pattern in this dataset)",,,78F46DB8-1CDC-4F9B-8833-7AD9EAD09198,1974-09-07,Quinton (OK),Visitor,Tulsa_World_1974_09_07_27.csv,44486333-ABE3-4291-9E04-B53C34DAA4F6,1974-09-07,Quinter (KS),Visitor,Tulsa_World_1974_09_07_27.csv,,,,
54,Oklahoma City Millwood (OK),2015,MANUAL_REVIEW,SUBSTRING_BUT_RISKY_QUALIFIER,'Oklahoma City Northeast (OK)' / 'Oklahoma City Northeast Academy (OK)' -- extra word(s) ['academy'] have historically named a DIFFERENT real school in this dataset - needs manual verification,,,ADEAC6BC-7E39-4683-BA36-07933B1C3F63,2015-10-15,Oklahoma City Northeast (OK),Home,www.maxpreps.com,D923C5D2-6326-4CAD-AD0A-E7781E910E8D,2015-10-15,Oklahoma City Northeast Academy (OK),Home,www.maxpreps.com,,,,
56,Muskogee (OK),1927,MANUAL_REVIEW,SUBSTRING_BUT_RISKY_QUALIFIER,'Tulsa Central (OK)' / 'Tulsa (OK)' -- extra word(s) ['central'] have historically named a DIFFERENT real school in this dataset - needs manual verification,,,8473D0E8-84A6-4CE5-8F9F-99B7F8705369,1927-11-25,Tulsa Central (OK),Home,Southwest_American_1927_11_25_18.csv,4DAACE1F-CD28-401E-B21D-9A284F055544,1927-11-25,Tulsa (OK),Home,Tulsa_World_1927_11_25_12.csv,,,,
57,Tulsa Wright Christian (OK),2015,MANUAL_REVIEW,NONE,No heuristic resolved 'Oklahoma City Life Christian (OK)' vs 'Choctaw Life Christian (OK)',,,949EE708-ED34-4A88-9D48-19A561264C7F,2015-09-18,Oklahoma City Life Christian (OK),Visitor,www.maxpreps.com,60C3FC4B-E14D-4A59-AF05-67959AF8088F,2015-09-18,Choctaw Life Christian (OK),Visitor,www.maxpreps.com,,,,
59,Weleetka (OK),1935,MANUAL_REVIEW,cluster_size=5,Investigation does not have exactly 2 linked games,,,,,,,,,,,,,,,,
63,Okmulgee (OK),2022,ALREADY_RESOLVED,missing_row,One or both HS_Scores rows no longer exist (already cleaned up) - just needs `close --status Fixed`,,,,,,,,,,,,,,,,
66,Wynnewood (OK),1955,MANUAL_REVIEW,SUBSTRING_BUT_RISKY_QUALIFIER,'Marlow (OK)' / 'Marlow Central (OK)' -- extra word(s) ['central'] have historically named a DIFFERENT real school in this dataset - needs manual verification,,,6ED6F392-1C65-49D3-B96A-5C4078F699EE,1955-10-15,Marlow (OK),Home,Times_Record_1955_10_15_5.csv,2792FBCF-BBE4-4536-AF5D-E97E2EC6574D,1955-10-15,Marlow Central (OK),Home,Tulsa_World_1955_10_15_13.csv,,,,
73,Turpin (OK),2003,MANUAL_REVIEW,NONE,No heuristic resolved 'Lubbock Christian (TX)' vs 'Amarillo San Jacinto Christian Academy (TX)',,,13AA058C-853E-4722-9232-5FF428FD4B79,2003-09-12,Lubbock Christian (TX),Visitor,http://www.iwasatthegame.com/,2B2FCA7C-56C5-48D0-8BA3-FBB6C4791E80,2003-09-13,Amarillo San Jacinto Christian Academy (TX),Home,The Daily Oklahoman,,,,
75,Tulsa NOAH HomeSchool (OK),2015,MANUAL_REVIEW,cluster_size=6,Investigation does not have exactly 2 linked games,,,,,,,,,,,,,,,,
78,Mangum (OK),2015,MANUAL_REVIEW,STATE_MISMATCH,"'Hobart (IN)' (IN) vs 'Hobart (OK)' (OK) -- different states, needs manual verification (known recurring confusion pattern in this dataset)",,,C2D7799E-B4EB-46F8-89E1-4B73CCE901B2,2015-09-04,Hobart (IN),Home,www.maxpreps.com,9B65E2D3-48A8-4723-A38D-BE0493D21518,2015-09-04,Hobart (OK),Home,www.maxpreps.com,,,,
80,Madill (OK),1953,ALREADY_RESOLVED,missing_row,One or both HS_Scores rows no longer exist (already cleaned up) - just needs `close --status Fixed`,,,,,,,,,,,,,,,,
81,Warner (OK),2022,ALREADY_RESOLVED,missing_row,One or both HS_Scores rows no longer exist (already cleaned up) - just needs `close --status Fixed`,,,,,,,,,,,,,,,,
82,Oklahoma City Capitol Hill (OK),1931,MANUAL_REVIEW,cluster_size=4,Investigation does not have exactly 2 linked games,,,,,,,,,,,,,,,,
84,Canadian (OK),2021,ALREADY_RESOLVED,missing_row,One or both HS_Scores rows no longer exist (already cleaned up) - just needs `close --status Fixed`,,,,,,,,,,,,,,,,
85,Stroud (OK),1944,MANUAL_REVIEW,NONE,No heuristic resolved 'Tulsa Central B (OK)' vs 'Tulsa Webster B (OK)',,,0FE13242-8F84-4832-B380-5E8C480DEA6D,1944-11-04,Tulsa Central B (OK),Home,Tulsa_World_1944_11_04_8.csv,01867BE9-BC78-41E6-A9F6-9A5D99859AF0,1944-11-04,Tulsa Webster B (OK),Home,Times_Record_1944_11_04_8.csv,,,,
88,Eucha Cross Christian Academy (OK),2018,MANUAL_REVIEW,NONE,No heuristic resolved 'Choctaw Life Christian (OK)' vs 'Oklahoma City Life Christian (OK)',,,E495F2CC-167F-4542-9765-617B11CBDC4B,2018-09-28,Choctaw Life Christian (OK),Visitor,www.maxpreps.com,E02977BB-2378-48DA-A649-FA7550FC4CD2,2018-09-28,Oklahoma City Life Christian (OK),Visitor,www.maxpreps.com,,,,
90,Tulsa Union (OK),2023,MANUAL_REVIEW,NONE,No heuristic resolved 'Edmond Memorial (OK)' vs 'Oklahoma City Westmoore (OK)',,,472018C1-9994-4DE0-8EBD-2D84CE23758B,2023-11-17,Edmond Memorial (OK),Home,www.maxpreps.com,3452FE37-69D8-4DB8-AC54-35A01A16A617,2023-11-17,Oklahoma City Westmoore (OK),Home,www.maxpreps.com,,,,
91,Porter (OK),2022,ALREADY_RESOLVED,missing_row,One or both HS_Scores rows no longer exist (already cleaned up) - just needs `close --status Fixed`,,,,,,,,,,,,,,,,
92,Mangum (OK),1955,ALREADY_RESOLVED,missing_row,One or both HS_Scores rows no longer exist (already cleaned up) - just needs `close --status Fixed`,,,,,,,,,,,,,,,,
93,Seminole (OK),1930,MANUAL_REVIEW,NONE,No heuristic resolved 'Wetumka (OK)' vs 'Westville (OK)',,,EF10EF34-611C-449C-9C18-2E4DD2558CCF,1930-11-01,Wetumka (OK),Home,Muskogee_Daily_Phoenix_and_Times_Democrat_1930_11_01_9.csv,54E92FB6-8864-4D83-B436-7F154838335B,1930-11-01,Westville (OK),Home,Times_Record_1930_11_01_4 (2).csv,,,,
98,Erick (OK),1953,ALREADY_RESOLVED,missing_row,One or both HS_Scores rows no longer exist (already cleaned up) - just needs `close --status Fixed`,,,,,,,,,,,,,,,,
102,Watts (OK),2017,MANUAL_REVIEW,NONE,No heuristic resolved 'Oklahoma City Life Christian (OK)' vs 'Choctaw Life Christian (OK)',,,8E70CF67-7CED-4FF1-A54F-CCCB5ED6E49E,2017-09-22,Oklahoma City Life Christian (OK),Home,www.maxpreps.com,AF1EE0B4-A1E6-422F-B3D5-FD79019333B2,2017-09-22,Choctaw Life Christian (OK),Home,www.maxpreps.com,,,,
103,Wakita (OK),1953,ALREADY_RESOLVED,missing_row,One or both HS_Scores rows no longer exist (already cleaned up) - just needs `close --status Fixed`,,,,,,,,,,,,,,,,
105,Billings (OK),2025,MANUAL_REVIEW,NONE,No heuristic resolved 'Oklahoma School for the Deaf (OK)' vs 'Oaks-Mission (OK)',,,FAE41927-A4A4-4786-A011-51776328F112,2025-10-23,Oklahoma School for the Deaf (OK),Visitor,MaxPreps,AE2AA2FF-2500-456B-BC62-EBBD3B599B29,2025-10-24,Oaks-Mission (OK),Home,MaxPreps,,,,
106,Miami (OK),2019,MANUAL_REVIEW,cluster_size=3,Investigation does not have exactly 2 linked games,,,,,,,,,,,,,,,,
107,Oklahoma City Crooked Oak (OK),2017,MANUAL_REVIEW,SUBSTRING_BUT_RISKY_QUALIFIER,'Oklahoma City Northeast (OK)' / 'Oklahoma City Northeast Academy (OK)' -- extra word(s) ['academy'] have historically named a DIFFERENT real school in this dataset - needs manual verification,,,F4B95C51-BB05-4F20-A0C1-80A6F3AA286E,2017-09-28,Oklahoma City Northeast (OK),Home,www.maxpreps.com,A61B2B4B-5FC0-45B3-B77E-D16777EA2C5A,2017-09-28,Oklahoma City Northeast Academy (OK),Home,www.maxpreps.com,,,,
108,McCurtain (OK),1931,MANUAL_REVIEW,NONE,No heuristic resolved 'Kinta (OK)' vs 'Vinita (OK)',,,19B4241D-179D-4269-A5CD-4677B7A5745A,1931-10-10,Kinta (OK),Visitor,Tulsa_World_1931_10_10_14.csv,82B68347-8E80-41DC-AD30-D70C0A3C501B,1931-10-10,Vinita (OK),Visitor,Muskogee_Daily_Phoenix_and_Times_Democrat_1931_10_10_6.csv,,,,
109,Cache (OK),1974,AUTO,H2_SUBSTRING_SAFE,"'Fort Sill (OK)' / 'Fort Sill Indian School (OK)' -- extra word(s) ['indian', 'school'] are non-identity-bearing filler",326F08CF-EE1D-4400-9319-102E5A460E69,E4D86A00-AC63-4759-85ED-15D5A1787F06,326F08CF-EE1D-4400-9319-102E5A460E69,1974-10-05,Fort Sill (OK),Home,Tulsa_World_1974_10_05_27.csv,E4D86A00-AC63-4759-85ED-15D5A1787F06,1974-10-05,Fort Sill Indian School (OK),Home,The_Lawton_Constitution_1974_10_05_Page_21.csv,,,,
112,Oklahoma City Classen (OK),1929,ALREADY_RESOLVED,missing_row,One or both HS_Scores rows no longer exist (already cleaned up) - just needs `close --status Fixed`,,,,,,,,,,,,,,,,
114,Jenks (OK),1935,MANUAL_REVIEW,NONE,No heuristic resolved 'Broken Arrow (OK)' vs 'Broken Bow (OK)',,,883C7327-94AE-44D0-8403-32D549446ADF,1935-11-09,Broken Arrow (OK),Home,Muskogee_Daily_Phoenix_and_Times_Democrat_1935_11_09_6.csv,78B58C25-1CA3-4265-8C6D-B6BEBE867727,1935-11-09,Broken Bow (OK),Home,Times_Record_1935_11_09_8 (1).csv,,,,
118,Hartshorne (OK),1933,MANUAL_REVIEW,STATE_MISMATCH,"'North Little Rock Jones (AR)' (AR) vs 'Nash Jones Academy (OK)' (OK) -- different states, needs manual verification (known recurring confusion pattern in this dataset)",,,EFA79827-F114-4FBB-8F9E-A3318D655455,1933-10-28,North Little Rock Jones (AR),Home,Times_Record_1933_10_28_3 (1).csv,CA803F69-010B-4D26-B7A6-CA2C1E634A32,1933-10-28,Nash Jones Academy (OK),Home,Muskogee_Daily_Phoenix_and_Times_Democrat_1933_10_28_7.csv,,,,
119,Bluejacket (OK),2021,MANUAL_REVIEW,STATE_MISMATCH,"'Chetopa (OK)' (OK) vs 'Chetopa (KS)' (KS) -- different states, needs manual verification (known recurring confusion pattern in this dataset)",,,43C83EC5-7A72-4C85-855B-BDFC5BB0B9CF,2021-09-10,Chetopa (OK),Home,www.maxpreps.com,290628AF-B8C4-47C0-946C-D24472FCE17C,2021-09-10,Chetopa (KS),Home,www.maxpreps.com,,,,
121,Cordell (OK),1954,ALREADY_RESOLVED,missing_row,One or both HS_Scores rows no longer exist (already cleaned up) - just needs `close --status Fixed`,,,,,,,,,,,,,,,,
126,Weleetka (OK),1932,MANUAL_REVIEW,cluster_size=8,Investigation does not have exactly 2 linked games,,,,,,,,,,,,,,,,
127,Oklahoma City Capitol Hill (OK),1971,MANUAL_REVIEW,NONE,No heuristic resolved 'Oklahoma City Southwest (OK)' vs 'Shawnee (OK)',,,D2C16B80-E694-429D-931F-8DC8D4B9B3F7,1971-10-23,Oklahoma City Southwest (OK),Visitor,Tulsa_World_1971_10_23_24.csv,71A4AFDF-DBC9-4B19-9B96-FBB97EBA987F,1971-10-23,Shawnee (OK),Visitor,Tulsa_World_1971_10_23_24.csv,,,,
129,Hugo (OK),1925,MANUAL_REVIEW,NONE,No heuristic resolved 'Broken Bow (OK)' vs 'Broken Arrow (OK)',,,1AF7EF67-D8FD-4CDA-9EDD-6CB84B58501A,1925-10-03,Broken Bow (OK),Home,Tulsa_World_1925_10_03_16.csv,84C4724C-6E0C-41B1-929E-98EFC57740AD,1925-10-04,Broken Arrow (OK),Home,Southwest_American_1925_10_04_13.csv,,,,
131,Tulsa Will Rogers College (OK),1942,MANUAL_REVIEW,SUBSTRING_BUT_RISKY_QUALIFIER,'Fort Smith (AR)' / 'Fort Smith St. Anne's Academy (AR)' -- extra word(s) ['academy'] have historically named a DIFFERENT real school in this dataset - needs manual verification,,,480CCCA7-BF51-43A4-A35C-3D742E0A0B66,1942-11-07,Fort Smith (AR),Visitor,Times_Record_1942_11_07_3.csv,9290E030-60F6-4A1F-8294-DFE8CA14429B,1942-11-07,Fort Smith St. Anne's Academy (AR),Home,Tulsa_World_1942_11_07_9.csv,,,,
132,Morris (OK),1926,MANUAL_REVIEW,NONE,No heuristic resolved 'Sallisaw (OK)' vs 'Stigler (OK)',,,CECBCB83-3FFA-4592-9958-7874BA089A97,1926-10-02,Sallisaw (OK),Visitor,Tulsa_World_1926_10_02_14.csv,B804BD9D-9D1F-428A-B30B-DB50C4430E99,1926-10-02,Stigler (OK),Visitor,Tulsa_World_1926_10_02_14.csv,,,,
134,Cleveland (OK),1969,MANUAL_REVIEW,NONE,No heuristic resolved 'Okemah (OK)' vs 'Okmulgee (OK)',,,6F1ECE72-1087-46E9-8AE3-314F9DF09DD0,1969-10-18,Okemah (OK),Visitor,Tulsa_World_1969_10_18_23.csv,54D222CF-0EAC-4CE0-BF64-71C24D94BC9E,1969-10-18,Okmulgee (OK),Visitor,Times_Record_1969_10_18_17.csv,,,,
136,Checotah (OK),1938,MANUAL_REVIEW,cluster_size=9,Investigation does not have exactly 2 linked games,,,,,,,,,,,,,,,,
137,Oklahoma City Northwest Classen (OK),2015,MANUAL_REVIEW,SUBSTRING_BUT_RISKY_QUALIFIER,'Oklahoma City Northeast (OK)' / 'Oklahoma City Northeast Academy (OK)' -- extra word(s) ['academy'] have historically named a DIFFERENT real school in this dataset - needs manual verification,,,5AA14932-D41A-410A-A2A4-0EEBC960F62F,2015-09-11,Oklahoma City Northeast (OK),Visitor,www.maxpreps.com,44735E51-4D89-4BDA-AB70-7877533F9636,2015-09-11,Oklahoma City Northeast Academy (OK),Visitor,www.maxpreps.com,,,,
138,Bristow (OK),1929,MANUAL_REVIEW,STATE_MISMATCH,"'Shawnee (OK)' (OK) vs 'Joiner Shawnee (AR)' (AR) -- different states, needs manual verification (known recurring confusion pattern in this dataset)",,,F7089125-832A-48F7-8D63-1E90D9D1148F,1929-11-29,Shawnee (OK),Visitor,Tulsa_World_1929_11_29_29 (1).csv,8613B05C-7BB9-48B4-8322-849B94F22DBA,1929-11-29,Joiner Shawnee (AR),Visitor,Times_Record_1929_11_29_16 (1).csv,,,,
141,Ponca City (OK),1933,MANUAL_REVIEW,SUBSTRING_UNKNOWN_QUALIFIER,'Bartlesville Sooner (OK)' / 'Bartlesville (OK)' -- extra word(s) ['sooner'] not in the safe-filler or risky list - needs manual verification,,,AFBDC763-D987-4CCB-841C-8CFF133D3E81,1933-09-30,Bartlesville Sooner (OK),Visitor,Muskogee_Daily_Phoenix_and_Times_Democrat_1933_09_30_7.csv,BD2A259B-42FD-4122-855C-9181E534EDB4,1933-09-30,Bartlesville (OK),Home,Times_Record_1933_09_30_5.csv,,,,
145,Stroud (OK),2024,MANUAL_REVIEW,SUBSTRING_UNKNOWN_QUALIFIER,'Newkirk-Shidler (OK)' / 'Newkirk (OK)' -- extra word(s) ['shidler'] not in the safe-filler or risky list - needs manual verification,,,0AA205AD-6C9D-4C1A-9FA0-147B82D69AE5,2024-10-17,Newkirk-Shidler (OK),Visitor,https://www.maxpreps.com/ok/newkirk/newkirk-shidler/football/schedule/,B644AA6A-4EFC-40E6-A497-6838847C7534,2024-10-17,Newkirk (OK),Visitor,https://www.maxpreps.com/ok/stroud/stroud-tigers/football/schedule/,,,,
146,Cleveland (OK),1932,MANUAL_REVIEW,SUBSTRING_BUT_RISKY_QUALIFIER,'Morrison (OK)' / 'Morrison Noble County (OK)' -- extra word(s) ['county'] have historically named a DIFFERENT real school in this dataset - needs manual verification,,,373568A1-923D-458F-B69A-15483BD33838,1932-09-24,Morrison (OK),Home,Tulsa_World_1932_09_24_14.csv,67AB97A4-85EA-4B78-B4DF-F60C9E39A40F,1932-09-24,Morrison Noble County (OK),Home,Times_Record_1932_09_24_8.csv,,,,
148,Okmulgee (OK),1933,MANUAL_REVIEW,cluster_size=4,Investigation does not have exactly 2 linked games,,,,,,,,,,,,,,,,
153,Cherokee (OK),1929,ALREADY_RESOLVED,missing_row,One or both HS_Scores rows no longer exist (already cleaned up) - just needs `close --status Fixed`,,,,,,,,,,,,,,,,
154,Norman (OK),1969,MANUAL_REVIEW,SUBSTRING_UNKNOWN_QUALIFIER,'Lawton Eisenhower (OK)' / 'Lawton Eisenhower JV (OK)' -- extra word(s) ['jv'] not in the safe-filler or risky list - needs manual verification,,,4BB344E8-A1B5-4E5B-9E6F-0DD49F272187,1969-10-18,Lawton Eisenhower (OK),Home,Times_Record_1969_10_18_17.csv,7CCD8A13-F364-4A47-A6D1-624CFB3697EE,1969-10-18,Lawton Eisenhower JV (OK),Home,Tulsa_World_1969_10_18_23.csv,,,,
155,Guymon (OK),2022,MANUAL_REVIEW,STATE_MISMATCH,"'Booker (TX)' (TX) vs 'Booker (OK)' (OK) -- different states, needs manual verification (known recurring confusion pattern in this dataset)",,,AA9D1988-DA7F-48CF-94A3-49E46A79107C,2022-09-01,Booker (TX),Visitor,www.maxpreps.com,D1C9DE34-84F2-4EF9-8DF3-C14A911857E8,2022-09-01,Booker (OK),Visitor,www.maxpreps.com,,,,
159,Oklahoma City Central (OK),1944,MANUAL_REVIEW,STATE_MISMATCH,"'Joiner Shawnee (AR)' (AR) vs 'Shawnee (OK)' (OK) -- different states, needs manual verification (known recurring confusion pattern in this dataset)",,,41B9866D-EEED-4BC9-A503-9440B96D333A,1944-11-18,Joiner Shawnee (AR),Home,Times_Record_1944_11_18_8.csv,D9BBB5A9-733B-46D3-8531-A91E5DC4BCB3,1944-11-18,Shawnee (OK),Home,Tulsa_World_1944_11_18_10.csv,,,,
161,Pawnee (OK),1938,MANUAL_REVIEW,NONE,No heuristic resolved 'Hominy (OK)' vs 'Glencoe (OK)',,,9F3448F6-8E2D-4745-9EBA-A2D630FD4379,1938-10-08,Hominy (OK),Visitor,Tulsa_World_1938_10_08_15.csv,86094CD8-335B-418D-AD65-DE7AD94FFB03,1938-10-08,Glencoe (OK),Visitor,Tulsa_World_1938_10_08_15.csv,,,,
162,Seminole (OK),1933,MANUAL_REVIEW,cluster_size=4,Investigation does not have exactly 2 linked games,,,,,,,,,,,,,,,,
163,Duncan (OK),1955,ALREADY_RESOLVED,missing_row,One or both HS_Scores rows no longer exist (already cleaned up) - just needs `close --status Fixed`,,,,,,,,,,,,,,,,
164,Waurika (OK),1962,MANUAL_REVIEW,NONE,No heuristic resolved 'Braman (OK)' vs 'Walters (OK)',,,15C45998-43C0-4EC9-A5D9-2CA58AF1B104,1962-10-20,Braman (OK),Home,Tulsa_World_1962_10_20_10.csv,B8A95024-08FD-4248-8B54-7A99A53AAE05,1962-10-20,Walters (OK),Visitor,Tulsa_World_1962_10_20_10.csv,,,,
166,Tulsa Holland Hall (OK),2022,MANUAL_REVIEW,cluster_size=12,Investigation does not have exactly 2 linked games,,,,,,,,,,,,,,,,
168,Guthrie (OK),1954,MANUAL_REVIEW,NONE,No heuristic resolved 'Oklahoma City John Marshall (OK)' vs 'Oklahoma City Marshall (OK)',,,D94F5B87-6A5C-410F-8D4B-2BD48A943312,1954-10-09,Oklahoma City John Marshall (OK),Visitor,Times_Record_1954_10_09_8.csv,9DBE9A05-DFEE-4ABB-A4A2-D75E989A7AD6,1954-10-09,Oklahoma City Marshall (OK),Visitor,Tulsa_World_1954_10_09_9.csv,,,,
171,Vinita (OK),2020,MANUAL_REVIEW,NONE,No heuristic resolved 'Marlow Central (OK)' vs 'Tulsa Central (OK)',,,F49FC6A6-30A3-4F6D-801C-36187EF53E93,2020-09-25,Marlow Central (OK),Home,www.maxpreps.com,16D45173-E9F5-475A-91F2-8258ADB6A7DC,2020-09-25,Tulsa Central (OK),Home,www.maxpreps.com,,,,
172,Muskogee (OK),1947,MANUAL_REVIEW,STATE_MISMATCH,"'Shawnee (OK)' (OK) vs 'Joiner Shawnee (AR)' (AR) -- different states, needs manual verification (known recurring confusion pattern in this dataset)",,,C3471CCB-6D2F-4BB3-9C74-4ECFF8390F87,1947-09-19,Shawnee (OK),Visitor,https://www.newspapers.com/image/715202247,B60F3912-903E-4FF2-B5B0-C516533FFEF2,1947-09-20,Joiner Shawnee (AR),Visitor,Times_Record_1947_09_20_3.csv,,,,
173,Weleetka (OK),1955,MANUAL_REVIEW,cluster_size=8,Investigation does not have exactly 2 linked games,,,,,,,,,,,,,,,,
175,Vian (OK),2023,MANUAL_REVIEW,NONE,No heuristic resolved 'Claremore Sequoyah (OK)' vs 'Tahlequah Sequoyah (OK)',,,C39F6AE3-DD45-46ED-8F9E-9803BEA4BEDD,2023-11-03,Claremore Sequoyah (OK),Home,www.maxpreps.com,0D075B7F-FB3B-4EA1-91FA-B5F506187FBA,2023-11-03,Tahlequah Sequoyah (OK),Home,www.maxpreps.com,,,,
183,Catoosa (OK),1953,MANUAL_REVIEW,NONE,No heuristic resolved 'Tulsa East Central (OK)' vs 'Tulsa Central (OK)',,,0A44979A-1779-4EF8-8E04-E17CD1F55E94,1953-10-17,Tulsa East Central (OK),Visitor,Times_Record_1953_10_17_8.csv,8ACD70F8-68A6-41B1-B894-FC936131DC30,1953-10-17,Tulsa Central (OK),Visitor,Tulsa_World_1953_10_17_14.csv,,,,
185,Stilwell (OK),2020,MANUAL_REVIEW,cluster_size=4,Investigation does not have exactly 2 linked games,,,,,,,,,,,,,,,,
188,Minco (OK),2018,MANUAL_REVIEW,SUBSTRING_BUT_RISKY_QUALIFIER,'Oklahoma City Northeast (OK)' / 'Oklahoma City Northeast Academy (OK)' -- extra word(s) ['academy'] have historically named a DIFFERENT real school in this dataset - needs manual verification,,,45A8D399-3EBB-4F64-98F5-12580E4F09C1,2018-10-05,Oklahoma City Northeast (OK),Visitor,www.maxpreps.com,E3E9C3CE-86E9-440A-8CB1-25509C2B23A0,2018-10-05,Oklahoma City Northeast Academy (OK),Visitor,www.maxpreps.com,,,,
193,Bowlegs (OK),1934,MANUAL_REVIEW,NONE,No heuristic resolved 'Wetumka (OK)' vs 'Westville (OK)',,,D314D7C0-5949-4974-9ED6-AF0507D0C1A3,1934-09-29,Wetumka (OK),Home,Muskogee_Daily_Phoenix_and_Times_Democrat_1934_09_29_8.csv,AD64B216-8566-47C2-9717-B4C1453B9140,1934-09-29,Westville (OK),Visitor,Times_Record_1934_09_29_8.csv,,,,
195,Canton (OK),2012,MANUAL_REVIEW,NONE,No heuristic resolved 'Garber (OK)' vs 'Duke (OK)',,,52483411-D034-4CFC-860A-072EFD790C60,2012-09-14,Garber (OK),Home,www.maxpreps.com,0C5E2C76-3E21-487D-BD9B-760DDB7C6CB3,2012-09-13,Duke (OK),Home,www.maxpreps.com,,,,
197,Idabel (OK),1926,MANUAL_REVIEW,NONE,No heuristic resolved 'Broken Bow (OK)' vs 'Broken Arrow (OK)',,,0D04362C-DC84-4D59-BEB5-EDD9CB128FAB,1926-10-02,Broken Bow (OK),Home,Tulsa_World_1926_10_02_14.csv,1198E4DF-8DB0-43EB-ADD0-F26AA0F3B239,1926-10-03,Broken Arrow (OK),Home,Southwest_American_1926_10_03_15.csv,,,,
199,Tulsa NOAH HomeSchool (OK),2023,MANUAL_REVIEW,cluster_size=4,Investigation does not have exactly 2 linked games,,,,,,,,,,,,,,,,
201,Ames Major County (OK),1933,ALREADY_RESOLVED,missing_row,One or both HS_Scores rows no longer exist (already cleaned up) - just needs `close --status Fixed`,,,,,,,,,,,,,,,,
202,Okeene (OK),1938,MANUAL_REVIEW,NONE,No heuristic resolved 'Checotah (OK)' vs 'Fairview (OK)',,,D5CDCD0E-1400-41D9-8DDA-B0EBADA3B2DE,1938-10-08,Checotah (OK),Visitor,Tulsa_World_1938_10_08_15.csv,540C4277-FA35-4E1B-B375-FD4329F81C7A,1938-10-08,Fairview (OK),Visitor,Tulsa_World_1938_10_08_15.csv,,,,
204,Oklahoma City Classen (OK),1943,MANUAL_REVIEW,NONE,No heuristic resolved 'Tulsa Central (OK)' vs 'Oklahoma City Central (OK)',,,B53442C8-BFEC-457B-99D3-2B6BCF6D1926,1943-10-16,Tulsa Central (OK),Home,Tulsa_World_1943_10_16_10.csv,4373D4F7-B16C-4B28-B3C1-CED492A6D9BF,1943-10-16,Oklahoma City Central (OK),Home,Times_Record_1943_10_16_8.csv,,,,
205,Tulsa Cascia Hall (OK),2023,MANUAL_REVIEW,NONE,No heuristic resolved 'Marlow Central (OK)' vs 'Tulsa Central (OK)',,,14D24F61-4D21-48D4-9F82-03EC3288EE98,2023-09-29,Marlow Central (OK),Home,www.maxpreps.com,85808044-A450-4CC4-83AF-B5939E762EDD,2023-09-29,Tulsa Central (OK),Home,www.maxpreps.com,,,,
206,Oklahoma City Patriots HomeSchool (OK),2020,MANUAL_REVIEW,cluster_size=4,Investigation does not have exactly 2 linked games,,,,,,,,,,,,,,,,
207,Jay (OK),2021,ALREADY_RESOLVED,missing_row,One or both HS_Scores rows no longer exist (already cleaned up) - just needs `close --status Fixed`,,,,,,,,,,,,,,,,
209,Copan (OK),2018,MANUAL_REVIEW,NONE,No heuristic resolved 'Medford (OK)' vs 'Bluejacket (OK)',,,28A582FC-7209-4762-BB5A-16BF798A495B,2018-10-01,Medford (OK),Visitor,www.maxpreps.com,F962FD85-9BE2-4E97-9394-DD7003DC9AA1,2018-10-01,Bluejacket (OK),Home,www.maxpreps.com,,,,
211,Norman (OK),1932,MANUAL_REVIEW,STATE_MISMATCH,"'Shawnee (OK)' (OK) vs 'Joiner Shawnee (AR)' (AR) -- different states, needs manual verification (known recurring confusion pattern in this dataset)",,,F49DED32-7834-4571-A91F-28B06081BAC6,1932-10-22,Shawnee (OK),Visitor,Tulsa_World_1932_10_22_18.csv,A1D9142F-E679-45A8-B63E-8903151842D7,1932-10-22,Joiner Shawnee (AR),Visitor,Times_Record_1932_10_22_3 (1).csv,,,,
212,Bartlesville (OK),1938,MANUAL_REVIEW,NONE,No heuristic resolved 'Okmulgee (OK)' vs 'Okemah (OK)',,,3CDDBD0E-2703-4744-A598-5BA0D5497AC3,1938-11-12,Okmulgee (OK),Visitor,Tulsa_World_1938_11_12_14.csv,D32B0A77-FCC7-4AC0-A9B4-AB926C2E50DD,1938-11-12,Okemah (OK),Visitor,Tulsa_World_1938_11_12_14 (1).csv,,,,
213,Temple (OK),1954,MANUAL_REVIEW,SUBSTRING_BUT_RISKY_QUALIFIER,'Marlow Central (OK)' / 'Marlow (OK)' -- extra word(s) ['central'] have historically named a DIFFERENT real school in this dataset - needs manual verification,,,F8FB8795-10E7-429D-ADD2-05954144EFD3,1954-11-13,Marlow Central (OK),Visitor,Tulsa_World_1954_11_13_11.csv,7BCBC111-B604-4DFA-85AA-90C52610F289,1954-11-13,Marlow (OK),Visitor,Times_Record_1954_11_13_8.csv,,,,
216,Seminole (OK),1939,MANUAL_REVIEW,STATE_MISMATCH,"'Shawnee (OK)' (OK) vs 'Joiner Shawnee (AR)' (AR) -- different states, needs manual verification (known recurring confusion pattern in this dataset)",,,3C149691-D390-45C9-9C3C-0D696AE9C3DE,1939-09-30,Shawnee (OK),Visitor,Tulsa_World_1939_09_30_11.csv,E546F352-C2BE-4E31-954C-85999C8465F9,1939-09-30,Joiner Shawnee (AR),Visitor,Times_Record_1939_09_30_5.csv,,,,
218,McAlester (OK),1955,MANUAL_REVIEW,STATE_MISMATCH,"'Shawnee (OK)' (OK) vs 'Joiner Shawnee (AR)' (AR) -- different states, needs manual verification (known recurring confusion pattern in this dataset)",,,6DB9962D-EEFD-4CA3-8722-426C99170931,1955-09-17,Shawnee (OK),Home,Tulsa_World_1955_09_17_6.csv,8B81FABB-924C-4728-8786-748BD7277555,1955-09-17,Joiner Shawnee (AR),Home,Times_Record_1955_09_17_5.csv,,,,
226,Keota (OK),1926,MANUAL_REVIEW,SUBSTRING_UNKNOWN_QUALIFIER,'Fort Smith B (AR)' / 'Fort Smith (AR)' -- extra word(s) ['b'] not in the safe-filler or risky list - needs manual verification,,,85D2675C-E104-487C-9B1B-7E6D3AF0FB2A,1926-10-03,Fort Smith B (AR),Home,Southwest_American_1926_10_03_15.csv,697B59C2-B26C-4FA7-BC07-BC3599DB87E5,1926-10-02,Fort Smith (AR),Home,Tulsa_World_1926_10_02_14.csv,,,,
227,Anadarko Riverside Indian (OK),1954,ALREADY_RESOLVED,missing_row,One or both HS_Scores rows no longer exist (already cleaned up) - just needs `close --status Fixed`,,,,,,,,,,,,,,,,
228,Alva (OK),1936,MANUAL_REVIEW,SUBSTRING_BUT_RISKY_QUALIFIER,"'Carmen (OK)' / 'Carmen Junior High (OK)' -- extra word(s) ['high', 'junior'] have historically named a DIFFERENT real school in this dataset - needs manual verification",,,4FFA81CE-FE13-495D-B106-D8D324B7706C,1936-11-14,Carmen (OK),Home,Times_Record_1936_11_14_8 (1).csv,2D608FCF-8498-42B1-AEFC-DF6AE1406F0E,1936-11-14,Carmen Junior High (OK),Home,Muskogee_Daily_Phoenix_and_Times_Democrat_1936_11_14_8.csv,,,,
233,Ardmore (OK),1966,MANUAL_REVIEW,SUBSTRING_UNKNOWN_QUALIFIER,'Lawton Eisenhower (OK)' / 'Lawton Eisenhower JV (OK)' -- extra word(s) ['jv'] not in the safe-filler or risky list - needs manual verification,,,1443AF59-F099-4CD1-928D-3BB26F25E9B2,1966-10-08,Lawton Eisenhower (OK),Home,Southwest_American_1966_10_08_9.csv,26C909DD-C7F6-45EB-8DFA-CCEBEF11AB44,1966-10-08,Lawton Eisenhower JV (OK),Home,Tulsa_World_1966_10_08_11.csv,,,,
235,El Reno (OK),1942,ALREADY_RESOLVED,missing_row,One or both HS_Scores rows no longer exist (already cleaned up) - just needs `close --status Fixed`,,,,,,,,,,,,,,,,
236,Durant (OK),1934,ALREADY_RESOLVED,missing_row,One or both HS_Scores rows no longer exist (already cleaned up) - just needs `close --status Fixed`,,,,,,,,,,,,,,,,
238,Morris (OK),1935,MANUAL_REVIEW,NONE,No heuristic resolved 'Weleetka (OK)' vs 'Westville (OK)',,,311B9545-EC90-40E5-B30D-97110D40E8D7,1935-10-26,Weleetka (OK),Home,Tulsa_World_1935_10_26_13.csv,C44F4FF1-D376-437B-BC57-D28F088C15DA,1935-10-26,Westville (OK),Home,Times_Record_1935_10_26_10 (2).csv,,,,
239,Oklahoma School for the Deaf (OK),2018,MANUAL_REVIEW,NONE,No heuristic resolved 'Oklahoma City Life Christian (OK)' vs 'Choctaw Life Christian (OK)',,,3D181D18-FEDB-4E24-ABC0-E1810CA946E7,2018-10-27,Oklahoma City Life Christian (OK),Visitor,www.maxpreps.com,E6B82A75-1CCF-4383-872A-FFB77CF7276C,2018-10-27,Choctaw Life Christian (OK),Home,www.maxpreps.com,,,,
242,Roosevelt (OK),1953,ALREADY_RESOLVED,missing_row,One or both HS_Scores rows no longer exist (already cleaned up) - just needs `close --status Fixed`,,,,,,,,,,,,,,,,
244,Heavener (OK),1927,MANUAL_REVIEW,NONE,No heuristic resolved 'Stillwater (OK)' vs 'Stilwell (OK)',,,0808EA60-AFD1-423A-AB55-353808376A57,1927-11-25,Stillwater (OK),Visitor,Tulsa_World_1927_11_25_12.csv,A208AF0F-1849-4419-A029-8F5CB0FE700F,1927-11-25,Stilwell (OK),Visitor,Southwest_American_1927_11_25_18.csv,,,,
246,Washington (OK),2018,MANUAL_REVIEW,NONE,No heuristic resolved 'Lexington (OK)' vs 'Tulsa Holland Hall (OK)',,,DD58A3A4-0544-4044-8FBC-81848A6D120A,2018-11-02,Lexington (OK),Home,www.maxpreps.com,F3BC3322-7238-45E4-9469-C264157D1387,2018-11-01,Tulsa Holland Hall (OK),Home,www.maxpreps.com,,,,
253,Wewoka (OK),2021,ALREADY_RESOLVED,missing_row,One or both HS_Scores rows no longer exist (already cleaned up) - just needs `close --status Fixed`,,,,,,,,,,,,,,,,
255,Cromwell Butner (OK),1931,MANUAL_REVIEW,NONE,No heuristic resolved 'Newkirk (OK)' vs 'New Lima Seminole County (OK)',,,7923AB33-615C-46D2-B060-577235F0E436,1931-10-03,Newkirk (OK),Home,Times_Record_1931_10_03_2 (1).csv,319BD04B-7021-4BCF-B1A3-735D5E1D4EDE,1931-10-03,New Lima Seminole County (OK),Home,Tulsa_World_1931_10_03_9.csv,,,,
256,Talihina (OK),2021,ALREADY_RESOLVED,missing_row,One or both HS_Scores rows no longer exist (already cleaned up) - just needs `close --status Fixed`,,,,,,,,,,,,,,,,
257,Crescent (OK),2018,MANUAL_REVIEW,SUBSTRING_BUT_RISKY_QUALIFIER,'Oklahoma City Northeast (OK)' / 'Oklahoma City Northeast Academy (OK)' -- extra word(s) ['academy'] have historically named a DIFFERENT real school in this dataset - needs manual verification,,,CF8095AB-D1FD-4C33-81A8-09ADB63C822E,2018-10-26,Oklahoma City Northeast (OK),Home,www.maxpreps.com,BC86CF9A-E41E-4EDE-821E-52EBAA93A39B,2018-10-26,Oklahoma City Northeast Academy (OK),Home,www.maxpreps.com,,,,
260,Comanche (OK),1953,MANUAL_REVIEW,SUBSTRING_BUT_RISKY_QUALIFIER,'Marlow (OK)' / 'Marlow Central (OK)' -- extra word(s) ['central'] have historically named a DIFFERENT real school in this dataset - needs manual verification,,,4F748209-3D99-4710-A66B-2144E2F3D3DA,1953-09-26,Marlow (OK),Visitor,Times_Record_1953_09_26_8.csv,C1A16834-6B1A-46B6-9919-DEC5701E8935,1953-09-26,Marlow Central (OK),Visitor,Tulsa_World_1953_09_26_9.csv,,,,
262,Hennessey (OK),1933,ALREADY_RESOLVED,missing_row,One or both HS_Scores rows no longer exist (already cleaned up) - just needs `close --status Fixed`,,,,,,,,,,,,,,,,
263,Edmond Oklahoma Christian Academy (OK),2016,MANUAL_REVIEW,cluster_size=20,Investigation does not have exactly 2 linked games,,,,,,,,,,,,,,,,
265,Ardmore (OK),1940,MANUAL_REVIEW,NONE,No heuristic resolved 'Tulsa Booker T. Washington (OK)' vs 'McAlester (OK)',,,868E2C74-C244-41AE-B3A7-CF4344F31E8A,1940-10-26,Tulsa Booker T. Washington (OK),Visitor,Tulsa_World_1940_10_26_12.csv,75735605-D39B-497E-BC19-DC1295D94735,1940-10-26,McAlester (OK),Visitor,Tulsa_World_1940_10_26_12.csv,,,,
267,Oklahoma City U.S. Grant (OK),2015,MANUAL_REVIEW,SUBSTRING_BUT_RISKY_QUALIFIER,'Oklahoma City Northeast (OK)' / 'Oklahoma City Northeast Academy (OK)' -- extra word(s) ['academy'] have historically named a DIFFERENT real school in this dataset - needs manual verification,,,042AC0E2-D149-42BF-8F03-8DFA04C172A3,2015-10-23,Oklahoma City Northeast (OK),Visitor,www.maxpreps.com,EFB416EA-1C75-4302-9B73-E586A01AFC8C,2015-10-23,Oklahoma City Northeast Academy (OK),Home,www.maxpreps.com,,,,
270,Chelsea (OK),1942,MANUAL_REVIEW,cluster_size=4,Investigation does not have exactly 2 linked games,,,,,,,,,,,,,,,,
274,Oklahoma City Putnam City (OK),1954,MANUAL_REVIEW,NONE,No heuristic resolved 'Oklahoma City John Marshall (OK)' vs 'Oklahoma City Marshall (OK)',,,DCA51FE6-77D9-4C0F-8695-31161E84EB91,1954-11-06,Oklahoma City John Marshall (OK),Visitor,Times_Record_1954_11_06_8.csv,ED0A2402-024A-416B-9E24-AA76E339A52F,1954-11-06,Oklahoma City Marshall (OK),Visitor,Tulsa_World_1954_11_06_11.csv,,,,
275,Drumright (OK),1958,MANUAL_REVIEW,NONE,No heuristic resolved 'Dewey (OK)' vs 'Picher (OK)',,,2072C95C-E38E-4E26-BC04-49F4F6055FD4,1958-10-04,Dewey (OK),Visitor,Tulsa_World_1958_10_04_8.csv,75E06F28-348D-4861-B981-C8D6B2C46178,1958-10-04,Picher (OK),Visitor,Tulsa_World_1958_10_04_8.csv,,,,
276,Sperry (OK),1974,MANUAL_REVIEW,NONE,No heuristic resolved 'Skiatook (OK)' vs 'Welch (OK)',,,06F28540-8B65-448A-9745-29B718A06A80,1974-09-14,Skiatook (OK),Visitor,Tulsa_World_1974_09_14_27.csv,D3E9E408-209F-4AA0-AC70-8ED6EDCC7B4E,1974-09-14,Welch (OK),Visitor,Tulsa_World_1974_09_14_27.csv,,,,
278,Luther (OK),2017,MANUAL_REVIEW,SUBSTRING_BUT_RISKY_QUALIFIER,'Oklahoma City Northeast Academy (OK)' / 'Oklahoma City Northeast (OK)' -- extra word(s) ['academy'] have historically named a DIFFERENT real school in this dataset - needs manual verification,,,C80EE568-9DE3-461B-B890-09FD34C4D52C,2017-11-03,Oklahoma City Northeast Academy (OK),Visitor,www.maxpreps.com,D0695009-B792-4A65-8D52-5505FB3C4D5E,2017-11-03,Oklahoma City Northeast (OK),Visitor,www.maxpreps.com,,,,
280,Pocola (OK),2022,MANUAL_REVIEW,NONE,No heuristic resolved 'Sallisaw Central (OK)' vs 'Marlow Central (OK)',,,0363776D-3667-4EDF-BD01-5E97E3AA54AE,2022-09-30,Sallisaw Central (OK),Home,www.maxpreps.com,17546911-E81E-4FC6-81F6-812FE73DA11B,2022-09-30,Marlow Central (OK),Home,www.maxpreps.com,,,,
284,Panama (OK),2020,MANUAL_REVIEW,NONE,No heuristic resolved 'Sallisaw Central (OK)' vs 'Marlow Central (OK)',,,358E3C28-6CA0-449E-BDD0-E2F9A9FB51CE,2020-09-03,Sallisaw Central (OK),Home,www.maxpreps.com,2B42CBB2-FAB0-4DB0-A691-F022C7BCDA70,2020-09-03,Marlow Central (OK),Home,www.maxpreps.com,,,,
287,Stroud (OK),1970,MANUAL_REVIEW,cluster_size=3,Investigation does not have exactly 2 linked games,,,,,,,,,,,,,,,,
289,Colcord (OK),2021,ALREADY_RESOLVED,missing_row,One or both HS_Scores rows no longer exist (already cleaned up) - just needs `close --status Fixed`,,,,,,,,,,,,,,,,
291,Vian (OK),1937,MANUAL_REVIEW,NONE,No heuristic resolved 'Vinita (OK)' vs 'Kinta (OK)',,,9DBA26F0-76F7-4CD3-87CD-50BDE4418DE5,1937-09-25,Vinita (OK),Home,Times_Record_1937_09_25_10.csv,975241AB-8ECD-42B7-AFDB-E3FE74117C44,1937-09-25,Kinta (OK),Home,Tulsa_World_1937_09_25_14.csv,,,,
292,Sperry (OK),1948,MANUAL_REVIEW,NONE,No heuristic resolved 'Tulsa Will Rogers College B (OK)' vs 'Tulsa Central B (OK)',,,0AF7442D-920D-4EB5-8607-2AB3D465DE9C,1948-10-02,Tulsa Will Rogers College B (OK),Home,Tulsa_World_1948_10_02_15.csv,7D277907-591A-4A40-B27A-7BB4CCA1F139,1948-10-02,Tulsa Central B (OK),Home,Tulsa_World_1948_10_02_15.csv,,,,
294,Frederick (OK),1953,ALREADY_RESOLVED,missing_row,One or both HS_Scores rows no longer exist (already cleaned up) - just needs `close --status Fixed`,,,,,,,,,,,,,,,,
295,Tecumseh (OK),1931,MANUAL_REVIEW,NONE,No heuristic resolved 'Westville (OK)' vs 'Weleetka (OK)',,,EDD4E81F-E5DB-42EB-A4A4-16F8216BD750,1931-10-03,Westville (OK),Visitor,Times_Record_1931_10_03_2 (1).csv,B2477E41-C62A-4BCB-A3F5-5F34F9FB8156,1931-10-03,Weleetka (OK),Visitor,Tulsa_World_1931_10_03_9.csv,,,,
297,Coffeyville South (OK),2003,MANUAL_REVIEW,STATE_MISMATCH,"'Chetopa (KS)' (KS) vs 'Arkoma (OK)' (OK) -- different states, needs manual verification (known recurring confusion pattern in this dataset)",,,4455DA38-4F79-4048-92B4-1CC623004CEF,2003-09-12,Chetopa (KS),Visitor,http://kansasfootballhistory.com,C9992EB9-8B41-456D-970D-301C4EDD98E5,2003-09-13,Arkoma (OK),Visitor,The Daily Oklahoman,,,,
303,Inola (OK),2021,MANUAL_REVIEW,NONE,No heuristic resolved 'Tulsa Central (OK)' vs 'Marlow Central (OK)',,,30F6EE24-66A1-4C75-BE34-ED8A7BA8F373,2021-10-29,Tulsa Central (OK),Home,www.maxpreps.com,B57955FD-A575-41CF-A8F5-FAD6D0EEF18D,2021-10-29,Marlow Central (OK),Home,www.maxpreps.com,,,,
308,Kiefer (OK),1953,MANUAL_REVIEW,NONE,No heuristic resolved 'Oilton (OK)' vs 'Afton (OK)',,,E3E726AF-93E2-4A0E-9FB4-3331D53F7AE6,1953-10-10,Oilton (OK),Home,Times_Record_1953_10_10_8.csv,9C9AB28B-8BBB-49BF-96B4-B23D84FD4DE7,1953-10-10,Afton (OK),Home,Tulsa_World_1953_10_10_14.csv,,,,
309,Okemah (OK),1938,MANUAL_REVIEW,NONE,No heuristic resolved 'Prague (OK)' vs 'Bartlesville (OK)',,,1069A844-5240-44EE-9523-9EC20EB6E4B1,1938-11-12,Prague (OK),Home,Tulsa_World_1938_11_12_14.csv,D32B0A77-FCC7-4AC0-A9B4-AB926C2E50DD,1938-11-12,Bartlesville (OK),Home,Tulsa_World_1938_11_12_14 (1).csv,,,,
313,Tulsa Webster (OK),1949,MANUAL_REVIEW,NONE,No heuristic resolved 'Tulsa Will Rogers College (OK)' vs 'Tulsa Central (OK)',,,D985FC21-F073-443D-8BCC-0AA88F6FF195,1949-09-17,Tulsa Will Rogers College (OK),Visitor,Tulsa_World_1949_09_17_9.csv,0058A021-8299-4564-90E4-A783819D4325,1949-09-17,Tulsa Central (OK),Home,Tulsa_World_1949_09_17_9.csv,,,,
314,Stigler (OK),1935,MANUAL_REVIEW,cluster_size=3,Investigation does not have exactly 2 linked games,,,,,,,,,,,,,,,,
316,Colcord (OK),1938,MANUAL_REVIEW,NONE,No heuristic resolved 'Osage County (OK)' vs 'Oaks-Mission (OK)',,,836A7C5A-D91D-46D0-B866-4066E789B93A,1938-11-12,Osage County (OK),Visitor,Tulsa_World_1938_11_12_14 (1).csv,2D83DC03-5E5C-4923-9468-A12C9E83756F,1938-11-12,Oaks-Mission (OK),Visitor,Tulsa_World_1938_11_12_14.csv,,,,
317,Roland (OK),2022,MANUAL_REVIEW,NONE,No heuristic resolved 'Sallisaw Central (OK)' vs 'Marlow Central (OK)',,,DC39C66B-72B6-4D04-ABB6-79763D5B24CF,2022-09-15,Sallisaw Central (OK),Visitor,www.maxpreps.com,290B9E37-4A31-4CA1-A5C0-F5798DCB2E08,2022-09-15,Marlow Central (OK),Visitor,www.maxpreps.com,,,,
319,Marlow Central (OK),2022,MANUAL_REVIEW,cluster_size=28,Investigation does not have exactly 2 linked games,,,,,,,,,,,,,,,,
321,Dundee (OK),1954,ALREADY_RESOLVED,missing_row,One or both HS_Scores rows no longer exist (already cleaned up) - just needs `close --status Fixed`,,,,,,,,,,,,,,,,
323,Hennessey (OK),1953,MANUAL_REVIEW,STATE_MISMATCH,"'Marshall (AR)' (AR) vs 'Oklahoma City Marshall (OK)' (OK) -- different states, needs manual verification (known recurring confusion pattern in this dataset)",,,8188099E-B2E2-44EF-A3C7-68719CE45632,1953-10-31,Marshall (AR),Visitor,Times_Record_1953_10_31_6.csv,2D099881-E06A-4924-94EF-F8124247890A,1953-10-31,Oklahoma City Marshall (OK),Visitor,Tulsa_World_1953_10_31_14.csv,,,,
324,Hartshorne (OK),1939,MANUAL_REVIEW,STATE_MISMATCH,"'Nash Jones Academy (OK)' (OK) vs 'North Little Rock Jones (AR)' (AR) -- different states, needs manual verification (known recurring confusion pattern in this dataset)",,,D73C6246-0AFB-427A-9852-3870E169583E,1939-10-21,Nash Jones Academy (OK),Home,Tulsa_World_1939_10_21_11.csv,CC8C9DD2-9D3A-4B7D-B14D-772FA8239089,1939-10-21,North Little Rock Jones (AR),Home,Times_Record_1939_10_21_3 (1).csv,,,,
327,Pryor (OK),1929,MANUAL_REVIEW,SUBSTRING_BUT_RISKY_QUALIFIER,'Delaware Nowata County (OK)' / 'Delaware (OK)' -- extra word(s) ['county'] have historically named a DIFFERENT real school in this dataset - needs manual verification,,,82EB1704-40B0-4670-BEF5-26A6617DA09D,1929-11-16,Delaware Nowata County (OK),Home,Times_Record_1929_11_16_4.csv,CA385A24-B3CB-4E4D-8796-93FA57CDE8FE,1929-11-16,Delaware (OK),Home,Tulsa_World_1929_11_16_20.csv,,,,
331,Tulsa McLain Science & Tech (OK),2020,MANUAL_REVIEW,NONE,No heuristic resolved 'Tulsa Central (OK)' vs 'Marlow Central (OK)',,,B1953948-CD92-49F9-946C-2F50832B79F0,2020-08-29,Tulsa Central (OK),Home,www.maxpreps.com,04F16583-3DF5-4295-A147-83F5A0F70E73,2020-08-29,Marlow Central (OK),Home,www.maxpreps.com,,,,
333,Weleetka (OK),1938,MANUAL_REVIEW,NONE,No heuristic resolved 'New Lima Seminole County (OK)' vs 'Allen (OK)',,,4499E2A3-104C-4701-9E91-0112539D3449,1938-10-01,New Lima Seminole County (OK),Home,Tulsa_World_1938_10_01_12.csv,0839446F-F8EB-4382-9F1D-DEFD29BAE032,1938-10-01,Allen (OK),Visitor,Tulsa_World_1938_10_01_12.csv,,,,
334,El Reno (OK),1962,MANUAL_REVIEW,STATE_MISMATCH,"'Alva (OK)' (OK) vs 'Kiowa (KS)' (KS) -- different states, needs manual verification (known recurring confusion pattern in this dataset)",,,6466C773-4436-4CB3-9083-2573CD69B5D2,1962-11-17,Alva (OK),Home,The_Tulsa_Tribune_1962_11_17_5.csv,65582FA1-1D60-4460-B086-7293D5049EB9,1962-11-17,Kiowa (KS),Home,The_Tulsa_Tribune_1962_11_17_5.csv,,,,
337,Oklahoma City Patriots HomeSchool (OK),2023,MANUAL_REVIEW,cluster_size=3,Investigation does not have exactly 2 linked games,,,,,,,,,,,,,,,,
338,Crescent (OK),1955,MANUAL_REVIEW,STATE_MISMATCH,"'Oklahoma City Marshall (OK)' (OK) vs 'Marshall (AR)' (AR) -- different states, needs manual verification (known recurring confusion pattern in this dataset)",,,D5418E8E-C2E8-4DBC-A4F2-48677CE98616,1955-10-15,Oklahoma City Marshall (OK),Home,Tulsa_World_1955_10_15_13.csv,F8D8498C-5FB3-4E30-9F6D-E5891ABE459A,1955-10-15,Marshall (AR),Home,Times_Record_1955_10_15_5.csv,,,,
339,Oklahoma City Casady (OK),2021,MANUAL_REVIEW,cluster_size=4,Investigation does not have exactly 2 linked games,,,,,,,,,,,,,,,,
340,Comanche (OK),2016,MANUAL_REVIEW,NONE,No heuristic resolved 'Velma-Alma (OK)' vs 'Walters (OK)',,,94EE0616-A14A-47B8-BCB6-93D302DDBF49,2016-09-17,Velma-Alma (OK),Visitor,www.maxpreps.com,E03AA213-E521-49C4-90B8-B360FE85AA4D,2016-09-16,Walters (OK),Home,www.maxpreps.com,,,,
341,Oklahoma City Putnam City (OK),1971,MANUAL_REVIEW,NONE,No heuristic resolved 'Oklahoma City Northeast (OK)' vs 'Oklahoma City Northwest (OK)',,,37798F44-697F-4B16-9AC1-4DA46A5853F3,1971-11-06,Oklahoma City Northeast (OK),Home,Tulsa_World_1971_11_06_24.csv,B400C6F9-9CFB-49AD-A1EB-D0C7DBF0066E,1971-11-06,Oklahoma City Northwest (OK),Home,Tulsa_World_1971_11_06_24.csv,,,,
345,Bowlegs (OK),1931,MANUAL_REVIEW,NONE,No heuristic resolved 'New Lima Seminole County (OK)' vs 'Newkirk (OK)',,,01CC498F-912A-4BA4-853B-324E81A412AA,1931-10-31,New Lima Seminole County (OK),Visitor,Tulsa_World_1931_10_31_13.csv,9E2230E1-727C-470A-B347-865F84DE3F98,1931-10-31,Newkirk (OK),Visitor,Times_Record_1931_10_31_3 (1).csv,,,,
346,Tulsa Will Rogers College (OK),1951,MANUAL_REVIEW,NONE,No heuristic resolved 'Tulsa Webster (OK)' vs 'Tulsa Central (OK)',,,34FCDE41-CE4C-44D3-9D21-35E2098828D1,1951-09-22,Tulsa Webster (OK),Visitor,Tulsa_World_1951_09_22_8.csv,CBF08B9D-2EB8-49A7-835B-C2282DD0AB26,1951-09-22,Tulsa Central (OK),Home,Tulsa_World_1951_09_22_8.csv,,,,
347,Covington (OK),1955,MANUAL_REVIEW,STATE_MISMATCH,"'Marshall (AR)' (AR) vs 'Oklahoma City Marshall (OK)' (OK) -- different states, needs manual verification (known recurring confusion pattern in this dataset)",,,34294D88-270A-400A-8BD5-325971DC53FB,1955-11-05,Marshall (AR),Home,Times_Record_1955_11_05_5.csv,E47CA2CD-07D0-4C0C-9425-A51CCD850010,1955-11-05,Oklahoma City Marshall (OK),Home,Tulsa_World_1955_11_05_9.csv,,,,
351,Stigler (OK),1941,MANUAL_REVIEW,NONE,No heuristic resolved 'Broken Bow (OK)' vs 'Broken Arrow (OK)',,,8235E05F-9AC3-42A5-A01D-2D6764C4B8BB,1941-11-15,Broken Bow (OK),Visitor,Tulsa_World_1941_11_15_13.csv,DCA7B92C-09C7-4D8C-87BF-431685C9E679,1941-11-15,Broken Arrow (OK),Home,Times_Record_1941_11_15_3.csv,,,,
355,Warner (OK),2020,MANUAL_REVIEW,NONE,No heuristic resolved 'Sallisaw Central (OK)' vs 'Marlow Central (OK)',,,51894A84-9269-44FD-B127-48CB97D796BB,2020-10-09,Sallisaw Central (OK),Home,www.maxpreps.com,2E9D55DF-E572-4943-924B-EBF625A45936,2020-10-09,Marlow Central (OK),Home,www.maxpreps.com,,,,
358,Anadarko (OK),1954,MANUAL_REVIEW,cluster_size=4,Investigation does not have exactly 2 linked games,,,,,,,,,,,,,,,,
360,Fox (OK),1953,ALREADY_RESOLVED,missing_row,One or both HS_Scores rows no longer exist (already cleaned up) - just needs `close --status Fixed`,,,,,,,,,,,,,,,,
362,Tulsa Will Rogers College (OK),1947,MANUAL_REVIEW,NONE,No heuristic resolved 'Tulsa Webster (OK)' vs 'Tulsa Central (OK)',,,06946B4A-EC85-48C6-907F-4C29D88B7B8E,1947-09-20,Tulsa Webster (OK),Visitor,Tulsa_World_1947_09_20_13.csv,4F3F1A0D-4751-4E8E-96A5-6EEB87A10F22,1947-09-20,Tulsa Central (OK),Visitor,Tulsa_World_1947_09_20_13.csv,,,,
363,Wynnewood (OK),1947,MANUAL_REVIEW,NONE,No heuristic resolved 'Elmore City-Pernell (OK)' vs 'Purcell (OK)',,,CA9F2B34-CAF0-4DA4-8434-12CDDEC7C4D8,1947-10-03,Elmore City-Pernell (OK),Visitor,https://www.newspapers.com/image/715424545,D619E9CA-3CBA-4055-B96B-E7805BC99D51,1947-10-04,Purcell (OK),Visitor,Tulsa_World_1947_10_04_10.csv,,,,
367,Claremore Sequoyah (OK),1939,MANUAL_REVIEW,STATE_MISMATCH,"'North Little Rock Jones (AR)' (AR) vs 'Nash Jones Academy (OK)' (OK) -- different states, needs manual verification (known recurring confusion pattern in this dataset)",,,B0F087F3-BA6B-4307-A97F-8C0D72FDB354,1939-10-28,North Little Rock Jones (AR),Home,Times_Record_1939_10_28_3.csv,A652B75F-3647-4E6A-B25D-A87B807100DB,1939-10-28,Nash Jones Academy (OK),Home,Tulsa_World_1939_10_28_11.csv,,,,
368,Tulsa Regent Prep (OK),2014,MANUAL_REVIEW,NONE,No heuristic resolved 'Choctaw Life Christian (OK)' vs 'Oklahoma City Life Christian (OK)',,,A6537EC2-2E7B-49C2-9CAC-0720101D6DF3,2014-10-10,Choctaw Life Christian (OK),Home,www.maxpreps.com,F168D0EB-C2FD-405F-B51F-323FC2AD3116,2014-10-10,Oklahoma City Life Christian (OK),Visitor,www.maxpreps.com,,,,
373,Cashion (OK),2018,MANUAL_REVIEW,SUBSTRING_BUT_RISKY_QUALIFIER,'Oklahoma City Northeast Academy (OK)' / 'Oklahoma City Northeast (OK)' -- extra word(s) ['academy'] have historically named a DIFFERENT real school in this dataset - needs manual verification,,,73717A3F-749D-4E38-8DFF-0618AE14229C,2018-09-07,Oklahoma City Northeast Academy (OK),Visitor,www.maxpreps.com,D74C7A43-0CA7-49E4-A7B2-AB1D6559BDBE,2018-09-07,Oklahoma City Northeast (OK),Visitor,www.maxpreps.com,,,,
375,Eucha Cross Christian Academy (OK),2023,MANUAL_REVIEW,STATE_MISMATCH,"'Moore Southwest Christian Academy (OK)' (OK) vs 'Little Rock Southwest Christian Academy (AR)' (AR) -- different states, needs manual verification (known recurring confusion pattern in this dataset)",,,F67DDAB4-533C-4A48-95D2-06F8CF1EE729,2023-11-10,Moore Southwest Christian Academy (OK),Home,www.maxpreps.com,F30E45A2-7FF1-49B7-91D2-846411847F3F,2023-11-10,Little Rock Southwest Christian Academy (AR),Visitor,www.maxpreps.com,,,,
377,Mangum (OK),1933,ALREADY_RESOLVED,missing_row,One or both HS_Scores rows no longer exist (already cleaned up) - just needs `close --status Fixed`,,,,,,,,,,,,,,,,
380,Okemah (OK),1970,MANUAL_REVIEW,NONE,No heuristic resolved 'Stroud (OK)' vs 'Westville (OK)',,,59CA8550-DC68-4B91-87B9-23BCB4903134,1970-12-05,Stroud (OK),Visitor,The_Daily_Oklahoman_1970_12_05_25.csv,B9BE4CB9-5986-40B1-B677-417FDADEC591,1970-12-05,Westville (OK),Visitor,The_Daily_Oklahoman_1970_12_05_25.csv,,,,
381,Vian (OK),1938,MANUAL_REVIEW,NONE,No heuristic resolved 'Vinita (OK)' vs 'Kinta (OK)',,,5B02406A-66EA-4B4F-A51F-54486CA981EC,1938-09-24,Vinita (OK),Home,Times_Record_1938_09_24_3.csv,015FE268-DD67-4E01-8544-D186B127412A,1938-09-24,Kinta (OK),Visitor,Tulsa_World_1938_09_24_14 (1).csv,,,,
382,Miami (OK),1971,MANUAL_REVIEW,SUBSTRING_UNKNOWN_QUALIFIER,'Joplin Memorial (MO)' / 'Joplin (MO)' -- extra word(s) ['memorial'] not in the safe-filler or risky list - needs manual verification,,,A60CF914-82BF-4701-A5DA-BB3F7EEF816D,1971-10-01,Joplin Memorial (MO),Home,02 Oct 1971 - Page 6 - St. Louis Post-Dispatch at Newspapers.com#http://02 Oct 1971 - Page 6 - St. Louis Post-Dispatch at Newspapers.com#,5F19A6C4-DCC7-44FB-8D70-D095219550D1,1971-10-02,Joplin (MO),Home,Tulsa_World_1971_10_02_22.csv,,,,
383,Tulsa Cascia Hall (OK),1933,MANUAL_REVIEW,SUBSTRING_UNKNOWN_QUALIFIER,'Perry (OK)' / 'Sperry (OK)' -- extra word(s) ['sperry'] not in the safe-filler or risky list - needs manual verification,,,83BACA83-A807-4ABD-9C7C-03C648140B98,1933-10-21,Perry (OK),Home,Times_Record_1933_10_21_5 (2).csv,EADF7649-FA46-4C9B-8419-C6D6DFA89265,1933-10-21,Sperry (OK),Home,Muskogee_Daily_Phoenix_and_Times_Democrat_1933_10_21_6.csv,,,,
386,Bixby (OK),1937,MANUAL_REVIEW,SUBSTRING_UNKNOWN_QUALIFIER,'Tulsa Clinton (OK)' / 'Clinton (OK)' -- extra word(s) ['tulsa'] not in the safe-filler or risky list - needs manual verification,,,54424E40-4F4E-477C-9D11-2C24313E58DB,1937-10-02,Tulsa Clinton (OK),Visitor,Times_Record_1937_10_02_10 (1).csv,E492D01E-CD50-4695-9F17-420562356E40,1937-10-02,Clinton (OK),Visitor,Tulsa_World_1937_10_02_11.csv,,,,
388,Checotah (OK),1936,MANUAL_REVIEW,anchor_name_no_exact_match,AnchorTeam string didn't exactly match Home/Visitor on one or both rows,,,9BD92D98-D9E3-48CD-A808-C57275B3A6DF,1936-10-31,,,Times_Record_1936_10_31_10.csv,E7C1BBAA-2401-49AC-A092-C833D5BB5284,1936-10-31,,,Muskogee_Daily_Phoenix_and_Times_Democrat_1936_10_31_8.csv,Stilwell (OK),Checotah (OK),Lawton (OK),Chickasha (OK)
392,Healdton (OK),1933,ALREADY_RESOLVED,missing_row,One or both HS_Scores rows no longer exist (already cleaned up) - just needs `close --status Fixed`,,,,,,,,,,,,,,,,
395,Tulsa McLain Science & Tech (OK),2021,MANUAL_REVIEW,NONE,No heuristic resolved 'Tulsa Central (OK)' vs 'Marlow Central (OK)',,,E97D738F-9D67-431A-AC4B-AECCF6CD0B59,2021-08-27,Tulsa Central (OK),Visitor,www.maxpreps.com,586EDAA2-8480-4F71-8AA0-E8AEA944BB0E,2021-08-27,Marlow Central (OK),Visitor,www.maxpreps.com,,,,
396,Spiro (OK),1973,MANUAL_REVIEW,NONE,No heuristic resolved 'Carnegie (OK)' vs 'Poteau (OK)',,,E6C0CAE2-71E9-400C-A173-3B2A73277D1F,1973-09-29,Carnegie (OK),Home,Tulsa_World_1973_09_29_28.csv,1F50A87C-DEE7-4CE7-AC1D-6B84F1B26600,1973-09-29,Poteau (OK),Home,Tulsa_World_1973_09_29_28.csv,,,,
397,Ada (OK),2014,MANUAL_REVIEW,STATE_MISMATCH,"'Weatherford (TX)' (TX) vs 'Weatherford (OK)' (OK) -- different states, needs manual verification (known recurring confusion pattern in this dataset)",,,2179AB11-E587-425F-A0D8-8620B7DBA28E,2014-11-14,Weatherford (TX),Home,www.maxpreps.com,207BFBFD-6F14-4DC7-B4B2-A3004461F3A2,2014-11-14,Weatherford (OK),Home,www.maxpreps.com,,,,
398,Stigler (OK),1964,MANUAL_REVIEW,STATE_MISMATCH,"'Heavener (OK)' (OK) vs 'Heavener (GA)' (GA) -- different states, needs manual verification (known recurring confusion pattern in this dataset)",,,2B466CE9-0B95-4DA5-B440-7C44241644B8,1964-11-07,Heavener (OK),Home,Times_Record_1964_11_07_6.csv,AF708409-973D-49C3-8F53-7FD008C83646,1964-11-07,Heavener (GA),Home,The_Daily_Oklahoman_1964_11_07_19.csv,,,,
399,Tishomingo (OK),1933,ALREADY_RESOLVED,missing_row,One or both HS_Scores rows no longer exist (already cleaned up) - just needs `close --status Fixed`,,,,,,,,,,,,,,,,
403,Quinton (OK),2019,MANUAL_REVIEW,NONE,No heuristic resolved 'Bunch Cave Springs (OK)' vs 'Wellston (OK)',,,D4AB3B3F-5786-4773-AEBD-0C29FBAF2FB2,2019-10-03,Bunch Cave Springs (OK),Home,www.maxpreps.com,28A8BD94-7E2F-4412-8CAB-29006013B342,2019-10-01,Wellston (OK),Visitor,www.maxpreps.com,,,,
404,Mangum (OK),1953,ALREADY_RESOLVED,missing_row,One or both HS_Scores rows no longer exist (already cleaned up) - just needs `close --status Fixed`,,,,,,,,,,,,,,,,
405,South Coffeyville Oklahoma Union (OK),2011,MANUAL_REVIEW,STATE_MISMATCH,"'Beebe Lighthouse Christian Academy (AR)' (AR) vs 'Springfield Lighthouse Christian (MO)' (MO) -- different states, needs manual verification (known recurring confusion pattern in this dataset)",,,BB44B34B-49F8-4CEC-B44E-0173B8352624,2011-10-29,Beebe Lighthouse Christian Academy (AR),Visitor,www.maxpreps.com,B536C665-A03B-4465-A3A8-99FD73B2FF77,2011-10-29,Springfield Lighthouse Christian (MO),Home,www.maxpreps.com,,,,
408,Heavener (OK),1933,MANUAL_REVIEW,cluster_size=4,Investigation does not have exactly 2 linked games,,,,,,,,,,,,,,,,
409,Newkirk (OK),1954,MANUAL_REVIEW,cluster_size=3,Investigation does not have exactly 2 linked games,,,,,,,,,,,,,,,,
410,Oklahoma City Patriots HomeSchool (OK),2022,MANUAL_REVIEW,cluster_size=4,Investigation does not have exactly 2 linked games,,,,,,,,,,,,,,,,
411,Tulsa Holland Hall (OK),2021,MANUAL_REVIEW,cluster_size=16,Investigation does not have exactly 2 linked games,,,,,,,,,,,,,,,,
412,Mounds Liberty (OK),2019,MANUAL_REVIEW,cluster_size=4,Investigation does not have exactly 2 linked games,,,,,,,,,,,,,,,,
414,Oklahoma City Capitol Hill (OK),1933,MANUAL_REVIEW,STATE_MISMATCH,"'Shawnee (OK)' (OK) vs 'Joiner Shawnee (AR)' (AR) -- different states, needs manual verification (known recurring confusion pattern in this dataset)",,,527ADDA1-3C95-46B8-98C2-0EA9310F9F0B,1933-10-28,Shawnee (OK),Home,Muskogee_Daily_Phoenix_and_Times_Democrat_1933_10_28_7.csv,7944369F-7EB9-488F-8757-30306F95F53C,1933-10-28,Joiner Shawnee (AR),Home,Times_Record_1933_10_28_3 (1).csv,,,,
416,Meeker (OK),2017,MANUAL_REVIEW,SUBSTRING_BUT_RISKY_QUALIFIER,'Oklahoma City Northeast (OK)' / 'Oklahoma City Northeast Academy (OK)' -- extra word(s) ['academy'] have historically named a DIFFERENT real school in this dataset - needs manual verification,,,5101861A-B339-45A8-8C1F-5060F2E4284B,2017-10-05,Oklahoma City Northeast (OK),Visitor,www.maxpreps.com,3A1D39DE-6EB4-47A4-8F9D-6D27668C151F,2017-10-05,Oklahoma City Northeast Academy (OK),Visitor,www.maxpreps.com,,,,
418,Oklahoma City Central (OK),1939,MANUAL_REVIEW,STATE_MISMATCH,"'Joiner Shawnee (AR)' (AR) vs 'Shawnee (OK)' (OK) -- different states, needs manual verification (known recurring confusion pattern in this dataset)",,,B87455AE-9347-4330-BFD9-BF25FB259280,1939-11-11,Joiner Shawnee (AR),Home,Times_Record_1939_11_11_3.csv,3D8A0F23-8F23-450B-84EE-FCC68804FB10,1939-11-11,Shawnee (OK),Home,Tulsa_World_1939_11_11_11.csv,,,,
420,Ada (OK),1954,MANUAL_REVIEW,cluster_size=4,Investigation does not have exactly 2 linked games,,,,,,,,,,,,,,,,
421,Sapulpa (OK),1944,MANUAL_REVIEW,NONE,No heuristic resolved 'Oklahoma City Central (OK)' vs 'Tulsa Central (OK)',,,2F667D1A-712B-45FE-9674-76EE2EB00FA0,1944-10-28,Oklahoma City Central (OK),Visitor,Tulsa_World_1944_10_28_8.csv,53330BE6-2764-4358-AE45-E5F5C86940FF,1944-10-28,Tulsa Central (OK),Visitor,Times_Record_1944_10_28_8.csv,,,,
424,Pocola (OK),2020,MANUAL_REVIEW,NONE,No heuristic resolved 'Marlow Central (OK)' vs 'Sallisaw Central (OK)',,,ABBCE1F8-8193-4391-B09F-75A62445B4FB,2020-09-11,Marlow Central (OK),Home,www.maxpreps.com,AA262C69-DC18-40BB-B4C5-8FDA783AEC21,2020-09-11,Sallisaw Central (OK),Home,www.maxpreps.com,,,,
426,Ardmore (OK),1927,MANUAL_REVIEW,cluster_size=4,Investigation does not have exactly 2 linked games,,,,,,,,,,,,,,,,
427,Newkirk (OK),1951,MANUAL_REVIEW,NONE,No heuristic resolved 'Fairfax (OK)' vs 'Fairland (OK)',,,964F598E-7B92-4863-91D7-9CB551AD9A22,1951-10-06,Fairfax (OK),Visitor,Tulsa_World_1951_10_06_12 (1).csv,0265C1A7-3868-4C9A-9734-9CEFE20D5645,1951-10-06,Fairland (OK),Visitor,Tulsa_World_1951_10_06_12.csv,,,,
428,Oklahoma City Patriots HomeSchool (OK),2019,MANUAL_REVIEW,cluster_size=7,Investigation does not have exactly 2 linked games,,,,,,,,,,,,,,,,
429,Claremore Sequoyah (OK),2019,MANUAL_REVIEW,cluster_size=4,Investigation does not have exactly 2 linked games,,,,,,,,,,,,,,,,
430,Jay (OK),2022,ALREADY_RESOLVED,missing_row,One or both HS_Scores rows no longer exist (already cleaned up) - just needs `close --status Fixed`,,,,,,,,,,,,,,,,
431,Haskell (OK),2023,MANUAL_REVIEW,NONE,No heuristic resolved 'Sallisaw Central (OK)' vs 'Marlow Central (OK)',,,73F9352C-17BB-4A8D-AA0E-6813AED9DC60,2023-09-22,Sallisaw Central (OK),Home,www.maxpreps.com,D6BF0542-18DC-40A3-89BF-E1AE0EA3EA13,2023-09-22,Marlow Central (OK),Home,www.maxpreps.com,,,,
433,Oklahoma City Douglass (OK),2017,MANUAL_REVIEW,SUBSTRING_BUT_RISKY_QUALIFIER,'Oklahoma City Northeast Academy (OK)' / 'Oklahoma City Northeast (OK)' -- extra word(s) ['academy'] have historically named a DIFFERENT real school in this dataset - needs manual verification,,,5FEDF600-3190-4B91-AED3-46A0B56F96D3,2017-09-01,Oklahoma City Northeast Academy (OK),Home,www.maxpreps.com,E0A31647-2FF4-43B6-995D-D964591F7EE8,2017-09-01,Oklahoma City Northeast (OK),Home,www.maxpreps.com,,,,
436,Coweta (OK),2020,MANUAL_REVIEW,STATE_MISMATCH,"'Frontenac (OK)' (OK) vs 'Frontenac (KS)' (KS) -- different states, needs manual verification (known recurring confusion pattern in this dataset)",,,22BD84A9-2B89-4EC8-8FA7-138916C2FE49,2020-09-11,Frontenac (OK),Visitor,www.maxpreps.com,F426A9A6-3936-4907-A3C1-524FC36F95C6,2020-09-11,Frontenac (KS),Home,www.maxpreps.com,,,,
439,Moore (OK),1951,MANUAL_REVIEW,NONE,No heuristic resolved 'Oklahoma City Marshall (OK)' vs 'Oklahoma City John Marshall (OK)',,,DD87DF57-29B7-44CF-A713-282D212C6BC4,1951-10-20,Oklahoma City Marshall (OK),Visitor,Tulsa_World_1951_10_20_16.csv,DDA35A8C-0B16-4D7C-AE17-CE088435A693,1951-10-20,Oklahoma City John Marshall (OK),Visitor,Times_Record_1951_10_20_6.csv,,,,
445,Tulsa Cascia Hall (OK),2022,ALREADY_RESOLVED,missing_row,One or both HS_Scores rows no longer exist (already cleaned up) - just needs `close --status Fixed`,,,,,,,,,,,,,,,,
446,Oklahoma City Central (OK),1936,MANUAL_REVIEW,STATE_MISMATCH,"'Shawnee (OK)' (OK) vs 'Joiner Shawnee (AR)' (AR) -- different states, needs manual verification (known recurring confusion pattern in this dataset)",,,CEA301A6-F4DB-4E6E-94DD-0782904933D6,1936-11-14,Shawnee (OK),Home,Muskogee_Daily_Phoenix_and_Times_Democrat_1936_11_14_8.csv,DB0A1FFC-E2A8-4C76-9889-3CD214679AE0,1936-11-14,Joiner Shawnee (AR),Home,Times_Record_1936_11_14_8 (1).csv,,,,
449,Beaver (OK),1953,ALREADY_RESOLVED,missing_row,One or both HS_Scores rows no longer exist (already cleaned up) - just needs `close --status Fixed`,,,,,,,,,,,,,,,,
453,Waurika (OK),1954,MANUAL_REVIEW,SUBSTRING_BUT_RISKY_QUALIFIER,'Marlow Central (OK)' / 'Marlow (OK)' -- extra word(s) ['central'] have historically named a DIFFERENT real school in this dataset - needs manual verification,,,E4AE7790-E649-4983-AD72-38CC6C07D313,1954-10-30,Marlow Central (OK),Visitor,Tulsa_World_1954_10_30_12.csv,255BC305-79DC-4182-B2AD-D9BE5D3D237D,1954-10-30,Marlow (OK),Visitor,Times_Record_1954_10_30_6.csv,,,,
456,Tulsa Webster (OK),1952,MANUAL_REVIEW,NONE,No heuristic resolved 'Tulsa Central (OK)' vs 'Tulsa Will Rogers College (OK)',,,25F02C9C-A2AB-4BB5-90E5-145A0E4267C0,1952-09-20,Tulsa Central (OK),Visitor,Tulsa_World_1952_09_20_11.csv,A0733324-103E-40F4-B8F2-5B9DCD7E626F,1952-09-20,Tulsa Will Rogers College (OK),Visitor,Tulsa_World_1952_09_20_11.csv,,,,
457,Claremore Christian (OK),2018,MANUAL_REVIEW,NONE,No heuristic resolved 'Oklahoma City Life Christian (OK)' vs 'Choctaw Life Christian (OK)',,,B4F2DFC8-8B2F-4C84-884C-2168AAF22E89,2018-10-19,Oklahoma City Life Christian (OK),Visitor,www.maxpreps.com,8050CAF8-C660-4A71-9215-2F431C3864B1,2018-10-19,Choctaw Life Christian (OK),Visitor,www.maxpreps.com,,,,
458,Pawnee (OK),1970,MANUAL_REVIEW,cluster_size=4,Investigation does not have exactly 2 linked games,,,,,,,,,,,,,,,,
459,Edmond Oklahoma Christian Academy (OK),2005,MANUAL_REVIEW,cluster_size=12,Investigation does not have exactly 2 linked games,,,,,,,,,,,,,,,,
460,Hennessey (OK),1954,MANUAL_REVIEW,STATE_MISMATCH,"'Oklahoma City Marshall (OK)' (OK) vs 'Marshall (AR)' (AR) -- different states, needs manual verification (known recurring confusion pattern in this dataset)",,,F67B5006-68E2-48D3-9997-5E96C16F5035,1954-10-30,Oklahoma City Marshall (OK),Home,Tulsa_World_1954_10_30_12.csv,42E35822-F878-4147-84EA-6A255F5B4606,1954-10-30,Marshall (AR),Home,Times_Record_1954_10_30_6.csv,,,,
469,Enid (OK),1931,AUTO,H1_IDENTICAL_AFTER_NORMALIZE,'Chickasha (OK)' and 'Chickasha (OK)' are the same name after normalization (same state),ABA14B85-0AC4-4447-8BF2-4A1D69F5EB0C,D63B7E7F-C87B-447A-BA0E-F24274FC5F52,ABA14B85-0AC4-4447-8BF2-4A1D69F5EB0C,1931-10-10,Chickasha (OK),Visitor,Times_Record_1931_10_10_4.csv,D63B7E7F-C87B-447A-BA0E-F24274FC5F52,1931-10-10,Chickasha (OK),Home,Muskogee_Daily_Phoenix_and_Times_Democrat_1931_10_10_6.csv,,,,
470,Claremore Verdigris (OK),2021,ALREADY_RESOLVED,missing_row,One or both HS_Scores rows no longer exist (already cleaned up) - just needs `close --status Fixed`,,,,,,,,,,,,,,,,
473,Kremlin-Hillsdale (OK),2019,MANUAL_REVIEW,cluster_size=4,Investigation does not have exactly 2 linked games,,,,,,,,,,,,,,,,
477,Okmulgee (OK),2017,MANUAL_REVIEW,SUBSTRING_BUT_RISKY_QUALIFIER,'Oklahoma City Northeast (OK)' / 'Oklahoma City Northeast Academy (OK)' -- extra word(s) ['academy'] have historically named a DIFFERENT real school in this dataset - needs manual verification,,,AFDA61AA-CCFC-4018-A027-7E002D94E8FD,2017-09-15,Oklahoma City Northeast (OK),Visitor,www.maxpreps.com,FD29F3C6-F812-4495-A087-CB226B8C1EA7,2017-09-15,Oklahoma City Northeast Academy (OK),Visitor,www.maxpreps.com,,,,
479,Oklahoma School for the Deaf (OK),2017,MANUAL_REVIEW,cluster_size=4,Investigation does not have exactly 2 linked games,,,,,,,,,,,,,,,,
481,Newkirk (OK),1974,MANUAL_REVIEW,NONE,No heuristic resolved 'Tonkawa (OK)' vs 'Wayne (OK)',,,BD2A843F-DDCE-47CA-A038-5A47A36346E0,1974-10-05,Tonkawa (OK),Home,Tulsa_World_1974_10_05_27.csv,0DD1ECED-7130-40DE-94A0-B99D042138E1,1974-10-05,Wayne (OK),Visitor,The_Lawton_Constitution_1974_10_05_Page_21.csv,,,,
484,El Reno (OK),1943,ALREADY_RESOLVED,missing_row,One or both HS_Scores rows no longer exist (already cleaned up) - just needs `close --status Fixed`,,,,,,,,,,,,,,,,
486,Heavener (OK),2022,ALREADY_RESOLVED,missing_row,One or both HS_Scores rows no longer exist (already cleaned up) - just needs `close --status Fixed`,,,,,,,,,,,,,,,,
490,Anadarko (OK),1931,MANUAL_REVIEW,cluster_size=4,Investigation does not have exactly 2 linked games,,,,,,,,,,,,,,,,
491,Guthrie (OK),1969,MANUAL_REVIEW,SUBSTRING_UNKNOWN_QUALIFIER,"'Midwest City Carl Albert (OK)' / 'Midwest City (OK)' -- extra word(s) ['albert', 'carl'] not in the safe-filler or risky list - needs manual verification",,,34F70430-7679-404F-8936-223D5B8F7C60,1969-10-18,Midwest City Carl Albert (OK),Visitor,Times_Record_1969_10_18_17.csv,1AE9060C-D65B-4DB1-98FD-2D30E4C8C174,1969-10-18,Midwest City (OK),Visitor,Tulsa_World_1969_10_18_23.csv,,,,
501,Tulsa Lincoln Christian (OK),2019,MANUAL_REVIEW,cluster_size=5,Investigation does not have exactly 2 linked games,,,,,,,,,,,,,,,,
502,Idabel (OK),1929,MANUAL_REVIEW,NONE,No heuristic resolved 'Broken Arrow (OK)' vs 'Broken Bow (OK)',,,F5C3639B-4206-4EF1-9544-CFF2CAC4ACF2,1929-11-29,Broken Arrow (OK),Visitor,Times_Record_1929_11_29_16 (2).csv,D3ABE211-3A5E-4606-A483-F055A6E8AB8D,1929-11-29,Broken Bow (OK),Visitor,Tulsa_World_1929_11_29_29 (1).csv,,,,
503,Minco (OK),1973,MANUAL_REVIEW,STATE_MISMATCH,"'Jonesboro Nettleton (AR)' (AR) vs 'Newcastle (OK)' (OK) -- different states, needs manual verification (known recurring confusion pattern in this dataset)",,,90AA1264-FC37-4A1F-8592-DBAF3C719F31,1973-11-10,Jonesboro Nettleton (AR),Visitor,Times_Record_1973_11_10_16.csv,2836F676-4281-412F-B3DE-F8E2FF02061C,1973-11-10,Newcastle (OK),Visitor,Tulsa_World_1973_11_10_29.csv,,,,
504,Lawton MacArthur (OK),2011,MANUAL_REVIEW,NONE,No heuristic resolved 'Edmond Deer Creek (OK)' vs 'El Reno (OK)',,,C445C78F-352B-4802-AB72-154101CF5845,2011-11-11,Edmond Deer Creek (OK),Home,www.maxpreps.com,9D60BFFF-28B8-4EAA-8B87-DCCDA9C52E35,2011-11-11,El Reno (OK),Visitor,www.maxpreps.com,,,,
505,Canton (OK),1933,ALREADY_RESOLVED,missing_row,One or both HS_Scores rows no longer exist (already cleaned up) - just needs `close --status Fixed`,,,,,,,,,,,,,,,,
506,Covington (OK),1953,MANUAL_REVIEW,STATE_MISMATCH,"'Marshall (AR)' (AR) vs 'Oklahoma City Marshall (OK)' (OK) -- different states, needs manual verification (known recurring confusion pattern in this dataset)",,,9307CB20-7029-4C68-9AF6-0F06DFCF5898,1953-11-14,Marshall (AR),Visitor,Times_Record_1953_11_14_8.csv,D28613E0-E3D5-41E2-A0AE-9274AA3031DE,1953-11-14,Oklahoma City Marshall (OK),Visitor,Tulsa_World_1953_11_14_19.csv,,,,
510,Porter (OK),2021,ALREADY_RESOLVED,missing_row,One or both HS_Scores rows no longer exist (already cleaned up) - just needs `close --status Fixed`,,,,,,,,,,,,,,,,
511,Tulsa Memorial (OK),2021,ALREADY_RESOLVED,missing_row,One or both HS_Scores rows no longer exist (already cleaned up) - just needs `close --status Fixed`,,,,,,,,,,,,,,,,
513,Oklahoma City Crooked Oak (OK),2015,MANUAL_REVIEW,SUBSTRING_BUT_RISKY_QUALIFIER,'Oklahoma City Northeast (OK)' / 'Oklahoma City Northeast Academy (OK)' -- extra word(s) ['academy'] have historically named a DIFFERENT real school in this dataset - needs manual verification,,,8DCB34A0-1A2A-4F78-9B06-E201D5AF5F4E,2015-10-30,Oklahoma City Northeast (OK),Visitor,www.maxpreps.com,38972966-E984-4F61-82BF-F00B84E0ED40,2015-10-30,Oklahoma City Northeast Academy (OK),Home,www.maxpreps.com,,,,
523,Enid Chisholm (OK),2024,MANUAL_REVIEW,SUBSTRING_UNKNOWN_QUALIFIER,'Newkirk-Shidler (OK)' / 'Newkirk (OK)' -- extra word(s) ['shidler'] not in the safe-filler or risky list - needs manual verification,,,3BB1BA2A-C910-4D04-A574-188CF135996B,2024-09-12,Newkirk-Shidler (OK),Visitor,https://www.maxpreps.com/ok/enid/chisholm-longhorns/football/schedule/,E9C1FAB8-82ED-4112-BBF9-C94E1244B958,2024-09-12,Newkirk (OK),Visitor,https://www.maxpreps.com/ok/enid/chisholm-longhorns/football/schedule/,,,,
525,Ada (OK),2003,MANUAL_REVIEW,cluster_size=8,Investigation does not have exactly 2 linked games,,,,,,,,,,,,,,,,
526,Norman (OK),1930,MANUAL_REVIEW,STATE_MISMATCH,"'Shawnee (OK)' (OK) vs 'Joiner Shawnee (AR)' (AR) -- different states, needs manual verification (known recurring confusion pattern in this dataset)",,,4F26074F-7E19-49E9-A66D-1E0E972AF6A5,1930-11-15,Shawnee (OK),Visitor,Muskogee_Daily_Phoenix_and_Times_Democrat_1930_11_15_12.csv,37E26786-FF73-42F7-8B27-9E4CB134FC9E,1930-11-15,Joiner Shawnee (AR),Visitor,Times_Record_1930_11_15_7 (1).csv,,,,
531,Broken Arrow (OK),1954,MANUAL_REVIEW,NONE,No heuristic resolved 'Claremore (OK)' vs 'Cleveland (OK)',,,5F2B1B33-CC65-429F-B29C-7D5D920A67F0,1954-09-18,Claremore (OK),Home,Tulsa_World_1954_09_18_10.csv,CC445E68-4B03-4E8F-A66A-E7772BE033B2,1954-09-18,Cleveland (OK),Home,Times_Record_1954_09_18_8.csv,,,,
535,Wewoka (OK),1933,ALREADY_RESOLVED,missing_row,One or both HS_Scores rows no longer exist (already cleaned up) - just needs `close --status Fixed`,,,,,,,,,,,,,,,,
539,Tulsa NOAH HomeSchool (OK),2021,MANUAL_REVIEW,cluster_size=4,Investigation does not have exactly 2 linked games,,,,,,,,,,,,,,,,
542,Holdenville (OK),1954,ALREADY_RESOLVED,missing_row,One or both HS_Scores rows no longer exist (already cleaned up) - just needs `close --status Fixed`,,,,,,,,,,,,,,,,
545,Seminole (OK),1954,ALREADY_RESOLVED,missing_row,One or both HS_Scores rows no longer exist (already cleaned up) - just needs `close --status Fixed`,,,,,,,,,,,,,,,,
546,Bristow (OK),1930,MANUAL_REVIEW,STATE_MISMATCH,"'Shawnee (OK)' (OK) vs 'Joiner Shawnee (AR)' (AR) -- different states, needs manual verification (known recurring confusion pattern in this dataset)",,,6B27FCBF-DECD-4614-A6C2-33584D88763D,1930-11-28,Shawnee (OK),Visitor,Muskogee_Daily_Phoenix_and_Times_Democrat_1930_11_28_8.csv,492BC1FD-B1C6-4E04-8970-8C4ABD84BA80,1930-11-28,Joiner Shawnee (AR),Visitor,Times_Record_1930_11_28_15 (1).csv,,,,
547,Okmulgee (OK),1937,MANUAL_REVIEW,cluster_size=4,Investigation does not have exactly 2 linked games,,,,,,,,,,,,,,,,
548,Quinton (OK),1933,MANUAL_REVIEW,STATE_MISMATCH,"'Kiowa (KS)' (KS) vs 'Keota (OK)' (OK) -- different states, needs manual verification (known recurring confusion pattern in this dataset)",,,C2FB297D-9083-4EFF-BEE5-9C19EAE128C0,1933-10-28,Kiowa (KS),Home,Muskogee_Daily_Phoenix_and_Times_Democrat_1933_10_28_7.csv,001E4526-C66A-4944-9ADF-EE2DA86F8636,1933-10-28,Keota (OK),Home,Times_Record_1933_10_28_3 (1).csv,,,,
552,Weleetka (OK),1933,MANUAL_REVIEW,NONE,No heuristic resolved 'Westville (OK)' vs 'Wetumka (OK)',,,2F036583-72A4-46B8-8631-4D2370B5352C,1933-11-11,Westville (OK),Visitor,Times_Record_1933_11_11_5.csv,49D7265A-9400-4E78-BD36-F57DAA8C312B,1933-11-11,Wetumka (OK),Visitor,Muskogee_Daily_Phoenix_and_Times_Democrat_1933_11_11_7.csv,,,,
554,Yukon (OK),1933,MANUAL_REVIEW,SUBSTRING_BUT_RISKY_QUALIFIER,'Marlow Central (OK)' / 'Marlow (OK)' -- extra word(s) ['central'] have historically named a DIFFERENT real school in this dataset - needs manual verification,,,51AC0E9C-9DD7-4708-B927-6A052BA97170,1933-11-04,Marlow Central (OK),Home,Muskogee_Daily_Phoenix_and_Times_Democrat_1933_11_04_6.csv,BDB1DD15-ECFB-46F1-86FC-F15E99B6F96F,1933-11-04,Marlow (OK),Home,Times_Record_1933_11_04_8 (1).csv,,,,
556,Oklahoma City Capitol Hill (OK),1942,ALREADY_RESOLVED,missing_row,One or both HS_Scores rows no longer exist (already cleaned up) - just needs `close --status Fixed`,,,,,,,,,,,,,,,,
559,Waynoka (OK),1953,MANUAL_REVIEW,NONE,No heuristic resolved 'Billings (OK)' vs 'Seiling (OK)',,,89B25B6D-5CAB-4FE5-8DB2-6D05B80FC6A6,1953-10-03,Billings (OK),Visitor,Times_Record_1953_10_03_8.csv,59330A90-74A6-47E0-B827-AAF1208A2094,1953-10-03,Seiling (OK),Visitor,Tulsa_World_1953_10_03_10.csv,,,,
560,Marlow Central (OK),2021,MANUAL_REVIEW,cluster_size=28,Investigation does not have exactly 2 linked games,,,,,,,,,,,,,,,,
562,Westville (OK),1931,MANUAL_REVIEW,STATE_MISMATCH,"'Siloam Springs (AR)' (AR) vs 'Weleetka (OK)' (OK) -- different states, needs manual verification (known recurring confusion pattern in this dataset)",,,83CF0E44-B259-4EA7-86E4-12D8A8872076,1931-10-10,Siloam Springs (AR),Visitor,Times_Record_1931_10_10_4.csv,0EE30A0E-2654-4742-946F-F4BF49E96B7B,1931-10-10,Weleetka (OK),Visitor,Times_Record_1931_10_10_4.csv,,,,
563,Pernell (OK),1974,MANUAL_REVIEW,NONE,No heuristic resolved 'Waurika (OK)' vs 'Waynoka (OK)',,,11C7569B-98C5-4056-B336-2A15D1969082,1974-10-05,Waurika (OK),Home,Tulsa_World_1974_10_05_27.csv,673356EB-81FD-4A39-A12F-663D29B9F263,1974-10-05,Waynoka (OK),Home,The_Lawton_Constitution_1974_10_05_Page_21.csv,,,,
565,Haskell (OK),1969,MANUAL_REVIEW,NONE,No heuristic resolved 'Muskogee Manual (OK)' vs 'Muskogee B (OK)',,,D41E475A-4B8D-4423-BCFE-9B74AECCEB6F,1969-10-18,Muskogee Manual (OK),Visitor,Tulsa_World_1969_10_18_23.csv,017B92F4-E0A3-420F-89E4-FF888212E7C2,1969-10-18,Muskogee B (OK),Visitor,Times_Record_1969_10_18_17.csv,,,,
566,Mangum (OK),1942,ALREADY_RESOLVED,missing_row,One or both HS_Scores rows no longer exist (already cleaned up) - just needs `close --status Fixed`,,,,,,,,,,,,,,,,
567,Claremore (OK),1925,MANUAL_REVIEW,SUBSTRING_BUT_RISKY_QUALIFIER,'Fort Smith St. Anne's Academy (AR)' / 'Fort Smith (AR)' -- extra word(s) ['academy'] have historically named a DIFFERENT real school in this dataset - needs manual verification,,,0D9DC5EC-C7AE-4F63-96F5-8432C79B50D6,1925-10-10,Fort Smith St. Anne's Academy (AR),Home,Tulsa_World_1925_10_10_21.csv,C08BB55C-EAF1-4343-AB95-ECF75A2EF5BC,1925-10-11,Fort Smith (AR),Home,Southwest_American_1925_10_11_13.csv,,,,
568,Eufaula B (OK),1933,MANUAL_REVIEW,STATE_MISMATCH,"'Kiowa (KS)' (KS) vs 'Keota (OK)' (OK) -- different states, needs manual verification (known recurring confusion pattern in this dataset)",,,1DEDAD26-1EEB-4728-854D-2D3877C4D85F,1933-10-14,Kiowa (KS),Home,Muskogee_Daily_Phoenix_and_Times_Democrat_1933_10_14_6.csv,ABD639E2-54D6-49D7-AAE3-C7BD243C034F,1933-10-14,Keota (OK),Home,Times_Record_1933_10_14_5 (1).csv,,,,
570,Ringling (OK),1962,MANUAL_REVIEW,NONE,No heuristic resolved 'Davis (OK)' vs 'Wilson (OK)',,,981AD4B7-6997-4877-842D-30E46A9DB99F,1962-10-06,Davis (OK),Visitor,The_Tulsa_Tribune_1962_10_06_5 (1).csv,82D4F3E8-C83C-4098-8F33-6CBF43430F16,1962-10-06,Wilson (OK),Visitor,The_Tulsa_Tribune_1962_10_06_5 (1).csv,,,,
571,Poteau (OK),1934,MANUAL_REVIEW,STATE_MISMATCH,"'Nash Jones Academy (OK)' (OK) vs 'North Little Rock Jones (AR)' (AR) -- different states, needs manual verification (known recurring confusion pattern in this dataset)",,,E606B72A-A84E-42E7-935B-7A0E6296D44F,1934-11-24,Nash Jones Academy (OK),Home,Muskogee_Daily_Phoenix_and_Times_Democrat_1934_11_24_6.csv,704CB116-AEC6-4275-A81A-C7DFCF29F875,1934-11-24,North Little Rock Jones (AR),Home,Times_Record_1934_11_24_7.csv,,,,
574,Tonkawa (OK),1955,MANUAL_REVIEW,NONE,No heuristic resolved 'Fairland (OK)' vs 'Fairfax (OK)',,,5CDA545C-EA56-4C60-AFD4-16282A8DFB98,1955-09-24,Fairland (OK),Visitor,Tulsa_World_1955_09_24_9.csv,8075F885-0427-4022-86A3-8F5C72D99FDE,1955-09-24,Fairfax (OK),Visitor,Times_Record_1955_09_24_5.csv,,,,
575,Claremore (OK),1942,MANUAL_REVIEW,SUBSTRING_UNKNOWN_QUALIFIER,'Tulsa Will Rogers College (OK)' / 'Tulsa Will Rogers College B (OK)' -- extra word(s) ['b'] not in the safe-filler or risky list - needs manual verification,,,3D0AD711-7C7A-44CA-BB66-3E8C62386A2F,1942-09-19,Tulsa Will Rogers College (OK),Visitor,Times_Record_1942_09_19_3.csv,2700D145-B710-4E98-95F6-60A85BDE8CED,1942-09-19,Tulsa Will Rogers College B (OK),Visitor,Tulsa_World_1942_09_19_9.csv,,,,
576,Mannford (OK),2020,MANUAL_REVIEW,NONE,No heuristic resolved 'Tulsa Central (OK)' vs 'Marlow Central (OK)',,,61720EC3-9091-453F-A4EA-39B79C105991,2020-10-09,Tulsa Central (OK),Home,www.maxpreps.com,B39C51AA-59E3-4CE7-A05B-65CE54CFF81B,2020-10-09,Marlow Central (OK),Home,www.maxpreps.com,,,,
577,Lawton (OK),1929,MANUAL_REVIEW,cluster_size=4,Investigation does not have exactly 2 linked games,,,,,,,,,,,,,,,,
578,Chandler (OK),1954,MANUAL_REVIEW,NONE,No heuristic resolved 'Bristow (OK)' vs 'Fairland (OK)',,,B9941AA4-6401-489F-848D-15451A1725B5,1954-09-18,Bristow (OK),Home,Tulsa_World_1954_09_18_10.csv,17260021-1C4F-482D-8B75-B55B90EEE30D,1954-09-18,Fairland (OK),Home,Times_Record_1954_09_18_8.csv,,,,
579,Davenport (OK),1944,MANUAL_REVIEW,NONE,No heuristic resolved 'Cashion (OK)' vs 'Cushing (OK)',,,16B077FF-2181-41E4-9A48-2C81BAB7D12A,1944-11-18,Cashion (OK),Home,Tulsa_World_1944_11_18_10.csv,D7CB8662-4076-41B9-990F-7A02B4A7F081,1944-11-18,Cushing (OK),Home,Tulsa_World_1944_11_18_10.csv,,,,
582,Quapaw (OK),1947,MANUAL_REVIEW,NONE,No heuristic resolved 'Gore (OK)' vs 'Grove (OK)',,,BD3C9C55-BCBA-4DC5-90A6-2367B348C4E5,1947-09-20,Gore (OK),Visitor,Times_Record_1947_09_20_3.csv,6E51D20A-8EBD-413E-AB1C-9D6D4BB190C6,1947-09-20,Grove (OK),Visitor,Tulsa_World_1947_09_20_13.csv,,,,
588,El Reno (OK),1931,MANUAL_REVIEW,NONE,No heuristic resolved 'Chickasha (OK)' vs 'Checotah (OK)',,,F0487C81-3C44-4A1E-8389-6E1E6165B6D4,1931-10-31,Chickasha (OK),Home,Times_Record_1931_10_31_3 (1).csv,A5E2DC8C-7817-4447-B2FB-D360885891BA,1931-10-31,Checotah (OK),Home,Tulsa_World_1931_10_31_13.csv,,,,
589,Oklahoma City Northeast Academy (OK),2016,MANUAL_REVIEW,NONE,No heuristic resolved 'Oklahoma City Douglass (OK)' vs 'Okmulgee (OK)',,,CA991F10-8816-47E5-A976-63A91A6123CD,2016-09-17,Oklahoma City Douglass (OK),Home,www.maxpreps.com,B29A1CB2-F7E4-43E3-B42F-9D76E1F35D20,2016-09-16,Okmulgee (OK),Visitor,www.maxpreps.com,,,,
592,Weleetka (OK),1956,MANUAL_REVIEW,cluster_size=4,Investigation does not have exactly 2 linked games,,,,,,,,,,,,,,,,
596,Checotah (OK),1945,MANUAL_REVIEW,cluster_size=6,Investigation does not have exactly 2 linked games,,,,,,,,,,,,,,,,
597,Pauls Valley (OK),1932,MANUAL_REVIEW,cluster_size=3,Investigation does not have exactly 2 linked games,,,,,,,,,,,,,,,,
601,Sallisaw (OK),1931,MANUAL_REVIEW,NONE,No heuristic resolved 'Tahlequah Sequoyah (OK)' vs 'Claremore Sequoyah (OK)',,,BFAF5F49-BC1D-4E16-87B0-8C14B9BEA0D4,1931-10-03,Tahlequah Sequoyah (OK),Home,Tulsa_World_1931_10_03_9.csv,098AD4BB-0768-40A1-884B-9FCB1898E87D,1931-10-03,Claremore Sequoyah (OK),Home,Times_Record_1931_10_03_2 (1).csv,,,,
603,Oklahoma City Marshall (OK),1956,MANUAL_REVIEW,NONE,No heuristic resolved 'Guthrie Favor (OK)' vs 'Oklahoma City Putnam City (OK)',,,DBFEE8A6-1376-4407-A9F2-BDF47DCBC483,1956-11-17,Guthrie Favor (OK),Home,Tulsa_World_1956_11_17_9.csv,85E90EC7-BB56-46D0-A574-E31D394FD76F,1956-11-17,Oklahoma City Putnam City (OK),Visitor,Tulsa_World_1956_11_17_9.csv,,,,
607,Prague (OK),1973,MANUAL_REVIEW,NONE,No heuristic resolved 'Okemah (OK)' vs 'Okmulgee (OK)',,,B12959F5-EF41-4264-A549-472B0DB1D05C,1973-11-10,Okemah (OK),Home,Tulsa_World_1973_11_10_29.csv,346EA9FB-02CC-46FA-8134-666F9F840E9A,1973-11-10,Okmulgee (OK),Home,Times_Record_1973_11_10_16.csv,,,,
608,Poteau (OK),2020,MANUAL_REVIEW,STATE_MISMATCH,"'Alma (OK)' (OK) vs 'Alma (AR)' (AR) -- different states, needs manual verification (known recurring confusion pattern in this dataset)",,,AC7DE13F-4E8D-46E9-AA34-C1DD62C047F2,2020-09-11,Alma (OK),Home,www.maxpreps.com,17D2C4F0-DB98-4253-8D0D-DE65328F52EB,2020-09-11,Alma (AR),Home,www.maxpreps.com,,,,
610,Newcastle (OK),2005,MANUAL_REVIEW,NONE,No heuristic resolved 'Anadarko Riverside Indian (OK)' vs 'Warner (OK)',,,6123B0FC-F1F2-4C43-AA19-721918528DE5,2005-09-23,Anadarko Riverside Indian (OK),Visitor,www.maxpreps.com,29D6BBFF-CEDB-458A-873A-AF0A83F99E16,2005-09-23,Warner (OK),Home,www.maxpreps.com,,,,
614,Tulsa Will Rogers College (OK),2019,MANUAL_REVIEW,cluster_size=4,Investigation does not have exactly 2 linked games,,,,,,,,,,,,,,,,
619,Midwest City (OK),1972,MANUAL_REVIEW,cluster_size=10,Investigation does not have exactly 2 linked games,,,,,,,,,,,,,,,,
621,Clinton (OK),2003,MANUAL_REVIEW,cluster_size=8,Investigation does not have exactly 2 linked games,,,,,,,,,,,,,,,,
623,Oklahoma City Putnam City (OK),1969,MANUAL_REVIEW,NONE,No heuristic resolved 'Oklahoma City Northwest (OK)' vs 'Chickasha (OK)',,,84DF4050-7251-41C4-A233-50D7FDB358AF,1969-11-08,Oklahoma City Northwest (OK),Home,Tulsa_World_1969_11_08_16.csv,69B13F34-8017-4DAC-BC5D-68557A15E2C0,1969-11-08,Chickasha (OK),Home,Tulsa_World_1969_11_08_16.csv,,,,
624,Cyril (OK),2014,MANUAL_REVIEW,NONE,No heuristic resolved 'Oklahoma City Life Christian (OK)' vs 'Choctaw Life Christian (OK)',,,1975804B-D718-4847-A0FB-C5BCDD23C0AE,2014-09-05,Oklahoma City Life Christian (OK),Home,www.maxpreps.com,03F413CD-27C8-410D-B074-CCF32FFD1B1C,2014-09-05,Choctaw Life Christian (OK),Home,www.maxpreps.com,,,,
625,Mangum (OK),1936,ALREADY_RESOLVED,missing_row,One or both HS_Scores rows no longer exist (already cleaned up) - just needs `close --status Fixed`,,,,,,,,,,,,,,,,
627,Mutual Sharon-Mutual (OK),2019,MANUAL_REVIEW,cluster_size=4,Investigation does not have exactly 2 linked games,,,,,,,,,,,,,,,,
628,El Reno (OK),1954,MANUAL_REVIEW,NONE,No heuristic resolved 'Checotah (OK)' vs 'Chickasha (OK)',,,D8E73C69-901F-4F7E-82F0-07F497F74900,1954-10-09,Checotah (OK),Home,Tulsa_World_1954_10_09_9.csv,321DD0E3-698D-4DE4-AFE5-0A8B933BCAF6,1954-10-09,Chickasha (OK),Home,Times_Record_1954_10_09_8.csv,,,,
629,Oklahoma City Northwest Classen (OK),2019,MANUAL_REVIEW,cluster_size=3,Investigation does not have exactly 2 linked games,,,,,,,,,,,,,,,,
632,McCurtain (OK),1935,MANUAL_REVIEW,NONE,No heuristic resolved 'Kinta (OK)' vs 'Vinita (OK)',,,BFBE69C0-4039-4AA7-9782-29BCC933B994,1935-10-26,Kinta (OK),Visitor,Tulsa_World_1935_10_26_13.csv,98970EFB-5143-4994-892D-A226AB30A7F4,1935-10-26,Vinita (OK),Visitor,Times_Record_1935_10_26_10 (2).csv,,,,
633,Talihina (OK),1950,MANUAL_REVIEW,NONE,No heuristic resolved 'Healdton (OK)' vs 'Hartshorne (OK)',,,47E17102-FF06-4C83-B7A3-E71FADABA807,1950-11-04,Healdton (OK),Visitor,Muskogee_Daily_Phoenix_and_Times_Democrat_1950_11_04_7.csv,36739D8F-8A47-47ED-BF08-FA9B5B093A52,1950-11-04,Hartshorne (OK),Visitor,Tulsa_World_1950_11_04_9.csv,,,,
635,Oklahoma City Southeast (OK),1970,MANUAL_REVIEW,NONE,No heuristic resolved 'Oklahoma City Northeast (OK)' vs 'Oklahoma City Northwest (OK)',,,22F087A3-7FD4-4E60-AEC6-241373633122,1970-09-26,Oklahoma City Northeast (OK),Home,Tulsa_World_1970_09_26_20.csv,4936A20B-75D1-4F06-82E0-505182FAACCA,1970-09-26,Oklahoma City Northwest (OK),Home,Tulsa_World_1970_09_26_20.csv,,,,
636,Cleveland (OK),2016,MANUAL_REVIEW,NONE,No heuristic resolved 'Cushing (OK)' vs 'Hominy (OK)',,,35487FC1-7887-4879-9769-0EB94E39067D,2016-09-16,Cushing (OK),Home,www.maxpreps.com,EB798D89-32FA-4EB5-BEFB-FFCFC600D41A,2016-09-17,Hominy (OK),Visitor,www.maxpreps.com,,,,
639,Allen (OK),1933,MANUAL_REVIEW,NONE,No heuristic resolved 'Westville (OK)' vs 'Wetumka (OK)',,,B780D392-523E-4D88-A852-4B36ADE727AF,1933-09-23,Westville (OK),Visitor,Times_Record_1933_09_23_5.csv,C1BA812E-6FFC-45A7-BEF7-F202297B0035,1933-09-23,Wetumka (OK),Visitor,Muskogee_Daily_Phoenix_and_Times_Democrat_1933_09_23_6.csv,,,,
640,Salina (OK),1930,MANUAL_REVIEW,SUBSTRING_UNKNOWN_QUALIFIER,'Ada (OK)' / 'Adair (OK)' -- extra word(s) ['adair'] not in the safe-filler or risky list - needs manual verification,,,BE18EA9B-9B5C-4879-AB4C-929C57E0A759,1930-11-15,Ada (OK),Home,Times_Record_1930_11_15_7 (1).csv,15CF364C-1B3F-4C9E-9B26-D6E3AD0B6D35,1930-11-15,Adair (OK),Home,Muskogee_Daily_Phoenix_and_Times_Democrat_1930_11_15_12.csv,,,,
641,Hominy (OK),1930,MANUAL_REVIEW,NONE,No heuristic resolved 'Yarbrough (OK)' vs 'Yale (OK)',,,FAF13E82-3135-4E24-ACD5-E768D5A946E2,1930-11-01,Yarbrough (OK),Visitor,Muskogee_Daily_Phoenix_and_Times_Democrat_1930_11_01_9.csv,1CFE77C8-8696-45AC-B642-F15569703DAE,1930-11-01,Yale (OK),Visitor,Times_Record_1930_11_01_4 (2).csv,,,,
643,Tulsa NOAH HomeSchool (OK),2018,MANUAL_REVIEW,cluster_size=5,Investigation does not have exactly 2 linked games,,,,,,,,,,,,,,,,
649,Okemah (OK),1936,MANUAL_REVIEW,NONE,No heuristic resolved 'Wetumka (OK)' vs 'Westville (OK)',,,EFE7176D-53B5-459E-B2F8-2D8134C890FE,1936-10-31,Wetumka (OK),Home,Muskogee_Daily_Phoenix_and_Times_Democrat_1936_10_31_8.csv,5070B482-5208-4BE8-AC50-B382B8E248EC,1936-10-31,Westville (OK),Home,Times_Record_1936_10_31_10.csv,,,,
650,Checotah (OK),1965,MANUAL_REVIEW,cluster_size=18,Investigation does not have exactly 2 linked games,,,,,,,,,,,,,,,,
651,Saint Louis Pottawatomie County (OK),1931,MANUAL_REVIEW,NONE,No heuristic resolved 'Pawhuska (OK)' vs 'Sasakwa (OK)',,,D05EC2F9-6138-4E60-A980-28C50327B084,1931-10-17,Pawhuska (OK),Home,Times_Record_1931_10_17_4.csv,7C8888A1-B464-4621-8009-913057D96620,1931-10-17,Sasakwa (OK),Home,Tulsa_World_1931_10_17_17.csv,,,,
654,Sapulpa Eagle Point Christian Academy (OK),2018,MANUAL_REVIEW,NONE,No heuristic resolved 'Oklahoma City Life Christian (OK)' vs 'Choctaw Life Christian (OK)',,,FB136835-6CC8-4D0E-893E-73425CF4106A,2018-09-07,Oklahoma City Life Christian (OK),Visitor,www.maxpreps.com,B497E919-B9CC-4150-B702-BE3291B416E1,2018-09-07,Choctaw Life Christian (OK),Visitor,www.maxpreps.com,,,,
660,Tulsa Central (OK),1935,MANUAL_REVIEW,SUBSTRING_UNKNOWN_QUALIFIER,'Bartlesville (OK)' / 'Bartlesville Sooner (OK)' -- extra word(s) ['sooner'] not in the safe-filler or risky list - needs manual verification,,,745A9F07-F7DF-4EE2-A267-37A1B2E4E814,1935-10-05,Bartlesville (OK),Home,Times_Record_1935_10_05_8 (2).csv,8C735BFB-381C-4966-B2EA-CA41E55BE4BD,1935-10-05,Bartlesville Sooner (OK),Home,Muskogee_Daily_Phoenix_and_Times_Democrat_1935_10_05_7.csv,,,,
664,Jenks (OK),2021,MANUAL_REVIEW,SUBSTRING_BUT_RISKY_QUALIFIER,'Norman (OK)' / 'Norman North (OK)' -- extra word(s) ['north'] have historically named a DIFFERENT real school in this dataset - needs manual verification,,,6C7CD3D5-6481-4A95-845D-2AF6B5DC1337,2021-11-12,Norman (OK),Home,www.maxpreps.com,0811BDB9-B099-44AC-8566-97E820E4A09E,2021-11-12,Norman North (OK),Home,www.maxpreps.com,,,,
665,Seminole (OK),1931,MANUAL_REVIEW,NONE,No heuristic resolved 'Westville (OK)' vs 'Weleetka (OK)',,,30FD6355-A683-4D96-A02F-0A5F2FE5C3DC,1931-11-27,Westville (OK),Home,Times_Record_1931_11_27_10 (1).csv,A4EEAFAC-8CB5-4F2B-9C33-5ED58FA1A2A1,1931-11-27,Weleetka (OK),Home,Tulsa_World_1931_11_27_10.csv,,,,
666,Council Hill Midway (OK),1931,MANUAL_REVIEW,NONE,No heuristic resolved 'Kinta (OK)' vs 'Vinita (OK)',,,EEBE6E9E-C0E8-4CFF-A3E4-A0E60CFD3E40,1931-11-14,Kinta (OK),Home,Tulsa_World_1931_11_14_12.csv,4B64E390-C333-41EF-B2F0-AFDBB52AFF9C,1931-11-14,Vinita (OK),Home,Times_Record_1931_11_14_3.csv,,,,
669,Tulsa Regent Prep (OK),2020,MANUAL_REVIEW,NONE,No heuristic resolved 'Keota (OK)' vs 'Wetumka (OK)',,,F3BDE2B8-AFB1-4435-8C20-640FAA83E8E9,2020-11-27,Keota (OK),Visitor,www.maxpreps.com,838E0478-938B-471D-AC29-BDB9DC181008,2020-11-27,Wetumka (OK),Home,www.maxpreps.com,,,,
671,Stilwell (OK),1971,MANUAL_REVIEW,NONE,No heuristic resolved 'Sallisaw (OK)' vs 'Maud (OK)',,,31E9C535-A036-43C3-B1FA-118326E02DEF,1971-09-25,Sallisaw (OK),Visitor,Tulsa_World_1971_09_25_23.csv,E89EC8D9-3C5C-4054-A481-6A6C62075FC4,1971-09-25,Maud (OK),Visitor,Tulsa_World_1971_09_25_23.csv,,,,
673,Tulsa Will Rogers College (OK),1953,MANUAL_REVIEW,NONE,No heuristic resolved 'Tulsa Central (OK)' vs 'Tulsa Webster (OK)',,,D5B11A76-2AA1-4E9F-A175-2A8F1B2DEDA5,1953-09-19,Tulsa Central (OK),Visitor,Tulsa_World_1953_09_19_9.csv,4B2542B3-DBD0-44AA-9405-3C885B4DDEA3,1953-09-19,Tulsa Webster (OK),Visitor,Tulsa_World_1953_09_19_9.csv,,,,
674,Woodward (OK),1953,ALREADY_RESOLVED,missing_row,One or both HS_Scores rows no longer exist (already cleaned up) - just needs `close --status Fixed`,,,,,,,,,,,,,,,,
675,Talihina (OK),1956,MANUAL_REVIEW,NONE,No heuristic resolved 'Westville (OK)' vs 'Weleetka (OK)',,,D621711C-76B6-439B-9538-5E76BA1028E1,1956-11-17,Westville (OK),Visitor,Times_Record_1956_11_17_8.csv,83CA209B-A24D-4516-AE2E-E7D286D08011,1956-11-17,Weleetka (OK),Visitor,Tulsa_World_1956_11_17_9.csv,,,,
679,Perry (OK),1938,MANUAL_REVIEW,NONE,No heuristic resolved 'Ponca City (OK)' vs 'Blackwell (OK)',,,9B413321-B752-4DD8-A459-09B30E494FB2,1938-11-12,Ponca City (OK),Home,Tulsa_World_1938_11_12_14 (2).csv,4B7114D5-D060-4B13-9682-F184FAE337DE,1938-11-12,Blackwell (OK),Home,Tulsa_World_1938_11_12_14 (1).csv,,,,
681,Shattuck (OK),1953,ALREADY_RESOLVED,missing_row,One or both HS_Scores rows no longer exist (already cleaned up) - just needs `close --status Fixed`,,,,,,,,,,,,,,,,
683,Quinton (OK),1931,MANUAL_REVIEW,STATE_MISMATCH,"'Kiowa (KS)' (KS) vs 'Keota (OK)' (OK) -- different states, needs manual verification (known recurring confusion pattern in this dataset)",,,562624C9-4AA9-4485-8E12-93F90131F051,1931-10-17,Kiowa (KS),Home,Tulsa_World_1931_10_17_17.csv,74C6168E-570E-4B6C-98EA-9B573A12AB6D,1931-10-17,Keota (OK),Home,Times_Record_1931_10_17_4.csv,,,,
684,Hooker (OK),2023,MANUAL_REVIEW,NONE,No heuristic resolved 'Marlow Central (OK)' vs 'Sallisaw Central (OK)',,,5360EA23-D905-4147-A41C-C9E4826DB58B,2023-11-24,Marlow Central (OK),Home,www.maxpreps.com,DA7E7A5D-8181-4F97-BED0-DD299AB78833,2023-11-24,Sallisaw Central (OK),Visitor,www.maxpreps.com,,,,
685,Poteau (OK),2021,MANUAL_REVIEW,STATE_MISMATCH,"'Alma (OK)' (OK) vs 'Alma (AR)' (AR) -- different states, needs manual verification (known recurring confusion pattern in this dataset)",,,C5423556-500A-471E-BA4D-42E77BB8CBC7,2021-09-10,Alma (OK),Visitor,www.maxpreps.com,05467FDF-17E8-4050-936F-7DF421D29BED,2021-09-10,Alma (AR),Visitor,www.maxpreps.com,,,,
687,Moore (OK),1950,MANUAL_REVIEW,NONE,No heuristic resolved 'Oklahoma City Central B (OK)' vs 'Tulsa Central (OK)',,,1B35F6A3-B3D3-47D7-88FC-050BC5764701,1950-11-04,Oklahoma City Central B (OK),Home,Muskogee_Daily_Phoenix_and_Times_Democrat_1950_11_04_7.csv,4A14B03D-4154-4F30-A25F-A46921B95ECC,1950-11-04,Tulsa Central (OK),Home,Tulsa_World_1950_11_04_9.csv,,,,
689,Oklahoma City Douglass (OK),1969,MANUAL_REVIEW,STATE_MISMATCH,"'Shawnee (OK)' (OK) vs 'Joiner Shawnee (AR)' (AR) -- different states, needs manual verification (known recurring confusion pattern in this dataset)",,,5E507F9A-B081-4B53-8BDB-890DF0C76BD6,1969-10-18,Shawnee (OK),Visitor,Tulsa_World_1969_10_18_23.csv,8C646D98-D5E5-48BF-91DE-C77C188D5437,1969-10-18,Joiner Shawnee (AR),Visitor,Times_Record_1969_10_18_17.csv,,,,
693,Dewey (OK),2022,ALREADY_RESOLVED,missing_row,One or both HS_Scores rows no longer exist (already cleaned up) - just needs `close --status Fixed`,,,,,,,,,,,,,,,,
694,Healdton (OK),1954,ALREADY_RESOLVED,missing_row,One or both HS_Scores rows no longer exist (already cleaned up) - just needs `close --status Fixed`,,,,,,,,,,,,,,,,
696,Pond Creek (OK),1953,MANUAL_REVIEW,STATE_MISMATCH,"'Marshall (AR)' (AR) vs 'Oklahoma City Marshall (OK)' (OK) -- different states, needs manual verification (known recurring confusion pattern in this dataset)",,,8F5555FE-F107-49F4-B0F0-35B83CFB5EF4,1953-11-07,Marshall (AR),Home,Times_Record_1953_11_07_8.csv,A760CF36-01FD-4C91-9257-DDDC930180E4,1953-11-07,Oklahoma City Marshall (OK),Home,Tulsa_World_1953_11_07_12.csv,,,,
697,Pocola (OK),2021,ALREADY_RESOLVED,missing_row,One or both HS_Scores rows no longer exist (already cleaned up) - just needs `close --status Fixed`,,,,,,,,,,,,,,,,
698,Crescent (OK),1953,MANUAL_REVIEW,STATE_MISMATCH,"'Marshall (AR)' (AR) vs 'Oklahoma City Marshall (OK)' (OK) -- different states, needs manual verification (known recurring confusion pattern in this dataset)",,,3CC5D1BD-575C-4DEB-AF3D-2A37773AF989,1953-11-21,Marshall (AR),Visitor,Times_Record_1953_11_21_8.csv,4632F1C3-6056-40A5-857D-82B9395349C5,1953-11-21,Oklahoma City Marshall (OK),Visitor,Tulsa_World_1953_11_21_22.csv,,,,
699,Drumright (OK),2019,MANUAL_REVIEW,cluster_size=3,Investigation does not have exactly 2 linked games,,,,,,,,,,,,,,,,
701,Panama (OK),2021,ALREADY_RESOLVED,missing_row,One or both HS_Scores rows no longer exist (already cleaned up) - just needs `close --status Fixed`,,,,,,,,,,,,,,,,
702,Tulsa Booker T. Washington (OK),2022,MANUAL_REVIEW,SUBSTRING_BUT_RISKY_QUALIFIER,'Oklahoma City Putnam City North (OK)' / 'Oklahoma City Putnam City (OK)' -- extra word(s) ['north'] have historically named a DIFFERENT real school in this dataset - needs manual verification,,,2EF537D0-43B5-4DEB-AA47-CDC2C3AA58DA,2022-11-11,Oklahoma City Putnam City North (OK),Home,www.maxpreps.com,03E5530E-23C3-4280-B41B-F0CB530F2F8F,2022-11-11,Oklahoma City Putnam City (OK),Home,www.maxpreps.com,,,,
703,Temple (OK),2018,MANUAL_REVIEW,STATE_MISMATCH,"'Tipton (IA)' (IA) vs 'Tipton (OK)' (OK) -- different states, needs manual verification (known recurring confusion pattern in this dataset)",,,A5D3931C-5541-4952-BD46-0FC36886CA95,2018-11-02,Tipton (IA),Visitor,www.maxpreps.com,92889450-5D8D-470F-B134-2E52095D9A09,2018-11-02,Tipton (OK),Visitor,www.maxpreps.com,,,,
704,Stuart (OK),1929,MANUAL_REVIEW,NONE,No heuristic resolved 'Westville (OK)' vs 'Weleetka (OK)',,,03937F57-1E37-401A-A50B-03CCB29B494E,1929-09-21,Westville (OK),Visitor,Times_Record_1929_09_21_7.csv,3C8B4C95-0835-42A8-AFDD-45D457A3F7D5,1929-09-21,Weleetka (OK),Visitor,Tulsa_World_1929_09_21_16.csv,,,,
707,Mannford (OK),2021,ALREADY_RESOLVED,missing_row,One or both HS_Scores rows no longer exist (already cleaned up) - just needs `close --status Fixed`,,,,,,,,,,,,,,,,
708,Muskogee (OK),1954,MANUAL_REVIEW,cluster_size=4,Investigation does not have exactly 2 linked games,,,,,,,,,,,,,,,,
709,Oklahoma City Harding (OK),1955,MANUAL_REVIEW,SUBSTRING_UNKNOWN_QUALIFIER,'Oklahoma City Central (OK)' / 'Oklahoma City Central B (OK)' -- extra word(s) ['b'] not in the safe-filler or risky list - needs manual verification,,,400F941E-80FC-4F24-A160-1C73E3C1637D,1955-10-08,Oklahoma City Central (OK),Visitor,Times_Record_1955_10_08_5 (2).csv,ED63469C-5F16-4305-94D2-BF5DDB5DC990,1955-10-08,Oklahoma City Central B (OK),Visitor,Tulsa_World_1955_10_08_11.csv,,,,
713,Cashion (OK),1973,MANUAL_REVIEW,STATE_MISMATCH,"'Oklahoma City Marshall (OK)' (OK) vs 'Marshall (AR)' (AR) -- different states, needs manual verification (known recurring confusion pattern in this dataset)",,,BFBDD37E-454D-4D7A-9AF4-07DB255E33AD,1973-11-10,Oklahoma City Marshall (OK),Home,Tulsa_World_1973_11_10_29.csv,B0D1B17A-215B-4CDE-A140-6EC4692EB1B3,1973-11-10,Marshall (AR),Home,Times_Record_1973_11_10_16.csv,,,,
714,Pawnee (OK),1971,MANUAL_REVIEW,STATE_MISMATCH,"'New Raymer Prairie (CO)' (CO) vs 'Perry (OK)' (OK) -- different states, needs manual verification (known recurring confusion pattern in this dataset)",,,8B523521-5906-414D-8470-37172BC77550,1971-10-09,New Raymer Prairie (CO),Visitor,10 Oct 1971 - 11 - The Daily Sentinel at Newspapers.com#http://10 Oct 1971 - 11 - The Daily Sentinel at Newspapers.com#,C03FD252-7D1B-4FD4-BCFB-F42D66B74591,1971-10-09,Perry (OK),Visitor,Tulsa_World_1971_10_09_20.csv,,,,
717,Lexington (OK),1974,MANUAL_REVIEW,NONE,No heuristic resolved 'Yukon (OK)' vs 'Tuttle (OK)',,,F3CDF57C-64C7-4EB8-9259-166A5040DF22,1974-10-05,Yukon (OK),Visitor,The_Lawton_Constitution_1974_10_05_Page_21.csv,B7EDAE41-4827-4C20-8897-982F67C6DF64,1974-10-05,Tuttle (OK),Visitor,Tulsa_World_1974_10_05_27.csv,,,,
718,Sallisaw (OK),1938,MANUAL_REVIEW,NONE,No heuristic resolved 'Eufaula (OK)' vs 'Muskogee St. Joseph (OK)',,,326F57AB-6D42-4053-8B4C-3655BEA54F92,1938-09-24,Eufaula (OK),Visitor,Times_Record_1938_09_24_3.csv,DFE349AD-CDEB-4F70-B137-D283A6FD7057,1938-09-24,Muskogee St. Joseph (OK),Visitor,Tulsa_World_1938_09_24_14 (1).csv,,,,
724,Maud (OK),1935,MANUAL_REVIEW,NONE,No heuristic resolved 'Westville (OK)' vs 'Weleetka (OK)',,,D1FAEC57-3A1C-432C-8D47-13A6E6482FC4,1935-10-05,Westville (OK),Visitor,Times_Record_1935_10_05_8 (2).csv,D5A8F05B-B04D-4F3E-88DE-AFDFD610C23B,1935-10-05,Weleetka (OK),Visitor,Tulsa_World_1935_10_05_13.csv,,,,
725,Tulsa Central (OK),1931,MANUAL_REVIEW,cluster_size=3,Investigation does not have exactly 2 linked games,,,,,,,,,,,,,,,,
727,Hulbert (OK),2020,MANUAL_REVIEW,NONE,No heuristic resolved 'Sallisaw Central (OK)' vs 'Marlow Central (OK)',,,BE0B008E-CAC0-40D3-808B-CE350E722C66,2020-11-06,Sallisaw Central (OK),Home,www.maxpreps.com,4AA57856-D00F-458C-8176-D3375567A872,2020-11-06,Marlow Central (OK),Home,www.maxpreps.com,,,,
729,Morrison (OK),2003,MANUAL_REVIEW,cluster_size=4,Investigation does not have exactly 2 linked games,,,,,,,,,,,,,,,,
730,Bristow (OK),2022,ALREADY_RESOLVED,missing_row,One or both HS_Scores rows no longer exist (already cleaned up) - just needs `close --status Fixed`,,,,,,,,,,,,,,,,
733,Tulsa Clinton (OK),1931,MANUAL_REVIEW,NONE,No heuristic resolved 'Broken Arrow (OK)' vs 'Broken Bow (OK)',,,6FB92DAD-0743-4889-BDBE-48BD06B4C777,1931-10-10,Broken Arrow (OK),Home,Muskogee_Daily_Phoenix_and_Times_Democrat_1931_10_10_6.csv,820D3379-3C3B-4C29-973B-A89662DE7493,1931-10-10,Broken Bow (OK),Home,Times_Record_1931_10_10_4.csv,,,,
737,Wagoner (OK),1973,MANUAL_REVIEW,STATE_MISMATCH,"'Vilonia (AR)' (AR) vs 'Vinita (OK)' (OK) -- different states, needs manual verification (known recurring confusion pattern in this dataset)",,,FC820F77-35C0-433A-9EE4-2C8132B6C851,1973-11-10,Vilonia (AR),Visitor,Times_Record_1973_11_10_16.csv,66E469B5-638F-4E13-B3B9-FEBA953A14B3,1973-11-10,Vinita (OK),Visitor,Tulsa_World_1973_11_10_29.csv,,,,
738,Inola (OK),2022,ALREADY_RESOLVED,missing_row,One or both HS_Scores rows no longer exist (already cleaned up) - just needs `close --status Fixed`,,,,,,,,,,,,,,,,
739,Oklahoma City Northeast (OK),1954,ALREADY_RESOLVED,missing_row,One or both HS_Scores rows no longer exist (already cleaned up) - just needs `close --status Fixed`,,,,,,,,,,,,,,,,
742,Oklahoma City Casady (OK),2022,MANUAL_REVIEW,cluster_size=8,Investigation does not have exactly 2 linked games,,,,,,,,,,,,,,,,
747,Sapulpa (OK),1955,MANUAL_REVIEW,SUBSTRING_UNKNOWN_QUALIFIER,'Tulsa Marquette Catholic (OK)' / 'Tulsa Marquette (OK)' -- extra word(s) ['catholic'] not in the safe-filler or risky list - needs manual verification,,,6C69C037-518D-41B5-9BC3-053EC742E6C6,1955-09-17,Tulsa Marquette Catholic (OK),Home,Tulsa_World_1955_09_17_6.csv,33E38770-45AA-4E90-B593-CF71A73E4EE3,1955-09-17,Tulsa Marquette (OK),Home,Times_Record_1955_09_17_5.csv,,,,
748,Sapulpa Eagle Point Christian Academy (OK),2017,MANUAL_REVIEW,NONE,No heuristic resolved 'Graham-Weleetka-Dustin (OK)' vs 'Weleetka Graham-Dustin (OK)',,,66C0C4CF-7C16-4F0B-A2B3-9D37F963881D,2017-09-29,Graham-Weleetka-Dustin (OK),Visitor,www.maxpreps.com,E99858D0-F9E5-4CB1-8E80-A1054F9C7506,2017-09-29,Weleetka Graham-Dustin (OK),Visitor,www.maxpreps.com,,,,
754,Ketchum (OK),2019,MANUAL_REVIEW,cluster_size=3,Investigation does not have exactly 2 linked games,,,,,,,,,,,,,,,,
757,Lindsay (OK),1930,ALREADY_RESOLVED,missing_row,One or both HS_Scores rows no longer exist (already cleaned up) - just needs `close --status Fixed`,,,,,,,,,,,,,,,,
759,Talihina (OK),1942,MANUAL_REVIEW,cluster_size=4,Investigation does not have exactly 2 linked games,,,,,,,,,,,,,,,,
761,Wilson-Henryetta (OK),2019,MANUAL_REVIEW,cluster_size=4,Investigation does not have exactly 2 linked games,,,,,,,,,,,,,,,,
762,Roland (OK),2023,MANUAL_REVIEW,NONE,No heuristic resolved 'Claremore Sequoyah (OK)' vs 'Tahlequah Sequoyah (OK)',,,F9610A4F-D883-487A-BAE0-C9DFA93921E6,2023-10-19,Claremore Sequoyah (OK),Home,www.maxpreps.com,A9D4BF9A-3454-4558-93BD-F98E4B7D92AC,2023-10-19,Tahlequah Sequoyah (OK),Home,www.maxpreps.com,,,,
763,Lindsay (OK),1973,MANUAL_REVIEW,STATE_MISMATCH,"'Noble (OK)' (OK) vs 'Sherwood Sylvan Hills (AR)' (AR) -- different states, needs manual verification (known recurring confusion pattern in this dataset)",,,8530C9E7-050E-4164-B64C-26D913CBFFAD,1973-11-10,Noble (OK),Home,Tulsa_World_1973_11_10_29.csv,96AE6175-CF8C-4C97-BAC9-5AD0A094CFF9,1973-11-10,Sherwood Sylvan Hills (AR),Home,Times_Record_1973_11_10_16.csv,,,,
766,Tulsa Clinton (OK),1937,MANUAL_REVIEW,SUBSTRING_UNKNOWN_QUALIFIER,'Bartlesville (OK)' / 'Bartlesville Sooner (OK)' -- extra word(s) ['sooner'] not in the safe-filler or risky list - needs manual verification,,,18AB5D40-249B-43CC-90A9-82964BC77B60,1937-11-06,Bartlesville (OK),Visitor,Times_Record_1937_11_06_10.csv,EC9D7481-1555-41EE-90B5-8438024C7960,1937-11-06,Bartlesville Sooner (OK),Visitor,Muskogee_Daily_Phoenix_and_Times_Democrat_1937_11_06_7.csv,,,,
769,Luther (OK),2015,MANUAL_REVIEW,SUBSTRING_BUT_RISKY_QUALIFIER,'Oklahoma City Northeast (OK)' / 'Oklahoma City Northeast Academy (OK)' -- extra word(s) ['academy'] have historically named a DIFFERENT real school in this dataset - needs manual verification,,,1516B767-A223-4F58-AD85-976435A50BC8,2015-10-27,Oklahoma City Northeast (OK),Home,www.maxpreps.com,AB63765E-12C8-4939-8688-F9D27AAAF41B,2015-10-27,Oklahoma City Northeast Academy (OK),Home,www.maxpreps.com,,,,
771,Stroud (OK),2017,MANUAL_REVIEW,SUBSTRING_BUT_RISKY_QUALIFIER,'Oklahoma City Northeast (OK)' / 'Oklahoma City Northeast Academy (OK)' -- extra word(s) ['academy'] have historically named a DIFFERENT real school in this dataset - needs manual verification,,,39CE44E9-0681-48D0-A9AE-AB7794F478E3,2017-10-12,Oklahoma City Northeast (OK),Home,www.maxpreps.com,938E27F2-2780-417D-9634-C2E9441AFC97,2017-10-12,Oklahoma City Northeast Academy (OK),Home,www.maxpreps.com,,,,
773,Oklahoma City Crossings Christian (OK),2018,MANUAL_REVIEW,SUBSTRING_BUT_RISKY_QUALIFIER,'Oklahoma City Northeast (OK)' / 'Oklahoma City Northeast Academy (OK)' -- extra word(s) ['academy'] have historically named a DIFFERENT real school in this dataset - needs manual verification,,,83707224-C703-4097-A771-366302D03EDB,2018-09-21,Oklahoma City Northeast (OK),Visitor,www.maxpreps.com,A44C15D4-D603-4BF5-8CB6-E04530145E8C,2018-09-21,Oklahoma City Northeast Academy (OK),Visitor,www.maxpreps.com,,,,
779,Midwest City (OK),2021,MANUAL_REVIEW,SUBSTRING_UNKNOWN_QUALIFIER,'Boyd (TX)' / 'McKinney Boyd (TX)' -- extra word(s) ['mckinney'] not in the safe-filler or risky list - needs manual verification,,,E3F6AF43-53B5-4939-B420-5D9F996EF149,2021-08-27,Boyd (TX),Visitor,www.maxpreps.com,BCC84587-01DE-4A97-A87D-B6AEAB28E3C8,2021-08-27,McKinney Boyd (TX),Visitor,www.maxpreps.com,,,,
780,Oklahoma City Marshall (OK),2018,MANUAL_REVIEW,SUBSTRING_BUT_RISKY_QUALIFIER,'Oklahoma City Northeast Academy (OK)' / 'Oklahoma City Northeast (OK)' -- extra word(s) ['academy'] have historically named a DIFFERENT real school in this dataset - needs manual verification,,,EB1E75C1-CFC6-4BDA-8061-4EEA773AF495,2018-08-30,Oklahoma City Northeast Academy (OK),Home,www.maxpreps.com,0CEDF03B-404D-403E-A50E-DC6F2B00D5A3,2018-08-30,Oklahoma City Northeast (OK),Home,www.maxpreps.com,,,,
781,Bowlegs (OK),1933,MANUAL_REVIEW,NONE,No heuristic resolved 'Newkirk (OK)' vs 'New Lima Seminole County (OK)',,,11BF9DF2-A478-4CB0-A09E-15C11A3B4F47,1933-10-21,Newkirk (OK),Home,Times_Record_1933_10_21_5 (2).csv,25EEAF32-6D9E-42E1-B503-259213CADF78,1933-10-21,New Lima Seminole County (OK),Visitor,Muskogee_Daily_Phoenix_and_Times_Democrat_1933_10_21_6.csv,,,,
783,Tulsa Metro Christian (OK),2022,MANUAL_REVIEW,STATE_MISMATCH,"'Prairie Grove (OK)' (OK) vs 'Prairie Grove (AR)' (AR) -- different states, needs manual verification (known recurring confusion pattern in this dataset)",,,DCEE2245-0C6C-4BA6-A7CF-7348E8CB5C8B,2022-09-16,Prairie Grove (OK),Visitor,www.maxpreps.com,5330C633-9418-42CA-BF5F-E026E493B7B3,2022-09-16,Prairie Grove (AR),Visitor,www.maxpreps.com,,,,
788,Tulsa NOAH HomeSchool (OK),2022,MANUAL_REVIEW,cluster_size=4,Investigation does not have exactly 2 linked games,,,,,,,,,,,,,,,,
793,Murray State College (OK),1929,MANUAL_REVIEW,NONE,No heuristic resolved 'Cordell Christian College (OK)' vs 'Cordell Oklahoma Christian College (OK)',,,2A70A111-BEA9-41CC-9251-5D3EE8F46E22,1929-11-02,Cordell Christian College (OK),Home,Tulsa_World_1929_11_02_19.csv,7EEB14EC-F395-4241-AB0E-C5CEE2342662,1929-11-02,Cordell Oklahoma Christian College (OK),Home,Times_Record_1929_11_02_4.csv,,,,
803,Lindsay (OK),1953,MANUAL_REVIEW,cluster_size=4,Investigation does not have exactly 2 linked games,,,,,,,,,,,,,,,,
808,Waukomis Pioneer-Pleasant Vale (OK),2019,MANUAL_REVIEW,cluster_size=4,Investigation does not have exactly 2 linked games,,,,,,,,,,,,,,,,
809,Oklahoma School for the Deaf (OK),2019,MANUAL_REVIEW,cluster_size=4,Investigation does not have exactly 2 linked games,,,,,,,,,,,,,,,,
810,Glencoe (OK),1936,MANUAL_REVIEW,cluster_size=4,Investigation does not have exactly 2 linked games,,,,,,,,,,,,,,,,
812,Oologah (OK),1969,MANUAL_REVIEW,NONE,No heuristic resolved 'Mannford (OK)' vs 'Roland (OK)',,,6521D3C5-D742-4EB8-A8BC-AE141901C193,1969-09-20,Mannford (OK),Visitor,Tulsa_World_1969_09_20_16.csv,1B4FE4C2-7C5B-4FF9-9286-B05F083FE71A,1969-09-20,Roland (OK),Visitor,Tulsa_World_1969_09_20_16.csv,,,,
821,Lindsay (OK),1933,ALREADY_RESOLVED,missing_row,One or both HS_Scores rows no longer exist (already cleaned up) - just needs `close --status Fixed`,,,,,,,,,,,,,,,,
823,Talihina (OK),1939,MANUAL_REVIEW,NONE,No heuristic resolved 'Kinta (OK)' vs 'Vinita (OK)',,,045CEAFB-4C35-4A81-A712-4A83C7E48A92,1939-11-18,Kinta (OK),Home,Tulsa_World_1939_11_18_11.csv,F27E8753-7CDD-478F-83EF-6A3BBB9E35D5,1939-11-18,Vinita (OK),Home,Times_Record_1939_11_18_3 (1).csv,,,,
825,Nowata (OK),1947,MANUAL_REVIEW,SUBSTRING_UNKNOWN_QUALIFIER,'Sperry (OK)' / 'Perry (OK)' -- extra word(s) ['sperry'] not in the safe-filler or risky list - needs manual verification,,,F8BEFD2D-2D09-44A5-B122-14B154A0A979,1947-09-20,Sperry (OK),Home,Tulsa_World_1947_09_20_13.csv,3104F503-3EDC-4079-ABDD-52E3A66F6089,1947-09-19,Perry (OK),Home,https://www.newspapers.com/image/715202247,,,,
829,Fox (OK),1974,MANUAL_REVIEW,NONE,No heuristic resolved 'Alex (OK)' vs 'Atoka (OK)',,,7F44AF02-3DE9-4B85-B04F-628420AA8B73,1974-10-05,Alex (OK),Visitor,The_Lawton_Constitution_1974_10_05_Page_21.csv,E58E7BCC-0903-41DA-8FA3-E527075ECCFF,1974-10-05,Atoka (OK),Visitor,Tulsa_World_1974_10_05_27.csv,,,,
830,Tulsa Webster (OK),1947,MANUAL_REVIEW,NONE,No heuristic resolved 'Oklahoma City Central (OK)' vs 'Tulsa Will Rogers College (OK)',,,3246BBF8-34F6-4D5A-A849-13C6CFF24C23,1947-09-20,Oklahoma City Central (OK),Visitor,Tulsa_World_1947_09_20_13.csv,06946B4A-EC85-48C6-907F-4C29D88B7B8E,1947-09-20,Tulsa Will Rogers College (OK),Home,Tulsa_World_1947_09_20_13.csv,,,,
831,Yale (OK),1961,MANUAL_REVIEW,NONE,No heuristic resolved 'Afton (OK)' vs 'Oilton (OK)',,,D3AFBD9E-78FA-4F2B-B294-5AB0D35630E9,1961-09-23,Afton (OK),Visitor,Tulsa_World_1961_09_23_12.csv,F0F9D53A-99B7-4732-8E87-9A8390F874CB,1961-09-23,Oilton (OK),Visitor,Tulsa_World_1961_09_23_12.csv,,,,
840,Bluejacket (OK),2014,MANUAL_REVIEW,NONE,No heuristic resolved 'Oklahoma City Life Christian (OK)' vs 'Choctaw Life Christian (OK)',,,F0CA7835-56FA-4B95-80E4-48B0A7A0CA33,2014-10-30,Oklahoma City Life Christian (OK),Home,www.maxpreps.com,71EB189B-B346-4B5D-A751-85473AABC6E6,2014-10-30,Choctaw Life Christian (OK),Home,www.maxpreps.com,,,,
841,Tulsa Hale (OK),2019,ALREADY_RESOLVED,missing_row,One or both HS_Scores rows no longer exist (already cleaned up) - just needs `close --status Fixed`,,,,,,,,,,,,,,,,
845,Oklahoma City Classen (OK),1942,MANUAL_REVIEW,STATE_MISMATCH,"'Joiner Shawnee (AR)' (AR) vs 'Shawnee (OK)' (OK) -- different states, needs manual verification (known recurring confusion pattern in this dataset)",,,B5ECE84D-CFB1-4E00-8EA1-519AAD9A5134,1942-11-21,Joiner Shawnee (AR),Visitor,Times_Record_1942_11_21_3.csv,5748CC64-BF7C-43CF-88E0-F26D2E497432,1942-11-21,Shawnee (OK),Visitor,Tulsa_World_1942_11_21_9.csv,,,,
846,Quapaw (OK),1933,MANUAL_REVIEW,NONE,No heuristic resolved 'Tahlequah Sequoyah (OK)' vs 'Claremore Sequoyah (OK)',,,B0719B4B-FF68-42FD-A353-78F819AED33E,1933-09-30,Tahlequah Sequoyah (OK),Visitor,Muskogee_Daily_Phoenix_and_Times_Democrat_1933_09_30_7.csv,B215D9E9-FFD5-4A79-95EA-BB58C41D7B5A,1933-09-30,Claremore Sequoyah (OK),Visitor,Times_Record_1933_09_30_5.csv,,,,
855,Choctaw (OK),2020,MANUAL_REVIEW,STATE_MISMATCH,"'Springdale (OK)' (OK) vs 'Springdale (AR)' (AR) -- different states, needs manual verification (known recurring confusion pattern in this dataset)",,,FCD28CE5-335F-434E-A36A-279752854C33,2020-09-04,Springdale (OK),Visitor,www.maxpreps.com,02BB17A8-7D0D-455B-84B0-7192D7EE704E,2020-09-04,Springdale (AR),Visitor,www.maxpreps.com,,,,
857,Enid (OK),1939,ALREADY_RESOLVED,missing_row,One or both HS_Scores rows no longer exist (already cleaned up) - just needs `close --status Fixed`,,,,,,,,,,,,,,,,
861,Drumright (OK),1936,MANUAL_REVIEW,NONE,No heuristic resolved 'Yale (OK)' vs 'Yarbrough (OK)',,,9FEE8B23-4EA5-4A05-8450-56E98F361896,1936-11-14,Yale (OK),Visitor,Times_Record_1936_11_14_8 (1).csv,188EF694-F15E-48E6-ABDB-66D24F578C95,1936-11-14,Yarbrough (OK),Visitor,Muskogee_Daily_Phoenix_and_Times_Democrat_1936_11_14_8.csv,,,,
864,Oklahoma City Classen B (OK),1955,MANUAL_REVIEW,SUBSTRING_UNKNOWN_QUALIFIER,'Oklahoma City Southeast B (OK)' / 'Oklahoma City Southeast (OK)' -- extra word(s) ['b'] not in the safe-filler or risky list - needs manual verification,,,6A194488-E211-4357-A6B1-61F11E1B1246,1955-09-24,Oklahoma City Southeast B (OK),Home,Tulsa_World_1955_09_24_9.csv,89B4EBCE-032C-4AFA-85D3-F208FC6D7723,1955-09-24,Oklahoma City Southeast (OK),Home,Times_Record_1955_09_24_5.csv,,,,
867,Idabel (OK),1927,MANUAL_REVIEW,NONE,No heuristic resolved 'Broken Bow (OK)' vs 'Broken Arrow (OK)',,,19438BEA-40C1-4F59-BF41-14EB2F933F7A,1927-11-25,Broken Bow (OK),Home,Tulsa_World_1927_11_25_12.csv,25A0161D-D671-4849-BAED-35908A29AAED,1927-11-25,Broken Arrow (OK),Home,Southwest_American_1927_11_25_18.csv,,,,
869,Oklahoma City Northwest Classen (OK),2008,MANUAL_REVIEW,SUBSTRING_UNKNOWN_QUALIFIER,'Lawton (OK)' / 'Lawton MacArthur (OK)' -- extra word(s) ['macarthur'] not in the safe-filler or risky list - needs manual verification,,,AD6A2C53-F93F-4320-B667-3D9CD57FAA7D,2008-10-02,Lawton (OK),Visitor,www.maxpreps.com,16FBBA6F-AE49-4C83-AA0E-7A3F55A6D75A,2008-10-03,Lawton MacArthur (OK),Visitor,www.maxpreps.com,,,,
870,Muskogee (OK),1934,MANUAL_REVIEW,STATE_MISMATCH,"'Oklahoma City Classen (OK)' (OK) vs 'Fort Smith (AR)' (AR) -- different states, needs manual verification (known recurring confusion pattern in this dataset)",,,DBC58856-FEAA-46A8-8EBB-42E38AEA4E85,1934-10-27,Oklahoma City Classen (OK),Home,Times_Record_1934_10_27_8.csv,0D293167-A5F5-47E4-991C-51E3EE785EA9,1934-10-27,Fort Smith (AR),Home,Times_Record_1934_10_27_8.csv,,,,
871,Gore (OK),2021,ALREADY_RESOLVED,missing_row,One or both HS_Scores rows no longer exist (already cleaned up) - just needs `close --status Fixed`,,,,,,,,,,,,,,,,
873,Coweta (OK),2021,MANUAL_REVIEW,STATE_MISMATCH,"'Frontenac (OK)' (OK) vs 'Frontenac (KS)' (KS) -- different states, needs manual verification (known recurring confusion pattern in this dataset)",,,AFAAFC2C-4F96-4EEA-88C4-5E1D11C4621F,2021-09-10,Frontenac (OK),Visitor,www.maxpreps.com,8BED3C59-1768-47CB-AF0F-E7C20590929A,2021-09-10,Frontenac (KS),Visitor,www.maxpreps.com,,,,
879,Wakita (OK),1952,ALREADY_RESOLVED,missing_row,One or both HS_Scores rows no longer exist (already cleaned up) - just needs `close --status Fixed`,,,,,,,,,,,,,,,,
885,Pauls Valley (OK),1953,MANUAL_REVIEW,NONE,No heuristic resolved 'Oklahoma City John Marshall (OK)' vs 'Oklahoma City Marshall (OK)',,,4F087956-347E-4C32-9975-127BD15614BC,1953-10-24,Oklahoma City John Marshall (OK),Home,Tulsa_World_1953_10_24_15.csv,D3937D6B-B520-48B5-8E87-8341590421AE,1953-10-24,Oklahoma City Marshall (OK),Home,Times_Record_1953_10_24_8.csv,,,,
888,Tulsa Webster (OK),2019,MANUAL_REVIEW,cluster_size=4,Investigation does not have exactly 2 linked games,,,,,,,,,,,,,,,,
889,Cyril (OK),2015,MANUAL_REVIEW,NONE,No heuristic resolved 'Oklahoma City Life Christian (OK)' vs 'Choctaw Life Christian (OK)',,,97DD9D77-1039-4BF2-8403-21BAB5D0F9D2,2015-09-04,Oklahoma City Life Christian (OK),Home,www.maxpreps.com,858F0A38-1581-4EB7-A522-63C561A78498,2015-09-04,Choctaw Life Christian (OK),Home,www.maxpreps.com,,,,
891,Bunch Cave Springs (OK),2019,MANUAL_REVIEW,cluster_size=4,Investigation does not have exactly 2 linked games,,,,,,,,,,,,,,,,
893,Weleetka (OK),1931,MANUAL_REVIEW,cluster_size=8,Investigation does not have exactly 2 linked games,,,,,,,,,,,,,,,,
895,Stroud (OK),1937,MANUAL_REVIEW,NONE,No heuristic resolved 'Yarbrough (OK)' vs 'Yale (OK)',,,9638EFAF-4655-4B9A-9690-796457D9E6FC,1937-10-30,Yarbrough (OK),Visitor,Muskogee_Daily_Phoenix_and_Times_Democrat_1937_10_30_7.csv,07702B16-CD74-4D0B-8EBF-F179028CF66D,1937-10-30,Yale (OK),Visitor,Tulsa_World_1937_10_30_14.csv,,,,
896,Cherokee (OK),1933,ALREADY_RESOLVED,missing_row,One or both HS_Scores rows no longer exist (already cleaned up) - just needs `close --status Fixed`,,,,,,,,,,,,,,,,
898,Tulsa Webster (OK),1953,MANUAL_REVIEW,cluster_size=4,Investigation does not have exactly 2 linked games,,,,,,,,,,,,,,,,
900,Purcell (OK),1933,ALREADY_RESOLVED,missing_row,One or both HS_Scores rows no longer exist (already cleaned up) - just needs `close --status Fixed`,,,,,,,,,,,,,,,,
901,Wewoka (OK),1954,MANUAL_REVIEW,cluster_size=4,Investigation does not have exactly 2 linked games,,,,,,,,,,,,,,,,
905,Bluejacket (OK),2020,MANUAL_REVIEW,STATE_MISMATCH,"'Chetopa (OK)' (OK) vs 'Chetopa (KS)' (KS) -- different states, needs manual verification (known recurring confusion pattern in this dataset)",,,167CA8F1-F813-496F-91B2-0D21D6B9DC52,2020-09-10,Chetopa (OK),Home,www.maxpreps.com,EF342641-F17B-448D-973B-DA6679D5C8F6,2020-09-10,Chetopa (KS),Home,www.maxpreps.com,,,,
906,Del City Christian Heritage (OK),2017,MANUAL_REVIEW,SUBSTRING_BUT_RISKY_QUALIFIER,'Oklahoma City Northeast Academy (OK)' / 'Oklahoma City Northeast (OK)' -- extra word(s) ['academy'] have historically named a DIFFERENT real school in this dataset - needs manual verification,,,C2CBEF18-91DF-4092-93EE-9399A2CC2852,2017-09-21,Oklahoma City Northeast Academy (OK),Home,www.maxpreps.com,6CC10E5C-8D1C-480E-84D8-93EFE5F75033,2017-09-21,Oklahoma City Northeast (OK),Home,www.maxpreps.com,,,,
909,Heavener (OK),1937,MANUAL_REVIEW,NONE,No heuristic resolved 'Paris (AR)' vs 'Parks (AR)',,,8297F9F0-878D-4E2F-867B-537045E065BD,1937-10-02,Paris (AR),Home,Times_Record_1937_10_02_10 (1).csv,71BE8BBD-8299-49E9-A888-AD7B70773646,1937-10-02,Parks (AR),Home,Tulsa_World_1937_10_02_11 (1).csv,,,,
912,Tulsa Berryhill (OK),2021,ALREADY_RESOLVED,missing_row,One or both HS_Scores rows no longer exist (already cleaned up) - just needs `close --status Fixed`,,,,,,,,,,,,,,,,
914,Claremore Verdigris (OK),2022,ALREADY_RESOLVED,missing_row,One or both HS_Scores rows no longer exist (already cleaned up) - just needs `close --status Fixed`,,,,,,,,,,,,,,,,
915,Tulsa NOAH HomeSchool (OK),2019,MANUAL_REVIEW,cluster_size=4,Investigation does not have exactly 2 linked games,,,,,,,,,,,,,,,,
917,Checotah (OK),1937,MANUAL_REVIEW,cluster_size=8,Investigation does not have exactly 2 linked games,,,,,,,,,,,,,,,,
919,Okmulgee (OK),1932,MANUAL_REVIEW,NONE,No heuristic resolved 'Westville (OK)' vs 'Weleetka (OK)',,,864FB484-6A2A-4683-B1AC-0AF85D45C85B,1932-09-24,Westville (OK),Home,Times_Record_1932_09_24_8.csv,6B8CC156-1633-4AA6-A170-84B0FB3F3F41,1932-09-24,Weleetka (OK),Home,Tulsa_World_1932_09_24_14.csv,,,,
921,Claremore Verdigris (OK),2019,MANUAL_REVIEW,cluster_size=5,Investigation does not have exactly 2 linked games,,,,,,,,,,,,,,,,
922,Okemah (OK),1954,MANUAL_REVIEW,NONE,No heuristic resolved 'Weleetka (OK)' vs 'Westville (OK)',,,4ACB99EB-A40A-4645-A3AB-48F2D84D0E33,1954-10-09,Weleetka (OK),Home,Tulsa_World_1954_10_09_9.csv,60A85ABD-87A3-4079-B806-6B6BF5B3CB24,1954-10-09,Westville (OK),Home,Times_Record_1954_10_09_8.csv,,,,
927,Tonkawa (OK),1953,ALREADY_RESOLVED,missing_row,One or both HS_Scores rows no longer exist (already cleaned up) - just needs `close --status Fixed`,,,,,,,,,,,,,,,,
934,Tahlequah (OK),1952,MANUAL_REVIEW,STATE_MISMATCH,"'Eufaula (OK)' (OK) vs 'Springdale (AR)' (AR) -- different states, needs manual verification (known recurring confusion pattern in this dataset)",,,8ECCCD30-7685-4C03-8934-3333D88754F8,1952-10-11,Eufaula (OK),Visitor,Tulsa_World_1952_10_11_15.csv,771EB68B-A071-44AF-945D-38A5E317F855,1952-10-11,Springdale (AR),Visitor,Paragould_Daily_Press_1952_10_11_3.csv,,,,
935,Purcell (OK),1973,MANUAL_REVIEW,STATE_MISMATCH,"'Mayflower (AR)' (AR) vs 'Maysville (OK)' (OK) -- different states, needs manual verification (known recurring confusion pattern in this dataset)",,,5BF3235C-E47E-4807-B31D-4AA4AE7C58E1,1973-11-10,Mayflower (AR),Home,Times_Record_1973_11_10_16.csv,52938903-7D5D-44A9-AD93-C658476342CA,1973-11-10,Maysville (OK),Home,Tulsa_World_1973_11_10_29.csv,,,,
936,Oklahoma City Millwood (OK),2017,MANUAL_REVIEW,SUBSTRING_BUT_RISKY_QUALIFIER,'Oklahoma City Northeast (OK)' / 'Oklahoma City Northeast Academy (OK)' -- extra word(s) ['academy'] have historically named a DIFFERENT real school in this dataset - needs manual verification,,,676E6801-A9D1-477E-B6DF-80B080AC2D3B,2017-10-27,Oklahoma City Northeast (OK),Home,www.maxpreps.com,2A7795B0-F54F-4EB3-9469-F4CE828CE326,2017-10-27,Oklahoma City Northeast Academy (OK),Home,www.maxpreps.com,,,,
937,Webbers Falls (OK),2014,MANUAL_REVIEW,NONE,No heuristic resolved 'Del City Destiny Christian (OK)' vs 'Oaks-Mission (OK)',,,2F5521CB-0C99-463D-A851-A613C49A9DE1,2014-09-26,Del City Destiny Christian (OK),Home,www.maxpreps.com,DA3E9434-6765-4A8A-806C-B86F9328A900,2014-09-26,Oaks-Mission (OK),Visitor,www.maxpreps.com,,,,
938,Duncan (OK),1954,MANUAL_REVIEW,cluster_size=4,Investigation does not have exactly 2 linked games,,,,,,,,,,,,,,,,
939,Healdton (OK),1963,MANUAL_REVIEW,NONE,No heuristic resolved 'Wagoner (OK)' vs 'Lindsay (OK)',,,3E150267-6624-402C-B1FF-BD146200A899,1963-11-23,Wagoner (OK),Visitor,The_Tulsa_Tribune_1963_11_23_4.csv,00FBE8C8-4534-4796-BFA3-C073FDB15FE4,1963-11-23,Lindsay (OK),Visitor,The_Tulsa_Tribune_1963_11_23_4.csv,,,,
942,Holdenville (OK),1929,MANUAL_REVIEW,cluster_size=4,Investigation does not have exactly 2 linked games,,,,,,,,,,,,,,,,
945,Tulsa Lincoln Christian (OK),2020,MANUAL_REVIEW,NONE,No heuristic resolved 'Tulsa Central (OK)' vs 'Marlow Central (OK)',,,91DF7E51-A141-444A-85C2-364A4CC91E47,2020-11-20,Tulsa Central (OK),Home,www.maxpreps.com,F0EA984F-F488-450E-9982-8A4EDD014BEC,2020-11-20,Marlow Central (OK),Home,www.maxpreps.com,,,,
946,Vinita (OK),2021,ALREADY_RESOLVED,missing_row,One or both HS_Scores rows no longer exist (already cleaned up) - just needs `close --status Fixed`,,,,,,,,,,,,,,,,
949,Colcord (OK),1971,MANUAL_REVIEW,STATE_MISMATCH,"'Decatur (AR)' (AR) vs 'Decatur (OK)' (OK) -- different states, needs manual verification (known recurring confusion pattern in this dataset)",,,E51BDB13-06C4-4A10-961E-61BC7FEDC874,1971-09-11,Decatur (AR),Visitor,Tulsa_World_1971_09_11_22.csv,B88E09D5-E609-49F6-A4A3-C68F64754E79,1971-09-11,Decatur (OK),Visitor,Northwest_Arkansas_Times_1971_09_11_Page_5.csv,,,,
952,Garber (OK),1934,ALREADY_RESOLVED,missing_row,One or both HS_Scores rows no longer exist (already cleaned up) - just needs `close --status Fixed`,,,,,,,,,,,,,,,,
953,Allen (OK),1954,MANUAL_REVIEW,NONE,No heuristic resolved 'Weleetka (OK)' vs 'Westville (OK)',,,C3A05695-8260-4A2E-AB67-A1F43AC209E1,1954-10-02,Weleetka (OK),Visitor,Tulsa_World_1954_10_02_13.csv,CF24F45F-31AA-4D5E-BB06-E582B562C0EE,1954-10-02,Westville (OK),Visitor,Times_Record_1954_10_02_5.csv,,,,
954,Wewoka (OK),1931,ALREADY_RESOLVED,missing_row,One or both HS_Scores rows no longer exist (already cleaned up) - just needs `close --status Fixed`,,,,,,,,,,,,,,,,
958,Ardmore (OK),1953,ALREADY_RESOLVED,missing_row,One or both HS_Scores rows no longer exist (already cleaned up) - just needs `close --status Fixed`,,,,,,,,,,,,,,,,
961,Cleveland (OK),1931,MANUAL_REVIEW,NONE,No heuristic resolved 'Sand Springs Charles Page (OK)' vs 'Pawhuska (OK)',,,431ED372-82FA-4559-9FEA-18D4FBBC618C,1931-10-24,Sand Springs Charles Page (OK),Visitor,Times_Record_1931_10_24_3 (1).csv,4A4E8292-EF07-4BFF-8910-C9650B1CCD3A,1931-10-24,Pawhuska (OK),Visitor,Tulsa_World_1931_10_24_20.csv,,,,
962,Anadarko (OK),1966,MANUAL_REVIEW,NONE,No heuristic resolved 'Lawton Eisenhower JV (OK)' vs 'Chickasha (OK)',,,472A7F92-B4F7-4BF0-95F4-3247A2E8437C,1966-09-24,Lawton Eisenhower JV (OK),Visitor,Tulsa_World_1966_09_24_9.csv,FA1BE554-4D3F-4647-9D38-7B4837BB59ED,1966-09-24,Chickasha (OK),Home,Tulsa_World_1966_09_24_9.csv,,,,
964,Copan (OK),1942,MANUAL_REVIEW,NONE,No heuristic resolved 'Tulsa Will Rogers College B (OK)' vs 'Tulsa Webster B (OK)',,,1A880CAA-D695-4106-B378-56B3DEC2474E,1942-10-10,Tulsa Will Rogers College B (OK),Home,Tulsa_World_1942_10_10_9.csv,6D7AF848-3B88-4425-8638-657C832ED5EC,1942-10-10,Tulsa Webster B (OK),Home,Times_Record_1942_10_10_3.csv,,,,
966,Oaks-Mission (OK),1938,MANUAL_REVIEW,NONE,No heuristic resolved 'Colcord (OK)' vs 'Prague (OK)',,,2D83DC03-5E5C-4923-9468-A12C9E83756F,1938-11-12,Colcord (OK),Home,Tulsa_World_1938_11_12_14.csv,B28CA9D9-2A85-4557-8F57-BE1B55C282BF,1938-11-12,Prague (OK),Home,Tulsa_World_1938_11_12_14 (1).csv,,,,
969,El Reno (OK),1929,MANUAL_REVIEW,STATE_MISMATCH,"'Shawnee (OK)' (OK) vs 'Joiner Shawnee (AR)' (AR) -- different states, needs manual verification (known recurring confusion pattern in this dataset)",,,6E1038A0-1A7F-43FF-8B6F-AA969F37C9FF,1929-10-26,Shawnee (OK),Visitor,Tulsa_World_1929_10_26_17.csv,6E0747C8-24C2-476E-BC7A-AD69AE42ACA2,1929-10-26,Joiner Shawnee (AR),Visitor,Times_Record_1929_10_26_7.csv,,,,
970,Okemah (OK),1931,MANUAL_REVIEW,NONE,No heuristic resolved 'Weleetka (OK)' vs 'Westville (OK)',,,80643D9D-64ED-4BCF-A701-8AE89B881468,1931-10-17,Weleetka (OK),Home,Tulsa_World_1931_10_17_17.csv,5412BFEF-C805-4BDC-8CCB-B1E66799F7EA,1931-10-17,Westville (OK),Visitor,Times_Record_1931_10_17_4.csv,,,,
971,Okmulgee (OK),1955,MANUAL_REVIEW,STATE_MISMATCH,"'Joiner Shawnee (AR)' (AR) vs 'Shawnee (OK)' (OK) -- different states, needs manual verification (known recurring confusion pattern in this dataset)",,,00E489AC-61D9-4A00-9A11-2F77C6778672,1955-09-24,Joiner Shawnee (AR),Visitor,Times_Record_1955_09_24_5.csv,254EE297-32CB-4EF8-93F0-DAA9048AA541,1955-09-24,Shawnee (OK),Visitor,Tulsa_World_1955_09_24_9.csv,,,,
979,Weleetka (OK),1928,MANUAL_REVIEW,NONE,No heuristic resolved 'Okemah (OK)' vs 'Henryetta (OK)',,,809609F2-8B24-43BE-965A-9C1D2D031CE3,1928-09-29,Okemah (OK),Home,Tulsa_World_1928_09_29_14.csv,9DEB0669-3F77-4FB4-A2F9-DFB38E34DCB9,1928-09-29,Henryetta (OK),Visitor,Tulsa_World_1928_09_29_14.csv,,,,
981,Cherokee (OK),1953,ALREADY_RESOLVED,missing_row,One or both HS_Scores rows no longer exist (already cleaned up) - just needs `close --status Fixed`,,,,,,,,,,,,,,,,
982,Fairfax (OK),1932,MANUAL_REVIEW,NONE,No heuristic resolved 'Pawnee (OK)' vs 'Bristow (OK)',,,CF27ECFE-8636-46FA-8309-5EE2447BAB30,1932-11-25,Pawnee (OK),Visitor,Tulsa_World_1932_11_25_10.csv,F8AF372C-536C-472C-A685-90E1F39B1205,1932-11-27,Bristow (OK),Home,Tulsa_World_1932_11_27_35.csv,,,,
983,Waynoka (OK),1931,MANUAL_REVIEW,cluster_size=3,Investigation does not have exactly 2 linked games,,,,,,,,,,,,,,,,
986,Tulsa Central (OK),1943,MANUAL_REVIEW,cluster_size=5,Investigation does not have exactly 2 linked games,,,,,,,,,,,,,,,,
987,Commerce (OK),2020,MANUAL_REVIEW,STATE_MISMATCH,"'Galena (OK)' (OK) vs 'Galena (KS)' (KS) -- different states, needs manual verification (known recurring confusion pattern in this dataset)",,,1F0C1A1B-36A5-407D-9D59-B19279A97CB9,2020-09-04,Galena (OK),Home,www.maxpreps.com,554377C5-CBA7-47C5-8ACD-F94DD5DAE589,2020-09-04,Galena (KS),Home,www.maxpreps.com,,,,
989,Edmond Oklahoma Christian Academy (OK),2003,MANUAL_REVIEW,cluster_size=14,Investigation does not have exactly 2 linked games,,,,,,,,,,,,,,,,
990,Okemah (OK),1928,MANUAL_REVIEW,NONE,No heuristic resolved 'Weleetka (OK)' vs 'Westville (OK)',,,809609F2-8B24-43BE-965A-9C1D2D031CE3,1928-09-29,Weleetka (OK),Visitor,Tulsa_World_1928_09_29_14.csv,687C5693-A3B5-421D-BB14-B4BF16FA5D82,1928-09-29,Westville (OK),Visitor,Times_Record_1928_09_29_5.csv,,,,
992,Hominy (OK),1955,MANUAL_REVIEW,NONE,No heuristic resolved 'Pawnee (OK)' vs 'Pawhuska (OK)',,,E1644291-7A7D-416D-913D-59E0C0ADB111,1955-09-24,Pawnee (OK),Visitor,Tulsa_World_1955_09_24_9.csv,98AD8D4D-B151-4EBF-A42C-F5219D339BFE,1955-09-24,Pawhuska (OK),Visitor,Tulsa_World_1955_09_24_9.csv,,,,
993,Nowata (OK),1938,MANUAL_REVIEW,cluster_size=3,Investigation does not have exactly 2 linked games,,,,,,,,,,,,,,,,
995,Oklahoma City Crooked Oak (OK),2019,MANUAL_REVIEW,NONE,No heuristic resolved 'Norman Little Axe (OK)' vs 'Spencer Star-Spencer (OK)',,,4BA28B23-DFD4-4F50-9FD2-111270493D08,2019-10-18,Norman Little Axe (OK),Visitor,www.maxpreps.com,8AD96FAD-EFE8-4A9C-9DFB-E295E0F74A80,2019-10-01,Spencer Star-Spencer (OK),Home,www.maxpreps.com,,,,
997,Oklahoma City Capitol Hill (OK),1930,ALREADY_RESOLVED,missing_row,One or both HS_Scores rows no longer exist (already cleaned up) - just needs `close --status Fixed`,,,,,,,,,,,,,,,,
1000,Guthrie (OK),1953,MANUAL_REVIEW,NONE,No heuristic resolved 'Oklahoma City Marshall (OK)' vs 'Oklahoma City John Marshall (OK)',,,B4B44783-3F84-4ABF-B4F7-8BD1F2CED464,1953-10-10,Oklahoma City Marshall (OK),Visitor,Tulsa_World_1953_10_10_15.csv,FA05B7BE-1FF1-4F3A-BD53-F7B19F90C50A,1953-10-10,Oklahoma City John Marshall (OK),Visitor,Times_Record_1953_10_10_8.csv,,,,
1002,Perkins (OK),1954,MANUAL_REVIEW,STATE_MISMATCH,"'Marshall (AR)' (AR) vs 'Oklahoma City Marshall (OK)' (OK) -- different states, needs manual verification (known recurring confusion pattern in this dataset)",,,CB8730B1-160F-4AE7-AFDF-180ABB8978F9,1954-09-25,Marshall (AR),Home,Times_Record_1954_09_25_6 (1).csv,7D460F18-65D0-4B52-96AB-6DB660C69415,1954-09-25,Oklahoma City Marshall (OK),Home,Tulsa_World_1954_09_25_11.csv,,,,
1004,Idabel (OK),1953,MANUAL_REVIEW,SUBSTRING_BUT_RISKY_QUALIFIER,'Marlow (OK)' / 'Marlow Central (OK)' -- extra word(s) ['central'] have historically named a DIFFERENT real school in this dataset - needs manual verification,,,22425028-CCAF-4480-A5EF-AA9C2D9D7D7E,1953-10-10,Marlow (OK),Visitor,Times_Record_1953_10_10_8.csv,F1F78524-489F-41EF-BF15-D441C949EDF8,1953-10-10,Marlow Central (OK),Visitor,Tulsa_World_1953_10_10_15.csv,,,,
1005,Vinita (OK),1935,MANUAL_REVIEW,cluster_size=7,Investigation does not have exactly 2 linked games,,,,,,,,,,,,,,,,
1006,Westville (OK),1929,MANUAL_REVIEW,cluster_size=6,Investigation does not have exactly 2 linked games,,,,,,,,,,,,,,,,
1008,Ardmore (OK),1933,MANUAL_REVIEW,STATE_MISMATCH,"'Wilson (OK)' (OK) vs 'Wilson (AR)' (AR) -- different states, needs manual verification (known recurring confusion pattern in this dataset)",,,15F51D1A-EEBC-4530-84EB-21B463464545,1933-10-21,Wilson (OK),Home,Muskogee_Daily_Phoenix_and_Times_Democrat_1933_10_21_6.csv,68332F37-5ADA-45CE-B9A7-5C211504CE5E,1933-10-21,Wilson (AR),Home,Times_Record_1933_10_21_5 (2).csv,,,,
1009,Hobart (OK),1953,ALREADY_RESOLVED,missing_row,One or both HS_Scores rows no longer exist (already cleaned up) - just needs `close --status Fixed`,,,,,,,,,,,,,,,,
1011,Tulsa Wright Christian (OK),2017,MANUAL_REVIEW,NONE,No heuristic resolved 'Choctaw Life Christian (OK)' vs 'Oklahoma City Life Christian (OK)',,,007F030D-0D4F-4DC4-B9F3-59AC368420B4,2017-09-15,Choctaw Life Christian (OK),Home,www.maxpreps.com,1EB57097-503B-448B-916D-E091D0FB0C75,2017-09-15,Oklahoma City Life Christian (OK),Home,www.maxpreps.com,,,,
1012,Okmulgee (OK),1938,MANUAL_REVIEW,NONE,No heuristic resolved 'Pryor (OK)' vs 'Bartlesville (OK)',,,6E39AB74-5BD8-4FCC-AC46-4FCF14F21382,1938-11-12,Pryor (OK),Home,Tulsa_World_1938_11_12_14 (1).csv,3CDDBD0E-2703-4744-A598-5BA0D5497AC3,1938-11-12,Bartlesville (OK),Home,Tulsa_World_1938_11_12_14.csv,,,,
1014,Oklahoma City Douglass (OK),2015,MANUAL_REVIEW,SUBSTRING_BUT_RISKY_QUALIFIER,'Oklahoma City Northeast Academy (OK)' / 'Oklahoma City Northeast (OK)' -- extra word(s) ['academy'] have historically named a DIFFERENT real school in this dataset - needs manual verification,,,E114C55E-A01D-4066-8E0E-C8C96E23CED5,2015-09-03,Oklahoma City Northeast Academy (OK),Visitor,www.maxpreps.com,F1269311-1926-4E57-9D40-E9A039A67FA9,2015-09-03,Oklahoma City Northeast (OK),Visitor,www.maxpreps.com,,,,
1015,Mooreland (OK),1931,ALREADY_RESOLVED,missing_row,One or both HS_Scores rows no longer exist (already cleaned up) - just needs `close --status Fixed`,,,,,,,,,,,,,,,,
1018,Pauls Valley (OK),1933,ALREADY_RESOLVED,missing_row,One or both HS_Scores rows no longer exist (already cleaned up) - just needs `close --status Fixed`,,,,,,,,,,,,,,,,
1020,Lawton (OK),1947,MANUAL_REVIEW,SUBSTRING_BUT_RISKY_QUALIFIER,'Marlow (OK)' / 'Marlow Central (OK)' -- extra word(s) ['central'] have historically named a DIFFERENT real school in this dataset - needs manual verification,,,743C010E-ED31-446A-93F7-BF2AD55FFF49,1947-10-03,Marlow (OK),Home,https://www.newspapers.com/image/715424545,24D4BA87-4D5E-467D-BED7-EE552449DCFB,1947-10-04,Marlow Central (OK),Home,Tulsa_World_1947_10_04_10.csv,,,,
1021,Pawnee (OK),1936,MANUAL_REVIEW,NONE,No heuristic resolved 'Prague (OK)' vs 'Newkirk (OK)',,,FA8E765F-00E7-4C21-80A7-5795B8B01D48,1936-09-26,Prague (OK),Visitor,Muskogee_Daily_Phoenix_and_Times_Democrat_1936_09_26_6.csv,FB3546B6-0993-436F-B957-6823F4D0394A,1936-09-26,Newkirk (OK),Visitor,Times_Record_1936_09_26_5.csv,,,,
1025,Oklahoma City Classen (OK),1953,MANUAL_REVIEW,STATE_MISMATCH,"'Shawnee (OK)' (OK) vs 'Joiner Shawnee (AR)' (AR) -- different states, needs manual verification (known recurring confusion pattern in this dataset)",,,71D878F7-7C15-4ABF-8C8E-E88F3B009E02,1953-11-14,Shawnee (OK),Home,Tulsa_World_1953_11_14_19.csv,F39163BE-1FEB-45D4-AACA-F2897F0AAD1B,1953-11-14,Joiner Shawnee (AR),Home,Times_Record_1953_11_14_8.csv,,,,
1026,Tulsa Wright Christian (OK),2014,MANUAL_REVIEW,NONE,No heuristic resolved 'Oklahoma City Life Christian (OK)' vs 'Choctaw Life Christian (OK)',,,24531BDF-F029-4556-A878-6F1A34550C7F,2014-09-19,Oklahoma City Life Christian (OK),Home,www.maxpreps.com,7B929C51-3331-425C-83E4-B597CED14934,2014-09-19,Choctaw Life Christian (OK),Home,www.maxpreps.com,,,,
1027,Duke (OK),2014,MANUAL_REVIEW,NONE,No heuristic resolved 'Oklahoma City Life Christian (OK)' vs 'Choctaw Life Christian (OK)',,,A4CBA0FB-DF9A-4070-BDAD-57F57F8BEC60,2014-09-26,Oklahoma City Life Christian (OK),Home,www.maxpreps.com,52F1CEE7-F50A-4D9B-B650-6D24834AD0FE,2014-09-26,Choctaw Life Christian (OK),Home,www.maxpreps.com,,,,
1029,Elk City (OK),2025,MANUAL_REVIEW,STATE_MISMATCH,"'Canadian (OK)' (OK) vs 'Canadian (TX)' (TX) -- different states, needs manual verification (known recurring confusion pattern in this dataset)",,,B3352788-F466-40A5-AFA6-11C9957CAFED,2025-08-29,Canadian (OK),Home,MaxPreps,976A3A33-88F9-4877-974C-275A4AC10D61,2025-08-29,Canadian (TX),Visitor,MaxPreps,,,,
1033,Tecumseh (OK),1944,MANUAL_REVIEW,NONE,No heuristic resolved 'Maud (OK)' vs 'Bowlegs (OK)',,,4852A3A0-94DF-4861-81F5-DFD960D46659,1944-09-23,Maud (OK),Visitor,Times_Record_1944_09_23_8.csv,7BC28107-EF24-4E5E-9F0C-FC7377E29C45,1944-09-23,Bowlegs (OK),Visitor,Tulsa_World_1944_09_23_8.csv,,,,
1036,Kremlin-Hillsdale (OK),2016,MANUAL_REVIEW,NONE,No heuristic resolved 'Boise City (OK)' vs 'Mutual Sharon-Mutual (OK)',,,EA22FDE3-9486-4529-B033-022F0FAC97F0,2016-10-13,Boise City (OK),Visitor,www.maxpreps.com,B6B943AE-85D6-4223-AA36-17FBA6256A7C,2016-10-13,Mutual Sharon-Mutual (OK),Home,www.maxpreps.com,,,,
1037,Tulsa Edison (OK),1955,MANUAL_REVIEW,NONE,No heuristic resolved 'Tulsa Central B (OK)' vs 'Oklahoma City Central B (OK)',,,FE2E3A49-87B7-4E70-B3F1-A3523A07E322,1955-09-24,Tulsa Central B (OK),Home,Times_Record_1955_09_24_5.csv,1A08A206-BF2F-4784-8AAE-FAE6B6F8883F,1955-09-24,Oklahoma City Central B (OK),Home,Tulsa_World_1955_09_24_9.csv,,,,
1039,Okmulgee (OK),1935,MANUAL_REVIEW,NONE,No heuristic resolved 'Wetumka (OK)' vs 'Westville (OK)',,,6D629640-B6F7-450D-8077-5194C58760C1,1935-09-21,Wetumka (OK),Visitor,Muskogee_Daily_Phoenix_and_Times_Democrat_1935_09_21_7.csv,B39694D8-A551-4046-86E5-F1905C0D29FF,1935-09-21,Westville (OK),Visitor,Times_Record_1935_09_21_8.csv,,,,
1041,El Reno (OK),1932,MANUAL_REVIEW,NONE,No heuristic resolved 'Chickasha (OK)' vs 'Checotah (OK)',,,062D0AAB-7BF5-40BB-B861-1003618E6569,1932-10-29,Chickasha (OK),Home,Times_Record_1932_10_29_8 (1).csv,0A1AEA8F-34DE-4DB9-9B89-8252E7B47FE6,1932-10-29,Checotah (OK),Home,Tulsa_World_1932_10_29_19.csv,,,,
1042,Oklahoma City Central (OK),1942,ALREADY_RESOLVED,missing_row,One or both HS_Scores rows no longer exist (already cleaned up) - just needs `close --status Fixed`,,,,,,,,,,,,,,,,
1043,Holdenville (OK),1932,MANUAL_REVIEW,NONE,No heuristic resolved 'Oklahoma City Northwest Classen (OK)' vs 'Oklahoma City Classen (OK)',,,C741DF77-B8DC-4DDF-8643-89363B6ADEB7,1932-09-17,Oklahoma City Northwest Classen (OK),Home,Tulsa_World_1932_09_17_15.csv,6AEC5486-F937-473E-BCBE-DB8768336AEE,1932-09-17,Oklahoma City Classen (OK),Visitor,Times_Record_1932_09_17_8.csv,,,,
1045,Okemah (OK),1934,MANUAL_REVIEW,NONE,No heuristic resolved 'Wetumka (OK)' vs 'Westville (OK)',,,09C331CE-4D2F-45D6-8185-28B80F7A545B,1934-11-03,Wetumka (OK),Home,Muskogee_Daily_Phoenix_and_Times_Democrat_1934_11_03_8.csv,F2554455-D9F3-41D7-8847-BC357E1BBC09,1934-11-03,Westville (OK),Home,Times_Record_1934_11_03_8.csv,,,,
1046,Keota (OK),1936,MANUAL_REVIEW,cluster_size=4,Investigation does not have exactly 2 linked games,,,,,,,,,,,,,,,,
1047,Oklahoma City Capitol Hill (OK),1947,MANUAL_REVIEW,NONE,No heuristic resolved 'Oklahoma City Northwest Classen (OK)' vs 'Oklahoma City Classen (OK)',,,EC26D0C7-6941-4CC5-BB2D-C78928DAA387,1947-10-03,Oklahoma City Northwest Classen (OK),Visitor,https://www.newspapers.com/image/715424545,2D4BECC7-62FD-4925-8B50-DFDBD49762F0,1947-10-04,Oklahoma City Classen (OK),Visitor,Tulsa_World_1947_10_04_10.csv,,,,
1048,Canadian (OK),2022,ALREADY_RESOLVED,missing_row,One or both HS_Scores rows no longer exist (already cleaned up) - just needs `close --status Fixed`,,,,,,,,,,,,,,,,
1055,Kiefer (OK),2023,MANUAL_REVIEW,NONE,No heuristic resolved 'Claremore Sequoyah (OK)' vs 'Tahlequah Sequoyah (OK)',,,146661DA-7BC2-4B09-8A7C-6E121763F077,2023-11-17,Claremore Sequoyah (OK),Home,www.maxpreps.com,2E9CDC21-00FE-4FDE-881E-870F7C06FCCB,2023-11-17,Tahlequah Sequoyah (OK),Home,www.maxpreps.com,,,,
1056,Norman (OK),1928,MANUAL_REVIEW,STATE_MISMATCH,"'Shawnee (OK)' (OK) vs 'Joiner Shawnee (AR)' (AR) -- different states, needs manual verification (known recurring confusion pattern in this dataset)",,,92019197-51E0-4553-9F12-5D9928C5E5B4,1928-11-17,Shawnee (OK),Visitor,Tulsa_World_1928_11_17_18.csv,6DD234A2-D766-47FE-99DB-D973ADBF6CFD,1928-11-17,Joiner Shawnee (AR),Visitor,Times_Record_1928_11_17_5 (1).csv,,,,
1061,Dewey (OK),2020,MANUAL_REVIEW,STATE_MISMATCH,"'Riverton (KS)' (KS) vs 'Riverton (OK)' (OK) -- different states, needs manual verification (known recurring confusion pattern in this dataset)",,,D6FB913B-BDD3-42CD-891C-AB5E986F05E0,2020-09-11,Riverton (KS),Home,www.maxpreps.com,5DA8F0ED-F2B4-4E4C-8DB5-EA33201E8A6D,2020-09-11,Riverton (OK),Home,www.maxpreps.com,,,,
1062,Checotah (OK),1943,MANUAL_REVIEW,cluster_size=6,Investigation does not have exactly 2 linked games,,,,,,,,,,,,,,,,
1066,Wewoka (OK),1935,MANUAL_REVIEW,STATE_MISMATCH,"'Shawnee (OK)' (OK) vs 'Joiner Shawnee (AR)' (AR) -- different states, needs manual verification (known recurring confusion pattern in this dataset)",,,474FE0A2-016E-4C50-8370-2691154844B0,1935-09-28,Shawnee (OK),Visitor,Muskogee_Daily_Phoenix_and_Times_Democrat_1935_09_28_6.csv,98974916-548F-4C6A-8DC3-68332C09069B,1935-09-28,Joiner Shawnee (AR),Visitor,Times_Record_1935_09_28_8 (1).csv,,,,
1067,Bluejacket (OK),2003,MANUAL_REVIEW,cluster_size=4,Investigation does not have exactly 2 linked games,,,,,,,,,,,,,,,,
1068,Jay (OK),1929,MANUAL_REVIEW,cluster_size=3,Investigation does not have exactly 2 linked games,,,,,,,,,,,,,,,,
1072,Atoka (OK),1952,MANUAL_REVIEW,NONE,No heuristic resolved 'Westville (OK)' vs 'Weleetka (OK)',,,4ED22B23-C28D-4108-95C4-8ACABF35D084,1952-09-27,Westville (OK),Visitor,Times_Record_1952_09_27_8.csv,107CF92E-FD3E-4982-909F-C3810BF486AA,1952-09-27,Weleetka (OK),Visitor,Tulsa_World_1952_09_27_15.csv,,,,
1073,Colcord (OK),1973,MANUAL_REVIEW,STATE_MISMATCH,"'Decatur (OK)' (OK) vs 'Decatur (AR)' (AR) -- different states, needs manual verification (known recurring confusion pattern in this dataset)",,,64281499-E297-4A7A-9180-300C664D16CC,1973-09-08,Decatur (OK),Visitor,Hope_Star_1973_09_08_Page_6.csv,F0A46D3A-65DA-42AC-B99D-B38FACB83205,1973-09-08,Decatur (AR),Visitor,Tulsa_World_1973_09_08_23 (1).csv,,,,
1076,Sallisaw (OK),1927,MANUAL_REVIEW,NONE,No heuristic resolved 'Muldrow (OK)' vs 'Stilwell (OK)',,,0A9A030B-567A-488C-8F94-89D25C1D8BD2,1927-09-24,Muldrow (OK),Home,Tulsa_World_1927_09_24_12.csv,C003EE3D-C62A-4FB8-9480-C4D6CAE2A077,1927-09-24,Stilwell (OK),Visitor,Tulsa_World_1927_09_24_12.csv,,,,
1077,Oklahoma City Putnam City (OK),1953,ALREADY_RESOLVED,missing_row,One or both HS_Scores rows no longer exist (already cleaned up) - just needs `close --status Fixed`,,,,,,,,,,,,,,,,
1078,Stillwater (OK),2003,MANUAL_REVIEW,cluster_size=4,Investigation does not have exactly 2 linked games,,,,,,,,,,,,,,,,
1082,Alva (OK),1932,ALREADY_RESOLVED,missing_row,One or both HS_Scores rows no longer exist (already cleaned up) - just needs `close --status Fixed`,,,,,,,,,,,,,,,,
1086,Coalgate (OK),1954,MANUAL_REVIEW,NONE,No heuristic resolved 'Weleetka (OK)' vs 'Westville (OK)',,,8AA7B9B0-620E-482D-AE15-5A51617F8008,1954-09-11,Weleetka (OK),Home,Tulsa_World_1954_09_11_11.csv,5E2FCF07-067A-4EBA-9503-5D9AF7C6B89C,1954-09-11,Westville (OK),Home,Times_Record_1954_09_11_8.csv,,,,
1088,Braman (OK),1953,MANUAL_REVIEW,STATE_MISMATCH,"'Marshall (AR)' (AR) vs 'Oklahoma City Marshall (OK)' (OK) -- different states, needs manual verification (known recurring confusion pattern in this dataset)",,,91E220A1-8F53-43C4-9FE6-1E72984B12EA,1953-10-10,Marshall (AR),Visitor,Times_Record_1953_10_10_8.csv,E61E6E5F-F308-4B64-907F-A1A504DFF875,1953-10-10,Oklahoma City Marshall (OK),Visitor,Tulsa_World_1953_10_10_15.csv,,,,
1090,Norman (OK),1951,MANUAL_REVIEW,STATE_MISMATCH,"'Shawnee (OK)' (OK) vs 'Joiner Shawnee (AR)' (AR) -- different states, needs manual verification (known recurring confusion pattern in this dataset)",,,5587B0E8-0F85-4365-BABC-580AF7523F8A,1951-10-27,Shawnee (OK),Home,Tulsa_World_1951_10_27_13 (1).csv,21FAF362-60A5-4EBA-9A2C-C22FE2DA6D3C,1951-10-27,Joiner Shawnee (AR),Home,Times_Record_1951_10_27_3.csv,,,,
1092,Cordell (OK),2019,MANUAL_REVIEW,cluster_size=4,Investigation does not have exactly 2 linked games,,,,,,,,,,,,,,,,
1098,Bristow (OK),1928,MANUAL_REVIEW,STATE_MISMATCH,"'Joiner Shawnee (AR)' (AR) vs 'Shawnee (OK)' (OK) -- different states, needs manual verification (known recurring confusion pattern in this dataset)",,,097B62E3-C718-4899-BD3F-A6C9E8B54FBF,1928-11-30,Joiner Shawnee (AR),Home,Times_Record_1928_11_30_12 (1).csv,A7DF5200-FA0B-496B-B6FD-B59600423574,1928-11-30,Shawnee (OK),Home,Tulsa_World_1928_11_30_18.csv,,,,
1100,Victory Jackson County (OK),1936,MANUAL_REVIEW,SUBSTRING_BUT_RISKY_QUALIFIER,'Mountain Park Kiowa County (OK)' / 'Mountain Park (OK)' -- extra word(s) ['county'] have historically named a DIFFERENT real school in this dataset - needs manual verification,,,BD930830-45E4-4887-BFAA-2DA6F0A36A6C,1936-11-14,Mountain Park Kiowa County (OK),Visitor,Muskogee_Daily_Phoenix_and_Times_Democrat_1936_11_14_8.csv,98BA8C35-481A-4565-A8DB-D0B84D53DEE1,1936-11-14,Mountain Park (OK),Visitor,Times_Record_1936_11_14_8 (1).csv,,,,
1101,Del City Christian Heritage (OK),2015,MANUAL_REVIEW,cluster_size=4,Investigation does not have exactly 2 linked games,,,,,,,,,,,,,,,,
1104,Henryetta (OK),1931,MANUAL_REVIEW,STATE_MISMATCH,"'Joiner Shawnee (AR)' (AR) vs 'Shawnee (OK)' (OK) -- different states, needs manual verification (known recurring confusion pattern in this dataset)",,,18CF2EAA-F535-4B1D-B47C-3CC94A6A8382,1931-09-26,Joiner Shawnee (AR),Visitor,Times_Record_1931_09_26_3 (1).csv,52449992-B5FC-4F8C-BE97-8F2B4AFC9456,1931-09-26,Shawnee (OK),Visitor,Tulsa_World_1931_09_26_7 (1).csv,,,,
1105,Miami (OK),1964,MANUAL_REVIEW,STATE_MISMATCH,"'Vinita (OK)' (OK) vs 'Vilonia (AR)' (AR) -- different states, needs manual verification (known recurring confusion pattern in this dataset)",,,9A06752D-F261-4290-BE29-43D0F469630A,1964-11-07,Vinita (OK),Home,The_Daily_Oklahoman_1964_11_07_19.csv,59BFA4AE-06F7-44F2-A6B8-8DEC8566C04E,1964-11-07,Vilonia (AR),Home,Times_Record_1964_11_07_6.csv,,,,
1106,Oklahoma City Classen (OK),1954,MANUAL_REVIEW,STATE_MISMATCH,"'Joiner Shawnee (AR)' (AR) vs 'Shawnee (OK)' (OK) -- different states, needs manual verification (known recurring confusion pattern in this dataset)",,,B31E1368-04DD-4BA8-B7D6-A39C44382478,1954-11-13,Joiner Shawnee (AR),Home,Times_Record_1954_11_13_8.csv,03F3B111-A237-4637-9958-C7D4C8C4EB64,1954-11-13,Shawnee (OK),Home,Tulsa_World_1954_11_13_11.csv,,,,
1107,Checotah (OK),1966,MANUAL_REVIEW,cluster_size=14,Investigation does not have exactly 2 linked games,,,,,,,,,,,,,,,,
1112,Tulsa NOAH HomeSchool (OK),2017,MANUAL_REVIEW,cluster_size=6,Investigation does not have exactly 2 linked games,,,,,,,,,,,,,,,,
1116,Anadarko (OK),1947,AUTO,H1_IDENTICAL_AFTER_NORMALIZE,'Chickasha (OK)' and 'Chickasha (OK)' are the same name after normalization (same state),C34C067C-6169-41D1-8D47-A119A2126B47,D18E583E-82AE-46CF-B263-BE1FCC5EA995,C34C067C-6169-41D1-8D47-A119A2126B47,1947-10-17,Chickasha (OK),Visitor,https://www.newspapers.com/image/715425494,D18E583E-82AE-46CF-B263-BE1FCC5EA995,1947-10-18,Chickasha (OK),Visitor,Tulsa_World_1947_10_18_13.csv,,,,
1120,Weleetka (OK),1937,MANUAL_REVIEW,NONE,No heuristic resolved 'Holdenville (OK)' vs 'New Lima Seminole County (OK)',,,7D6ABF35-7464-424F-A6EC-B698FFDC9DF1,1937-09-25,Holdenville (OK),Visitor,Tulsa_World_1937_09_25_14.csv,2C9DC495-4F51-4F1C-9F0E-FA631B54AA45,1937-09-25,New Lima Seminole County (OK),Visitor,Tulsa_World_1937_09_25_14.csv,,,,
1121,Duke (OK),2015,MANUAL_REVIEW,cluster_size=4,Investigation does not have exactly 2 linked games,,,,,,,,,,,,,,,,
1123,Oklahoma City Marshall (OK),1960,MANUAL_REVIEW,cluster_size=6,Investigation does not have exactly 2 linked games,,,,,,,,,,,,,,,,
1126,Oklahoma City Casady (OK),2020,MANUAL_REVIEW,STATE_MISMATCH,"'Norman Community Christian (OK)' (OK) vs 'Norman Community Christian (TX)' (TX) -- different states, needs manual verification (known recurring confusion pattern in this dataset)",,,841A7939-E32A-441D-B42B-5E6B8974662B,2020-10-02,Norman Community Christian (OK),Home,www.maxpreps.com,2AC1ADB2-3026-4F88-8671-B84478B6B47F,2020-10-02,Norman Community Christian (TX),Home,www.maxpreps.com,,,,
1131,Shattuck (OK),2014,MANUAL_REVIEW,NONE,No heuristic resolved 'Oklahoma City Life Christian (OK)' vs 'Choctaw Life Christian (OK)',,,E89771D7-A95C-4449-A4E3-23AB64D5F225,2014-10-16,Oklahoma City Life Christian (OK),Visitor,www.maxpreps.com,2B25168A-E09A-4D17-8C5C-EF6D278863B3,2014-10-16,Choctaw Life Christian (OK),Home,www.maxpreps.com,,,,
1132,Blackwell (OK),1935,MANUAL_REVIEW,SUBSTRING_UNKNOWN_QUALIFIER,'Bartlesville (OK)' / 'Bartlesville Sooner (OK)' -- extra word(s) ['sooner'] not in the safe-filler or risky list - needs manual verification,,,C4722539-5A44-4879-AC7B-5EAA08F83173,1935-11-09,Bartlesville (OK),Home,Tulsa_World_1935_11_09_18.csv,D22EC89A-9B10-41CF-92F1-ED8E586B8541,1935-11-09,Bartlesville Sooner (OK),Visitor,Muskogee_Daily_Phoenix_and_Times_Democrat_1935_11_09_6.csv,,,,
1134,Tulsa Will Rogers College (OK),1954,MANUAL_REVIEW,NONE,No heuristic resolved 'Oklahoma City Northwest Classen (OK)' vs 'Oklahoma City Classen (OK)',,,2919D622-26F8-4E37-AA45-69A1B0BFF117,1954-11-20,Oklahoma City Northwest Classen (OK),Visitor,Tulsa_World_1954_11_20_19.csv,7BA6796A-F159-4BA4-9FA5-9BF06A697FF2,1954-11-20,Oklahoma City Classen (OK),Visitor,Times_Record_1954_11_20_8.csv,,,,
1135,Cherokee (OK),1954,ALREADY_RESOLVED,missing_row,One or both HS_Scores rows no longer exist (already cleaned up) - just needs `close --status Fixed`,,,,,,,,,,,,,,,,
1136,Canadian (OK),2023,MANUAL_REVIEW,cluster_size=4,Investigation does not have exactly 2 linked games,,,,,,,,,,,,,,,,
1138,Holdenville (OK),1933,MANUAL_REVIEW,NONE,No heuristic resolved 'Wetumka (OK)' vs 'Westville (OK)',,,20F13A69-1193-4FE9-904E-0A17FDF1CBF1,1933-10-14,Wetumka (OK),Home,Muskogee_Daily_Phoenix_and_Times_Democrat_1933_10_14_6.csv,0481BDEB-83FA-407E-B149-85323C65C04D,1933-10-14,Westville (OK),Home,Times_Record_1933_10_14_5 (1).csv,,,,
1141,Cushing (OK),1954,MANUAL_REVIEW,SUBSTRING_UNKNOWN_QUALIFIER,'Tulsa Marquette (OK)' / 'Tulsa Marquette Catholic (OK)' -- extra word(s) ['catholic'] not in the safe-filler or risky list - needs manual verification,,,E03FF580-6EB9-4F44-86DC-033F022D4B5D,1954-11-20,Tulsa Marquette (OK),Home,Times_Record_1954_11_20_8.csv,FDBF56A8-21A6-4767-9DDD-4B1E47FF3A1A,1954-11-20,Tulsa Marquette Catholic (OK),Home,Tulsa_World_1954_11_20_19.csv,,,,
1142,Tulsa Berryhill (OK),2020,MANUAL_REVIEW,NONE,No heuristic resolved 'Marlow Central (OK)' vs 'Tulsa Central (OK)',,,32AE1BC6-6323-4916-B904-BB7C2E2BEC21,2020-10-23,Marlow Central (OK),Home,www.maxpreps.com,0D68592D-60A3-49F5-9B8F-C05961FBDF5A,2020-10-23,Tulsa Central (OK),Home,www.maxpreps.com,,,,
1143,Panama (OK),2022,ALREADY_RESOLVED,missing_row,One or both HS_Scores rows no longer exist (already cleaned up) - just needs `close --status Fixed`,,,,,,,,,,,,,,,,
1144,Norman (OK),1931,MANUAL_REVIEW,cluster_size=6,Investigation does not have exactly 2 linked games,,,,,,,,,,,,,,,,
1145,Carmen (OK),1974,MANUAL_REVIEW,STATE_MISMATCH,"'Greenfield (OK)' (OK) vs 'Greenland (AR)' (AR) -- different states, needs manual verification (known recurring confusion pattern in this dataset)",,,87722592-FA7F-4A3D-928E-5EB70154990E,1974-10-05,Greenfield (OK),Home,Tulsa_World_1974_10_05_27.csv,046C5756-6B29-4ED5-95A1-ED2BE8ABF20B,1974-10-05,Greenland (AR),Home,The_Lawton_Constitution_1974_10_05_Page_21 (1).csv,,,,
1146,Quinton (OK),1932,MANUAL_REVIEW,NONE,No heuristic resolved 'Fairview (OK)' vs 'Porum (OK)',,,3342253D-27EF-4980-9F55-9E56A8DBAC25,1932-09-24,Fairview (OK),Visitor,Tulsa_World_1932_09_24_14.csv,B06417F3-9EC6-41A3-964E-D08AE2C67422,1932-09-24,Porum (OK),Home,Tulsa_World_1932_09_24_14.csv,,,,
1147,Westville (OK),1970,MANUAL_REVIEW,cluster_size=4,Investigation does not have exactly 2 linked games,,,,,,,,,,,,,,,,
1148,Cameron University (OK),1929,MANUAL_REVIEW,STATE_MISMATCH,"'Cordell Oklahoma Christian College (OK)' (OK) vs 'Christian College (TX)' (TX) -- different states, needs manual verification (known recurring confusion pattern in this dataset)",,,E50612C9-7CCD-4661-9F26-75EDD0CA935C,1929-10-26,Cordell Oklahoma Christian College (OK),Home,Times_Record_1929_10_26_7.csv,A1375CC8-440E-4E83-9F28-FAD50D01211B,1929-10-26,Christian College (TX),Home,Tulsa_World_1929_10_26_17.csv,,,,
1149,Barnsdall (OK),1953,MANUAL_REVIEW,cluster_size=3,Investigation does not have exactly 2 linked games,,,,,,,,,,,,,,,,
1154,Wagoner (OK),1968,MANUAL_REVIEW,NONE,No heuristic resolved 'Checotah (OK)' vs 'Chouteau (OK)',,,3A2CACC7-2D92-48B6-BC1B-08145B633BB6,1968-11-16,Checotah (OK),Home,Tulsa_World_1968_11_16_18.csv,64377A9B-6822-490B-816A-DCC69BE60886,1968-11-16,Chouteau (OK),Home,Tulsa_World_1968_11_16_18.csv,,,,
1157,Lawton (OK),1953,ALREADY_RESOLVED,missing_row,One or both HS_Scores rows no longer exist (already cleaned up) - just needs `close --status Fixed`,,,,,,,,,,,,,,,,
1158,Allen (OK),2015,MANUAL_REVIEW,STATE_MISMATCH,"'Macomb (IL)' (IL) vs 'Macomb (OK)' (OK) -- different states, needs manual verification (known recurring confusion pattern in this dataset)",,,481AF6B5-0A6C-417D-8ED0-1BD26EC2622E,2015-09-11,Macomb (IL),Home,www.maxpreps.com,11BB5D6F-6B82-467E-9ED3-A27620D339EB,2015-09-11,Macomb (OK),Home,www.maxpreps.com,,,,
1161,Holdenville (OK),1953,MANUAL_REVIEW,NONE,No heuristic resolved 'Nowata (OK)' vs 'Wewoka (OK)',,,A9F69C14-521B-4934-992F-5AE608534856,1953-09-26,Nowata (OK),Home,Tulsa_World_1953_09_26_9.csv,CE4352BE-3DDD-4A75-B5B6-C84D59C17AEA,1953-09-26,Wewoka (OK),Home,Times_Record_1953_09_26_8.csv,,,,
1163,El Reno (OK),1933,MANUAL_REVIEW,STATE_MISMATCH,"'Shawnee (OK)' (OK) vs 'Joiner Shawnee (AR)' (AR) -- different states, needs manual verification (known recurring confusion pattern in this dataset)",,,C57F2819-420D-499F-9E8D-3307C4BF8CDF,1933-11-25,Shawnee (OK),Visitor,Muskogee_Daily_Phoenix_and_Times_Democrat_1933_11_25_9.csv,CA90A40D-2A8D-4512-A5DA-9932132D8113,1933-11-25,Joiner Shawnee (AR),Visitor,Times_Record_1933_11_25_4 (1).csv,,,,
1164,Checotah (OK),1940,MANUAL_REVIEW,cluster_size=10,Investigation does not have exactly 2 linked games,,,,,,,,,,,,,,,,
1167,Bristow (OK),1931,MANUAL_REVIEW,NONE,No heuristic resolved 'Checotah (OK)' vs 'Chickasha (OK)',,,C8648C21-39FA-4644-BE6C-0875144723D3,1931-10-17,Checotah (OK),Visitor,Tulsa_World_1931_10_17_17.csv,68166A74-AE19-4E9C-865E-8B3533FBD215,1931-10-17,Chickasha (OK),Visitor,Times_Record_1931_10_17_4.csv,,,,
1168,Woodward (OK),1932,ALREADY_RESOLVED,missing_row,One or both HS_Scores rows no longer exist (already cleaned up) - just needs `close --status Fixed`,,,,,,,,,,,,,,,,
1171,Sapulpa (OK),1934,MANUAL_REVIEW,SUBSTRING_UNKNOWN_QUALIFIER,'Bartlesville (OK)' / 'Bartlesville Sooner (OK)' -- extra word(s) ['sooner'] not in the safe-filler or risky list - needs manual verification,,,181A9166-1F88-49E0-AAB8-85E50CC13070,1934-11-24,Bartlesville (OK),Home,Times_Record_1934_11_24_7.csv,374D1A0C-2B68-4F21-A261-B8A0B22BD212,1934-11-24,Bartlesville Sooner (OK),Home,Muskogee_Daily_Phoenix_and_Times_Democrat_1934_11_24_6.csv,,,,
1175,Tulsa Will Rogers College (OK),2023,MANUAL_REVIEW,cluster_size=3,Investigation does not have exactly 2 linked games,,,,,,,,,,,,,,,,
1176,Tulsa NOAH HomeSchool (OK),2020,MANUAL_REVIEW,cluster_size=4,Investigation does not have exactly 2 linked games,,,,,,,,,,,,,,,,
1177,Ryan (OK),1931,MANUAL_REVIEW,SUBSTRING_BUT_RISKY_QUALIFIER,'Marlow Central (OK)' / 'Marlow (OK)' -- extra word(s) ['central'] have historically named a DIFFERENT real school in this dataset - needs manual verification,,,DE4B75EE-FA3C-4F37-89E3-88E1C25649EA,1931-10-03,Marlow Central (OK),Visitor,Tulsa_World_1931_10_03_9.csv,EFCA3F5D-50AC-4CE0-9589-E18FC7641D0C,1931-10-03,Marlow (OK),Visitor,Times_Record_1931_10_03_2 (1).csv,,,,
1179,Del City Christian Heritage (OK),2018,MANUAL_REVIEW,SUBSTRING_BUT_RISKY_QUALIFIER,'Oklahoma City Northeast Academy (OK)' / 'Oklahoma City Northeast (OK)' -- extra word(s) ['academy'] have historically named a DIFFERENT real school in this dataset - needs manual verification,,,EE782F29-AC1E-47F6-B850-292F1DF85CB4,2018-09-14,Oklahoma City Northeast Academy (OK),Home,www.maxpreps.com,A7053E0A-79EE-409E-AD5C-B27851904811,2018-09-14,Oklahoma City Northeast (OK),Home,www.maxpreps.com,,,,
1180,Antlers (OK),2021,MANUAL_REVIEW,STATE_MISMATCH,"'Maud (OK)' (OK) vs 'Maud (TX)' (TX) -- different states, needs manual verification (known recurring confusion pattern in this dataset)",,,4E6BB44A-ABD0-40D8-B984-33EF99B5F0C4,2021-09-03,Maud (OK),Home,www.maxpreps.com,A9EBCF86-9619-4EF9-9635-EA0B94A14252,2021-09-03,Maud (TX),Home,www.maxpreps.com,,,,
1183,Tulsa Metro Christian (OK),2020,MANUAL_REVIEW,STATE_MISMATCH,"'Paris (TX)' (TX) vs 'Paris (OK)' (OK) -- different states, needs manual verification (known recurring confusion pattern in this dataset)",,,450FACA6-612B-4425-B9C1-9DF9CE7617B6,2020-08-28,Paris (TX),Home,www.maxpreps.com,0F43FBC6-AD64-451C-8BFB-C087563D419D,2020-08-28,Paris (OK),Visitor,www.maxpreps.com,,,,
1186,Weleetka (OK),1934,MANUAL_REVIEW,NONE,No heuristic resolved 'Wetumka (OK)' vs 'Westville (OK)',,,42E9D9F1-4E80-4BAC-BFAE-014B36753007,1934-10-13,Wetumka (OK),Visitor,Muskogee_Daily_Phoenix_and_Times_Democrat_1934_10_13_6.csv,32C25EE6-A1DF-4D04-9114-12F8DB600FB3,1934-10-13,Westville (OK),Visitor,Times_Record_1934_10_13_3 (1).csv,,,,
1189,Muskogee (OK),1972,MANUAL_REVIEW,NONE,No heuristic resolved 'Tulsa Hale (OK)' vs 'Muskogee Opp Rangers (OK)',,,E2AD829C-832F-4F2A-AF63-0A1B58532C69,1972-12-02,Tulsa Hale (OK),Visitor,The_Daily_Oklahoman_1972_12_02_24.csv,1966884A-7C0E-4D8A-AD5A-5283C570B1AA,1972-12-02,Muskogee Opp Rangers (OK),Visitor,Tulsa_World_1972_12_02_30.csv,,,,
1190,Bristow (OK),1934,MANUAL_REVIEW,SUBSTRING_UNKNOWN_QUALIFIER,'Bartlesville (OK)' / 'Bartlesville Sooner (OK)' -- extra word(s) ['sooner'] not in the safe-filler or risky list - needs manual verification,,,DB608837-8185-45A8-A6C0-B45FEA1C3D1C,1934-11-30,Bartlesville (OK),Home,Times_Record_1934_11_30_9 (1).csv,D0B574B1-10B1-4784-9D20-CF6D3348FDE1,1934-11-30,Bartlesville Sooner (OK),Home,Muskogee_Daily_Phoenix_and_Times_Democrat_1934_11_30_13 (1).csv,,,,
1192,Norman (OK),1954,ALREADY_RESOLVED,missing_row,One or both HS_Scores rows no longer exist (already cleaned up) - just needs `close --status Fixed`,,,,,,,,,,,,,,,,
1195,Lawton (OK),1930,ALREADY_RESOLVED,missing_row,One or both HS_Scores rows no longer exist (already cleaned up) - just needs `close --status Fixed`,,,,,,,,,,,,,,,,
1196,Dewey (OK),1937,MANUAL_REVIEW,SUBSTRING_UNKNOWN_QUALIFIER,'Bartlesville Sooner (OK)' / 'Bartlesville (OK)' -- extra word(s) ['sooner'] not in the safe-filler or risky list - needs manual verification,,,1758FC9C-A8D9-466E-AF48-1FB8463E85AE,1937-10-23,Bartlesville Sooner (OK),Home,Muskogee_Daily_Phoenix_and_Times_Democrat_1937_10_23_8.csv,1113539F-1826-4C10-8C96-737E30E9C8BA,1937-10-23,Bartlesville (OK),Home,Times_Record_1937_10_23_10 (1).csv,,,,
1197,Duncan Empire (OK),2017,MANUAL_REVIEW,NONE,No heuristic resolved 'Choctaw Life Christian (OK)' vs 'Oklahoma City Life Christian (OK)',,,B484E785-86FD-4746-90D8-086A7526A2E3,2017-09-08,Choctaw Life Christian (OK),Home,www.maxpreps.com,F2649903-1C70-420D-A188-9028A9AE7D14,2017-09-08,Oklahoma City Life Christian (OK),Home,www.maxpreps.com,,,,
1199,Alva (OK),1955,ALREADY_RESOLVED,missing_row,One or both HS_Scores rows no longer exist (already cleaned up) - just needs `close --status Fixed`,,,,,,,,,,,,,,,,
1202,Welch (OK),2017,MANUAL_REVIEW,NONE,No heuristic resolved 'Del City Destiny Christian (OK)' vs 'Copan (OK)',,,580AED76-F6B9-49B6-A399-2E2360153637,2017-10-27,Del City Destiny Christian (OK),Home,www.maxpreps.com,A17D5492-2AB4-46B3-AE76-76B70F60657C,2017-10-27,Copan (OK),Visitor,www.maxpreps.com,,,,
1204,Tulsa Webster (OK),1945,MANUAL_REVIEW,NONE,No heuristic resolved 'Tulsa Will Rogers College (OK)' vs 'Tulsa Central (OK)',,,0AC73DDA-A873-4D0F-8E80-4DD200D0EC1E,1945-09-22,Tulsa Will Rogers College (OK),Visitor,Tulsa_World_1945_09_22_10.csv,203E1A90-E76D-4789-95AD-5BB4DEA24F80,1945-09-22,Tulsa Central (OK),Visitor,Tulsa_World_1945_09_22_10.csv,,,,
1208,Bartlesville Wesleyan Christian (OK),2006,MANUAL_REVIEW,STATE_MISMATCH,"'DeSoto Summit Christian Academy (TX)' (TX) vs 'Broken Arrow Summit Christian Academy (OK)' (OK) -- different states, needs manual verification (known recurring confusion pattern in this dataset)",,,8F51C2AD-D467-4646-99CF-5E9DB8C83AA4,2006-10-06,DeSoto Summit Christian Academy (TX),Home,www.maxpreps.com,CE9F1BE0-09D4-4C79-88AC-FB4BAAD33F56,2006-10-06,Broken Arrow Summit Christian Academy (OK),Visitor,www.maxpreps.com,,,,
1209,Tulsa NOAH HomeSchool (OK),2014,MANUAL_REVIEW,cluster_size=4,Investigation does not have exactly 2 linked games,,,,,,,,,,,,,,,,
1210,Ardmore (OK),1954,MANUAL_REVIEW,cluster_size=4,Investigation does not have exactly 2 linked games,,,,,,,,,,,,,,,,
1213,Wayne (OK),1974,MANUAL_REVIEW,NONE,No heuristic resolved 'Newcastle (OK)' vs 'Newkirk (OK)',,,19E891CE-8E5A-490E-A392-4C5BA9AD7666,1974-10-05,Newcastle (OK),Home,Tulsa_World_1974_10_05_27.csv,0DD1ECED-7130-40DE-94A0-B99D042138E1,1974-10-05,Newkirk (OK),Home,The_Lawton_Constitution_1974_10_05_Page_21.csv,,,,
1215,Muskogee (OK),1932,MANUAL_REVIEW,NONE,No heuristic resolved 'Tulsa Central (OK)' vs 'Tulsa Booker T. Washington (OK)',,,10061FBD-326C-449F-BDCD-03398B733986,1932-11-25,Tulsa Central (OK),Visitor,Times_Record_1932_11_25_9.csv,6DF48CB0-056F-4FF6-A9E8-36C4359DE048,1932-11-25,Tulsa Booker T. Washington (OK),Visitor,Tulsa_World_1932_11_25_10.csv,,,,
1217,Tulsa Central (OK),1956,MANUAL_REVIEW,NONE,No heuristic resolved 'Tulsa Will Rogers College (OK)' vs 'Tulsa Webster (OK)',,,0A62E856-A472-4D62-8652-3FC1DBB440FE,1956-09-22,Tulsa Will Rogers College (OK),Visitor,Tulsa_World_1956_09_22_10.csv,6C3FCC54-AB39-44B6-BB93-7BE2BB3CA34A,1956-09-22,Tulsa Webster (OK),Home,Tulsa_World_1956_09_22_10.csv,,,,
1218,Garber (OK),1933,MANUAL_REVIEW,STATE_MISMATCH,"'Carmen Junior High (OK)' (OK) vs 'Camden (AR)' (AR) -- different states, needs manual verification (known recurring confusion pattern in this dataset)",,,B8992931-D09E-49BA-A992-0DB9D8C66D73,1933-11-25,Carmen Junior High (OK),Home,Muskogee_Daily_Phoenix_and_Times_Democrat_1933_11_25_9.csv,84074309-2DE8-4857-9C1D-A6DF0CA2A6F3,1933-11-25,Camden (AR),Home,Times_Record_1933_11_25_4 (1).csv,,,,
1219,Haileyville (OK),1935,MANUAL_REVIEW,STATE_MISMATCH,"'Nash Jones Academy (OK)' (OK) vs 'North Little Rock Jones (AR)' (AR) -- different states, needs manual verification (known recurring confusion pattern in this dataset)",,,84F451A7-7030-482E-AF1A-870B54E33B32,1935-09-21,Nash Jones Academy (OK),Home,Muskogee_Daily_Phoenix_and_Times_Democrat_1935_09_21_7.csv,7A74ADCC-0A31-45C0-888A-CEEF9C4A3792,1935-09-21,North Little Rock Jones (AR),Home,Times_Record_1935_09_21_8.csv,,,,
1221,Edmond Oklahoma Christian Academy (OK),2015,MANUAL_REVIEW,cluster_size=24,Investigation does not have exactly 2 linked games,,,,,,,,,,,,,,,,
1224,Sayre (OK),1929,ALREADY_RESOLVED,missing_row,One or both HS_Scores rows no longer exist (already cleaned up) - just needs `close --status Fixed`,,,,,,,,,,,,,,,,
1227,Enid B (OK),1953,ALREADY_RESOLVED,missing_row,One or both HS_Scores rows no longer exist (already cleaned up) - just needs `close --status Fixed`,,,,,,,,,,,,,,,,
1228,El Reno (OK),1930,MANUAL_REVIEW,STATE_MISMATCH,"'Shawnee (OK)' (OK) vs 'Joiner Shawnee (AR)' (AR) -- different states, needs manual verification (known recurring confusion pattern in this dataset)",,,11E3A94A-4F8B-4367-A5C4-48E10A10E660,1930-10-25,Shawnee (OK),Visitor,Muskogee_Daily_Phoenix_and_Times_Democrat_1930_10_25_10.csv,2511963D-F3AA-4A9A-A807-57A6BB29465C,1930-10-25,Joiner Shawnee (AR),Visitor,Times_Record_1930_10_25_4.csv,,,,
1230,Cordell (OK),2025,MANUAL_REVIEW,cluster_size=4,Investigation does not have exactly 2 linked games,,,,,,,,,,,,,,,,
1233,Westville (OK),1936,MANUAL_REVIEW,cluster_size=8,Investigation does not have exactly 2 linked games,,,,,,,,,,,,,,,,
1237,Oklahoma City Patriots HomeSchool (OK),2018,MANUAL_REVIEW,cluster_size=6,Investigation does not have exactly 2 linked games,,,,,,,,,,,,,,,,
1238,Jay (OK),2023,MANUAL_REVIEW,NONE,No heuristic resolved 'Tulsa Central (OK)' vs 'Marlow Central (OK)',,,F7AAD574-FB1E-4350-964C-351C2F2E39F7,2023-10-27,Tulsa Central (OK),Home,www.maxpreps.com,94262ACD-3E5B-459F-B4A3-DE009E87955B,2023-10-27,Marlow Central (OK),Home,www.maxpreps.com,,,,
1242,Bartlesville (OK),1923,MANUAL_REVIEW,SUBSTRING_BUT_RISKY_QUALIFIER,'Tulsa (OK)' / 'Tulsa Central (OK)' -- extra word(s) ['central'] have historically named a DIFFERENT real school in this dataset - needs manual verification,,,4CE7061C-7560-4DE0-8F99-247AF1BFBEA6,1923-10-13,Tulsa (OK),Home,Tulsa_World_1923_10_13_14.csv,26192274-41BC-41F6-911C-432E806F4AA1,1923-10-13,Tulsa Central (OK),Home,Tulsa_World_1923_10_13_14.csv,,,,
1243,El Reno (OK),1964,ALREADY_RESOLVED,missing_row,One or both HS_Scores rows no longer exist (already cleaned up) - just needs `close --status Fixed`,,,,,,,,,,,,,,,,
1247,Waurika (OK),1953,MANUAL_REVIEW,SUBSTRING_BUT_RISKY_QUALIFIER,'Marlow Central (OK)' / 'Marlow (OK)' -- extra word(s) ['central'] have historically named a DIFFERENT real school in this dataset - needs manual verification,,,D2F34E1D-6776-476A-AD12-47A2106C5E87,1953-10-31,Marlow Central (OK),Visitor,Tulsa_World_1953_10_31_14.csv,3BD3E7EC-B259-4C97-9724-ECE09C34E69C,1953-10-31,Marlow (OK),Visitor,Times_Record_1953_10_31_6.csv,,,,
1250,Thomas (OK),1942,ALREADY_RESOLVED,missing_row,One or both HS_Scores rows no longer exist (already cleaned up) - just needs `close --status Fixed`,,,,,,,,,,,,,,,,
1253,Oaks-Mission (OK),2019,MANUAL_REVIEW,cluster_size=3,Investigation does not have exactly 2 linked games,,,,,,,,,,,,,,,,
1257,Midwest City Carl Albert (OK),2003,MANUAL_REVIEW,NONE,No heuristic resolved 'Guthrie (OK)' vs 'El Reno (OK)',,,72D39593-31A7-46F4-9DC9-0488F730A91E,2003-11-08,Guthrie (OK),Visitor,The Daily Oklahoman,D6147EE3-2C63-47A3-A011-1BB43AE8C122,2003-11-07,El Reno (OK),Visitor,http://www.iwasatthegame.com/,,,,
1260,Walters (OK),1929,MANUAL_REVIEW,SUBSTRING_BUT_RISKY_QUALIFIER,'Marlow Central (OK)' / 'Marlow (OK)' -- extra word(s) ['central'] have historically named a DIFFERENT real school in this dataset - needs manual verification,,,AA9E224A-7C90-4D73-981F-7EED6B0C242F,1929-10-26,Marlow Central (OK),Visitor,Tulsa_World_1929_10_26_17.csv,53F0C93D-4503-430E-BAB4-81E31792A00F,1929-10-26,Marlow (OK),Visitor,Times_Record_1929_10_26_7.csv,,,,
1265,Tulsa McLain Science & Tech (OK),2022,MANUAL_REVIEW,NONE,No heuristic resolved 'Tulsa Central (OK)' vs 'Marlow Central (OK)',,,5C7D2190-B06F-4D3E-994A-36BDE4DD30B4,2022-08-26,Tulsa Central (OK),Home,www.maxpreps.com,05B0DBC6-92DB-48FD-B7EF-9807A6A090AD,2022-08-26,Marlow Central (OK),Home,www.maxpreps.com,,,,
1268,Dewar (OK),2016,MANUAL_REVIEW,STATE_MISMATCH,"'Maysville (MO)' (MO) vs 'Maysville (OK)' (OK) -- different states, needs manual verification (known recurring confusion pattern in this dataset)",,,02FDDACA-0215-4DDC-A3C3-849C3C605F5A,2016-11-11,Maysville (MO),Visitor,www.maxpreps.com,49547460-59C1-425C-8DBC-C70802125D1B,2016-11-11,Maysville (OK),Visitor,www.maxpreps.com,,,,
1269,Claremore Christian (OK),2019,ALREADY_RESOLVED,missing_row,One or both HS_Scores rows no longer exist (already cleaned up) - just needs `close --status Fixed`,,,,,,,,,,,,,,,,
1276,Ponca City (OK),1934,MANUAL_REVIEW,SUBSTRING_UNKNOWN_QUALIFIER,'Bartlesville (OK)' / 'Bartlesville Sooner (OK)' -- extra word(s) ['sooner'] not in the safe-filler or risky list - needs manual verification,,,92C5B736-ECEC-40B5-A49F-74350E6E580F,1934-09-29,Bartlesville (OK),Home,Times_Record_1934_09_29_8.csv,CF3E84EC-C9F6-4AF5-826E-E8C45AEB918B,1934-09-29,Bartlesville Sooner (OK),Home,Muskogee_Daily_Phoenix_and_Times_Democrat_1934_09_29_8.csv,,,,
1278,Quapaw (OK),2020,MANUAL_REVIEW,STATE_MISMATCH,"'Caney Valley (KS)' (KS) vs 'Ramona Caney Valley (OK)' (OK) -- different states, needs manual verification (known recurring confusion pattern in this dataset)",,,EB70AE24-99A7-4310-A07F-241653C27AAC,2020-11-13,Caney Valley (KS),Home,www.maxpreps.com,D31C65AF-7FE4-4734-A135-271694FB6A83,2020-11-13,Ramona Caney Valley (OK),Home,www.maxpreps.com,,,,
1279,Madill (OK),1929,ALREADY_RESOLVED,missing_row,One or both HS_Scores rows no longer exist (already cleaned up) - just needs `close --status Fixed`,,,,,,,,,,,,,,,,
1280,Tulsa Memorial (OK),2022,ALREADY_RESOLVED,missing_row,One or both HS_Scores rows no longer exist (already cleaned up) - just needs `close --status Fixed`,,,,,,,,,,,,,,,,
1281,Porter (OK),2020,MANUAL_REVIEW,NONE,No heuristic resolved 'Marlow Central (OK)' vs 'Sallisaw Central (OK)',,,95DA02C2-5FE7-4D14-8F87-7A2C1854F89A,2020-10-23,Marlow Central (OK),Home,www.maxpreps.com,25A1C1B8-AF2D-435C-908A-D5866CB5854B,2020-10-23,Sallisaw Central (OK),Home,www.maxpreps.com,,,,
1283,Bunch Cave Springs (OK),2014,MANUAL_REVIEW,STATE_MISMATCH,"'Broken Arrow Immanuel Lutheran Christian Academy (OK)' (OK) vs 'Eau Claire Immanuel Lutheran (WI)' (WI) -- different states, needs manual verification (known recurring confusion pattern in this dataset)",,,5FB5BBC6-CEED-4507-B9EB-6537B7CF29B0,2014-10-30,Broken Arrow Immanuel Lutheran Christian Academy (OK),Home,www.maxpreps.com,53C9F785-4CC5-4413-B930-9E74309D322F,2014-10-30,Eau Claire Immanuel Lutheran (WI),Home,www.maxpreps.com,,,,
1286,Jet (OK),1942,ALREADY_RESOLVED,missing_row,One or both HS_Scores rows no longer exist (already cleaned up) - just needs `close --status Fixed`,,,,,,,,,,,,,,,,
1287,Porter (OK),2003,MANUAL_REVIEW,NONE,No heuristic resolved 'Hominy (OK)' vs 'Barnsdall (OK)',,,37238F7E-F1F0-44CC-A7FD-3AAFD945FB5F,2003-10-31,Hominy (OK),Visitor,http://www.iwasatthegame.com/,E0C1404B-F71B-401E-A7C9-A478A0877887,2003-11-01,Barnsdall (OK),Visitor,The Daily Oklahoman,,,,
1288,Deer Creek-Lamont (OK),2016,MANUAL_REVIEW,NONE,No heuristic resolved 'Cherokee (OK)' vs 'Kremlin-Hillsdale (OK)',,,091BC431-F711-4F54-80C8-82AE0F28DDD3,2016-09-16,Cherokee (OK),Visitor,www.maxpreps.com,8B13ED65-DF6C-4786-99F1-AB286632CE3E,2016-09-17,Kremlin-Hillsdale (OK),Home,www.maxpreps.com,,,,
1291,Wellston (OK),2015,MANUAL_REVIEW,SUBSTRING_BUT_RISKY_QUALIFIER,'Oklahoma City Northeast (OK)' / 'Oklahoma City Northeast Academy (OK)' -- extra word(s) ['academy'] have historically named a DIFFERENT real school in this dataset - needs manual verification,,,6E225DEB-8A05-43C9-B256-2C7F6AF1CED3,2015-09-24,Oklahoma City Northeast (OK),Visitor,www.maxpreps.com,B5EB26A0-1F43-4E07-861C-C24740798413,2015-09-24,Oklahoma City Northeast Academy (OK),Visitor,www.maxpreps.com,,,,
1293,Heavener (OK),2021,ALREADY_RESOLVED,missing_row,One or both HS_Scores rows no longer exist (already cleaned up) - just needs `close --status Fixed`,,,,,,,,,,,,,,,,
1297,Marietta (OK),1954,ALREADY_RESOLVED,missing_row,One or both HS_Scores rows no longer exist (already cleaned up) - just needs `close --status Fixed`,,,,,,,,,,,,,,,,
1302,Stroud (OK),1929,MANUAL_REVIEW,NONE,No heuristic resolved 'St. Gregory's University (OK)' vs 'Shawnee St. Gregory's (OK)',,,559D8990-EEFD-4EE2-AA9F-2F1B1EA99BEE,1929-11-02,St. Gregory's University (OK),Home,Times_Record_1929_11_02_4.csv,BC0DCA10-832F-458C-93B0-36B258958C94,1929-11-02,Shawnee St. Gregory's (OK),Home,Tulsa_World_1929_11_02_19.csv,,,,
1303,Seminole (OK),1947,MANUAL_REVIEW,NONE,No heuristic resolved 'Oklahoma City Classen (OK)' vs 'Oklahoma City Northwest Classen (OK)',,,F3A6F308-BBDF-43E5-B68A-7EB5A42F4BF8,1947-09-20,Oklahoma City Classen (OK),Visitor,Times_Record_1947_09_20_3.csv,FA29FE36-63C8-49AD-BB72-98CAE682FF8F,1947-09-19,Oklahoma City Northwest Classen (OK),Visitor,https://www.newspapers.com/image/715202247,,,,
1307,Stilwell (OK),2021,MANUAL_REVIEW,cluster_size=4,Investigation does not have exactly 2 linked games,,,,,,,,,,,,,,,,
1308,Lawton (OK),1942,MANUAL_REVIEW,NONE,No heuristic resolved 'Anadarko (OK)' vs 'El Reno (OK)',,,A965466D-A358-4C1D-AB3A-79D4A68DE732,1942-11-07,Anadarko (OK),Home,Times_Record_1942_11_07_3.csv,D01968E6-2511-4420-8DCB-A444A7621438,1942-11-07,El Reno (OK),Home,Tulsa_World_1942_11_07_9.csv,,,,
1309,Velma-Alma (OK),1953,ALREADY_RESOLVED,missing_row,One or both HS_Scores rows no longer exist (already cleaned up) - just needs `close --status Fixed`,,,,,,,,,,,,,,,,
1311,Stigler (OK),1943,MANUAL_REVIEW,NONE,No heuristic resolved 'Stillwater (OK)' vs 'Stilwell (OK)',,,3CF2F838-0270-435E-A50B-84DAD4E31A7F,1943-10-02,Stillwater (OK),Home,Tulsa_World_1943_10_02_8.csv,AF7449DA-C332-49A6-A37D-C7E6DEA3CF2D,1943-10-02,Stilwell (OK),Home,Times_Record_1943_10_02_8.csv,,,,
1312,Tishomingo (OK),1929,ALREADY_RESOLVED,missing_row,One or both HS_Scores rows no longer exist (already cleaned up) - just needs `close --status Fixed`,,,,,,,,,,,,,,,,
1313,Tishomingo (OK),1946,MANUAL_REVIEW,SUBSTRING_UNKNOWN_QUALIFIER,'Durant (OK)' / 'Durant B (OK)' -- extra word(s) ['b'] not in the safe-filler or risky list - needs manual verification,,,5C9A67AC-E95F-412F-8625-4C1A93508AC0,1946-09-21,Durant (OK),Home,Tulsa_World_1946_09_21_10.csv,ADC35AA8-08E5-41C2-BEF9-B9FEF0591063,1946-09-21,Durant B (OK),Home,Tulsa_World_1946_09_21_10.csv,,,,
1314,Watonga (OK),1955,ALREADY_RESOLVED,missing_row,One or both HS_Scores rows no longer exist (already cleaned up) - just needs `close --status Fixed`,,,,,,,,,,,,,,,,
1317,Okmulgee (OK),1947,MANUAL_REVIEW,cluster_size=4,Investigation does not have exactly 2 linked games,,,,,,,,,,,,,,,,
1320,Haskell (OK),2022,ALREADY_RESOLVED,missing_row,One or both HS_Scores rows no longer exist (already cleaned up) - just needs `close --status Fixed`,,,,,,,,,,,,,,,,
1321,Tulsa Central (OK),1945,MANUAL_REVIEW,NONE,No heuristic resolved 'Tulsa Webster (OK)' vs 'Tulsa Will Rogers College (OK)',,,203E1A90-E76D-4789-95AD-5BB4DEA24F80,1945-09-22,Tulsa Webster (OK),Home,Tulsa_World_1945_09_22_10.csv,80567334-4FAE-4A5D-AC7F-628FC53D6399,1945-09-22,Tulsa Will Rogers College (OK),Home,Tulsa_World_1945_09_22_10.csv,,,,
1322,Wewoka (OK),1949,MANUAL_REVIEW,NONE,No heuristic resolved 'Tulsa St. Monica Catholic (OK)' vs 'Cushing (OK)',,,BCEB67F9-A6CE-4CB5-8E57-F06A2D78AE39,1949-11-05,Tulsa St. Monica Catholic (OK),Visitor,Tulsa_World_1949_11_05_8.csv,EDAC2FD5-A72D-4CB1-B58B-F3D26FEAA53E,1949-11-05,Cushing (OK),Visitor,Tulsa_World_1949_11_05_8.csv,,,,
1323,Oklahoma City Classen (OK),1931,MANUAL_REVIEW,STATE_MISMATCH,"'Joiner Shawnee (AR)' (AR) vs 'Shawnee (OK)' (OK) -- different states, needs manual verification (known recurring confusion pattern in this dataset)",,,899917C1-F9C5-43AC-AB86-470A5B553199,1931-10-10,Joiner Shawnee (AR),Home,Times_Record_1931_10_10_4.csv,1F861ACC-3B4A-42A6-A84E-B7F9C0B67C10,1931-10-10,Shawnee (OK),Home,Muskogee_Daily_Phoenix_and_Times_Democrat_1931_10_10_6.csv,,,,
1326,Pawnee (OK),1974,MANUAL_REVIEW,cluster_size=4,Investigation does not have exactly 2 linked games,,,,,,,,,,,,,,,,
1327,Edmond Oklahoma Christian Academy (OK),2018,MANUAL_REVIEW,cluster_size=19,Investigation does not have exactly 2 linked games,,,,,,,,,,,,,,,,
1328,Gore (OK),2022,ALREADY_RESOLVED,missing_row,One or both HS_Scores rows no longer exist (already cleaned up) - just needs `close --status Fixed`,,,,,,,,,,,,,,,,
1329,Oklahoma City Capitol Hill (OK),2018,MANUAL_REVIEW,SUBSTRING_BUT_RISKY_QUALIFIER,'Oklahoma City Northeast Academy (OK)' / 'Oklahoma City Northeast (OK)' -- extra word(s) ['academy'] have historically named a DIFFERENT real school in this dataset - needs manual verification,,,F7057F11-DB33-46FC-8657-4D7A5B4A13C5,2018-10-18,Oklahoma City Northeast Academy (OK),Visitor,www.maxpreps.com,65D1D025-BA93-429F-BE4C-E456569591A4,2018-10-18,Oklahoma City Northeast (OK),Visitor,www.maxpreps.com,,,,
1331,Chandler (OK),1944,MANUAL_REVIEW,STATE_MISMATCH,"'Shawnee (OK)' (OK) vs 'Joiner Shawnee (AR)' (AR) -- different states, needs manual verification (known recurring confusion pattern in this dataset)",,,57E4D8E8-30B6-4F34-A666-9FB57FC7FDF4,1944-09-23,Shawnee (OK),Visitor,Tulsa_World_1944_09_23_8.csv,461EA16B-7D85-430B-8F74-FBB9CF66AD30,1944-09-23,Joiner Shawnee (AR),Visitor,Times_Record_1944_09_23_8.csv,,,,
1333,Ada (OK),2019,MANUAL_REVIEW,cluster_size=3,Investigation does not have exactly 2 linked games,,,,,,,,,,,,,,,,
1337,Jay (OK),2020,MANUAL_REVIEW,NONE,No heuristic resolved 'Marlow Central (OK)' vs 'Tulsa Central (OK)',,,A502BA2F-84EF-445F-826C-48CE0D8C5B1D,2020-11-06,Marlow Central (OK),Home,www.maxpreps.com,9E533AAC-0D24-44A4-8DE3-F7B234414F6E,2020-11-06,Tulsa Central (OK),Home,www.maxpreps.com,,,,
1338,Oklahoma City Patriots HomeSchool (OK),2021,MANUAL_REVIEW,cluster_size=6,Investigation does not have exactly 2 linked games,,,,,,,,,,,,,,,,
1340,Minco (OK),1974,MANUAL_REVIEW,NONE,No heuristic resolved 'Hinton (OK)' vs 'Kinta (OK)',,,79B7ED55-0FD8-4BE4-9DB4-0D74B475A971,1974-11-09,Hinton (OK),Visitor,Tulsa_World_1974_11_09_19.csv,6809F42E-2FD6-42FF-BD36-758D07EAE03F,1974-11-09,Kinta (OK),Visitor,Tulsa_World_1974_11_09_19.csv,,,,
1343,Talihina (OK),2023,MANUAL_REVIEW,NONE,No heuristic resolved 'Marlow Central (OK)' vs 'Sallisaw Central (OK)',,,F1DD657D-9EFC-4575-ADD9-23DEA622CC7C,2023-10-19,Marlow Central (OK),Home,www.maxpreps.com,6D0FAF19-65FA-4FB7-AD8B-4CFDBEB637C1,2023-10-19,Sallisaw Central (OK),Home,www.maxpreps.com,,,,
1345,Jet (OK),1936,MANUAL_REVIEW,SUBSTRING_BUT_RISKY_QUALIFIER,'Nash Jones Academy (OK)' / 'Nash (OK)' -- extra word(s) ['academy'] have historically named a DIFFERENT real school in this dataset - needs manual verification,,,3848DE25-4A6C-4305-94F5-0F53A536079C,1936-11-27,Nash Jones Academy (OK),Home,Muskogee_Daily_Phoenix_and_Times_Democrat_1936_11_27_16.csv,4DD9EBAC-9905-401D-B093-39CAB8178D8F,1936-11-27,Nash (OK),Home,Times_Record_1936_11_27_13.csv,,,,
1350,Stilwell (OK),1935,MANUAL_REVIEW,NONE,No heuristic resolved 'Tahlequah Sequoyah (OK)' vs 'Claremore Sequoyah (OK)',,,DB3D5F0C-709A-44C2-8B93-0E47EF240DA6,1935-09-28,Tahlequah Sequoyah (OK),Home,Tulsa_World_1935_09_28_12.csv,10C2232D-2FAF-4AEF-B07A-3C404FAD0249,1935-09-28,Claremore Sequoyah (OK),Visitor,Times_Record_1935_09_28_8 (1).csv,,,,
1352,Hulbert (OK),2021,ALREADY_RESOLVED,missing_row,One or both HS_Scores rows no longer exist (already cleaned up) - just needs `close --status Fixed`,,,,,,,,,,,,,,,,
1354,Drumright Olive (OK),2019,MANUAL_REVIEW,cluster_size=3,Investigation does not have exactly 2 linked games,,,,,,,,,,,,,,,,
1356,Dundee (OK),1942,ALREADY_RESOLVED,missing_row,One or both HS_Scores rows no longer exist (already cleaned up) - just needs `close --status Fixed`,,,,,,,,,,,,,,,,
1358,Eufaula (OK),1936,MANUAL_REVIEW,NONE,No heuristic resolved 'Tahlequah Sequoyah (OK)' vs 'Claremore Sequoyah (OK)',,,09F63AFB-3CF8-4502-8896-0647ECAE09B0,1936-09-26,Tahlequah Sequoyah (OK),Visitor,Muskogee_Daily_Phoenix_and_Times_Democrat_1936_09_26_6.csv,2197D652-DFDF-41FA-AC8D-4A31C40BA10A,1936-09-26,Claremore Sequoyah (OK),Home,Times_Record_1936_09_26_5.csv,,,,
1362,Altus (OK),1925,ALREADY_RESOLVED,missing_row,One or both HS_Scores rows no longer exist (already cleaned up) - just needs `close --status Fixed`,,,,,,,,,,,,,,,,
1363,Tecumseh (OK),1933,MANUAL_REVIEW,NONE,No heuristic resolved 'Westville (OK)' vs 'Wetumka (OK)',,,3BCEF19C-4B74-4595-8CFF-35FE57500D5F,1933-10-28,Westville (OK),Visitor,Times_Record_1933_10_28_3 (1).csv,58E1F0CF-891D-4334-B37D-6975C4D5548B,1933-10-28,Wetumka (OK),Visitor,Muskogee_Daily_Phoenix_and_Times_Democrat_1933_10_28_7.csv,,,,
1364,Collinsville (OK),1948,MANUAL_REVIEW,STATE_MISMATCH,"'Rogers B (AR)' (AR) vs 'Tulsa Will Rogers College B (OK)' (OK) -- different states, needs manual verification (known recurring confusion pattern in this dataset)",,,707F5FF3-81BD-46F3-972B-2A659132FB03,1948-10-02,Rogers B (AR),Home,Tulsa_World_1948_10_02_15.csv,027C0DB4-6AD2-4DF7-A7E2-7917A7753259,1948-10-02,Tulsa Will Rogers College B (OK),Home,Tulsa_World_1948_10_02_15.csv,,,,
1369,Duncan (OK),1966,ALREADY_RESOLVED,missing_row,One or both HS_Scores rows no longer exist (already cleaned up) - just needs `close --status Fixed`,,,,,,,,,,,,,,,,
1374,Tulsa Will Rogers College (OK),1966,MANUAL_REVIEW,STATE_MISMATCH,"'Tulsa Central (OK)' (OK) vs 'Fayetteville (AR)' (AR) -- different states, needs manual verification (known recurring confusion pattern in this dataset)",,,2477D9E2-E00D-4805-9945-0E6E43C4EBE4,1966-10-01,Tulsa Central (OK),Home,Tulsa_World_1966_10_01_9.csv,C7D4EF62-9601-46BD-994F-2AC94CC7439A,1966-10-01,Fayetteville (AR),Visitor,Tulsa_World_1966_10_01_9.csv,,,,
1377,Bowlegs (OK),2019,MANUAL_REVIEW,cluster_size=5,Investigation does not have exactly 2 linked games,,,,,,,,,,,,,,,,
1378,Fairland (OK),1954,MANUAL_REVIEW,NONE,No heuristic resolved 'Chelsea (OK)' vs 'Chandler (OK)',,,1DE7832C-FD75-4AF8-8224-2F905E6F0F01,1954-09-18,Chelsea (OK),Visitor,Tulsa_World_1954_09_18_10.csv,17260021-1C4F-482D-8B75-B55B90EEE30D,1954-09-18,Chandler (OK),Visitor,Times_Record_1954_09_18_8.csv,,,,
1382,Westville (OK),1964,MANUAL_REVIEW,NONE,No heuristic resolved 'Muldrow (OK)' vs 'Poteau (OK)',,,EF18900D-1B6C-49AD-AB4E-9595A8DAF207,1964-10-17,Muldrow (OK),Visitor,Tulsa_World_1964_10_17_13.csv,FE7D8CC1-434B-4F6E-B8F2-FB321D838E0C,1964-10-17,Poteau (OK),Visitor,Tulsa_World_1964_10_17_13.csv,,,,
1383,Okmulgee (OK),1950,MANUAL_REVIEW,SUBSTRING_UNKNOWN_QUALIFIER,'Bartlesville Sooner (OK)' / 'Bartlesville (OK)' -- extra word(s) ['sooner'] not in the safe-filler or risky list - needs manual verification,,,43EF69A0-266E-4682-886E-3530F0CD6B5C,1950-11-04,Bartlesville Sooner (OK),Home,Muskogee_Daily_Phoenix_and_Times_Democrat_1950_11_04_7.csv,8F417819-1F2B-4F4B-A6BB-E9BA5E0B8044,1950-11-04,Bartlesville (OK),Home,Tulsa_World_1950_11_04_9.csv,,,,
1384,Watonga (OK),1935,ALREADY_RESOLVED,missing_row,One or both HS_Scores rows no longer exist (already cleaned up) - just needs `close --status Fixed`,,,,,,,,,,,,,,,,
1385,Ada Horace Mann (OK),1929,ALREADY_RESOLVED,missing_row,One or both HS_Scores rows no longer exist (already cleaned up) - just needs `close --status Fixed`,,,,,,,,,,,,,,,,
1386,Corn Bible Academy (OK),2007,MANUAL_REVIEW,STATE_MISMATCH,"'Elk City Merritt (OK)' (OK) vs 'Hutchinson Central Christian (KS)' (KS) -- different states, needs manual verification (known recurring confusion pattern in this dataset)",,,279A7D6F-AF0A-424A-900E-6DAC3EDDBE24,2007-09-21,Elk City Merritt (OK),Home,www.maxpreps.com,C621BEE6-8CE1-4836-AE44-EA9C33E5DCD2,2007-09-21,Hutchinson Central Christian (KS),Visitor,www.maxpreps.com,,,,
1387,Woodward (OK),1966,MANUAL_REVIEW,STATE_MISMATCH,"'Altus (OK)' (OK) vs 'Altus (AR)' (AR) -- different states, needs manual verification (known recurring confusion pattern in this dataset)",,,64879463-BF9A-48EB-A4E0-4BC0D6407DB3,1966-09-10,Altus (OK),Visitor,Tulsa_World_1966_09_10_9.csv,7E880A94-03E5-4187-984A-D18353E35A33,1966-09-10,Altus (AR),Visitor,Southwest_American_1966_09_10_7.csv,,,,
1388,Cherokee (OK),1974,MANUAL_REVIEW,SUBSTRING_UNKNOWN_QUALIFIER,"'Lamont (OK)' / 'Deer Creek-Lamont (OK)' -- extra word(s) ['creek', 'deer'] not in the safe-filler or risky list - needs manual verification",,,13E04081-35C2-41D4-8861-539BB2F83986,1974-10-19,Lamont (OK),Visitor,Tulsa_World_1974_10_19_30.csv,F706EDFC-9A5E-416F-AE2B-C70AAF1EE498,1974-10-19,Deer Creek-Lamont (OK),Visitor,Tulsa_World_1974_10_19_30.csv,,,,
1389,Guymon (OK),2020,MANUAL_REVIEW,STATE_MISMATCH,"'Hugoton (OK)' (OK) vs 'Hugoton (KS)' (KS) -- different states, needs manual verification (known recurring confusion pattern in this dataset)",,,960B2ECB-5BF1-4B4F-8295-B498CA980ED8,2020-09-18,Hugoton (OK),Home,www.maxpreps.com,58356E3F-CCBD-4F92-9FA2-D5FDC11FF133,2020-09-18,Hugoton (KS),Home,www.maxpreps.com,,,,
1391,Eufaula (OK),1942,MANUAL_REVIEW,cluster_size=4,Investigation does not have exactly 2 linked games,,,,,,,,,,,,,,,,
1392,Weatherford (OK),1936,ALREADY_RESOLVED,missing_row,One or both HS_Scores rows no longer exist (already cleaned up) - just needs `close --status Fixed`,,,,,,,,,,,,,,,,
1393,Newkirk (OK),1955,ALREADY_RESOLVED,missing_row,One or both HS_Scores rows no longer exist (already cleaned up) - just needs `close --status Fixed`,,,,,,,,,,,,,,,,
1395,Walters (OK),1952,ALREADY_RESOLVED,missing_row,One or both HS_Scores rows no longer exist (already cleaned up) - just needs `close --status Fixed`,,,,,,,,,,,,,,,,
1401,Warner (OK),2021,ALREADY_RESOLVED,missing_row,One or both HS_Scores rows no longer exist (already cleaned up) - just needs `close --status Fixed`,,,,,,,,,,,,,,,,
1404,Wellston (OK),2018,MANUAL_REVIEW,SUBSTRING_BUT_RISKY_QUALIFIER,'Oklahoma City Northeast (OK)' / 'Oklahoma City Northeast Academy (OK)' -- extra word(s) ['academy'] have historically named a DIFFERENT real school in this dataset - needs manual verification,,,9F761C2E-2DAB-4A94-BD07-9D2EC8D000DA,2018-11-02,Oklahoma City Northeast (OK),Visitor,www.maxpreps.com,390B1008-5517-46C4-9323-F966D4DFF27C,2018-11-02,Oklahoma City Northeast Academy (OK),Visitor,www.maxpreps.com,,,,
1407,Tulsa Holland Hall (OK),2020,MANUAL_REVIEW,cluster_size=8,Investigation does not have exactly 2 linked games,,,,,,,,,,,,,,,,
1408,Fort Gibson (OK),2014,MANUAL_REVIEW,NONE,No heuristic resolved 'Catoosa (OK)' vs 'Tulsa Cascia Hall (OK)',,,06B7381C-BD29-43D7-BC05-7EE117BE5594,2014-11-14,Catoosa (OK),Home,www.maxpreps.com,638DDF6F-2CF6-4644-991D-B99C8F2B89C0,2014-11-14,Tulsa Cascia Hall (OK),Home,www.maxpreps.com,,,,
1410,Wilburton (OK),1935,MANUAL_REVIEW,cluster_size=3,Investigation does not have exactly 2 linked games,,,,,,,,,,,,,,,,
1411,Balko (OK),1971,ALREADY_RESOLVED,missing_row,One or both HS_Scores rows no longer exist (already cleaned up) - just needs `close --status Fixed`,,,,,,,,,,,,,,,,
1413,Watonga (OK),2018,MANUAL_REVIEW,SUBSTRING_BUT_RISKY_QUALIFIER,'Oklahoma City Northeast (OK)' / 'Oklahoma City Northeast Academy (OK)' -- extra word(s) ['academy'] have historically named a DIFFERENT real school in this dataset - needs manual verification,,,BBCA87D4-BD7F-4728-ADA5-090AE926617E,2018-10-12,Oklahoma City Northeast (OK),Home,www.maxpreps.com,D0AB7C1B-D8A4-4D8F-AFDA-4858B306F78C,2018-10-12,Oklahoma City Northeast Academy (OK),Home,www.maxpreps.com,,,,
1414,Pawhuska (OK),1931,MANUAL_REVIEW,cluster_size=3,Investigation does not have exactly 2 linked games,,,,,,,,,,,,,,,,
1415,Checotah (OK),1929,MANUAL_REVIEW,cluster_size=7,Investigation does not have exactly 2 linked games,,,,,,,,,,,,,,,,
