ID,Season,Date,Home,Visitor,Home_Score,Visitor_Score,Source
--,------,----,----,-------,----------,-------------,------
A656F950-4AEE-4BF5-BB16-C15648463E82,1910,1910-11-11,New Orleans Easton (LA),New Orleans Jesuit (LA),12,0,http://www.classmates.com/siteui/yearbooks/4182832471?page=22
6B198853-1A7A-432D-9A76-BB241185563A,1914,1914-10-27,Gulf Coast Military Academy (MS),New Orleans Jesuit (LA),76,0,http://www.ahsfhs.org/MISSISSIPPI/
7E7EC24C-63B3-4AAA-B175-C5E4D5430BD3,1914,1914-11-06,New Orleans Easton (LA),New Orleans Jesuit (LA),6,6,http://www.classmates.com/siteui/yearbooks/4182832475?page=19
541EA081-EFBE-42EA-8207-2F504B5FF3FA,1915,1915-11-05,New Orleans Easton (LA),New Orleans Jesuit (LA),18,12,http://www.classmates.com/siteui/yearbooks/4182832475?page=19
62479FF9-318D-40A9-9FCC-24FDC1269492,1915,1915-11-11,Gulf Coast Military Academy (MS),New Orleans Jesuit (LA),6,6,http://www.ahsfhs.org/MISSISSIPPI/
1A69E8CE-8903-4813-911D-1024A8A9D6BA,1916,1916-11-10,New Orleans Easton (LA),New Orleans Jesuit (LA),88,0,http://www.classmates.com/siteui/yearbooks/4182832475?page=19
8CAA29C4-480A-40C6-B7BD-EBAB63534076,1918,1918-11-08,New Orleans Easton (LA),New Orleans Jesuit (LA),6,0,http://www.classmates.com/siteui/yearbooks/4182832475?page=19
0EF03E77-DB02-40FC-9510-FB198AAD3AFB,1919,1919-11-07,New Orleans Jesuit (LA),New Orleans Easton (LA),7,0,http://www.classmates.com/siteui/yearbooks/4182832475?page=19
B1A6E8E4-5660-49EF-AB59-96AC101C32AF,1919,1919-11-08,Gulf Coast Military Academy (MS),New Orleans Jesuit (LA),0,7,http://www.ahsfhs.org/MISSISSIPPI/
01B7F443-7668-4C2E-8E23-2603AD1DD740,1920,1920-11-05,New Orleans Easton (LA),New Orleans Jesuit (LA),7,0,http://www.classmates.com/siteui/yearbooks/4182832395?page=29
99F16F1F-EA46-46C9-BB05-304E7B2BE7B5,1920,1920-11-05,New Orleans Easton (LA),New Orleans Jesuit (LA),6,0,http://www.classmates.com/siteui/yearbooks/4182832475?page=19
6136AA19-4DA0-4135-A1EE-011711ED9ECE,1921,1921-11-11,New Orleans Easton (LA),New Orleans Jesuit (LA),6,0,http://www.classmates.com/siteui/yearbooks/4182832475?page=19
518CCD84-B518-43CA-B515-84D32024548C,1922,1922-11-10,Spring Hill (AL),New Orleans Jesuit (LA),13,29,http://www.ahsfhs.org
C023D4B5-2414-4B2F-94D9-0932729DB6C5,1922,1922-11-11,New Orleans Jesuit (LA),New Orleans Holy Cross (LA),52,0,http://www.bluejaystigers.com/
E7BC37B1-BD41-4DBD-AA74-9601AC6F6D4E,1922,1922-12-08,New Orleans Jesuit (LA),New Orleans Easton (LA),6,0,http://www.classmates.com/siteui/yearbooks/4182832467?page=32
19BEB67B-D70E-4F0C-8890-A53C65D751F1,1923,1923-10-12,Spring Hill (AL),New Orleans Jesuit (LA),0,7,http://www.ahsfhs.org
F9127F36-8677-4FEF-B1C9-1C02AD48F5D1,1923,1923-11-09,New Orleans Jesuit (LA),New Orleans Easton (LA),9,7,http://www.classmates.com/siteui/yearbooks/4182832475?page=19
74C61AC8-9BB9-482B-820B-D56E0D1DBAB7,1923,1923-11-10,New Orleans Jesuit (LA),New Orleans Holy Cross (LA),40,0,http://www.bluejaystigers.com/
6F6CD58A-18EB-4A6B-85BF-8F228314840B,1924,1924-11-07,New Orleans Easton (LA),New Orleans Jesuit (LA),12,7,http://www.classmates.com/siteui/yearbooks/4182832475?page=19
E76B4549-8CCA-4E6A-98FD-2C652BE1B6F4,1924,1924-11-08,New Orleans Jesuit (LA),New Orleans Holy Cross (LA),48,0,http://www.bluejaystigers.com/
D1DBC813-D729-4B04-8487-C5F285D4FDFA,1925,1925-11-06,New Orleans Easton (LA),New Orleans Jesuit (LA),42,0,http://www.classmates.com/siteui/yearbooks/4182832475?page=19
E4726DD4-C878-446E-87C1-F09A294DBB11,1925,1925-11-07,New Orleans Holy Cross (LA),New Orleans Jesuit (LA),45,0,http://www.bluejaystigers.com/
C957B1AC-928D-434C-A062-220F44B9D633,1926,1926-09-17,Slidell Delgado (LA),New Orleans Jesuit (LA),0,0,http://www.classmates.com/yearbooks/Jesuit-High-School/4182781455?page=86
9BDE6264-E136-430A-BF49-132C0CD9D269,1926,1926-09-24,New Orleans Holy Cross (LA),New Orleans Jesuit (LA),0,0,http://www.classmates.com/yearbooks/Jesuit-High-School/4182781455?page=86
692FA81B-B39B-48E9-9C08-7EEFA1ED460C,1926,1926-10-01,New Orleans Easton (LA),New Orleans Jesuit (LA),7,7,http://www.classmates.com/yearbooks/Jesuit-High-School/4182781455?page=86
8B0B8A26-26DB-4A35-98B6-16EE1C284D46,1926,1926-11-06,New Orleans Holy Cross (LA),New Orleans Jesuit (LA),7,7,http://www.bluejaystigers.com/
1C9CB67C-A0CF-442A-84CB-EBEE71199410,1927,1927-09-23,New Orleans Jesuit (LA),Houma (LA),39,6,http://www.classmates.com/yearbooks/Jesuit-High-School/4182781459?page=84
D91D449F-B0C3-42A0-AEF4-AD2CAE02028B,1927,1927-09-30,New Orleans Jesuit (LA),Angie Varnado (LA),65,0,http://www.classmates.com/yearbooks/Jesuit-High-School/4182781459?page=84
CBC05160-0AF7-4300-B20E-6BA962E515E1,1927,1927-10-07,New Orleans Jesuit (LA),Bay St. Louis Bay (MS),60,0,http://www.classmates.com/yearbooks/Jesuit-High-School/4182781459?page=84
7E276769-38CC-4601-8115-76DF717AEBBD,1927,1927-10-14,New Orleans Jesuit (LA),Reserve Leon Godchaux (LA),19,0,http://www.classmates.com/yearbooks/Jesuit-High-School/4182781459?page=84
9C8F6712-D6F5-46D1-A87C-1E5E7913FC29,1927,1927-10-21,New Orleans Jesuit (LA),Mobile Spring Hill (AL),32,0,http://www.classmates.com/yearbooks/Jesuit-High-School/4182781459?page=84
993BEF42-2A69-4161-8C62-35A259D5A50A,1927,1927-10-28,New Orleans Jesuit (LA),Franklinton (LA),20,0,http://www.classmates.com/yearbooks/Jesuit-High-School/4182781459?page=84
50BDA3DC-3FD0-4A86-96FA-1D08A589988E,1927,1927-11-04,New Orleans Jesuit (LA),New Orleans Holy Cross (LA),72,0,http://www.classmates.com/yearbooks/Jesuit-High-School/4182781459?page=84
688B4F8D-410F-485A-A5AE-46F0C8506C4A,1927,1927-11-11,New Orleans Jesuit (LA),New Orleans Easton (LA),36,19,http://www.classmates.com/siteui/yearbooks/4182832475?page=19
28324498-E958-44FB-83CE-5CB885293DC8,1928,1928-10-19,Spring Hill (AL),New Orleans Jesuit (LA),19,13,http://www.ahsfhs.org
01401974-9965-4DC6-A8E3-F1AA94C3B363,1928,1928-10-21,New Orleans Jesuit (LA),Bay St. Louis St. Stanislaus (MS),19,18,http://www.ahsfhs.org/MISSISSIPPI/
60239037-4649-4C58-8AC1-6DCA2BEDACEA,1928,1928-11-10,New Orleans Jesuit (LA),New Orleans Holy Cross (LA),13,6,http://www.bluejaystigers.com/
6C7C76F4-1314-4186-9B73-C24D6E26DB7A,1928,1928-11-16,New Orleans Easton (LA),New Orleans Jesuit (LA),14,14,http://www.classmates.com/siteui/yearbooks/4182832474?page=96
8CB1BFBA-5214-4722-91B2-4E3555821271,1929,1929-10-18,Spring Hill (AL),New Orleans Jesuit (LA),7,13,http://www.ahsfhs.org
15E45D3D-88A9-4238-9159-0313526B3611,1929,1929-10-20,New Orleans Jesuit (LA),Bay St. Louis St. Stanislaus (MS),7,14,http://www.ahsfhs.org/MISSISSIPPI/
CC3EBB28-1FD1-4143-9B1A-63EFD67C663B,1929,1929-11-01,Baton Rouge (LA),New Orleans Jesuit (LA),26,0,https://www.classmates.com/siteui/yearbooks/103994?page=43
2B1AA27F-128B-49FF-82B1-C8CDEFE1F731,1929,1929-11-09,New Orleans Jesuit (LA),New Orleans Holy Cross (LA),8,0,http://www.bluejaystigers.com/
88E0ADAF-808F-45F0-B769-EEF76C088DDA,1929,1929-11-15,New Orleans Easton (LA),New Orleans Jesuit (LA),27,0,https://www.classmates.com/siteui/yearbooks/110492?page=109
9C7A720B-B112-42E1-911C-0F967DBB3E52,1930,1930-10-24,New Orleans Jesuit (LA),Baton Rouge (LA),65,0,https://www.classmates.com/siteui/yearbooks/103803?page=33
7B44FBF6-3E2A-4236-B64C-B19A41176F5A,1930,1930-11-07,Lake Charles (LA),New Orleans Jesuit (LA),21,6,https://cdn3.jesuitnola.org/site/wp-content/uploads/2013/08/Football_Post-Season_Records_20151214.pdf
DF0BAB17-DE8E-4562-9BE8-D120B66EDB18,1930,1930-11-08,New Orleans Jesuit (LA),New Orleans Holy Cross (LA),63,0,http://www.bluejaystigers.com/
B2408B90-F476-4B1C-8FF1-7D7041E75C97,1930,1930-11-14,New Orleans Easton (LA),New Orleans Jesuit (LA),18,13,http://www.classmates.com/siteui/yearbooks/118265?page=91
C0779725-F581-494C-83D0-DC0950E26A36,1931,1931-11-06,New Orleans Jesuit (LA),Lake Charles (LA),19,0,https://cdn3.jesuitnola.org/site/wp-content/uploads/2013/08/Football_Post-Season_Records_20151214.pdf
82F8330E-87F9-47CB-980B-3D9CC7B490E0,1931,1931-11-07,New Orleans Jesuit (LA),New Orleans Holy Cross (LA),36,2,http://www.bluejaystigers.com/
511F8583-7D44-425A-91B3-361884ED299C,1931,1931-11-27,Shreveport Byrd (LA),New Orleans Jesuit (LA),14,0,http://www.cebyrdathletics.com/uploadedfiles/files/14401715412015ByrdFootballRecordBook.pdf
4B9B47C7-E1AC-4706-980F-DBE2977492C6,1931,1931-11-27,New Orleans Jesuit (LA),New Orleans Easton (LA),12,0,http://www.classmates.com/siteui/yearbooks/92321?page=87
CE4B7471-6784-41D1-A178-26B79FD67A6F,1931,1931-12-11,New Orleans Jesuit (LA),Shreveport Byrd (LA),7,14,http://www.14-0productions.com/LHSAA_Prep_Classic.html
85BDEF1A-C06C-4815-8237-0C173FE1EC65,1932,1932-09-16,New Orleans Jesuit (LA),Houma Terrebonne (LA),32,0,http://www.classmates.com/yearbooks/Jesuit-High-School/195490?page=92
5198E428-0ED1-4A61-AFA3-55FEDA8F7932,1932,1932-09-23,New Orleans Jesuit (LA),Commy (LA),19,6,http://www.classmates.com/yearbooks/Jesuit-High-School/195490?page=92
105CA8BB-89D6-4A58-8399-CD8F3A9F1CB2,1932,1932-09-30,New Orleans Jesuit (LA),Lafayette Cathedral Carmel (LA),26,0,http://www.classmates.com/yearbooks/Jesuit-High-School/195490?page=92
1084FE92-E1FA-42CA-BA58-1D4A60830327,1932,1932-10-07,New Orleans Jesuit (LA),Independence (LA),32,0,http://www.classmates.com/yearbooks/Jesuit-High-School/195490?page=92
CA897E40-FA8B-477B-A0C8-61EE58832E83,1932,1932-10-14,New Orleans Jesuit (LA),New Orleans Fortier (LA),18,6,http://www.classmates.com/yearbooks/Jesuit-High-School/195490?page=92
28193023-D582-4C1C-A97B-EF79D2E4D396,1932,1932-10-21,New Orleans Jesuit (LA),Baton Rouge Central (LA),20,15,http://www.classmates.com/yearbooks/Jesuit-High-School/195490?page=92
E338E27D-D595-4D13-A4B4-CE19027D30C2,1932,1932-10-28,New Orleans Jesuit (LA),New Orleans Holy Cross (LA),38,7,http://www.classmates.com/yearbooks/Jesuit-High-School/195490?page=92
F69F2A3F-293E-465E-82B9-6DA987661DA6,1932,1932-11-04,New Orleans Jesuit (LA),New Orleans St. Aloysius (LA),27,12,http://www.classmates.com/yearbooks/Jesuit-High-School/195490?page=92
5275ECB8-419B-4039-9A98-49C861698BE8,1932,1932-11-11,New Orleans Jesuit (LA),Bogalusa (LA),31,0,http://www.classmates.com/yearbooks/Jesuit-High-School/195490?page=92
4C048474-1482-4DA3-A60E-2DB09D8E2117,1932,1932-11-18,Lake Charles (LA),New Orleans Jesuit (LA),12,6,http://www.classmates.com/yearbooks/Jesuit-High-School/195490?page=92
E22D7045-532E-4E93-BA8C-30C0FE106A03,1932,1932-11-25,New Orleans Jesuit (LA),New Orleans Easton (LA),20,6,http://www.classmates.com/yearbooks/Jesuit-High-School/195490?page=92
F7F08DFE-938E-448B-8B5E-1620217F1C48,1933,1933-10-13,Bay St. Louis Bay (MS),New Orleans Jesuit (LA),0,58,http://www.ahsfhs.org/mississippi/
4CCD9CE5-FA92-4205-9A62-993474D5A2C0,1933,1933-10-21,New Orleans Jesuit (LA),Baton Rouge (LA),7,0,The_Times_Picayune_1933_10_21_9.csv
8A68E3E6-60A7-49D4-805D-040703A7159C,1933,1933-11-10,New Orleans Jesuit (LA),New Orleans Easton (LA),25,0,http://www.classmates.com/siteui/yearbooks/4182832475?page=19
EECFC6DE-AB2A-4BB9-B0F0-7AB8DD9A156F,1933,1933-11-10,New Orleans Jesuit (LA),Morgan City (LA),6,0,https://cdn3.jesuitnola.org/site/wp-content/uploads/2013/08/Football_Post-Season_Records_20151214.pdf
2F58B0F1-4928-45E3-9A47-437DF5D45FE1,1933,1933-11-17,New Orleans Jesuit (LA),Lake Charles (LA),6,0,https://cdn3.jesuitnola.org/site/wp-content/uploads/2013/08/Football_Post-Season_Records_20151214.pdf
3DE8514E-959D-4FDB-9FB4-7005DF44551D,1933,1933-11-18,New Orleans Jesuit (LA),New Orleans Holy Cross (LA),20,0,The_Times_Picayune_1933_11_18_10.csv
08919736-3676-4AB8-9CFA-1E16D72BD18D,1933,1933-12-08,New Orleans Jesuit (LA),Shreveport Byrd (LA),0,0,http://www.cebyrdathletics.com/uploadedfiles/files/14401715412015ByrdFootballRecordBook.pdf
1FA700A9-7742-4F91-819B-AB02F8003145,1934,1934-11-03,New Orleans Jesuit (LA),Baton Rouge (LA),6,0,The_Times_Picayune_1934_11_03_11.csv
5DC513FF-C158-411B-A907-5FC42B6124F5,1934,1934-11-10,New Orleans Holy Cross (LA),New Orleans Jesuit (LA),6,0,http://www.bluejaystigers.com/
AD6084DF-86D2-4825-88FE-206089F25624,1934,1934-12-01,New Orleans Easton (LA),New Orleans Jesuit (LA),25,7,The_Times_Picayune_1934_12_01_13.csv
A6BAFD47-C170-433E-A4F7-37F489019F1A,1935,1935-11-08,New Orleans Jesuit (LA),Baton Rouge Central (LA),20,14,https://cdn3.jesuitnola.org/site/wp-content/uploads/2013/08/Football_Post-Season_Records_20151214.pdf
6ADFC773-E67A-4E0B-A2C2-3907803FFEA1,1935,1935-11-09,New Orleans Jesuit (LA),New Orleans Holy Cross (LA),47,0,http://www.bluejaystigers.com/
601DDB0F-E337-4422-93B3-9CEA3D7A5344,1935,1935-11-15,New Orleans Jesuit (LA),New Orleans Easton (LA),6,0,http://www.classmates.com/siteui/yearbooks/4182832546?page=14
0518E7F7-DC1E-4615-99F3-5AB145AC5AA5,1935,1935-12-13,New Orleans Jesuit (LA),Shreveport Byrd (LA),0,19,http://www.14-0productions.com/LHSAA_Prep_Classic.html
23BB3F02-72D6-45A3-82FD-950F4766DCA9,1936,1936-11-06,New Orleans Jesuit (LA),Picayune (MS),19,0,https://cdn3.jesuitnola.org/site/wp-content/uploads/2013/08/Football_Post-Season_Records_20151214.pdf
117BED37-31B0-4026-A070-7B6E5750A59E,1936,1936-11-07,New Orleans Jesuit (LA),New Orleans Holy Cross (LA),14,0,http://www.bluejaystigers.com/
A7844548-4DA8-4319-8DD8-4B12D151A120,1936,1936-11-13,New Orleans Easton (LA),New Orleans Jesuit (LA),6,0,http://www.classmates.com/siteui/yearbooks/4182832473?page=14
A10A24A0-0F54-4E74-B017-8C1D304844C0,1937,1937-09-25,New Orleans Jesuit (LA),New Orleans Behrman (LA),12,6,The_Times_Picayune_1937_09_25_11.csv
06605A1D-08B0-4FA2-8559-B4025DF2A73C,1937,1937-10-02,New Orleans Jesuit (LA),Bogalusa (LA),0,0,The_Times_Picayune_1937_10_02_14.csv
476BE052-376F-472E-ABFE-733A0CB97544,1937,1937-10-23,New Orleans Samuel J. Peters Boys' of Commerce (LA),New Orleans Jesuit (LA),24,6,The_Times_Picayune_1937_10_23_15.csv
C04782E4-9FE6-4983-A76E-B15741577CBC,1937,1937-10-30,New Orleans Jesuit (LA),Baton Rouge (LA),9,6,The_Times_Picayune_1937_10_30_12.csv
CBA5526A-D08F-4534-B8CB-2DEABBB00520,1937,1937-11-05,New Orleans Jesuit (LA),Picayune (MS),8,0,https://cdn3.jesuitnola.org/site/wp-content/uploads/2013/08/Football_Post-Season_Records_20151214.pdf
FDEE853D-69E4-4CA0-B4E9-808EB359F375,1937,1937-11-05,New Orleans Easton (LA),New Orleans Jesuit (LA),6,0,http://www.classmates.com/siteui/yearbooks/4182832475?page=19
FBE58B7E-2375-46DD-851F-41062D66F0E6,1937,1937-11-06,New Orleans Jesuit (LA),Alexandria Bolton (LA),6,6,The_Times_Picayune_1937_11_06_10.csv
8793A3A3-1B04-4208-85DC-093092C16C47,1937,1937-11-06,New Orleans Holy Cross (LA),New Orleans Jesuit (LA),6,6,http://www.bluejaystigers.com/
D4331691-7FA5-4451-B7D4-E5204CE565F5,1937,1937-11-19,New Orleans Easton (LA),New Orleans Jesuit (LA),7,0,http://www.classmates.com/siteui/yearbooks/4182832387?page=14
EB53AF45-A979-4F6B-BC8F-124FA67E69AB,1938,1938-10-22,New Orleans Jesuit (LA),Bogalusa (LA),12,6,The_Times_Picayune_1938_10_22_13.csv
D858C6E4-4680-48F0-B413-C9926157293D,1938,1938-11-05,New Orleans Jesuit (LA),New Orleans Holy Cross (LA),19,6,http://www.bluejaystigers.com/
3E23F9CF-E615-4BE3-AD97-18EA82F88449,1938,1938-11-11,New Orleans Easton (LA),New Orleans Jesuit (LA),12,7,http://www.classmates.com/siteui/yearbooks/4182832553?page=20
2B95A8BC-80EF-431B-BBBB-AB57CD2D7CA0,1938,1938-11-18,Bay St. Louis St. Stanislaus (MS),New Orleans Jesuit (LA),6,6,http://www.ahsfhs.org/MISSISSIPPI/
E689BC8C-266F-439C-ABB9-64495E360819,1939,1939-11-10,New Orleans Easton (LA),New Orleans Jesuit (LA),20,12,http://www.classmates.com/siteui/yearbooks/4182832475?page=19
7635576D-3DE5-4FFE-AAB7-18E042DD4BF3,1939,1939-11-11,New Orleans Holy Cross (LA),New Orleans Jesuit (LA),20,0,http://www.bluejaystigers.com/
94D6CFE7-B8DE-4F4B-94D2-D7B87F01F917,1939,1939-11-24,Bay St. Louis St. Stanislaus (MS),New Orleans Jesuit (LA),6,13,http://www.ahsfhs.org/MISSISSIPPI/
B47A3C4C-D807-4922-A35D-1941DFB9CE1C,1940,1940-10-05,New Orleans Jesuit (LA),Baton Rouge (LA),20,0,American_Press_1940_10_05_4.csv
61EC9846-CC70-485D-A109-0D780EF190A3,1940,1940-10-26,New Orleans Jesuit (LA),New Orleans Fortier (LA),14,0,Morning_Advocate_1940_10_26_13.csv
11EF3D5A-F893-4C90-A9DB-C37509E639DC,1940,1940-11-08,New Orleans Jesuit (LA),Baton Rouge Istrouma (LA),13,6,https://cdn3.jesuitnola.org/site/wp-content/uploads/2013/08/Football_Post-Season_Records_20151214.pdf
5DD0F82F-83B3-4718-9132-B70B4EBE665C,1940,1940-11-09,New Orleans Jesuit (LA),New Orleans F.T. Nicholls (LA),45,6,Morning_Advocate_1940_11_09_13.csv
4E7F24FB-1D48-4229-8BCC-A921DAC7B8E7,1940,1940-11-09,New Orleans Jesuit (LA),New Orleans Holy Cross (LA),25,7,http://www.bluejaystigers.com/
EB4C73C3-74AD-4EAD-9FA1-09C710D8165F,1940,1940-11-15,New Orleans Jesuit (LA),Lake Charles (LA),26,6,https://cdn3.jesuitnola.org/site/wp-content/uploads/2013/08/Football_Post-Season_Records_20151214.pdf
1AB2184F-1BB6-4973-BD86-BBE48C91ADEA,1941,1941-10-03,New Orleans Jesuit (LA),Baton Rouge (LA),15,6,https://www.classmates.com/siteui/yearbooks/1000237310?page=111
2A32B21C-BCFB-4845-96B7-025099FF4740,1941,1941-10-25,New Orleans Jesuit (LA),New Orleans Fortier (LA),46,6,American_Press_1941_10_25_4.csv
E9B4F984-C28A-4D1A-A858-5C05781C499C,1941,1941-11-07,New Orleans Jesuit (LA),Bogalusa (LA),12,0,https://cdn3.jesuitnola.org/site/wp-content/uploads/2013/08/Football_Post-Season_Records_20151214.pdf
14E7E6E8-0801-4D79-955F-4F813F87D3F0,1941,1941-11-08,New Orleans Jesuit (LA),New Orleans Holy Cross (LA),20,0,http://www.bluejaystigers.com/
77771A2D-0AA0-4A89-827D-7478D82F25A6,1941,1941-11-14,New Orleans Jesuit (LA),Monroe Ouachita Parish (LA),30,7,https://cdn3.jesuitnola.org/site/wp-content/uploads/2013/08/Football_Post-Season_Records_20151214.pdf
0D182FBA-D820-4934-B70B-49981DB79CF9,1941,1941-11-15,New Orleans Jesuit (LA),New Orleans Samuel J. Peters (LA),44,6,American_Press_1941_11_15_4.csv
BA6F10DD-B6E7-4AFE-85A8-B0856A900023,1942,1942-10-17,New Orleans Jesuit (LA),Lake Charles (LA),19,13,The_Times_Picayune_1942_10_17_10.csv
8DEDBFE4-BF72-42F0-9E27-DF7A45D7F87B,1942,1942-10-30,New Orleans Easton (LA),New Orleans Jesuit (LA),27,13,http://www.classmates.com/siteui/yearbooks/4182832477?page=13
DCAC39EF-7CDD-4DA8-B0F8-506E5B269E26,1942,1942-11-07,New Orleans Jesuit (LA),New Orleans Holy Cross (LA),31,19,http://www.bluejaystigers.com/
1A940BAD-A68B-46F9-B7CF-C45E7A94758B,1943,1943-10-15,New Orleans Easton (LA),New Orleans Jesuit (LA),6,6,http://www.classmates.com/siteui/yearbooks/4182832501?page=15
EAE6E8DB-B9F1-49DE-BE00-69264E0BADFD,1943,1943-10-23,New Orleans Jesuit (LA),New Orleans Fortier (LA),24,0,The_Times_Picayune_1943_10_23_10.csv
406665B9-316C-4B57-8F6D-9D4B4E1DA356,1943,1943-11-05,New Orleans Jesuit (LA),Baton Rouge Central (LA),7,2,https://cdn3.jesuitnola.org/site/wp-content/uploads/2013/08/Football_Post-Season_Records_20151214.pdf
2B72862E-7618-4BBF-A866-BE7680C2F40D,1943,1943-11-06,New Orleans Jesuit (LA),New Orleans Holy Cross (LA),18,14,http://www.bluejaystigers.com/
79B59040-E5EF-43D9-9FE2-90D4D7DE225E,1943,1943-11-19,New Orleans Jesuit (LA),Mount Carmel (IL),12,0,https://cdn3.jesuitnola.org/site/wp-content/uploads/2013/08/Football_Post-Season_Records_20151214.pdf
C18208D3-1908-471B-99D6-7FF3EF582AB3,1943,1943-11-19,New Orleans Jesuit (LA),Shreveport Byrd (LA),25,7,http://www.cebyrdathletics.com/uploadedfiles/files/14401715412015ByrdFootballRecordBook.pdf
CDBC98AB-7BCF-4906-9AB3-C4A8D2B9F28A,1944,1944-10-07,New Orleans St. Aloysius (LA),New Orleans Jesuit (LA),25,12,The_Times_Picayune_1944_10_07_10.csv
7ED8B6BB-E30F-4876-979C-6A61DBD76809,1944,1944-10-14,Lake Charles (LA),New Orleans Jesuit (LA),20,12,The_Times_Picayune_1944_10_14_9.csv
E44D6A48-30F4-4D99-865E-C9AB3B8F18EC,1944,1944-10-21,New Orleans Jesuit (LA),New Orleans Fortier (LA),28,0,The_Shreveport_Journal_1944_10_21_9.csv
1517B043-23F2-40D4-9EC5-089D565C3538,1944,1944-11-03,New Orleans Jesuit (LA),New Orleans Easton (LA),19,7,http://www.classmates.com/siteui/yearbooks/4182832478?page=12
15026AF7-6B9D-44F9-AEC3-BC6402C766BA,1944,1944-11-04,New Orleans Holy Cross (LA),New Orleans Jesuit (LA),21,6,http://www.bluejaystigers.com/
2361A376-4391-4AF0-8FBB-20AACA945545,1945,1945-10-26,New Orleans Jesuit (LA),New Orleans Easton (LA),19,0,http://www.classmates.com/siteui/yearbooks/4182832403?page=14
A9B97186-AB8C-404F-847C-B94824D45070,1945,1945-10-27,Bay St. Louis St. Stanislaus (MS),New Orleans Jesuit (LA),34,7,The_Times_Picayune_1945_10_27_8.csv
0839D127-F102-455E-8785-7C895BFBA557,1945,1945-11-03,New Orleans Jesuit (LA),New Orleans F.T. Nicholls (LA),45,13,The_Times_Picayune_1945_11_03_11.csv
326F5A6E-F7FE-4F76-BB20-CFE1695F4398,1945,1945-11-10,New Orleans Holy Cross (LA),New Orleans Jesuit (LA),26,6,http://www.bluejaystigers.com/
3D3CED6D-2E0B-417A-8CFB-FEC06BF98ED7,1946,1946-09-13,New Orleans Jesuit (LA),Pensacola (FL),24,6,http://www.classmates.com/siteui/yearbooks/248954?page=95
B8ED6F9F-053B-45B7-8F17-2A26EC598076,1946,1946-10-12,New Orleans Jesuit (LA),Atlanta Boys (GA),20,0,http://ghsfha.com
C3902CB8-60DC-457B-9247-F7E043F59DD4,1946,1946-10-25,New Orleans Jesuit (LA),New Orleans Easton (LA),27,6,http://www.classmates.com/siteui/yearbooks/4182832479?page=16
AA2A9236-AAB0-43EE-B5B1-F3809D51AED1,1946,1946-11-02,New Orleans Jesuit (LA),New Orleans F.T. Nicholls (LA),55,0,The_Times_Picayune_1946_11_02_11.csv
1AF6B8EF-E79F-4CED-B8E1-74DBB82AB6D9,1946,1946-11-09,New Orleans Jesuit (LA),New Orleans Holy Cross (LA),32,0,http://www.bluejaystigers.com/
113FD4C8-1A7D-43EC-ABFB-AA93CCAB1CF7,1946,1946-11-15,New Orleans Jesuit (LA),Jennings (LA),48,14,https://cdn3.jesuitnola.org/site/wp-content/uploads/2013/08/Football_Post-Season_Records_20151214.pdf
55FB774B-BF3F-4103-993B-BF2413821537,1946,1946-11-15,New Orleans Jesuit (LA),Baton Rouge Istrouma (LA),19,6,https://www.classmates.com/siteui/yearbooks/4182731923?page=46
9FC9AB2A-AA44-4C1F-BA67-C49BC6A79508,1946,1946-11-22,New Orleans Jesuit (LA),Washington Gonzaga (DC),19,0,https://cdn3.jesuitnola.org/site/wp-content/uploads/2013/08/Football_Post-Season_Records_20151214.pdf
69B2E62F-2D06-43C3-AA03-BE17546E8842,1947,1947-10-04,New Orleans Jesuit (LA),New Orleans St. Aloysius (LA),7,7,The_Shreveport_Journal_1947_10_04_6.csv
1417536B-9321-4BC1-BF5A-F36EE92A34CD,1947,1947-11-07,New Orleans Jesuit (LA),Port Arthur St. James (TX),19,7,https://cdn3.jesuitnola.org/site/wp-content/uploads/2013/08/Football_Post-Season_Records_20151214.pdf
974157C1-4602-4C00-A40B-4947843CA9CE,1947,1947-11-07,New Orleans Easton (LA),New Orleans Jesuit (LA),14,6,http://www.classmates.com/siteui/yearbooks/4182832698?page=16
BE355E1E-975A-4D6C-8361-E4E2CC52C4E5,1947,1947-11-08,New Orleans Jesuit (LA),New Orleans Holy Cross (LA),26,0,http://www.bluejaystigers.com/
15C4E056-8367-4B28-A0C1-F331D854ADDB,1947,1947-12-05,Baton Rouge Istrouma (LA),New Orleans Jesuit (LA),13,13,https://www.classmates.com/siteui/yearbooks/4182731928?page=51
4BA6BFEF-A8B1-4F53-91C6-38A9173A7ECC,1948,1948-09-18,Bogalusa (LA),New Orleans Jesuit (LA),41,13,The_Shreveport_Journal_1948_09_18_6.csv
CF06A388-B49F-4D04-990B-1E10963DA99C,1948,1948-11-05,New Orleans Easton (LA),New Orleans Jesuit (LA),13,0,http://www.classmates.com/siteui/yearbooks/4182832480?page=14
CAC718BA-2631-42E7-8919-64D97FD060D4,1948,1948-11-06,New Orleans Holy Cross (LA),New Orleans Jesuit (LA),55,0,http://www.bluejaystigers.com/
A287A75A-FF76-4B3D-B4A7-D18684ED03DF,1949,1949-10-01,New Orleans Jesuit (LA),New Orleans Redemptorist (LA),14,12,The_Crowley_Post_Signal_1949_10_01_6.csv
0F165D7B-A405-4EB2-86AF-EB22D151D25E,1949,1949-10-01,New Orleans Jesuit (LA),Baton Rouge Redemptorist (LA),14,12,The_Shreveport_Journal_1949_10_01_6.csv
A1D4428B-666A-4824-8237-E5D8E6C16486,1949,1949-10-15,Atlanta John Brown (GA),New Orleans Jesuit (LA),40,13,The_Crowley_Post_Signal_1949_10_15_2.csv
11F20315-80F9-4DB9-BF82-536EA8FBEBC8,1949,1949-11-05,New Orleans Holy Cross (LA),New Orleans Jesuit (LA),33,13,http://www.bluejaystigers.com/
DCB4196B-044C-42A8-A717-0C7737E299AF,1949,1949-11-19,New Orleans Jesuit (LA),Pensacola (FL),33,7,The_Crowley_Post_Signal_1949_11_19_6.csv
755F9FA8-85E2-475D-AC2B-AEBE30F45051,1950,1950-09-23,New Orleans Jesuit (LA),Baton Rouge (LA),19,13,The_Shreveport_Journal_1950_09_23_6.csv
6B0F6F21-F1EC-4D8D-B206-3D6B126B6B62,1950,1950-09-30,New Orleans Jesuit (LA),Baton Rouge Redemptorist (LA),27,0,The_Shreveport_Journal_1950_09_30_6.csv
409FCC33-E3BC-4F0F-8C11-7A3DFF25646C,1950,1950-11-03,New Orleans Easton (LA),New Orleans Jesuit (LA),20,6,http://www.classmates.com/siteui/yearbooks/4182832502?page=25
D762FF6C-7F59-425C-85C5-6A07ABF1B731,1950,1950-11-11,New Orleans Jesuit (LA),Pensacola (FL),8,7,The_Shreveport_Journal_1950_11_11_6.csv
D5F3FE6B-522E-4EA2-BF20-1661B289D264,1950,1950-11-11,New Orleans Holy Cross (LA),New Orleans Jesuit (LA),18,14,http://www.bluejaystigers.com/
94F77725-7312-47CF-A5C1-4210AD07F49C,1951,1951-09-22,New Orleans Jesuit (LA),Baton Rouge (LA),19,0,The_Shreveport_Journal_1951_09_22_7.csv
A3572C53-E428-4833-827E-061B1F2164BF,1951,1951-10-13,New Orleans Holy Cross (LA),New Orleans Jesuit (LA),20,13,http://www.bluejaystigers.com/
E785CCCC-035C-43F5-B9AF-6F5DDBB8F16C,1951,1951-10-20,New Orleans Jesuit (LA),Houma Terrebonne (LA),27,20,The_Shreveport_Journal_1951_10_20_7.csv
DC6B9A54-B7AC-4F0E-AF77-D87D97F47CF0,1951,1951-11-02,New Orleans Jesuit (LA),Pensacola (FL),32,7,http://www.classmates.com/siteui/yearbooks/150418?page=118
FB253656-8ACD-4312-B4CA-AC43FDBDEFDE,1951,1951-11-03,New Orleans Jesuit (LA),New Orleans Fortier (LA),34,0,The_Shreveport_Journal_1951_11_03_7.csv
CBE4069D-185D-4AAA-B2E9-61AE60CCE258,1951,1951-11-09,New Orleans Jesuit (LA),New Orleans Easton (LA),20,6,http://www.classmates.com/siteui/yearbooks/4182832482?page=30
94D86151-B9ED-490D-A2E0-EC249659F5D6,1951,1951-11-10,New Orleans Holy Cross (LA),New Orleans Jesuit (LA),18,14,http://www.bluejaystigers.com/
FE5F335C-0568-4ABE-9012-CB1F0B67015A,1952,1952-09-20,New Orleans Jesuit (LA),Baton Rouge (LA),26,6,The_Shreveport_Journal_1952_09_20_6.csv
0ABF5021-DEFA-4ECC-A498-4DF83E1CFAFA,1952,1952-10-11,Baton Rouge Istrouma (LA),New Orleans Jesuit (LA),13,7,The_Shreveport_Journal_1952_10_11_6.csv
138D53D8-FFD0-414A-AE42-425FDFFA92F9,1952,1952-10-18,Houma Terrebonne (LA),New Orleans Jesuit (LA),19,6,The_Shreveport_Journal_1952_10_18_6.csv
A9A1F55B-5CBC-4C0C-BF1C-C120B50DB2B6,1952,1952-10-25,New Orleans Jesuit (LA),New Orleans F.T. Nicholls (LA),45,6,The_Shreveport_Journal_1952_10_25_6.csv
F17BC930-39A2-4E34-BCEA-0CE604C64956,1952,1952-11-01,New Orleans Jesuit (LA),New Orleans Fortier (LA),2,0,The_Shreveport_Journal_1952_11_01_6.csv
5CC39585-3A14-452C-B988-375A458FC450,1952,1952-11-08,New Orleans Jesuit (LA),Pensacola (FL),20,7,The_Shreveport_Journal_1952_11_08_6.csv
C91A5764-A7E2-4CEE-9EE1-7F70E7F52FC3,1952,1952-11-08,New Orleans Jesuit (LA),New Orleans Holy Cross (LA),14,7,http://www.bluejaystigers.com/
EA58C985-6C85-4BA6-A1B2-45898A76A596,1953,1953-09-11,New Orleans Jesuit (LA),Houma Terrebonne (LA),19,7,http://www.classmates.com/siteui/yearbooks/4182877011?page=85
95BD7756-D1C3-4752-8CC6-8BCF0C80CDDF,1953,1953-09-25,New Orleans Jesuit (LA),Baton Rouge (LA),27,21,https://www.classmates.com/siteui/yearbooks/128116?page=113
E113A215-6DFF-4475-B9B4-92399553C772,1953,1953-10-10,New Orleans Jesuit (LA),Baton Rouge Istrouma (LA),6,0,The_Crowley_Post_Signal_1953_10_10_6.csv
AECF2138-FB03-49C5-BF34-69E1E8C36FF4,1953,1953-10-24,New Orleans Jesuit (LA),New Orleans F.T. Nicholls (LA),61,6,The_Crowley_Post_Signal_1953_10_24_6.csv
9FE94433-8CDA-4C78-8393-FF5246EC9260,1953,1953-10-31,New Orleans Jesuit (LA),New Orleans Fortier (LA),63,0,The_Crowley_Post_Signal_1953_10_31_6.csv
75B40C03-7DBD-44D3-9B1B-98B1C70D35A1,1953,1953-11-07,Pensacola (FL),New Orleans Jesuit (LA),7,6,The_Crowley_Post_Signal_1953_11_07_6.csv
FCF0A479-1CBE-45A1-9E7B-EF8D0DC762F4,1953,1953-11-07,New Orleans Jesuit (LA),New Orleans Holy Cross (LA),7,6,http://www.bluejaystigers.com/
354E1117-07F4-4FCD-9D78-491CFCC23391,1953,1953-11-07,New Orleans Jesuit (LA),New Orleans Holy Cross (LA),47,13,http://www.bluejaystigers.com/
C26DFAFD-6D29-42D2-93A5-8C070E7D8D82,1953,1953-11-28,New Orleans Jesuit (LA),New Orleans Easton (LA),46,13,The_Shreveport_Journal_1953_11_28_4.csv
62FA6B2A-777C-4F77-A0BE-4B8CD01F6CA6,1953,1953-12-04,New Orleans Jesuit (LA),Baton Rouge Istrouma (LA),19,0,https://www.classmates.com/siteui/yearbooks/4182756663?page=68
C6D2AF8E-4B38-4252-A0DE-0D928C57DCF1,1953,1953-12-12,New Orleans Jesuit (LA),Shreveport Byrd (LA),7,6,The_Shreveport_Journal_1953_12_12_4.csv
1F021C3A-971B-48DC-9E29-93BF01B35685,1954,1954-09-10,Houma Terrebonne (LA),New Orleans Jesuit (LA),28,6,http://www.classmates.com/siteui/yearbooks/4182877020?page=88
7D9C9985-819D-45B9-BE86-7EF47C8B778A,1954,1954-09-24,Baton Rouge (LA),New Orleans Jesuit (LA),18,6,https://www.classmates.com/siteui/yearbooks/4182811338?page=146
23240575-4EBD-46E6-ACCB-07D2310DC3A5,1954,1954-11-06,New Orleans Holy Cross (LA),New Orleans Jesuit (LA),21,19,http://www.bluejaystigers.com/
4D21619F-39B2-43E0-9330-ABEF48D9B1A1,1954,1954-11-20,New Orleans De La Salle (LA),New Orleans Jesuit (LA),20,7,The_Shreveport_Journal_1954_11_20_5.csv
10234502-4C50-4E7A-AEC1-1A5C9465EB77,1954,1954-11-27,New Orleans Easton (LA),New Orleans Jesuit (LA),31,6,The_Shreveport_Journal_1954_11_27_4.csv
5368349C-E64A-409A-B5D0-52738520C055,1955,1955-09-16,Houma Terrebonne (LA),New Orleans Jesuit (LA),18,0,http://www.classmates.com/siteui/yearbooks/4182877016?page=98
2B4D68C8-C272-4760-A9CE-2ACE6BE75AC2,1955,1955-09-30,Baton Rouge (LA),New Orleans Jesuit (LA),34,7,https://www.classmates.com/siteui/yearbooks/154778?page=137
EF239630-B3D9-4A22-92A8-21C96049DDD1,1955,1955-10-22,New Orleans Jesuit (LA),New Orleans F.T. Nicholls (LA),27,14,The_Shreveport_Journal_1955_10_22_7.csv
366960A7-1245-42A8-918B-91CCB6B79EE0,1955,1955-11-05,New Orleans Holy Cross (LA),New Orleans Jesuit (LA),6,0,http://www.bluejaystigers.com/
6DA4F6AC-5423-44AE-833A-385E744DC96B,1955,1955-11-11,New Orleans De La Salle (LA),New Orleans Jesuit (LA),13,7,https://www.classmates.com/siteui/yearbooks/4182817928?page=106
8A6CD344-35CD-47F2-A7BD-AC18D0557E1B,1956,1956-09-28,Houma Terrebonne (LA),New Orleans Jesuit (LA),7,6,http://www.classmates.com/siteui/yearbooks/64137?page=67
6885C888-E5AC-4BA6-A7DF-213E7328E857,1956,1956-09-29,Baton Rouge Redemptorist (LA),New Orleans Jesuit (LA),13,7,The_Shreveport_Journal_1956_09_29_9.csv
80004218-E5C3-4190-BA29-24DA8E51F309,1956,1956-10-06,New Orleans Jesuit (LA),Mobile Murphy (AL),13,6,The_Shreveport_Journal_1956_10_06_7.csv
B2F5CBFC-03BF-4547-86B4-61F43DD06ADA,1956,1956-10-19,New Orleans Jesuit (LA),Pensacola (FL),26,25,http://www.classmates.com/siteui/yearbooks/89121?page=258
44571904-CE0D-40E8-867C-5C7F71CF340F,1956,1956-11-02,New Orleans Jesuit (LA),Shreveport St. Johns (LA),13,0,http://www.classmates.com/siteui/yearbooks/189291?page=39
D405B55D-B3A8-483A-93FA-D2421CF087B2,1956,1956-11-16,New Orleans Jesuit (LA),New Orleans Holy Cross (LA),27,0,http://www.classmates.com/yearbooks/Holy-Cross-High-School/212936?page=84
F1588027-3FA6-4D3A-928C-ADC2C3C4267E,1956,1956-12-01,New Orleans Jesuit (LA),Pascagoula (MS),38,6,The_Shreveport_Journal_1956_12_01_6.csv
24CABB8F-C656-40BC-A92A-DEAD29884E5E,1957,1957-09-20,Houma Terrebonne (LA),New Orleans Jesuit (LA),38,12,http://www.classmates.com/siteui/yearbooks/63708?page=85
E897ABB4-FBD1-463D-918E-A0092356FAC5,1957,1957-09-21,Baton Rouge (LA),New Orleans Jesuit (LA),41,6,The_Shreveport_Journal_1957_09_21_9.csv
B04ABD8D-D1AD-43D0-AE82-B744A9B029E5,1957,1957-09-28,New Orleans Jesuit (LA),Baton Rouge Redemptorist (LA),20,0,The_Shreveport_Journal_1957_09_28_9.csv
AD9CFE5F-5133-4714-9F9B-3A97325C9498,1957,1957-10-05,Mobile Murphy (AL),New Orleans Jesuit (LA),13,6,The_Shreveport_Journal_1957_10_05_9.csv
9BF44C57-7458-4F9E-8693-11931F3EC554,1957,1957-11-02,New Orleans Jesuit (LA),Pensacola (FL),12,6,The_Shreveport_Journal_1957_11_02_6.csv
DCB2A28F-C1C1-4A40-80F3-06EBB5412901,1957,1957-11-08,New Orleans Jesuit (LA),New Orleans De La Salle (LA),33,7,https://cdn3.jesuitnola.org/site/wp-content/uploads/2013/08/Football_Post-Season_Records_20151214.pdf
5F2B4876-A49F-4695-8904-8AB9D57A9FFA,1957,1957-11-15,New Orleans Jesuit (LA),New Orleans De La Salle (LA),14,12,https://www.classmates.com/siteui/yearbooks/4182817931?page=107
5D4220A4-FB42-464D-8AA5-ABCA1C1CF915,1957,1957-11-15,Baton Rouge Redemptorist (LA),New Orleans Jesuit (LA),28,0,https://cdn3.jesuitnola.org/site/wp-content/uploads/2013/08/Football_Post-Season_Records_20151214.pdf
3C28B51D-939C-4E99-B131-20C60853802A,1957,1957-11-25,New Orleans Jesuit (LA),New Orleans Holy Cross (LA),12,0,The_Shreveport_Journal_1957_11_25_30.csv
5E6ECC0D-2418-4D05-9B68-62A19764095A,1957,1957-11-29,New Orleans Jesuit (LA),New Orleans De La Salle (LA),33,6,https://www.classmates.com/siteui/yearbooks/4182817931?page=107
1CBDDDE3-8518-4802-95CE-1711FF4F310F,1958,1958-09-13,New Orleans Jesuit (LA),Houma Terrebonne (LA),26,21,The_Shreveport_Journal_1958_09_13_6.csv
DF98F68F-D1E7-4D5D-BBBF-204C7A16C454,1958,1958-09-27,New Orleans Jesuit (LA),Baton Rouge Redemptorist (LA),12,0,The_Shreveport_Journal_1958_09_27_8.csv
FD4E2D12-2EDB-44CD-9CE9-5B45867DAC19,1958,1958-10-04,Mobile Murphy (AL),New Orleans Jesuit (LA),7,45,http://www.ahsfhs.org
D2D4EFB4-F9FD-4942-ABBD-001F0F29671E,1958,1958-10-31,New Orleans Jesuit (LA),Baton Rouge (LA),19,0,https://www.classmates.com/siteui/yearbooks/33890?page=95
D35CEF91-2CF9-478E-9507-4764185721F1,1958,1958-10-31,New Orleans Jesuit (LA),New Orleans De La Salle (LA),48,13,https://www.classmates.com/siteui/yearbooks/94307?page=135
D2B448CF-42D7-4B5B-8BC3-921883304BDC,1958,1958-11-08,New Orleans Jesuit (LA),New Orleans Holy Cross (LA),28,7,http://www.bluejaystigers.com/
998DF271-4BA7-4D88-BF0A-254604B5A34C,1958,1958-11-15,Pensacola (FL),New Orleans Jesuit (LA),27,7,The_Shreveport_Journal_1958_11_15_6.csv
554B9EC7-49FA-4639-AFBF-1EAA6B23C3C2,1958,1958-12-06,Baton Rouge Istrouma (LA),New Orleans Jesuit (LA),39,0,The_Shreveport_Journal_1958_12_06_6.csv
0B95A7E4-9650-4CA4-B92A-29D55612106E,1959,1959-09-25,Pensacola (FL),New Orleans Jesuit (LA),25,6,http://www.classmates.com/siteui/yearbooks/4182862624?page=124
EE16CB2F-B994-427C-B696-E411D3FB3B79,1959,1959-09-26,New Orleans Jesuit (LA),New Orleans Fortier (LA),46,0,The_Shreveport_Journal_1959_09_26_6.csv
05BCAEC4-EF9B-40A2-A513-809EFCB8B8BE,1959,1959-10-02,New Orleans Jesuit (LA),Houma Terrebonne (LA),14,0,http://www.classmates.com/siteui/yearbooks/4182798832?page=85
AFF4F6A9-537E-48D9-B45B-770C5A392953,1959,1959-10-03,New Orleans Jesuit (LA),Mobile Murphy (AL),35,6,The_Shreveport_Journal_1959_10_03_7.csv
13BBAD82-1E88-49FE-B8E6-CFEC1888B1D4,1959,1959-10-17,New Orleans Jesuit (LA),New Orleans McDonogh (LA),34,0,The_Shreveport_Journal_1959_10_17_6.csv
548A0E41-298A-4553-8481-39E4A3F5A043,1959,1959-10-24,New Orleans Jesuit (LA),New Orleans St. Aloysius (LA),26,13,The_Shreveport_Journal_1959_10_24_7.csv
4CC2E5D4-4C15-42F8-BC6D-B22D0FF0DF07,1959,1959-10-31,New Orleans Jesuit (LA),Baton Rouge (LA),32,0,The_Shreveport_Journal_1959_10_31_9.csv
073166C2-5943-45BD-A5FF-2F126B23EDD5,1959,1959-11-07,New Orleans Jesuit (LA),Baton Rouge Redemptorist (LA),33,6,The_Shreveport_Journal_1959_11_07_6.csv
DE69831C-5574-4E7C-9AF7-1FDD6184725B,1959,1959-11-07,New Orleans Jesuit (LA),New Orleans Holy Cross (LA),33,20,http://www.bluejaystigers.com/
A7B8D490-DFC5-4FFA-8A73-2A84B02DE2E7,1959,1959-12-12,New Orleans Jesuit (LA),Lake Charles LaGrange (LA),12,0,The_Shreveport_Journal_1959_12_12_7.csv
4413884F-F215-4D0F-A0BF-CE4174E175FF,1959,1959-12-19,Baton Rouge Istrouma (LA),New Orleans Jesuit (LA),21,7,The_Shreveport_Journal_1959_12_19_6.csv
6B897147-9184-4CF6-B7D4-6B732AD6650C,1960,1960-09-09,New Orleans Jesuit (LA),Houma Terrebonne (LA),14,0,https://cdn1.jesuitnola.org/site/wp-content/uploads/2015/04/JHS_1960_Yearbook_P67-91_Sports_Intramurals.pdf
6548CE27-D268-457B-BEB0-A71F0FB503D7,1960,1960-09-16,New Orleans Jesuit (LA),New Orleans Fortier (LA),46,0,https://cdn1.jesuitnola.org/site/wp-content/uploads/2015/04/JHS_1960_Yearbook_P67-91_Sports_Intramurals.pdf
75A307DA-E0F7-4211-AA67-114123F0FDD1,1960,1960-09-23,Pensacola (FL),New Orleans Jesuit (LA),19,7,http://www.classmates.com/siteui/yearbooks/4182862619?page=206
089E45A1-6442-488A-AC5B-1F835B3D10D5,1960,1960-09-23,New Orleans Jesuit (LA),Murphy (LA),35,6,https://cdn1.jesuitnola.org/site/wp-content/uploads/2015/04/JHS_1960_Yearbook_P67-91_Sports_Intramurals.pdf
0D9B93C9-360F-4215-9ECA-4D052F0FCD4C,1960,1960-09-23,New Orleans Jesuit (LA),Houma Terrebonne (LA),19,7,http://www.classmates.com/siteui/yearbooks/99338?page=168
29976C2D-1BC9-41A9-9C2F-4E123698EB1E,1960,1960-09-23,New Orleans Jesuit (LA),Springhill (LA),26,13,https://www.classmates.com/siteui/yearbooks/4182718074?page=109
BD850705-F8D4-412E-B1EA-76875511B3C2,1960,1960-09-24,New Orleans Jesuit (LA),Baton Rouge Istrouma (LA),33,7,The_Shreveport_Journal_1960_09_24_6.csv
E59817BB-DA4E-4836-B47A-C793B00104A5,1960,1960-09-30,Pensacola (FL),New Orleans Jesuit (LA),25,6,https://cdn1.jesuitnola.org/site/wp-content/uploads/2015/04/JHS_1960_Yearbook_P67-91_Sports_Intramurals.pdf
38E01C8D-17B3-4B74-A8EF-E2F5485EE675,1960,1960-10-01,New Orleans Jesuit (LA),New Orleans Fortier (LA),52,0,The_Shreveport_Journal_1960_10_01_6.csv
C02F23D9-20CB-4062-B5D5-FC88272D3C7B,1960,1960-10-01,New Orleans Jesuit (LA),Haynesville (LA),21,7,The_Shreveport_Journal_1960_10_01_6.csv
06A2F095-F912-43D6-9E78-F812ECC32422,1960,1960-10-07,New Orleans Jesuit (LA),New Orleans McDonogh (LA),34,0,https://cdn1.jesuitnola.org/site/wp-content/uploads/2015/04/JHS_1960_Yearbook_P67-91_Sports_Intramurals.pdf
5933E0C8-0A34-4712-83FC-460E51AF6B28,1960,1960-10-08,New Orleans Jesuit (LA),Mansfield (LA),12,7,The_Shreveport_Journal_1960_10_08_6.csv
67288678-E2FF-4366-9A39-59CAFE8AB9AA,1960,1960-10-14,New Orleans Jesuit (LA),New Orleans St. Aloysius (LA),26,13,https://cdn1.jesuitnola.org/site/wp-content/uploads/2015/04/JHS_1960_Yearbook_P67-91_Sports_Intramurals.pdf
82F2B51F-AC6A-400C-B51C-C0BFC6CEA274,1960,1960-10-21,New Orleans Jesuit (LA),Baton Rouge (LA),32,0,https://cdn1.jesuitnola.org/site/wp-content/uploads/2015/04/JHS_1960_Yearbook_P67-91_Sports_Intramurals.pdf
F0C0D29B-F373-4A26-8E1E-89717F9AEA9D,1960,1960-10-22,Minden (LA),New Orleans Jesuit (LA),19,13,The_Shreveport_Journal_1960_10_22_6.csv
FCA51D16-6770-4DDC-B45D-C3D6196D2B1C,1960,1960-10-28,New Orleans Jesuit (LA),Baton Rouge Redemptorist (LA),33,6,https://cdn1.jesuitnola.org/site/wp-content/uploads/2015/04/JHS_1960_Yearbook_P67-91_Sports_Intramurals.pdf
D6F448CE-D72F-414B-8060-7E2FA25859C2,1960,1960-11-04,New Orleans Jesuit (LA),New Orleans De La Salle (LA),46,0,https://www.classmates.com/siteui/yearbooks/38781?page=123
B04114A4-B31F-423E-A97F-7B547F3698EF,1960,1960-11-04,Bay St. Louis St. Stanislaus (MS),New Orleans Jesuit (LA),0,40,http://www.ahsfhs.org/MISSISSIPPI/
6147EB26-1B03-43CA-A132-13CCDD1EECE7,1960,1960-11-04,New Orleans Jesuit (LA),New Orleans De La Salle (LA),27,0,https://cdn1.jesuitnola.org/site/wp-content/uploads/2015/04/JHS_1960_Yearbook_P67-91_Sports_Intramurals.pdf
82974A7E-22D8-4A99-AF4C-858B6B5F2502,1960,1960-11-05,New Orleans Jesuit (LA),New Orleans Holy Cross (LA),27,0,http://www.bluejaystigers.com/
2396BFB5-6383-40C5-9629-0574A48C6398,1960,1960-11-11,New Orleans Jesuit (LA),New Orleans Easton (LA),12,0,https://cdn3.jesuitnola.org/site/wp-content/uploads/2013/08/Football_Post-Season_Records_20151214.pdf
33D65CBD-BE0E-468B-B11E-DAF7EB85CC1B,1960,1960-11-11,New Orleans Jesuit (LA),New Orleans Holy Cross (LA),33,20,https://cdn1.jesuitnola.org/site/wp-content/uploads/2015/04/JHS_1960_Yearbook_P67-91_Sports_Intramurals.pdf
F7F78355-D32F-4551-830C-21B53E0107C7,1960,1960-11-12,New Orleans Jesuit (LA),Vivian North Caddo (LA),7,6,The_Shreveport_Journal_1960_11_12_6.csv
1ADB8BB1-6F6D-4F97-B562-7FD3816272C8,1960,1960-11-18,Lake Charles LaGrange (LA),New Orleans Jesuit (LA),20,1,https://cdn3.jesuitnola.org/site/wp-content/uploads/2013/08/Football_Post-Season_Records_20151214.pdf
BCD4FAB8-D2EE-43BF-82FB-EC0B54FBFA8C,1960,1960-11-18,New Orleans Jesuit (LA),Shreveport Byrd (LA),19,13,http://www.cebyrdathletics.com/uploadedfiles/files/14401715412015ByrdFootballRecordBook.pdf
A5AAA3A1-42D5-4914-983B-6B2E9CBA2445,1960,1960-11-18,New Orleans Jesuit (LA),Lake Charles LaGrange (LA),12,0,https://cdn1.jesuitnola.org/site/wp-content/uploads/2015/04/JHS_1960_Yearbook_P67-91_Sports_Intramurals.pdf
8482190A-F6FF-43D3-9F91-7E2C3E2F75BB,1960,1960-11-19,New Orleans Jesuit (LA),Cotton Valley (LA),73,35,The_Shreveport_Journal_1960_11_19_7.csv
A713C919-5490-4F7F-A8FA-670DAAF6F922,1960,1960-11-25,Baton Rouge Istrouma (LA),New Orleans Jesuit (LA),21,7,https://cdn1.jesuitnola.org/site/wp-content/uploads/2015/04/JHS_1960_Yearbook_P67-91_Sports_Intramurals.pdf
BC59B4D2-FCE1-4D25-AF9C-EFB7CED611CE,1960,1960-12-16,Lake Charles LaGrange (LA),New Orleans Jesuit (LA),20,21,http://www.14-0productions.com/LHSAA_Prep_Classic.html
1D832BFA-BB23-4030-A4D7-B155DC14F03B,1961,1961-09-15,New Orleans Jesuit (LA),Houma Terrebonne (LA),14,6,http://www.classmates.com/siteui/yearbooks/4182877014?page=99
8CB66C6F-D9A9-49EB-9CAE-7BCADE1F6F87,1961,1961-09-22,New Orleans Jesuit (LA),Springhill (LA),19,0,https://www.classmates.com/siteui/yearbooks/4182881062?page=158
77944921-E0AC-4B08-848D-4ADBE5345CCB,1961,1961-09-29,Pensacola (FL),New Orleans Jesuit (LA),14,0,http://www.classmates.com/siteui/yearbooks/4182865111?page=139
9B0D9D98-3902-46F5-B790-BAEBB4F029C3,1961,1961-10-07,New Orleans Jesuit (LA),Mansfield (LA),21,6,The_Shreveport_Journal_1961_10_07_7.csv
A132C557-DD9C-4E02-8104-DEDB8920523C,1961,1961-10-14,New Orleans Jesuit (LA),Homer (LA),41,6,The_Shreveport_Journal_1961_10_14_6.csv
9FD9F7CE-22B6-4B56-BE4B-223CAF8790A6,1961,1961-10-14,New Orleans Jesuit (LA),New Orleans Fortier (LA),20,0,The_Shreveport_Journal_1961_10_14_6.csv
17C1FEA2-54EB-436C-A757-35AA827B773E,1961,1961-11-03,Monroe Neville (LA),New Orleans Jesuit (LA),32,12,http://www.classmates.com/yearbooks/Neville-High-School/40421?page=114
16CF58D7-CC54-46D0-8707-C77CFC2C0B70,1961,1961-11-10,New Orleans De La Salle (LA),New Orleans Jesuit (LA),26,14,https://www.classmates.com/siteui/yearbooks/38816?page=54
E3959C77-B7DF-4B5A-980B-4F7135246694,1961,1961-11-11,New Orleans Holy Cross (LA),New Orleans Jesuit (LA),13,0,http://www.bluejaystigers.com/
5BF4E4B9-C1A4-4EC9-BB42-F5E158EF2FB4,1962,1962-08-31,New Orleans Jesuit (LA),Baton Rouge Central (LA),19,6,http://www.classmates.com/yearbooks/Jesuit-High-School/4182738650?page=122
79C338AF-FA62-470C-92CB-896AF04E69F2,1962,1962-09-14,New Orleans Jesuit (LA),Baton Rouge Istrouma (LA),3,0,http://www.classmates.com/yearbooks/Jesuit-High-School/4182738650?page=122
80A347D6-13E5-4E6C-8B6C-2B903C40F51E,1962,1962-09-14,New Orleans Jesuit (LA),Houma Terrebonne (LA),13,0,http://www.classmates.com/siteui/yearbooks/4182877037?page=66
6CD3A033-FBCF-4138-818F-D5D50D5C28FC,1962,1962-09-21,Springhill (LA),New Orleans Jesuit (LA),14,7,https://www.classmates.com/siteui/yearbooks/1000255776?page=91
CCB03A9C-0C51-4405-BB0E-1ADEFDA1A999,1962,1962-09-21,New Orleans Jesuit (LA),Lafayette (LA),13,0,http://www.classmates.com/yearbooks/Jesuit-High-School/4182738650?page=122
1967EA99-D088-4D91-B583-5FE3FCD260C2,1962,1962-09-28,New Orleans Jesuit (LA),New Orleans Fortier (LA),35,0,http://www.classmates.com/yearbooks/Jesuit-High-School/4182738650?page=122
76F420BC-9768-4EB0-BE58-B90E43528F87,1962,1962-10-05,New Orleans Jesuit (LA),Pensacola (FL),21,0,http://www.classmates.com/yearbooks/Jesuit-High-School/4182738650?page=122
F964C418-A47C-4D94-8CF9-E09CF6975F7C,1962,1962-10-12,New Orleans Jesuit (LA),New Orleans St. Aloysius (LA),27,0,http://www.classmates.com/yearbooks/Jesuit-High-School/4182738650?page=122
4243D5FE-7F73-4607-88A4-6758975F00C7,1962,1962-10-19,New Orleans Jesuit (LA),New Orleans Holy Cross (LA),7,6,http://www.classmates.com/yearbooks/Jesuit-High-School/4182738650?page=122
F97EB01F-C510-4866-AF1F-87EE1E2B0D19,1962,1962-10-20,Minden (LA),New Orleans Jesuit (LA),18,6,The_Shreveport_Journal_1962_10_20_7.csv
B4F77D9C-C8AA-4A69-A3D5-788E3A9E15C6,1962,1962-10-26,New Orleans Jesuit (LA),Baton Rouge Redemptorist (LA),35,6,http://www.classmates.com/yearbooks/Jesuit-High-School/4182738650?page=122
6ECA9B41-C66F-4A91-819B-2EECCD3C1D09,1962,1962-11-09,Lake Charles LaGrange (LA),New Orleans Jesuit (LA),7,7,http://www.classmates.com/yearbooks/Jesuit-High-School/4182738650?page=122
D6EEC4B9-009C-431B-B7E8-384315A73DFA,1962,1962-11-10,Vivian North Caddo (LA),New Orleans Jesuit (LA),47,13,The_Shreveport_Journal_1962_11_10_7.csv
084FE2B4-9670-4E40-861E-8D80DF9068AC,1962,1962-11-23,New Orleans Jesuit (LA),New Orleans De La Salle (LA),7,6,https://www.classmates.com/siteui/yearbooks/38993?page=160
D4CDC017-DC09-4E4D-B46C-830EC8973D51,1963,1963-09-06,Baton Rouge (LA),New Orleans Jesuit (LA),12,0,https://www.classmates.com/siteui/yearbooks/37463?page=43
7241571F-3DCA-496F-A899-1D144E83FE2A,1963,1963-09-27,New Orleans Jesuit (LA),Pensacola (FL),7,0,http://www.classmates.com/siteui/yearbooks/151441?page=154
34A06AB1-3D22-4A77-A7E0-98B7D60FC597,1963,1963-10-12,New Orleans Holy Cross (LA),New Orleans Jesuit (LA),7,0,http://www.bluejaystigers.com/
D519CE41-E344-4618-9D5B-39F4BB8464CF,1963,1963-10-18,Springhill (LA),New Orleans Jesuit (LA),14,12,https://www.classmates.com/siteui/yearbooks/10321?page=102
7CAE0BEB-173E-406D-AC3F-D9A486C43EF8,1963,1963-10-25,New Orleans Jesuit (LA),New Orleans De La Salle (LA),24,0,https://www.classmates.com/siteui/yearbooks/39043?page=110
276F7270-F5B8-454C-9795-1BA50A2E0358,1963,1963-11-08,New Orleans Jesuit (LA),Baton Rouge Central (LA),22,6,https://cdn3.jesuitnola.org/site/wp-content/uploads/2013/08/Football_Post-Season_Records_20151214.pdf
B965AFEB-0399-4AAB-9682-8787C21CFC42,1963,1963-11-15,New Orleans Jesuit (LA),Baton Rouge (LA),22,6,https://www.classmates.com/siteui/yearbooks/37463?page=43
B955014F-9060-42AB-85D2-385E9B48F918,1963,1963-12-07,New Orleans Jesuit (LA),Lafayette (LA),6,0,The_Shreveport_Journal_1963_12_07_7.csv
9AE38F5F-02E0-4198-8A13-CC0998C8974F,1963,1963-12-13,New Orleans Jesuit (LA),New Orleans Holy Cross (LA),6,14,http://www.14-0productions.com/LHSAA_Prep_Classic.html
0C856A19-D2BE-49D2-844B-F8DD5961C78F,1964,1964-09-04,Metairie East Jefferson (LA),New Orleans Jesuit (LA),12,12,https://www.classmates.com/siteui/yearbooks/4182759023?page=149
0CB99225-F594-4DD0-92A7-E48AF6498B54,1964,1964-09-11,New Orleans Easton (LA),New Orleans Jesuit (LA),20,19,http://www.classmates.com/siteui/yearbooks/4182832065?page=216
FB30B601-0C2D-4673-91C0-A7143DCE8D08,1964,1964-09-11,New Orleans Jesuit (LA),Harvey West Jefferson (LA),24,6,http://www.classmates.com/siteui/yearbooks/227070?page=216
D9D18730-0C4B-428D-BB7C-03C2E8FB5252,1964,1964-10-02,New Orleans Jesuit (LA),Bourg South Terrebonne (LA),26,6,https://www.classmates.com/siteui/yearbooks/4182877054?page=171
44CFC813-6794-4F7D-ABA7-8B59C54E044B,1964,1964-10-03,New Orleans Jesuit (LA),Bossier City Airline (LA),14,7,The_Shreveport_Journal_1964_10_03_7.csv
5E4CCCDC-12F6-493D-A9A5-9C2856AA8135,1964,1964-10-09,New Orleans Jesuit (LA),New Orleans De La Salle (LA),14,0,https://www.classmates.com/siteui/yearbooks/34362?page=162
86AF5DF3-20F1-413D-9FF4-6F0E38E468CB,1964,1964-10-16,New Orleans Jesuit (LA),Houma Terrebonne (LA),19,13,http://www.classmates.com/siteui/yearbooks/4182877015?page=80
C2269858-9574-468E-909F-6C46C15B87DA,1964,1964-10-30,Springhill (LA),New Orleans Jesuit (LA),10,7,https://www.classmates.com/siteui/yearbooks/9994?page=105
25329C32-59DC-4770-B5D1-E39BAAB0292B,1964,1964-11-06,Shreveport Byrd (LA),New Orleans Jesuit (LA),14,0,https://cdn3.jesuitnola.org/site/wp-content/uploads/2013/08/Football_Post-Season_Records_20151214.pdf
F28E5482-934E-4383-83EA-E1F0649FD77A,1964,1964-11-07,New Orleans Jesuit (LA),New Orleans Holy Cross (LA),19,7,http://www.bluejaystigers.com/
00CF8735-DF21-47A4-9020-EC120F011162,1964,1964-11-13,Sulphur (LA),New Orleans Jesuit (LA),20,0,https://cdn3.jesuitnola.org/site/wp-content/uploads/2013/08/Football_Post-Season_Records_20151214.pdf
2070AD77-AF1C-4FAB-A6B2-44DB21B8364F,1964,1964-11-20,New Orleans Jesuit (LA),Shreveport Byrd (LA),20,13,http://www.cebyrdathletics.com/uploadedfiles/files/14401715412015ByrdFootballRecordBook.pdf
88BF9821-A520-412D-B8F9-870E3C611651,1965,1965-09-11,New Orleans Jesuit (LA),Bossier City Bossier (LA),19,0,The_Shreveport_Journal_1965_09_11_5.csv
49CBACB5-2E20-46B6-A19B-CC5D26E112D3,1965,1965-09-17,New Orleans Jesuit (LA),Haynesville (LA),26,0,https://www.classmates.com/siteui/yearbooks/159074?page=78
9572BB31-3473-4372-A928-13F774CA1219,1965,1965-10-02,New Orleans Jesuit (LA),Thibodaux (LA),34,0,The_Crowley_Post_Signal_1965_10_02_8.csv
2C14AC13-F074-4BC2-BA3B-4EDA5B554A03,1965,1965-10-08,New Orleans Jesuit (LA),New Orleans De La Salle (LA),32,13,https://www.classmates.com/siteui/yearbooks/34334?page=164
A192187C-FFE4-4B14-8CC0-5480289A46F3,1965,1965-10-08,New Orleans Jesuit (LA),Bourg South Terrebonne (LA),26,0,https://www.classmates.com/siteui/yearbooks/4182877047?page=146
9326D7AB-7482-4E11-A324-1B579F9F52D2,1965,1965-10-30,New Orleans Jesuit (LA),Houma Terrebonne (LA),26,7,The_Crowley_Post_Signal_1965_10_30_4.csv
C34FFAF6-BBA5-4220-99A7-33B1C40BCF89,1965,1965-11-05,Shreveport Fair Park (LA),New Orleans Jesuit (LA),19,2,https://cdn3.jesuitnola.org/site/wp-content/uploads/2013/08/Football_Post-Season_Records_20151214.pdf
276EFF45-DB31-408A-A7EC-7AB83C9399A1,1965,1965-11-06,New Orleans Holy Cross (LA),New Orleans Jesuit (LA),14,0,http://www.bluejaystigers.com/
906C4408-986B-4F75-9D49-877CD320F86D,1966,1966-09-10,New Orleans Jesuit (LA),Metairie East Jefferson (LA),13,7,The_Shreveport_Journal_1966_09_10_6 (1).csv
D44FAA37-C4C9-4DE1-92FA-5CD4485DC898,1966,1966-09-16,Shreveport Byrd (LA),New Orleans Jesuit (LA),21,12,http://www.cebyrdathletics.com/uploadedfiles/files/14401715412015ByrdFootballRecordBook.pdf
CD649A86-39EB-4008-8A68-B2F79E50A020,1966,1966-09-23,New Orleans Jesuit (LA),Houma Terrebonne (LA),26,6,http://www.classmates.com/siteui/yearbooks/4182815866?page=48
3080FDCB-0012-41E8-B5DE-C78BC88CC4FF,1966,1966-09-30,New Orleans Jesuit (LA),Haynesville (LA),39,0,https://www.classmates.com/siteui/yearbooks/158790?page=87
50892222-63FB-4E2C-95C8-BDA05F948622,1966,1966-10-07,New Orleans Jesuit (LA),New Orleans St. Aloysius (LA),13,7,https://www.classmates.com/siteui/yearbooks/4182816717?page=25
C7CCBAB4-2C37-4BC1-A410-E5F8757FEBBE,1966,1966-10-14,Pensacola (FL),New Orleans Jesuit (LA),19,0,http://www.classmates.com/siteui/yearbooks/156406?page=113
7A55C060-173F-4380-B5F0-481455BF25A5,1966,1966-11-05,New Orleans Holy Cross (LA),New Orleans Jesuit (LA),20,7,http://www.bluejaystigers.com/
738E4664-F7B4-479B-A4DA-20E896AAFA78,1966,1966-11-11,Harvey West Jefferson (LA),New Orleans Jesuit (LA),14,7,https://cdn3.jesuitnola.org/site/wp-content/uploads/2013/08/Football_Post-Season_Records_20151214.pdf
935B927C-1047-474A-8E0A-28931B4F617E,1966,1966-11-11,New Orleans De La Salle (LA),New Orleans Jesuit (LA),7,7,https://www.classmates.com/siteui/yearbooks/29063?page=138
079EDF42-F9A2-4DD1-A72E-6936E353A24A,1966,1966-11-18,New Orleans Jesuit (LA),Harvey West Jefferson (LA),27,14,http://www.classmates.com/siteui/yearbooks/4182792545?page=157
E0677AD1-8860-4684-AF48-5938A5893329,1966,1966-11-18,New Orleans Jesuit (LA),Baton Rouge Glen Oaks (LA),19,6,http://www.classmates.com/yearbooks/Glen-Oaks-High-School/4182731883?page=110
0E6B81CB-AA3A-4DDA-9BB4-EFF1287B93A1,1966,1966-11-25,Galliano South Lafourche (LA),New Orleans Jesuit (LA),13,3,https://cdn3.jesuitnola.org/site/wp-content/uploads/2013/08/Football_Post-Season_Records_20151214.pdf
92F2C749-480C-4F19-87A9-37759FA431C9,1966,1966-12-09,Baton Rouge Central (LA),New Orleans Jesuit (LA),7,0,http://www.classmates.com/siteui/yearbooks/4182797485?page=93
288E041C-2092-4FF3-B686-2E01F8269095,1967,1967-09-08,New Orleans Jesuit (LA),Bossier City Bossier (LA),33,13,http://www.classmates.com/siteui/yearbooks/190163?page=187
8DE8D754-C156-475B-93CB-C4F44585C274,1967,1967-09-09,New Orleans Jesuit (LA),Metairie East Jefferson (LA),14,6,The_Crowley_Post_Signal_1967_09_09_6.csv
2E479527-A101-4431-A8E4-6D77B0200F7B,1967,1967-09-15,New Orleans Jesuit (LA),Shreveport CaptainShreve (LA),34,0,http://www.classmates.com/siteui/yearbooks/183791?page=157
DD107F99-8429-4BC9-B67D-0FF8D709A2CB,1967,1967-09-15,New Orleans Jesuit (LA),Houma Terrebonne (LA),20,14,http://www.classmates.com/siteui/yearbooks/63257?page=88
C53E274B-E8F0-40D7-BE26-D78F4D712D60,1967,1967-09-23,New Orleans Jesuit (LA),Alexandria Bolton (LA),27,6,The_Crowley_Post_Signal_1967_09_23_4.csv
D7C18F86-C444-447F-B406-E17A53EAB626,1967,1967-09-29,New Orleans Jesuit (LA),Haynesville (LA),74,0,https://www.classmates.com/siteui/yearbooks/158800?page=89
18C5E392-D019-4FC4-97E0-D662A2712407,1967,1967-10-06,New Orleans Holy Cross (LA),New Orleans Jesuit (LA),22,13,http://www.classmates.com/yearbooks/Holy-Cross-High-School/190088?page=126
6DAF18CB-6255-47FC-A647-E887A1015411,1967,1967-11-04,New Orleans Jesuit (LA),Shreveport Northwood (LA),40,6,Morning_World_1967_11_04_9.csv
20DDBD55-4EF1-4F7B-BF89-A7FAE2618D12,1967,1967-11-17,Bourg South Terrebonne (LA),New Orleans Jesuit (LA),13,7,https://www.classmates.com/siteui/yearbooks/4182877063?page=168
97B152C4-E191-4045-8108-F0C84642B1B2,1967,1967-11-17,New Orleans De La Salle (LA),New Orleans Jesuit (LA),6,0,https://www.classmates.com/siteui/yearbooks/25899?page=120
CD102F09-EA31-4873-A906-13E70BCD2C44,1967,1967-11-24,New Orleans Jesuit (LA),Jennings (LA),26,9,https://www.classmates.com/siteui/yearbooks/4182838440?page=176
DBD4B75E-AA09-4BF4-A927-24621AECE45E,1967,1967-11-24,New Orleans Jesuit (LA),Metairie Archbishop Rummel (LA),7,6,http://www.classmates.com/siteui/yearbooks/4182845533?page=82
92A680BE-F34E-444A-898D-E544346AAFBF,1967,1967-12-08,New Orleans Jesuit (LA),Lake Charles (LA),34,33,http://www.classmates.com/siteui/yearbooks/4182806261?page=137
51544076-008A-4AC0-9BA0-57E1CA437EEB,1968,1968-09-13,New Orleans Jesuit (LA),Shreveport CaptainShreve (LA),6,0,http://www.classmates.com/siteui/yearbooks/166907?page=243
D6F1E6AD-B948-4C81-A403-33EA5BA4CAFB,1968,1968-09-13,New Orleans Jesuit (LA),Alexandria Bolton (LA),21,6,http://www.classmates.com/yearbooks/Bolton-High-School/125332?page=214
57C384F5-440B-4C9C-95FB-FC116AEDD7C3,1968,1968-09-13,New Orleans Holy Cross (LA),New Orleans Jesuit (LA),14,7,http://www.classmates.com/yearbooks/Holy-Cross-High-School/190089?page=110
1D186BDE-A6E0-40EF-966E-3BF8236FD2B0,1968,1968-10-04,Bossier City Airline (LA),New Orleans Jesuit (LA),34,13,http://www.classmates.com/siteui/yearbooks/4182715531?page=207
E5A26CF2-CEDA-4A1C-AE17-10675B77AE3F,1968,1968-10-04,New Orleans Jesuit (LA),New Orleans St. Aloysius (LA),21,6,https://www.classmates.com/siteui/yearbooks/4182830355?page=94
CB93BAD8-F8BB-4E0C-BE6F-7175AE5D7000,1968,1968-10-11,Hattiesburg (MS),New Orleans Jesuit (LA),13,21,http://www.ahsfhs.org/mississippi/
54B47603-B3AD-4815-BE55-D93EF135EBDC,1968,1968-10-25,New Orleans Jesuit (LA),New Orleans De La Salle (LA),18,7,https://www.classmates.com/siteui/yearbooks/122911?page=136
25C80FD2-208F-4325-8B2C-230B750A3314,1969,1969-09-12,Shreveport CaptainShreve (LA),New Orleans Jesuit (LA),14,6,http://www.classmates.com/siteui/yearbooks/55540?page=255
242BA9A2-0AFB-402C-BB47-38A7FA22461C,1969,1969-09-19,New Orleans Holy Cross (LA),New Orleans Jesuit (LA),3,0,http://www.classmates.com/yearbooks/Holy-Cross-High-School/190090?page=106
322D5C28-9B0A-4549-9C87-94226D81D1F7,1969,1969-10-03,New Orleans Jesuit (LA),New Orleans Brother Martin (LA),19,14,http://www.classmates.com/yearbooks/Brother-Martin-High-School/142419?page=88
A22C9B0C-D57F-418F-A74B-112EC293D86B,1969,1969-10-03,Bossier City Airline (LA),New Orleans Jesuit (LA),29,6,http://www.classmates.com/siteui/yearbooks/55691?page=196
56F5D463-1A92-4BA1-9A40-E142F81D0C97,1969,1969-10-10,New Orleans De La Salle (LA),New Orleans Jesuit (LA),14,12,https://www.classmates.com/siteui/yearbooks/4182728509?page=58
B80BF757-DF53-4545-A275-39E45AE7076B,1970,1970-09-04,New Orleans Jesuit (LA),Houma Terrebonne (LA),24,0,http://www.classmates.com/siteui/yearbooks/179206?page=68
5A609AE0-0017-4CC2-A668-27FE32EB8894,1970,1970-09-11,New Orleans Jesuit (LA),Bourg South Terrebonne (LA),28,6,https://www.classmates.com/siteui/yearbooks/94712?page=101
4218BBCF-F70C-4629-8B57-284DBC79B034,1970,1970-10-03,New Orleans Jesuit (LA),Minden (LA),13,12,The_Crowley_Post_Signal_1970_10_03_6.csv
A99F4EA0-437E-4CA3-9751-6BA525A2090E,1970,1970-10-23,New Orleans Jesuit (LA),New Orleans De La Salle (LA),32,8,https://www.classmates.com/siteui/yearbooks/122950?page=61
34B5759F-836F-43AA-B82B-DB2E8B676A10,1970,1970-10-30,New Orleans Jesuit (LA),New Orleans Brother Martin (LA),30,24,http://www.classmates.com/yearbooks/Brother-Martin-High-School/159279?page=92
AC85A41F-4F9D-472D-8A81-2D9E285E16C9,1970,1970-11-06,Harvey West Jefferson (LA),New Orleans Jesuit (LA),34,3,https://cdn3.jesuitnola.org/site/wp-content/uploads/2013/08/Football_Post-Season_Records_20151214.pdf
8D388261-4093-41FE-8B3A-55417597C22D,1970,1970-11-07,New Orleans Jesuit (LA),New Orleans Holy Cross (LA),13,7,The_Shreveport_Journal_1970_11_07_6 (1).csv
37649D5B-DD4B-4028-A593-B0A05EB0260F,1970,1970-11-21,Harvey West Jefferson (LA),New Orleans Jesuit (LA),34,13,The_Crowley_Post_Signal_1970_11_21_6.csv
56A4B79D-1D98-483F-A90D-D258D000A982,1971,1971-09-03,Bourg South Terrebonne (LA),New Orleans Jesuit (LA),6,0,https://www.classmates.com/siteui/yearbooks/94912?page=93
16392194-27D2-4F65-A197-9C2F8E5573E8,1971,1971-09-03,New Orleans Jesuit (LA),New Orleans Brother Martin (LA),16,0,http://www.classmates.com/yearbooks/Jesuit-High-School/4182783321?page=74
18F1B893-87C2-4BB8-A8B1-518BC905C8B9,1971,1971-09-10,New Orleans Jesuit (LA),Marrero Archbishop Shaw (LA),13,7,http://www.classmates.com/yearbooks/Jesuit-High-School/4182783321?page=74
E41B9581-7684-4661-9CF4-290D4D0D3789,1971,1971-09-17,New Orleans St. Augustine (LA),New Orleans Jesuit (LA),14,7,http://www.classmates.com/yearbooks/Jesuit-High-School/4182783321?page=74
B4AA6628-277C-4C9A-95B5-D5B1EEE599DF,1971,1971-09-24,New Orleans Jesuit (LA),Baton Rouge Redemptorist (LA),41,6,http://www.classmates.com/yearbooks/Jesuit-High-School/4182783321?page=74
3201B0FD-A41B-4A9E-80A4-5B876E5F084A,1971,1971-10-08,Metairie Archbishop Rummel (LA),New Orleans Jesuit (LA),0,0,http://www.classmates.com/yearbooks/Jesuit-High-School/4182783321?page=74
6BE74A12-CF21-4039-A311-86A0F1B27C6D,1971,1971-10-09,New Orleans Jesuit (LA),Shreveport Northwood (LA),21,14,The_Shreveport_Journal_1971_10_09_7.csv
E828DEA0-2C1C-41AF-9998-505BE0C2CE7B,1971,1971-10-15,Metairie Archbishop Rummel (LA),New Orleans Jesuit (LA),1,0,http://www.classmates.com/yearbooks/Archbishop-Rummel-High-School/94866?page=62
AC727724-9F7E-4C92-9BD1-3DF266F8E240,1971,1971-10-16,New Orleans Jesuit (LA),Metairie East Jefferson (LA),20,6,The_Town_Talk_1971_10_16_Page_10.csv
7CA13C7C-DDF6-45E5-8FE8-0C05FA29F6FC,1971,1971-10-22,New Orleans Jesuit (LA),Chalmette (LA),10,0,http://www.classmates.com/yearbooks/Jesuit-High-School/4182783321?page=74
516700D6-C498-40E2-97F3-5DF8823BFCF8,1971,1971-10-29,New Orleans Jesuit (LA),New Orleans Holy Cross (LA),10,0,http://www.classmates.com/yearbooks/Jesuit-High-School/4182783321?page=74
219D61FA-751B-43A0-80F8-79F6FDEC5807,1971,1971-10-29,New Orleans Jesuit (LA),New Orleans De La Salle (LA),30,7,https://www.classmates.com/siteui/yearbooks/188489?page=123
FE7B5528-82A5-4061-99B2-75AC628DDD99,1972,1972-09-15,Bourg South Terrebonne (LA),New Orleans Jesuit (LA),0,0,https://www.classmates.com/siteui/yearbooks/86380?page=78
1BCB84F0-E780-4B2C-9611-3B37E151DE75,1972,1972-09-15,New Orleans Brother Martin (LA),New Orleans Jesuit (LA),33,0,http://www.classmates.com/yearbooks/Brother-Martin-High-School/188571?page=78
A77AF10A-0FB0-4478-B11D-A25C7D9A7312,1972,1972-09-22,New Orleans Jesuit (LA),Marrero Archbishop Shaw (LA),7,0,http://www.classmates.com/yearbooks/Archbishop-Shaw-High-School/67841?page=142
0F341D4B-DE95-4496-BF4C-B9CD7C91F5BB,1972,1972-09-29,New Orleans St. Augustine (LA),New Orleans Jesuit (LA),17,0,http://www.classmates.com/siteui/yearbooks/4182825472?page=133
54C8DE1B-0DDB-4D64-B408-65773EC371A9,1972,1972-10-28,Olla LaSalle (LA),New Orleans Jesuit (LA),6,3,The_Town_Talk_1972_10_28_Page_10.csv
3BFB1D61-FB01-47D7-B732-5C726B913604,1972,1972-11-04,New Orleans Jesuit (LA),New Orleans Holy Cross (LA),30,16,http://www.bluejaystigers.com/
2F7543AB-06D2-4719-9819-C96A5FD4B0E6,1973,1973-09-07,Bourg South Terrebonne (LA),New Orleans Jesuit (LA),0,0,https://www.classmates.com/siteui/yearbooks/88062?page=76
6B69E56F-CF26-46C5-85BD-1A8A72FDA644,1973,1973-09-07,Bossier City Airline (LA),New Orleans Jesuit (LA),6,3,http://www.classmates.com/siteui/yearbooks/52789?page=155
3C8A2F50-F791-4CE0-812C-1F3C2EBDD824,1973,1973-09-21,New Orleans Jesuit (LA),Haughton (LA),15,8,http://www.classmates.com/siteui/yearbooks/4182715721?page=105
3CC88DAD-EC65-42C7-87F6-48EABDF341E7,1973,1973-10-19,New Orleans Brother Martin (LA),New Orleans Jesuit (LA),13,0,http://www.classmates.com/yearbooks/Brother-Martin-High-School/4182774076?page=216
CB327A4F-E9B0-4A7B-BFCE-F108F0B33F09,1973,1973-11-09,New Orleans De La Salle (LA),New Orleans Jesuit (LA),8,7,https://www.classmates.com/siteui/yearbooks/225914?page=114
5E8A99C5-12D9-4563-BBC1-384F04046B17,1973,1973-11-10,New Orleans Jesuit (LA),New Orleans Holy Cross (LA),14,12,http://www.bluejaystigers.com/
6905AB45-9012-49CE-B09B-93B9CF425EB0,1973,1973-11-16,Monroe Carroll (LA),New Orleans Jesuit (LA),26,13,https://www.newspapers.com/image/217974136
E92B3DC7-631F-4353-B459-21AFB49CDDA3,1974,1974-09-06,Bossier City Airline (LA),New Orleans Jesuit (LA),13,0,http://www.classmates.com/siteui/yearbooks/4182779515?page=155
5EC4EA8E-D29A-407B-8BEE-F2F5942C0B9A,1974,1974-09-06,Bourg South Terrebonne (LA),New Orleans Jesuit (LA),7,0,https://www.classmates.com/siteui/yearbooks/88063?page=81
F6D712E6-C1B8-44CA-B71E-CB752835880F,1974,1974-09-21,Galliano South Lafourche (LA),New Orleans Jesuit (LA),37,7,The_Times_1974_09_21_Page_25.csv
83E41382-5124-4080-8D3C-B03DE5354848,1974,1974-10-05,Chalmette (LA),New Orleans Jesuit (LA),35,12,The_Town_Talk_1974_10_05_Page_12.csv
F2480211-743A-4BFD-BD20-953EDBD57CCE,1974,1974-10-11,Metairie Archbishop Rummel (LA),New Orleans Jesuit (LA),21,0,http://www.classmates.com/yearbooks/Archbishop-Rummel-High-School/103462?page=78
56A0273A-7E0F-4C63-AFF9-20FC18A11A9A,1974,1974-10-18,New Orleans Brother Martin (LA),New Orleans Jesuit (LA),34,0,http://www.classmates.com/yearbooks/Brother-Martin-High-School/1300338258?page=234
3C5A786C-A865-4511-B038-A84835C7F227,1974,1974-11-02,New Orleans Holy Cross (LA),New Orleans Jesuit (LA),17,14,The_Times_Picayune_1974_11_02_54.csv
C1324635-4F4A-4FB5-AF8E-A89A24086940,1974,1974-11-16,New Orleans Jesuit (LA),Mer Rouge Delta (LA),24,0,Morning_World_1974_11_16_12.csv
2D239553-B921-4701-87DB-CE160CF5277E,1975,1975-09-05,Bossier City Airline (LA),New Orleans Jesuit (LA),14,0,http://www.classmates.com/siteui/yearbooks/53375?page=160
7A667299-E6E8-40BA-8D10-519E2C97C669,1975,1975-09-05,New Orleans St. Augustine (LA),New Orleans Jesuit (LA),35,7,https://www.classmates.com/siteui/yearbooks/4182928892?page=131
850DB77C-1F77-4980-AD56-5B7F3D344886,1975,1975-09-12,Shreveport Southwood (LA),New Orleans Jesuit (LA),13,7,https://www.classmates.com/siteui/yearbooks/151300?page=157
DA36BE06-6DB8-4DEF-86DE-2010168C3067,1975,1975-09-12,Bourg South Terrebonne (LA),New Orleans Jesuit (LA),26,6,https://www.classmates.com/siteui/yearbooks/4182877048?page=117
8C7796FA-6B08-4106-ADFC-3594E7F219EF,1975,1975-10-03,New Orleans Brother Martin (LA),New Orleans Jesuit (LA),26,0,http://www.classmates.com/yearbooks/Brother-Martin-High-School/1300337634?page=102
84E3AF89-1FA2-40E7-A990-B3255BBBB3F9,1975,1975-10-03,New Orleans Jesuit (LA),Ruston (LA),17,0,http://www.classmates.com/yearbooks/Ruston-High-School/123097?page=180
5B4BC19D-B353-4167-8572-BBB2ABA45FD8,1975,1975-10-11,Chalmette (LA),New Orleans Jesuit (LA),7,0,The Times
8C533A83-F61F-42C9-81C7-457998EB72DC,1975,1975-10-17,Marrero Archbishop Shaw (LA),New Orleans Jesuit (LA),28,6,http://www.classmates.com/yearbooks/Archbishop-Shaw-High-School/4182725906?page=110
322B721F-D123-4365-9561-7580C15BD47F,1975,1975-10-24,New Orleans Holy Cross (LA),New Orleans Jesuit (LA),7,3,http://www.classmates.com/yearbooks/Holy-Cross-High-School/104445?page=86
C05B5702-7835-41FB-BCFF-2FC11388D010,1975,1975-10-31,Metairie Archbishop Rummel (LA),New Orleans Jesuit (LA),17,0,http://www.classmates.com/yearbooks/Archbishop-Rummel-High-School/103622?page=154
743FD31B-2DAA-43C8-AAFA-70697DA412EE,1976,1976-09-03,New Orleans Jesuit (LA),Bossier City Airline (LA),6,0,http://www.classmates.com/siteui/yearbooks/97274?page=161
3FE68B8B-E601-4ECF-BEC6-463A00DDF8AC,1976,1976-09-10,New Orleans Jesuit (LA),Shreveport Southwood (LA),21,14,https://www.classmates.com/siteui/yearbooks/150267?page=91
7131D449-EB4B-4A63-8506-ED8930AC0492,1976,1976-09-11,New Orleans Jesuit (LA),New Orleans Abramson (LA),13,12,The Times
2D512C75-2EC7-4648-A03E-6FA937322C23,1976,1976-09-17,Bourg South Terrebonne (LA),New Orleans Jesuit (LA),7,0,https://www.classmates.com/siteui/yearbooks/4182877065?page=129
65EABC39-5899-44BC-877E-80ADD8C944BF,1976,1976-10-01,New Orleans Jesuit (LA),Ruston (LA),10,3,http://www.classmates.com/yearbooks/Ruston-High-School/9978?page=94
6E1C6B6A-7EF6-43AF-9305-906128D5D3A5,1976,1976-10-01,New Orleans Brother Martin (LA),New Orleans Jesuit (LA),34,10,http://www.classmates.com/yearbooks/Brother-Martin-High-School/192783?page=194
14287ACC-827D-4122-80BE-4E1EC23A6D8E,1976,1976-10-29,Metairie Archbishop Rummel (LA),New Orleans Jesuit (LA),35,0,http://www.classmates.com/yearbooks/Archbishop-Rummel-High-School/103633?page=76
B07E6385-ECA9-42D0-A3AD-877189D5D992,1976,1976-11-06,New Orleans Holy Cross (LA),New Orleans Jesuit (LA),13,0,http://www.bluejaystigers.com/
4B19DF8E-995A-4A7A-9315-222B274DF374,1976,1976-11-12,New Orleans Jesuit (LA),Haughton (LA),21,0,http://www.classmates.com/siteui/yearbooks/4182715716?page=109
725A9914-DB6F-438F-9B19-748A59D08D32,1977,1977-09-09,Bossier City Airline (LA),New Orleans Jesuit (LA),14,0,http://www.classmates.com/siteui/yearbooks/4182715542?page=113
7DE55EB1-6646-4A5D-8BA6-E654E74C5AC8,1977,1977-09-10,New Orleans Jesuit (LA),New Orleans Abramson (LA),15,0,The Times
5908F77F-C188-4AFB-9724-211A7BDC9408,1977,1977-10-14,New Orleans Holy Cross (LA),New Orleans Jesuit (LA),35,34,http://www.classmates.com/yearbooks/Holy-Cross-High-School/4182780881?page=100
9DAB5485-CD22-486C-9C1C-1295099AE75E,1977,1977-10-14,New Orleans Jesuit (LA),Ruston (LA),14,6,http://www.classmates.com/yearbooks/Ruston-High-School/123079?page=96
3EE42574-ADDA-4370-8D63-939C73FFB62E,1977,1977-10-14,New Orleans Brother Martin (LA),New Orleans Jesuit (LA),13,7,http://www.classmates.com/yearbooks/Brother-Martin-High-School/188572?page=112
2A1983E0-BF43-434A-9B96-9CEF6F6172E3,1977,1977-10-21,Metairie Archbishop Rummel (LA),New Orleans Jesuit (LA),24,17,http://www.classmates.com/yearbooks/Archbishop-Rummel-High-School/103461?page=48
C015AFB6-6082-4316-87D0-ACC41AA6EBEF,1977,1977-11-04,Haughton (LA),New Orleans Jesuit (LA),20,0,http://www.classmates.com/siteui/yearbooks/204281?page=122
3BA6ADF5-B972-4050-96FA-012B6E91B607,1978,1978-09-08,Bossier City Airline (LA),New Orleans Jesuit (LA),7,6,http://www.classmates.com/siteui/yearbooks/97136?page=130
BD3B4A47-A4FC-4C4D-808B-ACE8047D9A5C,1978,1978-09-09,New Orleans Jesuit (LA),New Orleans Abramson (LA),47,0,The Times
B002BF5C-7353-4067-B7CD-811C3D3F32FE,1978,1978-09-30,New Orleans Jesuit (LA),Bastrop (LA),12,12,The Shreveport Journal
4653795F-B11A-4CD2-8E64-DB960C452C4F,1978,1978-10-06,New Orleans Jesuit (LA),Ruston (LA),29,10,http://www.classmates.com/yearbooks/Ruston-High-School/123098?page=148
219A1412-6F20-4A9D-8718-E5A52725EE1F,1978,1978-10-06,New Orleans Jesuit (LA),Marrero John Ehret (LA),20,0,http://www.classmates.com/siteui/yearbooks/4182797696?page=175
2A23C596-8D78-48F8-A3BC-2473AA1BF3ED,1978,1978-10-20,New Orleans Jesuit (LA),New Orleans Brother Martin (LA),21,6,https://www.classmates.com/siteui/yearbooks/188573?page=84
EEF34201-CECD-49D1-BD90-1A65D8FF3ECF,1978,1978-11-03,New Orleans Jesuit (LA),Haughton (LA),21,14,http://www.classmates.com/siteui/yearbooks/37182?page=161
1B457F3D-8613-48A7-93BE-D6B017D3CA08,1978,1978-11-10,New Orleans Jesuit (LA),Harvey West Jefferson (LA),28,14,http://www.classmates.com/siteui/yearbooks/4182840406?page=108
2AB4E126-BFCD-43EA-8FEE-5D6347EBD270,1978,1978-11-10,Harvey West Jefferson (LA),New Orleans Jesuit (LA),14,8,https://cdn3.jesuitnola.org/site/wp-content/uploads/2013/08/Football_Post-Season_Records_20151214.pdf
92947D9B-95D3-4AF5-BCAA-A092CEC6A295,1978,1978-11-11,New Orleans Jesuit (LA),New Orleans Holy Cross (LA),36,0,http://www.bluejaystigers.com/
1AAD5669-4DA2-4D67-8EB7-C6EABD450650,1978,1978-11-17,New Orleans McDonogh 35 (LA),New Orleans Jesuit (LA),13,5,https://cdn3.jesuitnola.org/site/wp-content/uploads/2013/08/Football_Post-Season_Records_20151214.pdf
85429732-0149-4DED-AE4B-9D5E7289785E,1978,1978-11-24,New Orleans Carver (LA),New Orleans Jesuit (LA),26,8,https://cdn3.jesuitnola.org/site/wp-content/uploads/2013/08/Football_Post-Season_Records_20151214.pdf
5C9AB471-80AA-4FCB-8862-DFCF8FA852A2,1978,1978-11-25,New Orleans Jesuit (LA),New Orleans McDonogh 35 (LA),35,35,The Times
9A74B2AD-8BDE-46A2-890A-263E8F73FF86,1978,1978-12-01,New Orleans Jesuit (LA),Shreveport Woodlawn (LA),35,7,https://cdn3.jesuitnola.org/site/wp-content/uploads/2013/08/Football_Post-Season_Records_20151214.pdf
32EE8ACC-3E40-4D48-ACD1-209F619A2838,1978,1978-12-16,New Orleans St. Augustine (LA),New Orleans Jesuit (LA),13,7,The Times
445E42BC-D952-4855-9F34-8CF97139F0F2,1979,1979-08-31,New Orleans Jesuit (LA),New Orleans Abramson (LA),39,0,http://www.classmates.com/yearbooks/Jesuit-High-School/4182786920?page=80
5897F4C2-BBF5-4338-8FF4-977779053425,1979,1979-09-07,New Orleans Jesuit (LA),New Orleans McDonogh 35 (LA),30,6,http://www.classmates.com/yearbooks/Jesuit-High-School/4182786920?page=80
E1EBBA8A-EC92-433F-A88B-4BCB0C53CE05,1979,1979-09-07,New Orleans Jesuit (LA),Bossier City Airline (LA),14,0,http://www.classmates.com/siteui/yearbooks/97162?page=118
9F73C7AB-E70F-4FD6-8133-35E8500F89C8,1979,1979-09-15,New Orleans Jesuit (LA),New Orleans McDonogh (LA),30,6,The Shreveport Journal
1F015AD4-E630-41D0-A282-67C494CB694A,1979,1979-09-15,New Orleans Jesuit (LA),Bossier City Bossier (LA),7,0,The Shreveport Journal
EC1CD688-C226-456F-B70A-71F1EB18D2FE,1979,1979-09-21,New Orleans Jesuit (LA),New Orleans Holy Cross (LA),14,7,http://www.classmates.com/yearbooks/Jesuit-High-School/4182786920?page=80
A2AFA346-0C60-48FA-B033-28DA188BD37B,1979,1979-09-22,New Orleans Jesuit (LA),Lake Charles (LA),20,15,The Times
FF817E62-D132-4F45-B873-4A860F2274E7,1979,1979-09-28,New Orleans Jesuit (LA),Metairie Archbishop Rummel (LA),17,14,http://www.classmates.com/yearbooks/Jesuit-High-School/4182786920?page=80
FC368BF4-3A7B-40BD-A13E-299C759A13FA,1979,1979-10-12,New Orleans Jesuit (LA),Ruston (LA),23,0,http://www.classmates.com/yearbooks/Ruston-High-School/1000255837?page=102
DA886E6F-DF6E-4D38-A362-B526D1E6DB26,1979,1979-10-12,New Orleans Jesuit (LA),New Orleans Brother Martin (LA),14,0,http://www.classmates.com/yearbooks/Jesuit-High-School/4182786920?page=80
41A4186F-3EBF-4137-B0FD-83AAE05F9A25,1979,1979-10-13,New Orleans Jesuit (LA),New Orleans De La Salle (LA),21,7,The Times
A039A23C-D81B-4FB7-8A8A-4FD11A5B7E6B,1979,1979-10-19,New Orleans Jesuit (LA),New Orleans De La Salle (LA),28,7,https://www.classmates.com/siteui/yearbooks/1300336787?page=129
F95087CB-7026-4FD9-BA25-6F9A0262CCB3,1979,1979-10-19,New Orleans St. Augustine (LA),New Orleans Jesuit (LA),23,7,http://www.classmates.com/yearbooks/Jesuit-High-School/4182786920?page=80
C5B91CDC-3C7A-4EAF-BAA2-448B6B603604,1979,1979-10-26,Chalmette (LA),New Orleans Jesuit (LA),24,9,http://www.classmates.com/yearbooks/Jesuit-High-School/4182786920?page=80
68190E38-FC5E-4A4E-84F7-ABCA0637E338,1979,1979-10-27,Minden (LA),New Orleans Jesuit (LA),22,7,The Shreveport Journal
32F797C9-5D05-45AB-9710-7DE8E5EF0A84,1979,1979-10-27,New Orleans St. Augustine (LA),New Orleans Jesuit (LA),24,7,The Shreveport Journal
518141B3-EE56-470D-98F2-C8DF9318B2A3,1979,1979-11-09,Marrero Archbishop Shaw (LA),New Orleans Jesuit (LA),7,6,http://www.classmates.com/yearbooks/Archbishop-Shaw-High-School/4182730760?page=80
0AAC0EDF-2C17-42F4-94D4-1C8892AB001E,1979,1979-11-17,Monroe Wossman (LA),New Orleans Jesuit (LA),32,6,The Shreveport Journal
F1180D6E-2E40-4DE7-8B24-B89F9D19806E,1980,1980-09-05,New Orleans Jesuit (LA),Bossier City Airline (LA),13,9,https://www.newspapers.com/image/216270080/
6B9396FA-8BC2-46EF-9FD5-81A552A439A6,1980,1980-09-19,New Orleans Jesuit (LA),Lake Charles (LA),27,6,https://www.newspapers.com/image/216287513
B4EE7C93-C5AD-47AA-9499-C578CB62215F,1980,1980-09-19,New Orleans Jesuit (LA),Shreveport Green Oaks (LA),28,21,https://www.newspapers.com/image/216287513
F136FBE8-9E97-4220-B67E-D3873F75CA8A,1980,1980-09-19,New Orleans Jesuit (LA),Lake Charles (LA),27,26,https://www.newspapers.com/image/216187766
1752BC9F-CFE6-4E58-A0AC-D61EC55D1233,1980,1980-09-26,Metairie Archbishop Rummel (LA),New Orleans Jesuit (LA),14,0,http://www.classmates.com/yearbooks/Archbishop-Rummel-High-School/75709?page=56
E66E0A45-A995-411E-9A9F-B70A9DECB121,1980,1980-09-26,New Orleans Holy Cross (LA),New Orleans Jesuit (LA),24,14,https://www.newspapers.com/image/216288935/
2974A8BD-2965-4876-ABE0-78C793984606,1980,1980-10-03,New Orleans Jesuit (LA),Haughton (LA),6,0,https://www.newspapers.com/image/216575154
51CCFE25-D6D0-4690-9643-AD48DDFC980F,1980,1980-10-10,New Orleans Jesuit (LA),New Orleans De La Salle (LA),34,0,https://www.newspapers.com/image/216363336
2D803BBB-33E1-49C3-88D0-E57908575458,1980,1980-10-17,Ruston (LA),New Orleans Jesuit (LA),35,34,https://www.newspapers.com/image/216575425
828BF65F-ABD2-4C53-8CDC-8C789C4F815C,1980,1980-10-17,New Orleans Brother Martin (LA),New Orleans Jesuit (LA),3,0,https://www.newspapers.com/image/216575425
6B8D6510-B0F8-4E57-8F42-762285306DB1,1980,1980-10-31,Marrero Archbishop Shaw (LA),New Orleans Jesuit (LA),22,6,http://www.classmates.com/yearbooks/Archbishop-Shaw-High-School/4182731852?page=76
E2AEA297-E18E-4679-99F7-F46D3854BB6C,1980,1980-10-31,New Orleans Jesuit (LA),Chalmette (LA),14,9,https://www.newspapers.com/image/216274109
339C2428-C996-43D6-9C73-C67DE25C8404,1981,1981-08-28,New Orleans Jesuit (LA),Metairie Grace King (LA),27,6,http://www.classmates.com/yearbooks/Jesuit-High-School/20614?page=174
EC46521A-718E-4171-8A61-4CDB15BCA51E,1981,1981-09-04,Bossier City Airline (LA),New Orleans Jesuit (LA),14,3,https://www.newspapers.com/image/215137939
21826660-E13F-46F2-93D2-03935E4864C7,1981,1981-09-04,New Orleans Washington (LA),New Orleans Jesuit (LA),6,3,http://www.classmates.com/yearbooks/Jesuit-High-School/20614?page=174
7033B402-BE61-41DE-B72E-997D728BC6A3,1981,1981-09-11,New Orleans Jesuit (LA),Bossier City Bossier (LA),21,14,https://www.newspapers.com/image/215169297/
823C62C3-E3CD-4745-BB8E-7DAF0D348BB6,1981,1981-09-18,New Orleans Jesuit (LA),Houma Terrebonne (LA),21,6,http://www.classmates.com/siteui/yearbooks/101292?page=124
88149968-42E2-4387-9446-304A36C82779,1981,1981-09-18,New Orleans Jesuit (LA),Thibodaux (LA),23,6,https://www.newspapers.com/image/215219024
23FB05C3-CA48-46F0-B20C-6DA5375B840C,1981,1981-09-25,Mansfield (LA),New Orleans Jesuit (LA),21,14,https://www.newspapers.com/image/215245757
C4804A20-74E7-4D68-A0A4-6D4EA05FD592,1981,1981-09-25,New Orleans Jesuit (LA),Metairie Archbishop Rummel (LA),20,17,http://www.classmates.com/yearbooks/Jesuit-High-School/20614?page=174
C4CC987D-1B79-4EA1-A3C1-D697481C7057,1981,1981-10-09,New Orleans Jesuit (LA),New Orleans Holy Cross (LA),42,27,http://www.classmates.com/yearbooks/Jesuit-High-School/20614?page=174
99E6FE55-F7D5-4139-BE2D-545D337970C6,1981,1981-10-09,New Orleans Jesuit (LA),Monroe Richwood (LA),22,0,https://www.newspapers.com/image/216588699
F6E63FF4-3CD0-42A0-927B-D4DD4269943D,1981,1981-10-16,Marrero Archbishop Shaw (LA),New Orleans Jesuit (LA),28,25,https://www.newspapers.com/image/215216434/
5DB2F419-1279-4EA2-BB5A-8339F704D682,1981,1981-10-16,Minden (LA),New Orleans Jesuit (LA),35,15,https://www.newspapers.com/image/215216434/
1CAB1CFD-CD13-40FD-844E-C27A4D19021D,1981,1981-10-23,Monroe Wossman (LA),New Orleans Jesuit (LA),40,6,https://www.newspapers.com/image/215247170
1B0930A8-A2B6-4616-9200-8D907B4DFCE3,1981,1981-10-23,New Orleans Jesuit (LA),New Orleans De La Salle (LA),35,7,http://www.classmates.com/yearbooks/Jesuit-High-School/20614?page=174
E3CD7177-5E40-4A96-A5EE-01923300B031,1981,1981-10-23,New Orleans Jesuit (LA),Chalmette (LA),24,16,https://www.newspapers.com/image/215247170
98A0511E-1DE6-4E81-A9F6-DA5F08A86387,1981,1981-10-30,Haughton (LA),New Orleans Jesuit (LA),23,0,http://www.classmates.com/siteui/yearbooks/166438?page=77
00E30DD2-EDA3-49D7-972D-FA14BC519AD1,1981,1981-10-30,New Orleans Jesuit (LA),DeRidder (LA),34,13,https://www.newspapers.com/image/215954795
FE240E02-718A-4543-9AC4-1E6AEEAF9775,1981,1981-11-06,New Orleans Jesuit (LA),New Orleans St. Augustine (LA),19,0,http://www.classmates.com/yearbooks/Jesuit-High-School/20614?page=174
E75CCA20-3DEE-4F02-A3FF-42F065F03EFC,1981,1981-11-06,New Orleans Jesuit (LA),New Orleans Brother Martin (LA),7,0,https://www.newspapers.com/image/216573618
45BF6210-AF70-4B29-86B8-6E43BD301258,1981,1981-11-06,New Orleans Jesuit (LA),Shreveport Northwood (LA),28,8,https://www.newspapers.com/image/215777674/
DE057FB9-B588-452F-9FE1-2863807D87D0,1981,1981-11-06,New Orleans Jesuit (LA),Vivian North Caddo (LA),27,0,https://www.newspapers.com/image/216573618
4387B02C-10C3-4BB2-A16B-36B3B44B25C4,1981,1981-11-13,New Orleans McDonogh 35 (LA),New Orleans Jesuit (LA),7,3,https://www.newspapers.com/image/215804389
042B2247-FBBC-455F-BA4C-CC943DBBAE0F,1982,1982-09-03,Dallas Kimball (TX),New Orleans Jesuit (LA),28,0,https://www.newspapers.com/image/215956902
B7793F21-1594-4AED-9314-8694ED1CBCFD,1982,1982-09-03,New Orleans Jesuit (LA),Bossier City Airline (LA),6,2,http://www.classmates.com/siteui/yearbooks/4182715545?page=165
3156E117-D280-4F8D-BB22-18AAAFC52F1E,1982,1982-09-10,New Orleans Jesuit (LA),Houma Terrebonne (LA),14,6,https://www.newspapers.com/image/215964971
3B57096E-DA82-4C71-B511-7B61C19236EF,1982,1982-09-17,Thibodaux (LA),New Orleans Jesuit (LA),6,0,https://www.newspapers.com/image/214993206
888A55D4-F3FF-445F-97F6-382842720DE9,1982,1982-10-01,New Orleans Brother Martin (LA),New Orleans Jesuit (LA),21,0,https://www.newspapers.com/image/215957534
A7C13C52-3A63-4795-BAEC-034A5A35555F,1982,1982-10-15,Marrero Archbishop Shaw (LA),New Orleans Jesuit (LA),19,6,http://www.classmates.com/yearbooks/Archbishop-Shaw-High-School/4182730758?page=48
F7A4B2E0-5C57-4962-B33B-86C27CD8E07F,1982,1982-10-22,New Orleans Jesuit (LA),Chalmette (LA),21,7,https://www.newspapers.com/image/216120440
248BFDB8-B512-487B-A753-68B75B8029E4,1982,1982-10-29,New Orleans Jesuit (LA),DeRidder (LA),27,14,https://www.newspapers.com/image/216132831
C6940DA2-BAE0-4C41-BC4A-F4D6D7DF0E58,1982,1982-11-06,New Orleans Holy Cross (LA),New Orleans Jesuit (LA),22,7,http://www.bluejaystigers.com/
D75E4840-E245-44D7-9389-44E40F62C699,1983,1983-09-02,New Orleans Jesuit (LA),Gray Bourgeois (LA),21,10,http://www.classmates.com/yearbooks/Jesuit-High-School/134432?page=146
419DE3D6-586B-4FCF-A6E3-B587C96F1973,1983,1983-09-09,New Orleans Jesuit (LA),New Orleans Brother Martin (LA),19,18,http://www.classmates.com/yearbooks/Jesuit-High-School/134432?page=146
E1734966-B4F2-4D8C-8939-83B173F35AC2,1983,1983-09-09,Houma Terrebonne (LA),New Orleans Jesuit (LA),26,7,https://www.newspapers.com/image/219906410
39725436-8A5E-4A99-8C4C-41AE9A67ABFB,1983,1983-09-16,New Orleans Jesuit (LA),Slidell Salmen (LA),30,6,https://www.newspapers.com/image/219918531/
04622D5F-8EED-4A40-AC88-BCEBEBD4EDD1,1983,1983-09-16,New Orleans De La Salle (LA),New Orleans Jesuit (LA),16,14,http://www.classmates.com/yearbooks/Jesuit-High-School/134432?page=146
2652274D-75DB-44A7-BC96-B404B507EC90,1983,1983-10-07,New Orleans Jesuit (LA),Chalmette (LA),24,0,https://www.newspapers.com/image/219903519
23850B81-EB89-4F8B-AA52-BE4FD7BC08D8,1983,1983-10-14,Marrero Archbishop Shaw (LA),New Orleans Jesuit (LA),28,14,https://www.newspapers.com/image/219905841
C71F0B3A-4867-44BF-A56D-9ADEB0B69A57,1983,1983-10-14,Marrero Archbishop Shaw (LA),New Orleans Jesuit (LA),21,14,https://www.newspapers.com/image/216144758
AF271914-0905-4A2C-895E-43134D43F212,1983,1983-10-28,New Orleans Holy Cross (LA),New Orleans Jesuit (LA),24,14,http://www.classmates.com/yearbooks/Holy-Cross-High-School/190422?page=98
9CE2FA8A-9A97-4563-AC25-666E9E5E2567,1983,1983-11-04,New Orleans Holy Cross (LA),New Orleans Jesuit (LA),27,14,https://www.newspapers.com/image/216154323/
FD92F65F-C1A7-4405-A8AA-8B22E80F1BD3,1984,1984-08-31,New Orleans Jesuit (LA),Jefferson Riverdale (LA),35,0,http://www.classmates.com/yearbooks/Jesuit-High-School/24933?page=176
F7756F69-2ECF-4595-ADB1-F583275C06FF,1984,1984-09-07,New Orleans Jesuit (LA),Gray Bourgeois (LA),21,6,http://www.classmates.com/yearbooks/Jesuit-High-School/24933?page=176
8BE4588D-7CDC-4957-A841-7F8F3A24E650,1984,1984-09-07,New Orleans Jesuit (LA),Houma Terrebonne (LA),17,7,https://www.newspapers.com/image/217399466
AA48F79C-A25B-45CD-8B93-53BF9CAB1020,1984,1984-09-14,New Orleans Jesuit (LA),Slidell Salmen (LA),13,6,https://www.newspapers.com/image/217456713
94A3801F-CB33-4E62-9267-E72D990161A2,1984,1984-09-21,New Orleans Jesuit (LA),Metairie Archbishop Rummel (LA),24,14,https://www.newspapers.com/image/216392588
C04FFCAF-C97B-4B3E-AC00-7B8906407C35,1984,1984-10-05,New Orleans Jesuit (LA),New Orleans De La Salle (LA),29,0,http://www.classmates.com/yearbooks/Jesuit-High-School/24933?page=176
7A82805A-61C8-4E1E-B9E2-C709AA0A2F00,1984,1984-10-12,New Orleans Jesuit (LA),Chalmette (LA),35,14,http://www.classmates.com/yearbooks/Jesuit-High-School/24933?page=176
DBFC9FEC-663D-4770-8308-0EE933E5E618,1984,1984-10-19,New Orleans Jesuit (LA),Marrero Archbishop Shaw (LA),31,9,http://www.classmates.com/yearbooks/Jesuit-High-School/24933?page=176
C4BDDC56-668F-4C18-BEB6-70304DC9FA5E,1984,1984-11-02,New Orleans Jesuit (LA),New Orleans Brother Martin (LA),21,0,http://www.classmates.com/yearbooks/Jesuit-High-School/24933?page=176
000F5C34-D2B0-4E7F-9C6C-DDFEAD61640F,1984,1984-11-09,Harvey West Jefferson (LA),New Orleans Jesuit (LA),33,0,https://cdn3.jesuitnola.org/site/wp-content/uploads/2013/08/Football_Post-Season_Records_20151214.pdf
7B59C896-1FB5-4DF8-96A2-A08FCA2F982A,1984,1984-11-09,Harvey West Jefferson (LA),New Orleans Jesuit (LA),33,10,https://www.newspapers.com/image/216339359
02CF247E-0C87-4C75-B2B4-107E0C600BF0,1984,1984-11-10,New Orleans Holy Cross (LA),New Orleans Jesuit (LA),28,21,http://www.bluejaystigers.com/
624B9F5C-A775-42CA-9D8D-3C26A7E8C80C,1985,1985-08-30,New Orleans Jesuit (LA),Gonzales East Ascension (LA),7,6,http://www.classmates.com/yearbooks/Jesuit-High-School/41577?page=204
5DAC36CB-C587-4FF8-B27C-B19ABBB1DC33,1985,1985-09-06,New Orleans Jesuit (LA),New Orleans F.T. Nicholls (LA),40,0,http://www.classmates.com/yearbooks/Jesuit-High-School/41577?page=204
AA8EA1EF-E393-4EA2-9B42-D7297009FE1B,1985,1985-09-13,New Orleans Jesuit (LA),Galliano South Lafourche (LA),27,23,http://www.classmates.com/yearbooks/Jesuit-High-School/41577?page=204
771743B1-EACE-41DD-B46A-96AFBAC5B67F,1985,1985-09-20,Houma Terrebonne (LA),New Orleans Jesuit (LA),14,7,http://www.classmates.com/yearbooks/Jesuit-High-School/41577?page=204
46D64ACA-2BF8-485E-98F8-967AF1ECEC4D,1985,1985-09-27,Metairie Archbishop Rummel (LA),New Orleans Jesuit (LA),14,13,http://www.classmates.com/yearbooks/Jesuit-High-School/41577?page=204
AA5E0E7B-9FB7-4A85-8CEC-9ED799D0A962,1985,1985-10-04,New Orleans Brother Martin (LA),New Orleans Jesuit (LA),34,14,https://www.newspapers.com/image/216641941/
0687DECD-897F-4804-A3DA-A357075DF40D,1985,1985-10-11,New Orleans Jesuit (LA),Chalmette (LA),26,15,http://www.classmates.com/yearbooks/Jesuit-High-School/41577?page=204
0F0E4225-5592-4D1F-A370-F7330A011A5E,1985,1985-10-11,New Orleans Jesuit (LA),Chalmette (LA),40,8,https://www.newspapers.com/image/217731074/
E09F3842-B04E-487B-8264-8ED2472374E5,1985,1985-10-18,New Orleans Jesuit (LA),New Orleans St. Augustine (LA),14,7,https://www.newspapers.com/image/216545100
96C90EF2-C516-4190-AEB4-28BCB57E73C3,1985,1985-10-25,New Orleans Jesuit (LA),New Orleans De La Salle (LA),21,13,https://www.newspapers.com/image/218188145/
6C88585B-F851-4CC9-B4E0-461FF769066E,1985,1985-11-01,Marrero Archbishop Shaw (LA),New Orleans Jesuit (LA),21,14,https://www.newspapers.com/image/218094042/
85A19347-40B1-4F2B-82FC-F26746414079,1985,1985-11-09,New Orleans Holy Cross (LA),New Orleans Jesuit (LA),21,14,http://www.bluejaystigers.com/
2463639F-DBA5-47D4-909A-A062D3A006BF,1986,1986-09-12,Galliano South Lafourche (LA),New Orleans Jesuit (LA),15,6,https://www.newspapers.com/image/217991247
7678AAFC-BC2A-4847-9789-B22E4340C4BA,1986,1986-09-19,New Orleans Jesuit (LA),Houma Terrebonne (LA),28,6,https://www.newspapers.com/image/217153041
D98E1308-FB02-48A7-9C8F-5CD947F0893B,1986,1986-10-03,New Orleans Jesuit (LA),New Orleans Brother Martin (LA),22,19,https://www.newspapers.com/image/217060372
539D7E72-4803-41D9-84C1-562597B044A3,1986,1986-10-31,New Orleans Jesuit (LA),New Orleans De La Salle (LA),21,0,https://www.classmates.com/siteui/yearbooks/19011?page=95
31B3F0C7-7CA5-4BF1-9AF0-E00A2149EAC8,1986,1986-11-07,Marrero Archbishop Shaw (LA),New Orleans Jesuit (LA),33,0,https://www.classmates.com/siteui/yearbooks/4182803743?page=152
AA2CC1E0-8155-4B7D-AF93-64B63B99A8AF,1986,1986-11-07,Baton Rouge Belaire (LA),New Orleans Jesuit (LA),13,2,https://cdn3.jesuitnola.org/site/wp-content/uploads/2013/08/Football_Post-Season_Records_20151214.pdf
6343057B-4D74-4C69-B7AF-96DE60321E17,1986,1986-11-08,New Orleans Holy Cross (LA),New Orleans Jesuit (LA),20,10,http://www.bluejaystigers.com/
DCAF7CA9-DFDC-425B-A648-2A4C3E8D8E3C,1986,1986-11-14,Baton Rouge Belaire (LA),New Orleans Jesuit (LA),13,12,https://www.newspapers.com/image/216863253
F2F8F93F-142C-4DA6-9368-D8A48FA4D287,1987,1987-08-28,Gonzales East Ascension (LA),New Orleans Jesuit (LA),0,0,http://www.classmates.com/yearbooks/Jesuit-High-School/129766?page=42
9E7877A1-FC6A-467C-92CF-D98ACFB5C6DE,1987,1987-09-04,New Orleans Jesuit (LA),Hammond (LA),45,7,https://www.newspapers.com/image/216424330
4362B903-A9D4-4868-A6A2-3CFE8FDE1225,1987,1987-09-11,New Orleans Jesuit (LA),New Orleans F.T. Nicholls (LA),21,20,https://www.newspapers.com/image/216425776/
E5FCC610-59A2-4B33-9F35-0287C33D0D35,1987,1987-09-18,New Orleans Jesuit (LA),New Orleans J.S. Clark (LA),21,20,https://www.newspapers.com/image/216542103
5A144BDA-81C2-4375-AC83-AE712C8EAF64,1987,1987-09-25,New Orleans Jesuit (LA),New Orleans Brother Martin (LA),39,7,https://www.newspapers.com/image/216553873/
5DA58B6A-0B4A-4D25-945D-9532FBCE41FF,1987,1987-09-25,New Orleans St. Augustine (LA),New Orleans Jesuit (LA),35,30,http://www.classmates.com/yearbooks/Jesuit-High-School/129766?page=42
7F662543-4578-4402-BEAD-59CD56BBFE62,1987,1987-10-09,New Orleans Jesuit (LA),Metairie Archbishop Rummel (LA),31,0,http://www.classmates.com/yearbooks/Archbishop-Rummel-High-School/26402?page=118
6EEDFB51-7444-4F4F-8DD1-09CDACFD752D,1987,1987-10-09,New Orleans Jesuit (LA),New Orleans De La Salle (LA),29,9,http://www.classmates.com/yearbooks/Jesuit-High-School/129766?page=42
0592A051-5728-4967-97AD-91DF78548A22,1987,1987-10-23,New Orleans Jesuit (LA),New Orleans Holy Cross (LA),46,20,http://www.classmates.com/yearbooks/Jesuit-High-School/129766?page=42
0CCD530E-E2C4-4DE1-9FE9-648A3D4A8474,1987,1987-10-23,Marrero Archbishop Shaw (LA),New Orleans Jesuit (LA),21,0,http://www.classmates.com/yearbooks/Archbishop-Shaw-High-School/137406?page=130
8FF7F058-86BF-4ED3-80E7-036689774FF9,1987,1987-11-06,Harvey West Jefferson (LA),New Orleans Jesuit (LA),25,0,https://cdn3.jesuitnola.org/site/wp-content/uploads/2013/08/Football_Post-Season_Records_20151214.pdf
2E4EDCFD-4165-43F7-AA9F-A4AE7C8822E3,1987,1987-11-06,New Orleans Jesuit (LA),Chalmette (LA),30,6,https://www.newspapers.com/image/211023807/
453D80AF-A168-460D-94DB-A715A6DD75EF,1987,1987-11-07,New Orleans Jesuit (LA),New Orleans Holy Cross (LA),48,22,http://www.bluejaystigers.com/
B1DDF315-E5F8-4479-AD87-77A004B93377,1987,1987-11-13,Harvey West Jefferson (LA),New Orleans Jesuit (LA),25,20,https://www.newspapers.com/image/216672623
3B5987F5-478B-4D57-A0F8-B5FF0D76B887,1988,1988-09-02,New Orleans Jesuit (LA),Hammond (LA),28,0,https://www.newspapers.com/image/216730748/
78D6755B-3AAB-419B-8BEB-C71E1C8C465E,1988,1988-09-16,New Orleans Jesuit (LA),New Orleans J.S. Clark (LA),41,0,https://www.newspapers.com/image/216296084
841A5066-040B-4503-A5F0-F4DB2333A6BA,1988,1988-09-23,New Orleans Brother Martin (LA),New Orleans Jesuit (LA),24,17,https://www.newspapers.com/image/217197028
52414828-1520-46C0-AD24-D79229A68C84,1988,1988-10-07,New Orleans Jesuit (LA),Metairie Archbishop Rummel (LA),37,34,http://www.classmates.com/yearbooks/Archbishop-Rummel-High-School/27320?page=62
644341B9-1585-4959-BB1B-9F29CC5ED094,1988,1988-10-07,New Orleans Jesuit (LA),Metairie Archbishop Rummel (LA),37,24,https://www.newspapers.com/image/216914783
8425C371-05D2-4FB0-A161-A2476171250D,1988,1988-10-28,New Orleans Jesuit (LA),New Orleans Holy Cross (LA),35,28,https://www.newspapers.com/image/217341368
0136CBAE-B3E1-4950-AD7A-42458B59D493,1989,1989-09-01,New Orleans Jesuit (LA),Covington (LA),7,3,http://www.classmates.com/yearbooks/Jesuit-High-School/1000240437?page=22
985B9545-6126-48D1-8DBC-2211DDB035A5,1989,1989-09-08,Mandeville (LA),New Orleans Jesuit (LA),32,6,https://www.newspapers.com/image/216967946/
C00A44B9-068A-4368-B535-00B14E08C6F0,1989,1989-09-08,New Orleans McDonogh (LA),New Orleans Jesuit (LA),23,0,http://www.classmates.com/yearbooks/Jesuit-High-School/1000240437?page=22
910C9A62-DB94-4044-B6E8-4EE10437AE37,1989,1989-09-15,Baker (LA),New Orleans Jesuit (LA),7,0,https://www.newspapers.com/image/216971960/
00467BD0-0636-467A-A4AB-CC32536B112E,1989,1989-09-29,New Orleans Jesuit (LA),New Orleans Holy Cross (LA),14,7,http://www.classmates.com/yearbooks/Jesuit-High-School/1000240437?page=22
DBD79651-5F56-41F3-894B-3182D2D2616B,1989,1989-09-29,New Orleans Jesuit (LA),New Orleans De La Salle (LA),40,14,https://www.newspapers.com/image/216996663/
9CB5716A-89DB-4B8A-9DA1-FBAF788EA049,1989,1989-10-13,New Orleans Jesuit (LA),New Orleans Brother Martin (LA),35,9,http://www.classmates.com/yearbooks/Jesuit-High-School/1000240437?page=22
E2A684FA-A70F-46BD-B5DD-0D0404B1EDE8,1989,1989-10-20,New Orleans Jesuit (LA),New Orleans J.S. Clark (LA),14,0,https://www.newspapers.com/image/213949971
B835FF06-C9B0-4715-9B0D-CD89167896A9,1989,1989-10-20,New Orleans Jesuit (LA),New Orleans St. Augustine (LA),34,11,http://www.classmates.com/yearbooks/Jesuit-High-School/1000240437?page=22
F49E1343-77DA-4061-B330-1763E8664B70,1989,1989-11-03,New Orleans Jesuit (LA),Metairie Archbishop Rummel (LA),38,7,http://www.classmates.com/yearbooks/Jesuit-High-School/1000240437?page=22
B6C37F37-1FEB-47C1-A5AD-29828A7769CF,1989,1989-11-10,New Orleans Jesuit (LA),Marrero Archbishop Shaw (LA),36,0,http://www.classmates.com/yearbooks/Jesuit-High-School/1000240437?page=22
E6304886-862E-4BDE-9214-1C42CAA7473B,1990,1990-09-07,New Orleans Jesuit (LA),Mandeville (LA),24,14,https://www.newspapers.com/image/216879036/
8B52D750-CFEC-4CCD-97AA-893263545A85,1990,1990-09-14,New Orleans Jesuit (LA),Baker (LA),43,18,https://www.newspapers.com/image/217327942
5CCF3FBD-02A0-4A44-85B7-C87FE964351C,1990,1990-10-05,New Orleans Jesuit (LA),New Orleans Brother Martin (LA),21,17,https://www.newspapers.com/image/217184456
FED09637-7208-415D-83D9-518ADACE7142,1990,1990-10-12,New Orleans Jesuit (LA),New Orleans De La Salle (LA),19,7,https://www.classmates.com/siteui/yearbooks/237869?page=134
4A1FF115-097F-4303-BF85-DA7C44447185,1990,1990-11-02,Marrero Archbishop Shaw (LA),New Orleans Jesuit (LA),62,14,https://www.newspapers.com/image/217161621
7A8FC8DD-43D9-40DC-82FF-AD7C463CF747,1990,1990-11-09,New Orleans Jesuit (LA),Covington (LA),21,6,https://cdn3.jesuitnola.org/site/wp-content/uploads/2013/08/Football_Post-Season_Records_20151214.pdf
E83BF0AA-361D-42C5-9A70-36909A5AC9FB,1990,1990-11-10,New Orleans Jesuit (LA),New Orleans Holy Cross (LA),42,0,http://www.bluejaystigers.com/
0B08A135-10C2-4C40-BF28-F4106A34AABB,1990,1990-11-16,New Orleans Jesuit (LA),Monroe Neville (LA),13,12,https://www.newspapers.com/image/216911418
DF0EB354-C957-46EB-8CE2-0DBA23841E32,1990,1990-11-16,Monroe Neville (LA),New Orleans Jesuit (LA),12,3,https://cdn3.jesuitnola.org/site/wp-content/uploads/2013/08/Football_Post-Season_Records_20151214.pdf
3CE28D84-3253-4BA9-9049-B20E9DB00AFB,1990,1990-11-23,New Orleans Landry-Walker (LA),New Orleans Jesuit (LA),26,2,https://cdn3.jesuitnola.org/site/wp-content/uploads/2013/08/Football_Post-Season_Records_20151214.pdf
08779382-C475-490B-85D2-E5E3F03509F5,1990,1990-11-23,New Orleans Jesuit (LA),New Orleans Landry-Walker (LA),32,26,https://www.newspapers.com/image/217317646
AB1CBCCB-E6C5-4B3E-ADF2-5884800422C7,1990,1990-11-30,Baton Rouge Catholic (LA),New Orleans Jesuit (LA),24,7,https://www.newspapers.com/image/218097955
E55B5FC1-6CE2-4A06-9AEF-CAA5A182AE1B,1991,1991-09-13,New Orleans Jesuit (LA),Covington (LA),23,14,https://www.newspapers.com/image/217492766
8BCAD8C3-F15D-4D2D-9122-1A9D8EA5B939,1991,1991-09-20,Baton Rouge Catholic (LA),New Orleans Jesuit (LA),28,21,https://www.newspapers.com/image/217471009
9B784B68-1882-44F3-92A4-620E0F99923E,1991,1991-11-08,Marrero Archbishop Shaw (LA),New Orleans Jesuit (LA),35,28,https://www.newspapers.com/image/217493585
4D439303-1100-4477-8194-833C2B04E4F0,1991,1991-11-09,New Orleans Jesuit (LA),New Orleans Holy Cross (LA),35,6,http://www.bluejaystigers.com/
38316AA6-4A89-419D-85FF-1BF7D8100134,1992,1992-09-11,Covington (LA),New Orleans Jesuit (LA),21,7,https://www.newspapers.com/image/220457637
D35D8610-6A0F-4C17-84BE-ADB2ADC229BD,1992,1992-09-18,New Orleans Jesuit (LA),Baton Rouge Catholic (LA),18,14,https://www.newspapers.com/image/219601945/
CB0510EF-573C-4C13-99CF-0AAB35BEE304,1992,1992-10-23,New Orleans Jesuit (LA),Metairie Archbishop Rummel (LA),26,0,https://www.newspapers.com/image/220421427
A66B3BAE-D026-43EB-A148-F77D23BC170C,1992,1992-11-06,New Orleans Jesuit (LA),New Orleans Easton (LA),35,6,https://cdn3.jesuitnola.org/site/wp-content/uploads/2013/08/Football_Post-Season_Records_20151214.pdf
46F668D4-D3FC-4BDE-A3D6-147FB0E4E32B,1992,1992-11-06,New Orleans Jesuit (LA),New Orleans Brother Martin (LA),3,0,https://www.newspapers.com/image/218008401
B91B8F5B-43D6-4B81-B79F-4597B8459154,1992,1992-11-07,New Orleans Jesuit (LA),New Orleans Holy Cross (LA),45,0,http://www.bluejaystigers.com/
2548D1BC-BE38-46B0-8E05-EFBBEDBE92FA,1992,1992-11-13,Ruston (LA),New Orleans Jesuit (LA),34,7,https://cdn3.jesuitnola.org/site/wp-content/uploads/2013/08/Football_Post-Season_Records_20151214.pdf
4194D916-3DA6-4D4A-BF5B-ED8E0E73926B,1992,1992-11-20,Ruston (LA),New Orleans Jesuit (LA),34,27,https://www.newspapers.com/image/218009395
E95682A5-D609-47D5-968F-A14A5506723C,1993,1993-09-03,Marrero John Ehret (LA),New Orleans Jesuit (LA),33,23,https://www.newspapers.com/image/217801171
5C19EFFF-AC83-4204-BEAE-4D970C18D95A,1993,1993-09-10,New Orleans Jesuit (LA),New Orleans Landry-Walker (LA),49,6,https://www.newspapers.com/image/217802529
647EC32B-85BD-4402-9732-F0DC8C1535B2,1993,1993-09-17,Baton Rouge Catholic (LA),New Orleans Jesuit (LA),17,12,https://www.newspapers.com/image/217795372
7630D94C-0D91-41D8-882E-8F2841106C76,1993,1993-10-01,Marrero Archbishop Shaw (LA),New Orleans Jesuit (LA),32,0,https://www.newspapers.com/image/217789324
01B0FCEA-97F4-4DD5-ACF1-D53098065B5B,1993,1993-11-05,New Orleans Fortier (LA),New Orleans Jesuit (LA),12,8,https://cdn3.jesuitnola.org/site/wp-content/uploads/2013/08/Football_Post-Season_Records_20151214.pdf
FCC5085F-B5DC-4B22-AB34-BE7900BDE917,1993,1993-11-06,New Orleans Jesuit (LA),New Orleans Holy Cross (LA),31,0,http://www.bluejaystigers.com/
710D8C24-054B-4B19-8F9C-A1C60A5ABB13,1993,1993-11-12,New Orleans St. Augustine (LA),New Orleans Jesuit (LA),18,6,https://cdn3.jesuitnola.org/site/wp-content/uploads/2013/08/Football_Post-Season_Records_20151214.pdf
57494903-13EF-4E1C-841B-586FC145893F,1994,1994-09-02,New Orleans Jesuit (LA),Mandeville (LA),21,0,http://www.classmates.com/yearbooks/Jesuit-High-School/204311?page=10
59F6173B-96E7-4E36-BA4E-2AF2F93FF000,1994,1994-09-09,New Orleans Jesuit (LA),Marrero John Ehret (LA),13,6,http://www.classmates.com/yearbooks/Jesuit-High-School/204311?page=10
E99089F7-5F90-45A2-844A-2E6AC2FC168A,1994,1994-09-16,New Orleans Jesuit (LA),New Orleans Landry-Walker (LA),39,6,http://www.classmates.com/yearbooks/Jesuit-High-School/204311?page=10
436AAD6E-4CF8-4C77-A683-AA3BC9C27D40,1994,1994-09-23,Baton Rouge Catholic (LA),New Orleans Jesuit (LA),17,14,http://www.classmates.com/yearbooks/Jesuit-High-School/204311?page=10
5219DBA3-5275-4D7C-BA0F-9E4A5A46DFA8,1994,1994-09-30,New Orleans Jesuit (LA),New Orleans St. Augustine (LA),21,12,http://www.classmates.com/yearbooks/Jesuit-High-School/204311?page=10
2054F55B-F7EE-4B6F-94BB-017307B9E88C,1994,1994-10-07,Marrero Archbishop Shaw (LA),New Orleans Jesuit (LA),21,6,http://www.classmates.com/yearbooks/Jesuit-High-School/204311?page=10
44284EA6-6FD0-48CF-9B81-5FDA1838781F,1994,1994-10-14,New Orleans Jesuit (LA),Slidell (LA),37,0,http://www.classmates.com/yearbooks/Jesuit-High-School/204311?page=10
357688B1-6084-4222-B948-79340D0460EC,1994,1994-10-21,New Orleans Jesuit (LA),New Orleans De La Salle (LA),31,16,http://www.classmates.com/yearbooks/Jesuit-High-School/204311?page=10
5F084D18-781C-438F-AD39-C6AE19FFE3F1,1994,1994-10-28,New Orleans Jesuit (LA),New Orleans Holy Cross (LA),35,21,http://www.classmates.com/yearbooks/Jesuit-High-School/204311?page=10
1496C105-9DCB-47D9-8659-60AE6F71E7A8,1994,1994-11-04,New Orleans Brother Martin (LA),New Orleans Jesuit (LA),18,9,http://www.classmates.com/yearbooks/Jesuit-High-School/204311?page=10
EB6B24B1-582D-46F0-BD5B-5FEC89D0A92B,1994,1994-11-11,New Orleans Jesuit (LA),Metairie Archbishop Rummel (LA),48,7,http://www.classmates.com/yearbooks/Jesuit-High-School/204311?page=10
4384064E-8226-4FCF-A7EE-EB80C0EA961E,1994,1994-11-11,Harvey West Jefferson (LA),New Orleans Jesuit (LA),22,9,https://cdn3.jesuitnola.org/site/wp-content/uploads/2013/08/Football_Post-Season_Records_20151214.pdf
F1C1FC49-6DAE-42A5-AD62-010CAE7777E1,1994,1994-11-18,New Orleans Jesuit (LA),Harvey West Jefferson (LA),29,22,http://www.classmates.com/yearbooks/Jesuit-High-School/204311?page=10
F45066F1-BAA3-42C2-970C-5059752CC480,1994,1994-11-18,New Orleans St. Augustine (LA),New Orleans Jesuit (LA),21,4,https://cdn3.jesuitnola.org/site/wp-content/uploads/2013/08/Football_Post-Season_Records_20151214.pdf
F94FCFFA-AB16-403A-A740-35877D8B4E06,1994,1994-11-25,New Orleans Jesuit (LA),New Orleans St. Augustine (LA),24,21,http://www.classmates.com/yearbooks/Jesuit-High-School/204311?page=10
4573B6E1-8EEE-4727-9AF6-950FC04BDDD0,1994,1994-12-02,New Orleans Jesuit (LA),Marrero John Ehret (LA),44,0,http://www.classmates.com/yearbooks/Jesuit-High-School/204311?page=10
B2738ABE-920F-41E9-A03C-477AE14C185B,1994,1994-12-02,Monroe Ouachita Parish (LA),New Orleans Jesuit (LA),42,0,https://www.newspapers.com/image/218065595
992D3D04-BD21-4731-AA65-D0BE2671A350,1995,1995-09-07,New Orleans Fortier (LA),New Orleans Jesuit (LA),16,3,https://www.newspapers.com/image/218614571/
4185C459-609F-45D5-9590-12D952F39826,1995,1995-09-15,Baton Rouge Catholic (LA),New Orleans Jesuit (LA),23,8,https://www.newspapers.com/image/218620196/
5F925D03-2935-4D1D-9054-65155470247B,1995,1995-09-22,New Orleans Jesuit (LA),Bastrop (LA),40,12,https://www.newspapers.com/image/218625222
FFD177EF-50D6-477C-B5AD-1E24F4CEF2FB,1995,1995-10-20,Marrero Archbishop Shaw (LA),New Orleans Jesuit (LA),42,7,http://www.classmates.com/yearbooks/Archbishop-Shaw-High-School/4182754619?page=134
F51EBBB6-E259-4B54-ABE2-6BA5EEDE7E40,1995,1995-11-11,New Orleans Holy Cross (LA),New Orleans Jesuit (LA),18,11,http://www.bluejaystigers.com/
5377E81E-0E5E-4772-BB9C-42C6750AB7FE,1996,1996-08-30,Marrero John Ehret (LA),New Orleans Jesuit (LA),32,7,http://www.classmates.com/yearbooks/Jesuit-High-School/4182782632?page=134
90F6C3C1-15ED-49F1-BF09-B941FE08CDDA,1996,1996-09-13,New Orleans Jesuit (LA),New Orleans Fortier (LA),35,0,https://www.newspapers.com/image/217247046
84CF7C2E-4D64-4555-BC10-0311EC9A4DD0,1996,1996-09-20,Baton Rouge Catholic (LA),New Orleans Jesuit (LA),28,7,https://www.newspapers.com/image/218428038/
1A85BDCA-FFD2-421F-8169-9CB8272B0551,1996,1996-09-20,New Orleans Jesuit (LA),Bastrop (LA),50,0,http://www.classmates.com/yearbooks/Jesuit-High-School/4182782632?page=134
26E0C77F-8ACB-4C09-9BAE-ECB21FE56485,1996,1996-09-27,New Orleans Jesuit (LA),New Orleans Brother Martin (LA),24,0,http://www.classmates.com/yearbooks/Jesuit-High-School/4182782632?page=134
7D118EE4-19F9-4E1A-A428-93C40E78464A,1996,1996-10-04,New Orleans Jesuit (LA),New Orleans Holy Cross (LA),42,0,http://www.classmates.com/yearbooks/Jesuit-High-School/4182782632?page=134
A72EB9A7-69F2-4B33-AF4E-E6973D19CF1A,1996,1996-10-11,New Orleans Jesuit (LA),New Orleans St. Augustine (LA),27,14,http://www.classmates.com/yearbooks/Jesuit-High-School/4182782632?page=134
DC2F07B6-42AD-46D7-B120-762D4169103D,1996,1996-10-18,New Orleans Jesuit (LA),Metairie Archbishop Rummel (LA),7,6,http://www.classmates.com/yearbooks/Jesuit-High-School/4182782632?page=134
642D2856-D362-4BF1-91F6-C5BA21F50A77,1996,1996-10-25,Marrero Archbishop Shaw (LA),New Orleans Jesuit (LA),31,8,http://www.classmates.com/yearbooks/Jesuit-High-School/4182782632?page=134
4E5ED4AB-37F4-4C8D-A0C7-79D6147D9CF4,1996,1996-11-01,New Orleans Jesuit (LA),New Orleans De La Salle (LA),24,21,http://www.classmates.com/yearbooks/Jesuit-High-School/4182782632?page=134
C4877A06-D0F9-44D1-9E57-48D99FCEC6FE,1996,1996-11-08,New Orleans Jesuit (LA),New Orleans Reed (LA),24,7,http://www.classmates.com/yearbooks/Jesuit-High-School/4182782632?page=134
67DD14A5-2091-4C6D-AA85-5F66763562C7,1996,1996-11-22,New Orleans Jesuit (LA),Slidell (LA),17,6,https://www.newspapers.com/image/217444553
D5DA02AD-2D2F-4140-9BBD-B01F8C275491,1996,1996-11-22,Raceland Central Lafourche (LA),New Orleans Jesuit (LA),0,0,https://cdn3.jesuitnola.org/site/wp-content/uploads/2013/08/Football_Post-Season_Records_20151214.pdf
95E2A720-1853-4DFD-81FE-1C44EE523609,1996,1996-11-29,Lafayette Carencro (LA),New Orleans Jesuit (LA),24,4,https://cdn3.jesuitnola.org/site/wp-content/uploads/2013/08/Football_Post-Season_Records_20151214.pdf
211ED7B2-0F4B-491E-B52A-08DC2385769D,1996,1996-11-29,New Orleans Jesuit (LA),Raceland Central Lafourche (LA),30,0,https://www.newspapers.com/image/218449845
5025E3F2-F449-4DFE-8556-FFC2CE4CA89F,1996,1996-12-06,Lafayette Carencro (LA),New Orleans Jesuit (LA),24,14,https://www.newspapers.com/image/217068331
1723F816-D00D-4C7E-B1D0-D82FAB3063AF,1997,1997-09-05,New Orleans Jesuit (LA),Destrehan (LA),30,22,https://www.newspapers.com/image/218504248
D648CF36-E9C1-42ED-89AE-844A707D36AA,1997,1997-09-12,New Orleans Jesuit (LA),New Orleans Reed (LA),19,0,https://www.newspapers.com/image/218540761/
79B828F6-FF35-4B41-AE14-5DBC8048B877,1997,1997-11-08,New Orleans Jesuit (LA),New Orleans Holy Cross (LA),42,0,http://www.bluejaystigers.com/
8C431059-ED8F-473E-AACD-B0D0A6DFDAFE,1997,1997-11-14,New Orleans Jesuit (LA),Ponchatoula (LA),20,17,https://www.newspapers.com/image/218554011/
FBD460F5-17F3-4B30-A304-3FE1344A6D2F,1997,1997-11-14,New Orleans Jesuit (LA),Reserve East St. John (LA),27,13,https://cdn3.jesuitnola.org/site/wp-content/uploads/2013/08/Football_Post-Season_Records_20151214.pdf
8230AAF6-EAD5-44E6-AB78-551AB6944A04,1997,1997-11-21,New Orleans Jesuit (LA),Reserve East St. John (LA),47,13,https://www.newspapers.com/image/218486350/
0C55C492-3E95-43B9-8FC8-80B7B167AF67,1997,1997-11-28,New Orleans Jesuit (LA),Covington (LA),24,0,https://www.newspapers.com/image/218537557/
8A288839-BB1C-4EE9-B9BA-65A18DF17101,1997,1997-12-05,West Monroe (LA),New Orleans Jesuit (LA),35,7,https://www.newspapers.com/image/218514444/
E1A0EBC7-DCBF-4DC0-82CA-5D2A9AE4D508,1998,1998-09-04,Destrehan (LA),New Orleans Jesuit (LA),21,17,https://www.newspapers.com/image/213023293
850C5A2A-55D3-4CB5-98B3-684A08ECAA70,1998,1998-10-30,New Orleans Jesuit (LA),New Orleans De La Salle (LA),31,11,https://www.newspapers.com/image/212857434
9C7A3EC8-4973-425D-9343-C39FD334BA70,1998,1998-11-07,New Orleans Holy Cross (LA),New Orleans Jesuit (LA),20,17,http://www.bluejaystigers.com/
2AA333D4-6F70-48DE-B416-F7229A7B02DF,1998,1998-11-13,New Orleans Jesuit (LA),Slidell Salmen (LA),27,19,https://www.newspapers.com/image/212938628
B93C1E5F-518C-45B5-8BF7-829DDE351C6E,1998,1998-11-20,New Orleans Jesuit (LA),New Orleans Reed (LA),21,6,https://www.newspapers.com/image/212875528
C0CFAD0D-CB34-49D7-A5DE-6ECCBBD1C7F3,1998,1998-11-27,New Orleans Jesuit (LA),Destrehan (LA),13,0,https://www.newspapers.com/image/212881568/
8BEB9173-F78C-4AA4-942D-7B2268A0A383,1998,1998-12-04,Ruston (LA),New Orleans Jesuit (LA),6,3,https://www.newspapers.com/image/212899202/
046850F0-D28A-4715-A669-C50F6E12C389,1999,1999-09-17,Picayune (MS),New Orleans Jesuit (LA),28,27,http://www.ahsfhs.org/mississippi/
939A525D-D25A-4BD3-A2D2-48C57948CE38,1999,1999-09-17,Picayune (MS),New Orleans Jesuit (LA),28,7,https://www.newspapers.com/image/213296497
F68EE762-5686-4EAB-BEE9-BBD8C363BB7C,1999,1999-10-22,New Orleans De La Salle (LA),New Orleans Jesuit (LA),31,28,https://www.newspapers.com/image/219667904/
9D96C482-FCFE-48ED-AC2C-638932BFFAAC,1999,1999-11-06,New Orleans Jesuit (LA),New Orleans Holy Cross (LA),31,21,http://www.bluejaystigers.com/
9957E3C0-BBEE-41D8-9F1F-3C1FACE743B0,2000,2000-09-01,New Orleans Jesuit (LA),Baton Rouge Catholic (LA),10,0,https://www.newspapers.com/image/220121876
F193E470-5DE6-4DA5-9169-E317AB5F2C7B,2000,2000-09-09,New Orleans Jesuit (LA),Marksville (LA),40,10,https://www.newspapers.com/image/360071395
03DFF44D-01D6-48DB-B795-D55E51F2D4A1,2000,2000-09-16,Picayune (MS),New Orleans Jesuit (LA),22,13,https://www.newspapers.com/image/360076708
9A0E5DD2-B61B-4364-9517-298D54EA7942,2000,2000-10-20,New Orleans Jesuit (LA),New Orleans De La Salle (LA),20,14,https://www.newspapers.com/image/220906638/?terms=Ehret%2Bhigh%2Bschool%2Bfootball
DE4D2933-0B22-4DE3-8D05-545440AA5DE1,2000,2000-10-27,New Orleans Jesuit (LA),Dallas Jesuit (TX),14,13,http://www.classmates.com/siteui/yearbooks/203037?page=135
423A6E38-DC5C-4FB4-8042-EF63F837EC1A,2000,2000-11-04,New Orleans Holy Cross (LA),New Orleans Jesuit (LA),48,45,http://www.bluejaystigers.com/
F277741A-DC6F-421F-A1CD-CF9AAA81018C,2000,2000-11-10,Mandeville (LA),New Orleans Jesuit (LA),21,14,https://www.newspapers.com/image/360339447
BC014147-754E-4A24-8AF9-4E6EF4347DCD,2001,2001-08-31,Slidell Salmen (LA),New Orleans Jesuit (LA),27,14,https://www.newspapers.com/image/360071914
11487397-3AC6-4758-B821-9EEE46990ED8,2001,2001-09-07,Gulfport (MS),New Orleans Jesuit (LA),10,17,http://www.ahsfhs.org/mississippi/
8D9E1084-2562-4100-BF02-DBB92A2A2BE0,2001,2001-11-09,New Orleans Jesuit (LA),Destrehan (LA),38,21,https://cdn3.jesuitnola.org/site/wp-content/uploads/2013/08/Football_Post-Season_Records_20151214.pdf
CD8AFD90-D559-4FE8-92A7-D71F71D39368,2001,2001-11-10,New Orleans Jesuit (LA),New Orleans Holy Cross (LA),21,13,http://www.bluejaystigers.com/
C62ACBD2-176A-4300-9F02-936F1D455146,2001,2001-11-16,Boutte Hahnville (LA),New Orleans Jesuit (LA),33,23,https://www.newspapers.com/image/360273943
B8D71519-6617-4D06-90F5-9DB1DE9264A0,2002,2002-09-06,Slidell Salmen (LA),New Orleans Jesuit (LA),23,6,https://www.newspapers.com/image/360214591
B1792189-7E1C-471D-A6CB-79374149C2B7,2002,2002-09-20,Baton Rouge Catholic (LA),New Orleans Jesuit (LA),30,16,https://www.newspapers.com/image/360223741
3AA779D0-1ABC-40DD-A99C-402D1ABFFD0D,2002,2002-11-09,New Orleans Holy Cross (LA),New Orleans Jesuit (LA),24,21,http://www.bluejaystigers.com/
346CF69B-BF5D-4603-890D-5176DD3D65B6,2002,2002-11-15,Shreveport Byrd (LA),New Orleans Jesuit (LA),27,7,https://www.newspapers.com/image/360324246
8D1FE806-65A1-40AC-970D-AF75BFBB7228,2003,2003-09-19,Baton Rouge Catholic (LA),New Orleans Jesuit (LA),28,21,https://www.newspapers.com/image/360253133/
851F601A-9803-486C-A85B-1F3F89000D60,2003,2003-10-24,New Orleans Jesuit (LA),New Orleans Brother Martin (LA),49,13,https://www.newspapers.com/image/360195933/
755D477F-52CB-4263-BAFB-5D4CBEA140B1,2003,2003-10-31,Metairie Archbishop Rummel (LA),New Orleans Jesuit (LA),38,27,https://www.newspapers.com/image/360210082/
82F9465B-D81F-4B05-9465-D1765DA588DE,2003,2003-11-08,New Orleans Jesuit (LA),New Orleans Holy Cross (LA),64,28,http://www.bluejaystigers.com/
43E897A3-3B32-4AC7-99EC-F1DA27421A28,2003,2003-11-14,New Orleans Jesuit (LA),St. Amant (LA),56,31,https://www.newspapers.com/image/360219011
65EF7C0F-A6C2-4E73-B02D-CCB73C1C9DC3,2003,2003-11-21,New Orleans Jesuit (LA),Reserve East St. John (LA),48,40,https://www.newspapers.com/image/360224491
0221E58A-F162-4F72-A456-DB8A2AA22388,2003,2003-11-28,Lafayette Carencro (LA),New Orleans Jesuit (LA),56,41,https://www.newspapers.com/image/360230845
04543014-0E48-4B2A-9828-80F794255D6A,2003,2003-11-28,Lafayette Carencro (LA),New Orleans Jesuit (LA),55,41,https://sites.google.com/a/lpssonline.com/crobear-football/seasons-results-articles
ADCB19F9-F385-436F-A48B-4B95D833240F,2004,2004-09-04,New Orleans Jesuit (LA),New Orleans Abramson (LA),37,14,www.maxpreps.com
4A114313-43BA-494F-8A72-FC9E53224964,2004,2004-09-11,New Orleans Jesuit (LA),New Orleans Easton (LA),23,0,www.maxpreps.com
694F3813-1125-4175-BC64-F2E52BD6CF05,2004,2004-09-23,New Orleans Jesuit (LA),New Orleans Kennedy (LA),30,6,www.maxpreps.com
2BE4DC15-3F80-4B1F-915E-E2312A21EC9F,2004,2004-10-02,New Orleans Jesuit (LA),New Orleans McDonogh 35 (LA),38,0,www.maxpreps.com
66376E03-4207-4D04-AC5B-3ECF5C597692,2004,2004-10-09,New Orleans Jesuit (LA),New Orleans St. Augustine (LA),10,7,www.maxpreps.com
5A169834-BF35-44D2-8401-DEE9682ED333,2004,2004-10-16,Marrero Archbishop Shaw (LA),New Orleans Jesuit (LA),10,20,www.maxpreps.com
054C1805-461E-4F67-A9F4-401E794283F3,2004,2004-10-24,New Orleans Brother Martin (LA),New Orleans Jesuit (LA),7,35,www.maxpreps.com
66DB103A-5D5A-4D86-9325-B3DBF0B5E3DA,2004,2004-10-30,Metairie Archbishop Rummel (LA),New Orleans Jesuit (LA),10,22,www.maxpreps.com
0A310A96-DBEA-4DBB-8C8D-B1DD5332683B,2004,2004-11-05,Shreveport Southwood (LA),New Orleans Jesuit (LA),13,34,https://cdn3.jesuitnola.org/site/wp-content/uploads/2013/08/Football_Post-Season_Records_20151214.pdf
678886E7-2C24-41CD-BD69-E3F7FDBA90F3,2004,2004-11-06,New Orleans Jesuit (LA),New Orleans Holy Cross (LA),24,21,www.maxpreps.com
616B85CB-82F7-4F68-8AC4-D55495598118,2004,2004-11-12,Reserve East St. John (LA),New Orleans Jesuit (LA),20,14,https://cdn3.jesuitnola.org/site/wp-content/uploads/2013/08/Football_Post-Season_Records_20151214.pdf
1138FE9A-B37A-451D-A7C7-09D325E3E8B3,2005,2005-10-22,New Orleans Jesuit (LA),New Orleans Holy Cross (LA),10,20,www.maxpreps.com
0790EAB8-C0F8-4D4E-B076-FB5C8A5BBA61,2005,2005-10-29,New Orleans Jesuit (LA),Metairie Archbishop Rummel (LA),7,35,www.maxpreps.com
B66276F9-373E-4096-B144-3BED243207CD,2005,2005-11-05,New Orleans Jesuit (LA),New Orleans Brother Martin (LA),30,9,www.maxpreps.com
8E0433AA-848F-4F93-BFB1-E91DFDD17F89,2006,2006-09-01,Reserve East St. John (LA),New Orleans Jesuit (LA),38,14,www.maxpreps.com
14BA8D9B-4E8F-4F6F-B84A-1A5DA3BC7DE9,2006,2006-09-09,New Orleans Karr (LA),New Orleans Jesuit (LA),22,20,www.maxpreps.com
C1BAD032-B039-4B05-B4C8-52FFFC71FB88,2006,2006-09-15,Galliano South Lafourche (LA),New Orleans Jesuit (LA),7,35,www.maxpreps.com
D59CF073-6C59-4BCB-8DC0-1973C44DA90C,2006,2006-09-23,New Orleans Jesuit (LA),Angie Varnado (LA),50,0,www.maxpreps.com
26ED7756-31AB-4665-9388-3CE83431200E,2006,2006-09-29,Marrero L.W. Higgins (LA),New Orleans Jesuit (LA),8,7,www.maxpreps.com
2A39EAEF-E9A5-459D-85E4-51A14A0761C1,2006,2006-10-05,New Orleans Jesuit (LA),New Orleans Holy Cross (LA),21,7,www.maxpreps.com
E174FD97-B499-4335-9294-42A860E28DB7,2006,2006-10-14,Metairie Archbishop Rummel (LA),New Orleans Jesuit (LA),31,7,www.maxpreps.com
448CBC35-0CD4-4D22-B2A7-C3CAED6A7053,2006,2006-10-21,New Orleans Jesuit (LA),New Orleans St. Augustine (LA),42,7,www.maxpreps.com
6360D285-0150-429D-86BB-D5DA7CB85205,2006,2006-10-27,New Orleans Jesuit (LA),New Orleans McDonogh 35 (LA),9,20,www.maxpreps.com
D8DC2C87-2FDC-46AB-B423-1D326998BC98,2006,2006-11-03,New Orleans Brother Martin (LA),New Orleans Jesuit (LA),13,10,www.maxpreps.com
2E00AF09-5678-4968-A002-5F80D2C954B8,2007,2007-08-30,New Orleans Jesuit (LA),New Orleans Reed (LA),66,0,www.maxpreps.com
B566433C-1964-4105-A6D8-492BC8996FC6,2007,2007-09-07,Mandeville Fontainebleau (LA),New Orleans Jesuit (LA),14,24,www.maxpreps.com
4E687477-1DD6-4B47-8B72-D30DA26D0FC4,2007,2007-09-15,New Orleans Jesuit (LA),Houma A.J. Ellender (LA),21,12,www.maxpreps.com
5C758D59-2392-42FC-BB49-F82F1A917E08,2007,2007-09-21,Baton Rouge Catholic (LA),New Orleans Jesuit (LA),16,9,www.maxpreps.com
FC4FB851-CA93-495B-8F4E-38FB1C41A193,2007,2007-09-28,New Orleans Jesuit (LA),New Orleans Holy Cross (LA),9,20,www.maxpreps.com
3B3E4CC9-EE0F-45AC-9F42-C2FAF2E28526,2007,2007-10-06,Metairie Archbishop Rummel (LA),New Orleans Jesuit (LA),17,7,www.maxpreps.com
D9B52279-6690-474E-986B-15CE4AEF17F5,2007,2007-10-13,New Orleans Jesuit (LA),Chalmette (LA),49,0,www.maxpreps.com
DC07ADAD-E64A-4084-9DA5-18E1FC517750,2007,2007-10-19,New Orleans Jesuit (LA),New Orleans Brother Martin (LA),25,17,www.maxpreps.com
B5AC7D83-E990-4BF4-AABF-6F92F648648E,2007,2007-10-25,Kenner Bonnabel (LA),New Orleans Jesuit (LA),0,49,www.maxpreps.com
C53E1C26-7531-4F04-A789-E706D1F69558,2007,2007-11-02,New Orleans St. Augustine (LA),New Orleans Jesuit (LA),6,30,www.maxpreps.com
15122E8E-D5C0-4570-B7D7-2B3CAD3E67E5,2007,2007-11-09,Mandeville (LA),New Orleans Jesuit (LA),31,21,www.maxpreps.com
BFDE24CE-A684-49C6-A06D-63C3A7C9D27F,2008,2008-09-10,Mandeville Fontainebleau (LA),New Orleans Jesuit (LA),30,28,www.maxpreps.com
C919F8DE-1854-4279-BD8B-C5A02B676499,2008,2008-09-19,Gulfport (MS),New Orleans Jesuit (LA),27,24,www.maxpreps.com
F3162AFB-A1A1-4C52-96DE-27E189FE4CC1,2008,2008-09-26,New Orleans Jesuit (LA),Baton Rouge Catholic (LA),30,27,www.maxpreps.com
78345261-FB98-4673-B997-30E81702BCB2,2008,2008-10-04,New Orleans Jesuit (LA),New Orleans Holy Cross (LA),37,7,www.maxpreps.com
BD9389EB-0B0C-4B82-9A94-6B6616AA87B7,2008,2008-10-11,New Orleans Jesuit (LA),Metairie Archbishop Rummel (LA),17,38,www.maxpreps.com
CD73C44D-A398-4D70-A658-4156E9B1E682,2008,2008-10-17,Chalmette (LA),New Orleans Jesuit (LA),10,41,www.maxpreps.com
1EE1C7C0-8B5A-4B08-831E-72FFEC39C9E1,2008,2008-10-25,New Orleans Brother Martin (LA),New Orleans Jesuit (LA),31,0,www.maxpreps.com
1F78A0AF-1683-4633-BF1D-915F0EBB3193,2008,2008-11-01,Kenner Bonnabel (LA),New Orleans Jesuit (LA),16,37,www.maxpreps.com
5886B8F1-78EC-4145-9D68-75F0390CAED0,2008,2008-11-07,New Orleans Jesuit (LA),New Orleans St. Augustine (LA),44,14,www.maxpreps.com
74B2F5AC-EDA4-4D62-8E25-2DF44E8748CF,2008,2008-11-14,Destrehan (LA),New Orleans Jesuit (LA),29,7,www.maxpreps.com
1146B823-FB1E-49B6-B909-15D4500EFF89,2009,2009-09-03,New Orleans Jesuit (LA),New Orleans Douglass (LA),56,6,www.maxpreps.com
6D3F6F13-0A15-493E-B832-27594D9AB81F,2009,2009-09-11,New Orleans Holy Cross (LA),New Orleans Jesuit (LA),7,41,www.maxpreps.com
91BC3591-1039-4FA9-BDE2-1538662FB8F2,2009,2009-09-18,Ponchatoula (LA),New Orleans Jesuit (LA),31,35,www.maxpreps.com
1FE1E183-8553-44B5-BBED-D20C15D96FF9,2009,2009-09-25,New Orleans Jesuit (LA),Harvey West Jefferson (LA),30,33,www.maxpreps.com
8BDAB0AB-A3A9-4043-8D11-733AE813F582,2009,2009-10-02,New Orleans Karr (LA),New Orleans Jesuit (LA),39,29,www.maxpreps.com
143A55F6-C631-45D4-9F5D-309DFFFCFEFD,2009,2009-10-10,New Orleans St. Augustine (LA),New Orleans Jesuit (LA),6,7,www.maxpreps.com
C7D8964D-F682-4613-990F-FC0D50B6F6A0,2009,2009-10-17,Metairie Archbishop Rummel (LA),New Orleans Jesuit (LA),21,14,www.maxpreps.com
939AB51B-66FA-4B28-8198-99CD189FABE3,2009,2009-10-24,Marrero Archbishop Shaw (LA),New Orleans Jesuit (LA),37,28,www.maxpreps.com
87E5A4AA-4D1C-4C83-ACCB-B82705E430A9,2009,2009-10-30,St. Francisville West Feliciana (LA),New Orleans Jesuit (LA),0,21,www.maxpreps.com
FD9D4815-2AA4-457D-9598-9FA58C8C93DE,2009,2009-11-06,New Orleans Jesuit (LA),New Orleans Brother Martin (LA),24,21,www.maxpreps.com
C1C2A3D4-D564-4B8C-8421-CC339FB43483,2009,2009-11-13,New Orleans Jesuit (LA),Bossier City Airline (LA),27,7,www.maxpreps.com
7B0D09E0-B166-418B-B7C3-D4A922440FC8,2009,2009-11-20,Metairie Archbishop Rummel (LA),New Orleans Jesuit (LA),14,7,www.maxpreps.com
323B65EC-692E-4A89-8274-E028B7E39F45,2010,2010-09-03,New Orleans Jesuit (LA),Mandeville Lakeshore (LA),64,14,www.maxpreps.com
AD44DB03-CBBC-4AD8-80C2-2F826CA3AA65,2010,2010-09-10,New Orleans Jesuit (LA),New Orleans Holy Cross (LA),35,28,www.maxpreps.com
1D11D3BB-AA01-4CFE-AD95-818394892E45,2010,2010-09-16,New Orleans Jesuit (LA),Ponchatoula (LA),52,27,www.maxpreps.com
C8666500-D496-453F-9D3A-6A634098CD20,2010,2010-09-23,Harvey West Jefferson (LA),New Orleans Jesuit (LA),24,28,www.maxpreps.com
6FDFDFE7-E2B6-46ED-99A4-B6D0F6A507DE,2010,2010-10-01,New Orleans Jesuit (LA),New Orleans Karr (LA),31,34,www.maxpreps.com
CF502078-7976-4E51-8B50-C6BF7776FEFB,2010,2010-10-09,New Orleans Jesuit (LA),New Orleans St. Augustine (LA),14,13,www.maxpreps.com
C62B3FAC-2A7A-4C58-97AE-3269E1115950,2010,2010-10-16,New Orleans Jesuit (LA),Metairie Archbishop Rummel (LA),13,7,www.maxpreps.com
12D4D630-B842-4F9C-94D4-F969A48BAB92,2010,2010-10-23,Marrero Archbishop Shaw (LA),New Orleans Jesuit (LA),13,56,www.maxpreps.com
A4027FE3-7FEB-486E-BBA3-898D526EE998,2010,2010-10-29,New Orleans Jesuit (LA),St. Francisville West Feliciana (LA),28,0,www.maxpreps.com
082ADC8D-152E-4678-9D39-65332682F195,2010,2010-11-05,New Orleans Brother Martin (LA),New Orleans Jesuit (LA),28,27,www.maxpreps.com
D6B88164-A94C-4AEE-B281-C333E813AC2B,2010,2010-11-12,New Orleans Jesuit (LA),Sulphur (LA),37,13,www.maxpreps.com
0E923B18-DA51-4666-AB32-F32F3F96A829,2010,2010-11-19,New Orleans Jesuit (LA),Houma Terrebonne (LA),17,13,www.maxpreps.com
753DB89A-5243-43DF-B5E1-BA8B9C2C0BE7,2010,2010-11-26,West Monroe (LA),New Orleans Jesuit (LA),28,11,www.maxpreps.com
3A5D9422-2F69-451B-927A-4E120285BD61,2011,2011-09-01,New Orleans Jesuit (LA),Boutte Hahnville (LA),28,13,www.maxpreps.com
D917F882-240C-4333-8BB4-F6FFBFE5397F,2011,2011-09-09,New Orleans Holy Cross (LA),New Orleans Jesuit (LA),0,37,www.maxpreps.com
1B3509A9-8C8D-474D-BFC1-0B7C6D182577,2011,2011-09-16,New Orleans Jesuit (LA),Marrero Archbishop Shaw (LA),34,17,www.maxpreps.com
7D287AAC-762C-46B5-BDED-E8E793B184A8,2011,2011-09-23,New Orleans De La Salle (LA),New Orleans Jesuit (LA),0,48,www.maxpreps.com
5C4B7985-D36D-4F13-8B04-C34057FB869E,2011,2011-09-30,New Orleans Jesuit (LA),Marrero John Ehret (LA),41,20,www.maxpreps.com
18D93461-2611-4D97-9837-AEA4D70B8BB8,2011,2011-10-08,New Orleans Jesuit (LA),Chalmette (LA),28,0,www.maxpreps.com
772FA302-7466-407E-918C-8BC41A059D2B,2011,2011-10-14,New Orleans Jesuit (LA),Franklinton (LA),40,6,www.maxpreps.com
46B49CC3-4F83-4EEC-A6DE-8D21F38244DD,2011,2011-10-22,New Orleans Brother Martin (LA),New Orleans Jesuit (LA),3,41,www.maxpreps.com
274172C2-AD0D-4F2E-9F66-5E3524A5AA1D,2011,2011-10-29,New Orleans Jesuit (LA),Metairie Archbishop Rummel (LA),42,21,www.maxpreps.com
CE722AA1-F147-4C05-AB5C-E5B69FC266A4,2011,2011-11-05,Harvey West Jefferson (LA),New Orleans Jesuit (LA),28,29,www.maxpreps.com
03DE8ED7-3B1D-41F9-9381-A0BD5F511286,2011,2011-11-12,New Orleans Jesuit (LA),Sulphur (LA),40,14,www.maxpreps.com
03D18169-E22D-468E-AF3A-D35F5C0EDB9B,2011,2011-11-18,New Orleans Jesuit (LA),Reserve East St. John (LA),49,20,www.maxpreps.com
301122A9-FE8D-40C5-BFC0-52D5C4FCF95D,2011,2011-11-25,Lafayette Carencro (LA),New Orleans Jesuit (LA),28,17,www.maxpreps.com
6DE63B53-AE59-4930-B62B-F6D03AB64E7D,2012,2012-09-07,New Orleans Jesuit (LA),New Orleans Holy Cross (LA),21,7,www.maxpreps.com
4D5A7B11-18DC-4FA5-BD2D-526C6FF0AFE3,2012,2012-09-15,Marrero Archbishop Shaw (LA),New Orleans Jesuit (LA),49,56,www.maxpreps.com
CC00411C-4D88-49F6-8C75-2ECFF1701613,2012,2012-09-21,New Orleans Jesuit (LA),New Orleans De La Salle (LA),42,7,www.maxpreps.com
CA91D31C-BFD5-48C2-990B-0723D94F6273,2012,2012-09-27,Marrero John Ehret (LA),New Orleans Jesuit (LA),12,44,www.maxpreps.com
55467443-C36B-44BF-A2AA-834C9793BD17,2012,2012-10-05,Chalmette (LA),New Orleans Jesuit (LA),7,35,www.maxpreps.com
0E6FC05C-35C2-4422-86FE-86BA5A1AB4AE,2012,2012-10-12,Franklinton (LA),New Orleans Jesuit (LA),3,35,www.maxpreps.com
88E810C7-FCBB-4511-A934-44C9146F01C3,2012,2012-10-20,New Orleans Jesuit (LA),New Orleans Brother Martin (LA),31,6,www.maxpreps.com
5112A294-9019-4F35-A201-2407B7ACC990,2012,2012-10-27,Metairie Archbishop Rummel (LA),New Orleans Jesuit (LA),38,17,www.maxpreps.com
B6C1FF05-C4EA-47D8-AB4A-45AA142677A6,2012,2012-11-03,New Orleans Jesuit (LA),Harvey West Jefferson (LA),17,24,www.maxpreps.com
B81E2807-128E-4C5C-A661-B5ECCAF3D2FD,2012,2012-11-10,New Orleans Jesuit (LA),Harvey West Jefferson (LA),31,21,www.maxpreps.com
B9C74CAB-FC0A-486A-98DC-05CDE38834E9,2012,2012-11-16,Bossier City Airline (LA),New Orleans Jesuit (LA),10,7,www.maxpreps.com
4BF28945-903D-4C61-B6D0-F2BA7A452512,2013,2013-08-29,New Orleans Jesuit (LA),Metairie Grace King (LA),44,14,www.maxpreps.com
24CB1AD6-458C-42F4-A512-6C539A68D111,2013,2013-09-06,New Orleans Jesuit (LA),Ponchatoula (LA),28,23,www.maxpreps.com
282DDB20-F1CF-428A-BEB0-A956E0146BEB,2013,2013-09-13,Covington St. Paul's (LA),New Orleans Jesuit (LA),24,21,www.maxpreps.com
B9291B99-DDAC-4863-BC2F-3045A4DD496C,2013,2013-09-20,Baton Rouge Central (LA),New Orleans Jesuit (LA),14,17,www.maxpreps.com
F38EF0E9-45B5-4D5A-A079-152D5FC42956,2013,2013-09-27,New Orleans Jesuit (LA),Pensacola (FL),28,7,https://www.maxpreps.com/fl/pensacola/pensacola-tigers/football/13-14/schedule/
8A2691E6-0835-4423-9DAF-86E05D138F2F,2013,2013-10-03,Metairie East Jefferson (LA),New Orleans Jesuit (LA),21,0,www.maxpreps.com
1A1E0BEE-1762-4EC3-A401-CC7AC0627CC8,2013,2013-10-11,New Orleans Holy Cross (LA),New Orleans Jesuit (LA),20,9,www.maxpreps.com
BF09C6AC-C79A-455C-9564-36A7BC70898C,2013,2013-10-19,New Orleans Jesuit (LA),Marrero Archbishop Shaw (LA),24,17,www.maxpreps.com
C482CBA9-A64F-4304-B055-5BB9EC4FD03A,2013,2013-10-25,New Orleans Jesuit (LA),Metairie Archbishop Rummel (LA),21,24,www.maxpreps.com
85EACD21-93C1-4721-AB72-DE983D0FEEBB,2013,2013-11-01,New Orleans Brother Martin (LA),New Orleans Jesuit (LA),0,20,www.maxpreps.com
D8568C12-A860-4BB7-884E-29C9A35067C0,2013,2013-11-07,New Orleans St. Augustine (LA),New Orleans Jesuit (LA),34,14,www.maxpreps.com
9EAAB4BD-879C-4554-8CB4-F83C93305701,2013,2013-11-15,New Orleans Jesuit (LA),New Orleans Brother Martin (LA),17,14,www.maxpreps.com
3853C59C-0404-4EE7-BA5B-5D246F3E91EC,2013,2013-11-22,New Orleans St. Augustine (LA),New Orleans Jesuit (LA),54,38,www.maxpreps.com
C3A9DB6C-7EE6-4117-AD88-2124505DC6CF,2014,2014-08-28,New Orleans Jesuit (LA),New Orleans Karr (LA),16,14,www.maxpreps.com
9454CC98-4A57-4C37-9820-D38E61F8D593,2014,2014-09-05,Ponchatoula (LA),New Orleans Jesuit (LA),24,21,www.maxpreps.com
1AC64F9A-CCD1-4258-B8BB-822AA9ACFD27,2014,2014-09-12,Covington St. Paul's (LA),New Orleans Jesuit (LA),22,49,www.maxpreps.com
2C4AEE3C-DE2E-4792-9676-F52EBF7A1E5A,2014,2014-09-19,New Orleans Jesuit (LA),Baton Rouge Central (LA),35,6,www.maxpreps.com
F7F1F3AF-E8AC-4608-ADDE-4A365C9F6597,2014,2014-09-26,Pensacola (FL),New Orleans Jesuit (LA),17,49,https://www.maxpreps.com/fl/pensacola/pensacola-tigers/football/14-15/schedule/
A784D394-43B3-419C-8AD1-B6AEE1AE28B4,2014,2014-10-03,New Orleans Jesuit (LA),Metairie East Jefferson (LA),40,14,www.maxpreps.com
9C0011BE-5907-4509-8D1D-2A7D15657419,2014,2014-10-10,New Orleans Jesuit (LA),New Orleans Holy Cross (LA),56,14,www.maxpreps.com
E7B8F667-B87C-4545-A316-A927873B86F8,2014,2014-10-18,Marrero Archbishop Shaw (LA),New Orleans Jesuit (LA),14,49,www.maxpreps.com
32E94DAC-AE12-4EB0-A86F-DD1D22ECBD0B,2014,2014-10-25,Metairie Archbishop Rummel (LA),New Orleans Jesuit (LA),10,7,www.maxpreps.com
1ADD902C-99FB-420D-B99D-C2EBF929AEE2,2014,2014-11-01,New Orleans Brother Martin (LA),New Orleans Jesuit (LA),14,17,www.maxpreps.com
67BD79A9-F6A8-4A6B-AA91-56D2F3659823,2014,2014-11-07,New Orleans Jesuit (LA),New Orleans St. Augustine (LA),34,20,www.maxpreps.com
80F1AA48-E4CE-4AC9-9811-19B485C9C9BA,2014,2014-11-14,New Orleans Jesuit (LA),New Orleans St. Augustine (LA),42,14,www.maxpreps.com
8189929B-7F7A-48BD-ADAC-914232466605,2014,2014-11-21,Lafayette St. Thomas More (LA),New Orleans Jesuit (LA),13,20,www.maxpreps.com
28CD72B0-F8F9-46D7-B21C-579037A02A97,2014,2014-11-28,New Orleans Jesuit (LA),Metairie Archbishop Rummel (LA),28,14,www.maxpreps.com
5143FD28-132C-469E-9BFB-BD687BB4E1AF,2014,2014-12-05,New Orleans Jesuit (LA),River Ridge Curtis (LA),17,14,www.maxpreps.com
4EC5EAE9-49B1-4A50-AE3B-6B6779F8E6B7,2015,2015-08-20,New Orleans Jesuit (LA),New Orleans McDonogh 35 (LA),5,21,www.maxpreps.com
E4567162-506F-4032-946E-45D6BDAF593B,2015,2015-08-27,Boutte Hahnville (LA),New Orleans Jesuit (LA),0,17,www.maxpreps.com
D1E3F366-E6B0-47D7-A12A-577C012EA31C,2015,2015-09-03,New Orleans Jesuit (LA),New Orleans Easton (LA),21,26,www.maxpreps.com
87A5485E-9CEA-4080-9281-155C229B45EC,2015,2015-09-11,New Orleans Jesuit (LA),Covington St. Paul's (LA),17,14,www.maxpreps.com
E7A0EAE5-D7D0-4CB1-B116-BEC64C7117B9,2015,2015-09-18,Pensacola Escambia (FL),New Orleans Jesuit (LA),17,28,www.maxpreps.com
38CA9F36-4354-427A-B4FE-E829139C0302,2015,2015-09-25,New Orleans Jesuit (LA),New Orleans St. Augustine (LA),20,32,www.maxpreps.com
48D2E360-E8E5-45B2-86D6-1BE156B913D3,2015,2015-10-09,River Ridge Curtis (LA),New Orleans Jesuit (LA),24,16,www.maxpreps.com
6E8867C9-A9E9-4A77-A7D7-72EE378478BE,2015,2015-10-17,New Orleans Jesuit (LA),Metairie Archbishop Rummel (LA),14,28,www.maxpreps.com
2A58D507-640C-4107-8EB8-7CD5AA60536C,2015,2015-10-24,Marrero Archbishop Shaw (LA),New Orleans Jesuit (LA),14,42,www.maxpreps.com
528A7CDF-9992-42FD-A698-2AFA8D85B367,2015,2015-10-30,Franklinton (LA),New Orleans Jesuit (LA),14,19,www.maxpreps.com
B6907D61-3847-4AEA-BF7A-28F630154BDD,2015,2015-11-06,New Orleans Jesuit (LA),New Orleans Brother Martin (LA),46,49,www.maxpreps.com
5040DC00-7D3A-4BBF-BE82-0CCB78D84BC3,2015,2015-11-14,New Orleans Jesuit (LA),Marrero Archbishop Shaw (LA),35,21,www.maxpreps.com
C7E011B1-F366-4203-BD21-CEDB4630A2CE,2015,2015-11-20,Metairie Archbishop Rummel (LA),New Orleans Jesuit (LA),44,14,www.maxpreps.com
24625C11-11B8-423E-ACD5-3A22CB7DEA14,2016,2016-09-16,New Orleans Jesuit (LA),Pensacola Escambia (FL),34,13,www.maxpreps.com
88A0A89A-8E1A-4C95-94B3-91CD883F4667,2016,2016-09-17,New Orleans Easton (LA),New Orleans Jesuit (LA),6,13,www.maxpreps.com
8699EF8E-FAB6-478A-A750-01D45EC42777,2016,2016-09-23,New Orleans St. Augustine (LA),New Orleans Jesuit (LA),27,23,www.maxpreps.com
672A56C9-5B49-4C2D-9EB0-C0BC0E8B1734,2016,2016-09-30,New Orleans Jesuit (LA),New Orleans Holy Cross (LA),38,0,www.maxpreps.com
C3C7CC4A-2A56-4142-8FF0-F61FAAAC6C64,2016,2016-10-07,New Orleans Jesuit (LA),River Ridge Curtis (LA),7,14,www.maxpreps.com
441D2C56-3665-403F-9ECC-AD1D93724193,2016,2016-10-15,Metairie Archbishop Rummel (LA),New Orleans Jesuit (LA),17,10,www.maxpreps.com
7718F5C8-0419-4ABD-A15A-995012751B68,2016,2016-10-22,New Orleans Jesuit (LA),Marrero Archbishop Shaw (LA),44,0,www.maxpreps.com
740A5CE7-F63B-4C31-8551-1E22B5360906,2016,2016-10-28,New Orleans Jesuit (LA),Franklinton (LA),56,21,www.maxpreps.com
680AF9F9-A162-497C-9500-CCC9234F9147,2016,2016-11-04,New Orleans Brother Martin (LA),New Orleans Jesuit (LA),28,10,www.maxpreps.com
3C33C3BF-896C-4FC6-94B2-8E7F9CBD43E9,2016,2016-11-12,Metairie Archbishop Rummel (LA),New Orleans Jesuit (LA),24,10,www.maxpreps.com
4F38D6F7-7556-4960-9374-BEFCE3E26C31,2017,2017-09-01,New Orleans Jesuit (LA),New Orleans Easton (LA),14,40,www.maxpreps.com
AF7A855A-37C9-4176-94C8-3ADF18496D35,2017,2017-09-08,Covington St. Paul's (LA),New Orleans Jesuit (LA),31,6,www.maxpreps.com
F8C5CFC1-E074-4660-8524-998727E0F6D5,2017,2017-09-15,New Orleans Jesuit (LA),Baton Rouge Central (LA),42,10,www.maxpreps.com
0BCBA548-8602-4784-BEDE-8BADEBA53B48,2017,2017-09-22,New Orleans Jesuit (LA),New Orleans St. Augustine (LA),24,37,www.maxpreps.com
4264EE28-6C80-4BD7-A2C1-78EF09E9C43D,2017,2017-09-29,New Orleans Holy Cross (LA),New Orleans Jesuit (LA),31,17,www.maxpreps.com
02315EB9-0BE6-4040-BEB4-8CE729E1C720,2017,2017-10-06,River Ridge Curtis (LA),New Orleans Jesuit (LA),56,28,www.maxpreps.com
72B95237-8013-43E0-A967-11CD35162D54,2017,2017-10-13,New Orleans Jesuit (LA),Metairie Archbishop Rummel (LA),21,22,www.maxpreps.com
B03940F0-76F9-4C8F-9242-0E7282F3C55F,2017,2017-10-21,Marrero Archbishop Shaw (LA),New Orleans Jesuit (LA),13,31,www.maxpreps.com
F3E18D56-7C55-4A6D-BBAB-94DA0F8E47ED,2017,2017-10-27,Destrehan (LA),New Orleans Jesuit (LA),27,10,www.maxpreps.com
255766AB-A451-43A9-8E1A-6990F2F1F9B3,2017,2017-11-03,New Orleans Jesuit (LA),New Orleans Brother Martin (LA),17,23,www.maxpreps.com
83EE3ABC-2440-4A2D-8202-47F46FC31F26,2017,2017-11-10,New Orleans St. Augustine (LA),New Orleans Jesuit (LA),27,0,www.maxpreps.com
563F7233-A1CB-4784-81C1-224B07B28E4A,2018,2018-08-30,New Orleans Easton (LA),New Orleans Jesuit (LA),27,14,www.maxpreps.com
EB64A806-EB47-431F-8C9E-CB6042162DB4,2018,2018-09-07,New Orleans Jesuit (LA),Covington St. Paul's (LA),34,24,www.maxpreps.com
35266DD4-5337-4048-B261-29C5DF2F23E6,2018,2018-09-14,Baton Rouge Central (LA),New Orleans Jesuit (LA),19,35,www.maxpreps.com
508FA676-9DB2-4048-9D3E-F7181455489A,2018,2018-09-22,New Orleans St. Augustine (LA),New Orleans Jesuit (LA),21,28,www.maxpreps.com
26CF7B1D-5BD4-4934-B381-9A050A970077,2018,2018-09-28,New Orleans Jesuit (LA),New Orleans Holy Cross (LA),28,7,www.maxpreps.com
AAD402D7-6077-433D-BE62-BBB1839226BA,2018,2018-10-05,New Orleans Jesuit (LA),River Ridge Curtis (LA),0,23,www.maxpreps.com
7C20B97A-FCB2-4EC1-B7E2-845B3D2C1297,2018,2018-10-13,Metairie Archbishop Rummel (LA),New Orleans Jesuit (LA),20,7,www.maxpreps.com
ED89E22F-BAF4-4C36-8965-E1C98EAF3E27,2018,2018-10-19,New Orleans Jesuit (LA),Marrero Archbishop Shaw (LA),28,0,www.maxpreps.com
E8D24FA1-FB2F-4BF4-BA3C-4E77F4AA517B,2018,2018-10-26,New Orleans Jesuit (LA),Destrehan (LA),23,28,www.maxpreps.com
84365B29-2183-429C-B541-773BB0D70599,2018,2018-11-02,New Orleans Brother Martin (LA),New Orleans Jesuit (LA),16,8,www.maxpreps.com
3C11C9C6-CDF4-4EA7-8B7D-9F102D5922D4,2018,2018-11-09,New Orleans Jesuit (LA),Covington St. Paul's (LA),21,17,www.maxpreps.com
D94AEB53-CD50-4C53-A255-EAE696B0722E,2018,2018-11-16,New Orleans Jesuit (LA),River Ridge Curtis (LA),14,27,www.maxpreps.com
8B095012-849F-460D-A350-3C981DCF55FF,2019,2019-08-29,New Orleans Jesuit (LA),Kenner Bonnabel (LA),40,7,https://www.maxpreps.com/la/new-orleans/jesuit-blue-jays/football/19-20/schedule/
CA6FC814-2AB0-4E58-AB4F-0ED43526D23E,2019,2019-09-06,Houma Terrebonne (LA),New Orleans Jesuit (LA),7,24,https://www.maxpreps.com/la/houma/terrebonne-tigers/football/19-20/schedule/
468AB1CA-386F-4ABB-B6AC-2FA1372F7355,2019,2019-09-13,Covington St. Paul's (LA),New Orleans Jesuit (LA),19,16,https://www.maxpreps.com/la/new-orleans/jesuit-blue-jays/football/19-20/schedule/
A9AE0E83-B26D-4825-ACAC-CE5C9AE0EB8A,2019,2019-09-20,New Orleans Jesuit (LA),Harvey Cox (LA),42,12,www.maxpreps.com
C56B90A9-BC4C-4AEF-85F4-AB19F7E89098,2019,2019-09-27,New Orleans Jesuit (LA),New Orleans Brother Martin (LA),7,31,https://www.maxpreps.com/la/new-orleans/jesuit-blue-jays/football/19-20/schedule/
12D287FE-48CB-47D3-B047-222674E7C573,2019,2019-10-04,New Orleans Holy Cross (LA),New Orleans Jesuit (LA),14,20,www.maxpreps.com
0B7C63DF-AE8B-4E38-BF74-9E9374E8BC12,2019,2019-10-12,New Orleans Jesuit (LA),New Orleans St. Augustine (LA),37,21,https://www.maxpreps.com/la/new-orleans/jesuit-blue-jays/football/19-20/schedule/
8D1BB92C-74B6-4F82-9779-470F940469AF,2019,2019-10-18,River Ridge Curtis (LA),New Orleans Jesuit (LA),35,14,https://www.maxpreps.com/la/new-orleans/jesuit-blue-jays/football/19-20/schedule/
042D5973-487E-46A1-BFB0-C693B0FE3EDB,2019,2019-10-25,Marrero Archbishop Shaw (LA),New Orleans Jesuit (LA),3,34,www.maxpreps.com
2AF6A2BA-81E3-46E0-A080-95669B59A2DB,2019,2019-11-01,Boutte Hahnville (LA),New Orleans Jesuit (LA),14,24,https://www.maxpreps.com/la/boutte/hahnville-tigers/football/19-20/schedule/
062964FD-1C7A-4984-AA0C-73D71CBFBA7A,2019,2019-11-08,New Orleans Jesuit (LA),Metairie Archbishop Rummel (LA),0,27,https://www.maxpreps.com/la/new-orleans/jesuit-blue-jays/football/19-20/schedule/
D5900475-9826-49FB-971F-04009660180E,2019,2019-11-15,New Orleans Jesuit (LA),Marrero Archbishop Shaw (LA),33,0,www.maxpreps.com
25FD6FD1-1879-4282-A85A-5DF8DFC5AADD,2019,2019-11-22,River Ridge Curtis (LA),New Orleans Jesuit (LA),34,27,www.maxpreps.com
A1FF69E0-E85A-4583-8289-5D833A86F370,2020,2020-10-02,Harvey Cox (LA),New Orleans Jesuit (LA),6,45,www.maxpreps.com
B3B1659F-B138-4402-84A0-03832F1A7C88,2020,2020-10-10,New Orleans Brother Martin (LA),New Orleans Jesuit (LA),45,42,www.maxpreps.com
FD2E62F2-3D39-4848-ADAA-19548C16D4ED,2020,2020-10-17,New Orleans Jesuit (LA),New Orleans Holy Cross (LA),28,20,www.maxpreps.com
B8EDD0FD-222F-4B8F-9B79-30E7D5243AD8,2020,2020-10-25,New Orleans St. Augustine (LA),New Orleans Jesuit (LA),42,21,www.maxpreps.com
F242B522-EEE6-44D5-8BB7-BDCDFE151487,2020,2020-10-30,New Orleans Jesuit (LA),River Ridge Curtis (LA),16,23,www.maxpreps.com
29064403-232F-4C09-BB41-E7B4D66F76BA,2020,2020-11-07,New Orleans Jesuit (LA),Marrero Archbishop Shaw (LA),23,13,www.maxpreps.com
B18B0741-E8E1-447A-9AC8-ED5BAF1B57FF,2020,2020-11-13,New Orleans Jesuit (LA),Boutte Hahnville (LA),47,21,www.maxpreps.com
77243A3C-4BCA-4A00-A1C2-2F60A27D011F,2020,2020-11-21,Metairie Archbishop Rummel (LA),New Orleans Jesuit (LA),36,13,www.maxpreps.com
9B9E8606-960E-4F1D-981E-3C7FE4917A3D,2020,2020-11-27,Covington St. Paul's (LA),New Orleans Jesuit (LA),6,35,www.maxpreps.com
5913445E-DBDB-4136-961F-AD05F33FFE4B,2020,2020-12-04,New Orleans Jesuit (LA),New Orleans Brother Martin (LA),34,36,www.maxpreps.com
D0274BD3-B83C-41E2-A96A-93D5A91813C2,2021,2021-09-17,Jefferson Riverdale (LA),New Orleans Jesuit (LA),0,52,www.maxpreps.com
F723D1B7-EC11-4A49-BD8A-685532A49005,2021,2021-09-24,New Orleans Jesuit (LA),New Orleans Brother Martin (LA),14,20,www.maxpreps.com
84BAD66E-ED58-486F-BF74-C1A7C80D3195,2021,2021-10-01,New Orleans Holy Cross (LA),New Orleans Jesuit (LA),7,51,www.maxpreps.com
7AC00A8F-4C9E-4215-80D9-0EE04141E9A0,2021,2021-10-08,New Orleans Jesuit (LA),New Orleans St. Augustine (LA),42,12,www.maxpreps.com
61BEC97C-7036-45A5-8DCE-70E8B6F0F27B,2021,2021-10-15,River Ridge Curtis (LA),New Orleans Jesuit (LA),13,17,www.maxpreps.com
495DB083-1076-4FB8-8A62-C54E805C7969,2021,2021-10-22,Marrero Archbishop Shaw (LA),New Orleans Jesuit (LA),6,20,www.maxpreps.com
8EF16509-4B8F-4EBE-8F75-729CDD69A79C,2021,2021-10-29,New Orleans Jesuit (LA),Gray Bourgeois (LA),42,13,www.maxpreps.com
DD7936F9-C755-4A40-A6BF-D9A65147AF6D,2021,2021-11-05,New Orleans Jesuit (LA),Metairie Archbishop Rummel (LA),35,10,www.maxpreps.com
2E4B6212-A2C3-4C15-BEEA-7713D0385011,2021,2021-11-19,River Ridge Curtis (LA),New Orleans Jesuit (LA),13,14,www.maxpreps.com
D2F6131B-5523-496B-9A2E-02CEE9FA482E,2021,2021-11-26,New Orleans Jesuit (LA),New Orleans Brother Martin (LA),28,10,www.maxpreps.com
4FDB2649-F1E4-4879-AE73-410F8B720A90,2021,2021-12-04,New Orleans Jesuit (LA),Baton Rouge Catholic (LA),10,14,www.maxpreps.com
8F25D55C-BFA8-41B0-A656-DF02C15A4DC4,2022,2022-08-25,Boutte Hahnville (LA),New Orleans Jesuit (LA),0,27,www.maxpreps.com
2BF9FCC7-F500-449B-A32A-650C140FDEB6,2022,2022-09-01,New Orleans Jesuit (LA),Slidell (LA),16,13,www.maxpreps.com
E8DEDDD6-FADA-4658-8382-9541C7C15472,2022,2022-09-09,Ruston (LA),New Orleans Jesuit (LA),28,23,www.maxpreps.com
5094C26A-B44F-43F9-8A93-07CFD79E5220,2022,2022-09-16,New Orleans Jesuit (LA),Lafayette Christian Academy (LA),25,28,www.maxpreps.com
B6F364E2-BB53-4DF6-93C5-943717FA833C,2022,2022-09-23,New Orleans Jesuit (LA),River Ridge Curtis (LA),10,28,www.maxpreps.com
987691D5-E2D7-4AC3-B236-56532A231D0C,2022,2022-09-30,New Orleans St. Augustine (LA),New Orleans Jesuit (LA),37,35,www.maxpreps.com
BACCDE4D-CE8C-4655-A249-5C6442FB6F7A,2022,2022-10-07,New Orleans Brother Martin (LA),New Orleans Jesuit (LA),7,3,www.maxpreps.com
AF5A5A2B-485B-4659-977A-D2386B3C81C0,2022,2022-10-14,New Orleans Jesuit (LA),New Orleans Karr (LA),17,33,www.maxpreps.com
5C8C6D41-8C8A-4CC7-A1FE-EA2BE0BF859C,2022,2022-10-20,New Orleans Booker T. Washington (LA),New Orleans Jesuit (LA),8,31,www.maxpreps.com
DB5A1351-B3E3-456A-B665-C73EF26B74DA,2022,2022-10-28,New Orleans Jesuit (LA),New Orleans Holy Cross (LA),16,12,www.maxpreps.com
061BACB7-9696-4A53-B5AF-5CCCD2300E2C,2022,2022-11-04,Metairie Archbishop Rummel (LA),New Orleans Jesuit (LA),14,24,www.maxpreps.com
F631435C-C130-4580-94BD-BA79FF7F8CF1,2022,2022-11-11,Shreveport Huntington (LA),New Orleans Jesuit (LA),9,45,www.maxpreps.com
AD565C2C-AA9C-4080-AD8B-D0138AAF90E7,2022,2022-11-18,River Ridge Curtis (LA),New Orleans Jesuit (LA),35,7,www.maxpreps.com
8415FF21-FE6E-4E78-82B3-7BDD31A2C6AC,2023,2023-09-01,Slidell (LA),New Orleans Jesuit (LA),0,10,www.maxpreps.com
223288CE-A974-4B2F-853E-218A23E83040,2023,2023-09-08,New Orleans Jesuit (LA),Ruston (LA),7,35,www.maxpreps.com
59A149C9-36A2-4129-8F83-2DC07519C65C,2023,2023-09-15,Lafayette Christian Academy (LA),New Orleans Jesuit (LA),51,18,www.maxpreps.com
6BA72EA1-4392-4039-931A-112FD0085209,2023,2023-09-22,River Ridge Curtis (LA),New Orleans Jesuit (LA),41,21,www.maxpreps.com
46CC79F1-1350-4D09-A6E3-1756CC8E33E6,2023,2023-09-29,New Orleans Jesuit (LA),New Orleans St. Augustine (LA),13,6,www.maxpreps.com
E7486E17-8372-49A7-80BF-C088ED503969,2023,2023-10-06,New Orleans Jesuit (LA),New Orleans Brother Martin (LA),3,15,www.maxpreps.com
231DB952-D539-4555-AA8F-D58B84750372,2023,2023-10-13,New Orleans Karr (LA),New Orleans Jesuit (LA),35,7,www.maxpreps.com
D58DF2D4-4F43-4AEA-B128-11E80CB3B9B5,2023,2023-10-27,New Orleans Holy Cross (LA),New Orleans Jesuit (LA),30,0,www.maxpreps.com
4158A81A-5641-45A7-982D-ABA589600F15,2023,2023-11-03,New Orleans Jesuit (LA),Metairie Archbishop Rummel (LA),13,10,www.maxpreps.com
64FC7DC3-E3D7-4957-A189-8A52D5D32DC2,2023,2023-11-10,New Orleans Jesuit (LA),Shreveport Byrd (LA),23,2,www.maxpreps.com
5571C45F-74E7-4FA7-AB42-335A1AFC0683,2023,2023-11-17,New Orleans Holy Cross (LA),New Orleans Jesuit (LA),42,0,www.maxpreps.com
BFB5B1F7-3154-4AD6-8584-802F9F72470F,2024,2024-09-06,New Orleans Jesuit (LA),Dallas Jesuit (TX),20,28,https://www.maxpreps.com/la/new-orleans/jesuit-blue-jays/football/schedule/
584B2149-A4B7-480E-8F22-0E37D7EAAA45,2024,2024-09-14,Thibodaux E.D. White (LA),New Orleans Jesuit (LA),15,20,https://www.maxpreps.com/la/new-orleans/jesuit-blue-jays/football/schedule/
AD3ACE80-2979-4C6E-9062-8271DA826093,2024,2024-09-20,New Orleans Jesuit (LA),Kenner Bonnabel (LA),38,14,https://www.maxpreps.com/la/kenner/bonnabel-bruins/football/schedule/
BB78BE24-6576-4B7B-9D49-428751F0F772,2024,2024-09-27,New Orleans Brother Martin (LA),New Orleans Jesuit (LA),5,17,https://www.maxpreps.com/la/new-orleans/brother-martin-crusaders/football/schedule/
ACF1B52F-D193-41BD-B75E-1CC08B15CAA2,2024,2024-10-04,New Orleans Holy Cross (LA),New Orleans Jesuit (LA),21,7,https://www.maxpreps.com/la/new-orleans/holy-cross-tigers/football/schedule/
90787C0A-2534-4EEA-827B-5307EEC7DAAA,2024,2024-10-12,New Orleans St. Augustine (LA),New Orleans Jesuit (LA),23,24,https://www.maxpreps.com/la/new-orleans/jesuit-blue-jays/football/schedule/
30CC49F1-455A-4E70-B848-304FA115CAC8,2024,2024-10-18,New Orleans Karr (LA),New Orleans Jesuit (LA),21,9,https://www.maxpreps.com/la/new-orleans/edna-karr-cougars/football/schedule/
7074E528-F787-42DB-AD1F-5B67ABFC0537,2024,2024-10-25,River Ridge Curtis (LA),New Orleans Jesuit (LA),10,17,https://www.maxpreps.com/la/new-orleans/jesuit-blue-jays/football/schedule/
3833A3C1-5C86-449D-8002-328F45FE2334,2024,2024-11-01,New Orleans Jesuit (LA),Metairie Archbishop Rummel (LA),7,42,https://www.maxpreps.com/la/metairie/archbishop-rummel-raiders/football/schedule/
C93EFB96-092E-4F64-9B0D-28F8D331439C,2024,2024-11-09,New Orleans Easton (LA),New Orleans Jesuit (LA),0,16,https://www.maxpreps.com/la/new-orleans/jesuit-blue-jays/football/schedule/
3F0EFE45-C89A-4FB7-B699-FF671BCBDEF4,2024,2024-11-15,New Orleans Jesuit (LA),Lafayette (LA),45,7,https://www.maxpreps.com/la/lafayette/lafayette-lions/football/schedule/
FDA1C62F-BEA7-4C98-B0C3-D318E8F08CC2,2024,2024-11-22,Lafayette Teurlings Catholic (LA),New Orleans Jesuit (LA),31,23,https://www.maxpreps.com/la/lafayette/teurlings-catholic-rebels/football/schedule/
2CD3A789-4857-4575-98D9-95219F760C22,2025,2025-08-28,Slidell Northshore (LA),New Orleans Jesuit (LA),10,17,MaxPreps
E356A3D4-96B1-4202-9678-FCFAC9CA8854,2025,2025-09-05,Dallas Jesuit (TX),New Orleans Jesuit (LA),6,31,MaxPreps
186DF1FB-C864-4949-9C6E-AAA7A2122BBE,2025,2025-09-12,New Orleans Jesuit (LA),Thibodaux E.D. White (LA),24,21,MaxPreps
A3A4F4C4-C562-4EE1-B0A1-E0A11D0D0E29,2025,2025-09-19,Kenner Bonnabel (LA),New Orleans Jesuit (LA),0,52,MaxPreps
0EFF0A95-A3A3-4D0A-B51C-35F60143A941,2025,2025-09-26,New Orleans Jesuit (LA),New Orleans Brother Martin (LA),29,31,MaxPreps
EB9959B2-D455-496F-B21A-CC38C6E26E6C,2025,2025-10-03,New Orleans Holy Cross (LA),New Orleans Jesuit (LA),12,20,MaxPreps
697235F0-34EE-4319-85BD-BFB3636E8037,2025,2025-10-10,New Orleans Jesuit (LA),New Orleans St. Augustine (LA),23,46,MaxPreps
01D9BF3C-44A6-43F8-857B-FE8EDFAD7362,2025,2025-10-17,New Orleans Jesuit (LA),New Orleans Karr (LA),0,41,MaxPreps
7805A449-93A3-4B1F-A82D-5525443FFAE5,2025,2025-10-24,New Orleans Jesuit (LA),River Ridge Curtis (LA),10,37,MaxPreps
980298D6-6F97-4D9A-85EB-5A61F0FA8883,2025,2025-10-31,Metairie Archbishop Rummel (LA),New Orleans Jesuit (LA),21,17,MaxPreps
A0496836-CBD3-46DA-A806-1007EE17319E,2025,2025-11-06,New Orleans Jesuit (LA),New Orleans Easton (LA),45,36,MaxPreps
D46A2C23-59B7-4F89-8890-94394E27DEF7,2025,2025-11-14,New Orleans Jesuit (LA),New Orleans McDonogh 35 (LA),46,7,MaxPreps
B82F2E3E-D74F-41B8-9366-C3BC6F5A2F9F,2025,2025-11-21,New Orleans Karr (LA),New Orleans Jesuit (LA),39,13,MaxPreps
