Team_ID,Team_Name,City,State,Reason,CandidateURLs
198,Natchez Thomas Jefferson Academy (MS),,MS,ambiguous_qualifier,https://www.maxpreps.com/ms/natchez/natchez-bulldogs/football/; https://www.maxpreps.com/ms/natchez/cathedral-green-wave/football/
310,Baden Quigley Catholic (PA),,PA,no_city_state_match,https://www.maxpreps.com/pa/archbald/valley-view-cougars/football/; https://www.maxpreps.com/pa/ardmore/lower-merion-aces/football/; https://www.maxpreps.com/pa/ashland/north-schuylkill-spartans/football/; https://www.maxpreps.com/pa/aston/sun-valley-vanguards/football/; https://www.maxpreps.com/pa/atglen/octorara-area-braves/football/; https://www.maxpreps.com/pa/athens/athens-wildcats/football/; https://www.maxpreps.com/pa/avella/avella-eagles/football/
407,Animo South Los Angeles (CA),,CA,no_city_state_match,https://www.maxpreps.com/ca/alta-loma/alta-loma-braves/football/; https://www.maxpreps.com/ca/alturas/modoc-braves/football/; https://www.maxpreps.com/ca/american-canyon/american-canyon-wolves/football/; https://www.maxpreps.com/ca/anaheim/anaheim-colonists/football/; https://www.maxpreps.com/ca/anaheim/canyon-comanches/football/; https://www.maxpreps.com/ca/anaheim/esperanza-aztecs/football/; https://www.maxpreps.com/ca/anaheim/katella-knights/football/; https://www.maxpreps.com/ca/anaheim/loara-saxons/football/; https://www.maxpreps.com/ca/anaheim/magnolia-sentinels/football/; https://www.maxpreps.com/ca/anaheim/savanna-rebels/football/; https://www.maxpreps.com/ca/anaheim/servite-friars/football/; https://www.maxpreps.com/ca/anaheim/western-pioneers/football/; https://www.maxpreps.com/ca/anderson/anderson-cubs/football/; https://www.maxpreps.com/ca/angels-camp/bret-harte-bullfrogs/football/
1105,Billings Senior JV (MT),,MT,no_city_state_match,https://www.maxpreps.com/wy/afton/star-valley-braves/football/; https://www.maxpreps.com/wy/baggs/little-snake-river-rattlers/football/
1643,Indianapolis Harry E. Wood (IN),,IN,ambiguous_qualifier,https://www.maxpreps.com/in/indianapolis/ben-davis-giants/football/; https://www.maxpreps.com/in/indianapolis/covenant-christian-warriors/football/; https://www.maxpreps.com/in/indianapolis/indianapolis-crispus-attucks-tigers/football/; https://www.maxpreps.com/in/indianapolis/decatur-central-hawks/football/; https://www.maxpreps.com/in/indianapolis/franklin-central-flashes/football/; https://www.maxpreps.com/in/indianapolis/brebeuf-jesuit-preparatory-braves/football/; https://www.maxpreps.com/in/indianapolis/indianapolis-washington-continentals/football/; https://www.maxpreps.com/in/indianapolis/cathedral-fighting-irish/football/; https://www.maxpreps.com/in/indianapolis/christel-house-at-manual-eagles/football/; https://www.maxpreps.com/in/indianapolis/crimson-knights-crimson-knights/football/; https://www.maxpreps.com/in/indianapolis/indianapolis-cardinal-ritter-raiders/football/
1898,Northlake West Leyden (IL),,IL,no_city_state_match,https://www.maxpreps.com/il/chicago/chicago-military-academy-eagles/football/; https://www.maxpreps.com/il/chicago/lane-tech-champions/football/; https://www.maxpreps.com/il/chicago/leo-lions/football/; https://www.maxpreps.com/il/chicago/lincoln-park-lions/football/; https://www.maxpreps.com/il/chicago/lindblom-eagles/football/; https://www.maxpreps.com/il/chicago/little-village-phoenix/football/; https://www.maxpreps.com/il/chicago/marine-leadership-academy-bulldogs/football/; https://www.maxpreps.com/il/chicago/marist-redhawks/football/; https://www.maxpreps.com/il/chicago/marshall-raby/football/; https://www.maxpreps.com/il/chicago/mather-rangers/football/; https://www.maxpreps.com/il/chicago/morgan-park-mustangs/football/; https://www.maxpreps.com/il/chicago/muchin-college-prep-mountain-lions/football/; https://www.maxpreps.com/il/chicago/north-lawndale-phoenix/football/; https://www.maxpreps.com/il/chicago/payton-college-prep-grizzlies/football/; https://www.maxpreps.com/il/chicago/perspectives-leadership-iit-joslin-tech-warriors/football/; https://www.maxpreps.com/il/chicago/perspectives-leadership-perspectives-iit-math-and-science-joslin/football/; https://www.maxpreps.com/il/chicago/phillips-wildcats/football/; https://www.maxpreps.com/il/chicago/phoenix-military-firebirds/football/; https://www.maxpreps.com/il/chicago/pritzker-jaguars/football/; https://www.maxpreps.com/il/chicago/prosser-falcons/football/; https://www.maxpreps.com/il/naperville/naperville-central-redhawks/football/; https://www.maxpreps.com/il/naperville/naperville-north-huskies/football/; https://www.maxpreps.com/il/naperville/neuqua-valley-wildcats/football/; https://www.maxpreps.com/il/nashville/nashville-hornets/football/; https://www.maxpreps.com/il/new-lenox/providence-catholic-celtics/football/; https://www.maxpreps.com/il/newton/newton-eagles/football/; https://www.maxpreps.com/il/nokomis/nokomis-redskins/football/; https://www.maxpreps.com/il/normal/normal-community-ironmen/football/; https://www.maxpreps.com/il/normal/normal-university-pioneers/football/; https://www.maxpreps.com/il/normal/normal-west-wildcats/football/; https://www.maxpreps.com/il/norridge/ridgewood-rebels/football/; https://www.maxpreps.com/il/north-chicago/north-chicago-warhawks/football/; https://www.maxpreps.com/il/northbrook/glenbrook-north-spartans/football/
1963,Moreno Valley Leadership Military Academy (CA),,CA,no_city_state_match,https://www.maxpreps.com/ca/lawndale/lawndale-cardinals/football/; https://www.maxpreps.com/ca/lawndale/leuzinger-olympians/football/; https://www.maxpreps.com/ca/laytonville/laytonville-warriors/football/; https://www.maxpreps.com/ca/le-grand/le-grand-bulldogs/football/
2069,Lincoln Community (IA),,IA,no_city_state_match,https://www.maxpreps.com/ia/lamoni/lamoni-demons/football/; https://www.maxpreps.com/ia/lansing/kee-kee-hawks/football/; https://www.maxpreps.com/ia/le-grand/east-marshall-mustangs/football/; https://www.maxpreps.com/ia/le-mars/gehlen-catholic-jays/football/; https://www.maxpreps.com/ia/le-mars/le-mars-bulldogs/football/; https://www.maxpreps.com/ia/lenox/lenox-tigers/football/; https://www.maxpreps.com/ia/leon/central-decatur-cardinals/football/; https://www.maxpreps.com/ia/letts/louisa-muscatine-falcons/football/; https://www.maxpreps.com/ia/liberty-center/southeast-warren-warhawks/football/
2201,Rock Mid-Peninsula (MI),,MI,no_city_state_match,https://www.maxpreps.com/mi/quincy/quincy-orioles/football/; https://www.maxpreps.com/mi/rapid-river/rapid-river-rockets/football/; https://www.maxpreps.com/mi/ravenna/ravenna-bulldogs/football/; https://www.maxpreps.com/mi/reading/reading-rangers/football/; https://www.maxpreps.com/mi/redford/redford-union-panthers/football/; https://www.maxpreps.com/mi/redford/thurston-eagles/football/; https://www.maxpreps.com/mi/reed-city/reed-city-coyotes/football/; https://www.maxpreps.com/mi/reese/reese-rockets/football/; https://www.maxpreps.com/mi/remus/chippewa-hills-warriors/football/; https://www.maxpreps.com/mi/richland/gull-lake-blue-devils/football/; https://www.maxpreps.com/mi/richmond/richmond-blue-devils/football/; https://www.maxpreps.com/mi/river-rouge/river-rouge-panthers/football/; https://www.maxpreps.com/mi/riverview/richard-pioneers/football/; https://www.maxpreps.com/mi/riverview/riverview-pirates/football/; https://www.maxpreps.com/mi/rochester-hills/lutheran-northwest-crusaders/football/; https://www.maxpreps.com/mi/rochester-hills/rochester-falcons/football/; https://www.maxpreps.com/mi/rochester-hills/stoney-creek-cougars/football/; https://www.maxpreps.com/mi/rochester/adams-highlanders/football/
2254,Savannah Arnold (GA),,GA,no_city_state_match,https://www.maxpreps.com/sc/piedmont/wren-hurricanes/football/; https://www.maxpreps.com/sc/prosperity/mid-carolina-rebels/football/; https://www.maxpreps.com/sc/richburg/lewisville-lions/football/; https://www.maxpreps.com/sc/ridgeland/john-paul-ii-golden-warrriors/football/; https://www.maxpreps.com/sc/ridgeland/ridgeland/football/; https://www.maxpreps.com/sc/ridgeland/thomas-heyward-academy-rebels/football/; https://www.maxpreps.com/sc/rock-hill/northwestern-trojans/football/; https://www.maxpreps.com/sc/rock-hill/rock-hill-bearcats/football/; https://www.maxpreps.com/sc/rock-hill/south-pointe-stallions/football/; https://www.maxpreps.com/sc/roebuck/dorman-cavaliers/football/; https://www.maxpreps.com/sc/saluda/saluda-tigers/football/; https://www.maxpreps.com/sc/santee/lake-marion-gators/football/; https://www.maxpreps.com/sc/st-matthews/calhoun-academy-cavaliers/football/; https://www.maxpreps.com/sc/st-matthews/calhoun-county-saints/football/; https://www.maxpreps.com/sc/st-stephen/timberland-wolves/football/
3068,Birmingham Groves (MI),,MI,no_city_state_match,https://www.maxpreps.com/mi/beverly-hills/groves-falcons/football/
3156,Wichita Falls Notre Dame Catholic (TX),,TX,ambiguous_qualifier,https://www.maxpreps.com/tx/wichita-falls/wichita-christian-stars/football/; https://www.maxpreps.com/tx/wichita-falls/city-view-mustangs/football/; https://www.maxpreps.com/tx/wichita-falls/hirschi-huskies/football/
3223,Nashville-Zenda (KS),,KS,no_city_state_match,https://www.maxpreps.com/ks/montezuma/south-gray-rebels/football/; https://www.maxpreps.com/ks/moran/marmaton-valley-wildcats/football/; https://www.maxpreps.com/ks/moscow/moscow-wildcats/football/; https://www.maxpreps.com/ks/mound-city/jayhawk-linn-jayhawks/football/; https://www.maxpreps.com/ks/moundridge/moundridge-wildcats/football/; https://www.maxpreps.com/ks/mulvane/mulvane-wildcats/football/
3348,Bunnell Flagler-Palm Coast (FL),,FL,no_city_state_match,https://www.maxpreps.com/fl/boca-raton/west-boca-raton-bulls/football/; https://www.maxpreps.com/fl/bonifay/holmes-county-blue-devils/football/; https://www.maxpreps.com/fl/boynton-beach/boynton-beach-tigers/football/; https://www.maxpreps.com/fl/bradenton/bayshore-bruins/football/; https://www.maxpreps.com/fl/bradenton/braden-river-pirates/football/; https://www.maxpreps.com/fl/bradenton/lakewood-ranch-mustangs/football/; https://www.maxpreps.com/fl/bradenton/manatee-hurricanes/football/; https://www.maxpreps.com/fl/bradenton/saint-stephens-episcopal-falcons/football/; https://www.maxpreps.com/fl/bradenton/southeast-seminoles/football/; https://www.maxpreps.com/fl/brandon/brandon-eagles/football/; https://www.maxpreps.com/fl/branford/branford-buccaneers/football/; https://www.maxpreps.com/fl/bratt/northview-chiefs/football/; https://www.maxpreps.com/fl/bristol/liberty-county-bulldogs/football/; https://www.maxpreps.com/fl/bronson/bronson-eagles/football/; https://www.maxpreps.com/fl/brooksville/central-bears/football/; https://www.maxpreps.com/fl/brooksville/hernando-christian-academy-lions/football/; https://www.maxpreps.com/fl/brooksville/hernando-leopards/football/; https://www.maxpreps.com/fl/brooksville/nature-coast-tech-sharks/football/; https://www.maxpreps.com/ga/blairsville/union-county-panthers/football/; https://www.maxpreps.com/ga/blakely/early-county-bobcats/football/; https://www.maxpreps.com/ga/blue-ridge/fannin-county-rebels/football/; https://www.maxpreps.com/ga/bogart/north-oconee-titans/football/; https://www.maxpreps.com/ga/bowdon/bowdon-red-devils/football/
3429,Greensburg Central Catholic (PA),,PA,no_city_state_match,https://www.maxpreps.com/pa/glen-mills/garnet-valley-jaguars/football/; https://www.maxpreps.com/pa/glen-rock/susquehannock-warriors/football/; https://www.maxpreps.com/pa/greencastle/greencastle-antrim-blue-devils/football/; https://www.maxpreps.com/pa/greensboro/mapletown-maples/football/; https://www.maxpreps.com/pa/johnstown/greater-johnstown-trojans/football/; https://www.maxpreps.com/pa/latrobe/greater-latrobe-wildcats/football/
3434,Arcola Iowa Colony (TX),,TX,no_city_state_match,https://www.maxpreps.com/tx/iowa-colony/iowa-colony-pioneers/football/
3825,Chattahoochee (FL),,FL,no_city_state_match,https://www.maxpreps.com/ga/carnesville/franklin-county-lions/football/; https://www.maxpreps.com/ga/carrollton/carrollton-trojans/football/; https://www.maxpreps.com/ga/carrollton/central-lions/football/; https://www.maxpreps.com/ga/cartersville/cartersville-hurricanes/football/; https://www.maxpreps.com/ga/cartersville/woodland-wildcats/football/; https://www.maxpreps.com/ga/cedartown/cedartown-bulldogs/football/; https://www.maxpreps.com/ga/chamblee/chamblee-bulldogs/football/; https://www.maxpreps.com/ga/chatsworth/murray-county-indians/football/; https://www.maxpreps.com/ga/chatsworth/north-murray-mountaineers/football/; https://www.maxpreps.com/ga/white/cass-colonels/football/
3924,Langley Bath Clearwater (SC),,SC,no_city_state_match,https://www.maxpreps.com/ga/lafayette/lafayette-ramblers/football/; https://www.maxpreps.com/ga/lagrange/lafayette-christian-cougars/football/; https://www.maxpreps.com/ga/lagrange/lagrange-grangers/football/; https://www.maxpreps.com/ga/lagrange/troup-county-tigers/football/; https://www.maxpreps.com/ga/lakeland/lanier-county-bulldogs/football/
3982,New York Trinity School (NY),,NY,ambiguous_qualifier,https://www.maxpreps.com/ny/new-york/dalton-tigers/football/; https://www.maxpreps.com/ny/new-york/stuyvesant-peglegs/football/
4164,Albuquerque St. Pius X (NM),,NM,ambiguous_qualifier,https://www.maxpreps.com/nm/albuquerque/del-norte-knights/football/; https://www.maxpreps.com/nm/albuquerque/highland-hornets/football/; https://www.maxpreps.com/nm/albuquerque/manzano-monarchs/football/; https://www.maxpreps.com/nm/albuquerque/menaul-panthers/football/; https://www.maxpreps.com/nm/albuquerque/st-pius-x-sartans/football/; https://www.maxpreps.com/nm/albuquerque/sandia-matadors/football/; https://www.maxpreps.com/nm/albuquerque/la-cueva-bears/football/; https://www.maxpreps.com/nm/albuquerque/atrisco-heritage-academy-jaguars/football/; https://www.maxpreps.com/nm/albuquerque/cibola-cougars/football/; https://www.maxpreps.com/nm/albuquerque/albuquerque-academy-chargers/football/; https://www.maxpreps.com/nm/albuquerque/hope-christian-huskies/football/; https://www.maxpreps.com/nm/albuquerque/eldorado-golden-eagles/football/; https://www.maxpreps.com/nm/albuquerque/rio-grande-ravens/football/
4218,Community Of Davidson (NC),,NC,no_city_state_match,https://www.maxpreps.com/nc/davidson/community-school-of-davidson-spartans/football/
4797,Wyandotte Mt. Carmel (MI),,MI,no_city_state_match,https://www.maxpreps.com/mi/standish/standish-sterling-panthers/football/; https://www.maxpreps.com/mi/stanton/central-montcalm-hornets/football/; https://www.maxpreps.com/mi/stephenson/stephenson-eagles/football/; https://www.maxpreps.com/mi/sterling-heights/parkway-christian-eagles/football/; https://www.maxpreps.com/mi/sterling-heights/sterling-heights-stallions/football/; https://www.maxpreps.com/mi/sterling-heights/sterling-heights-stevenson-titans/football/; https://www.maxpreps.com/mi/sterling-heights/utica-ford-falcons/football/; https://www.maxpreps.com/mi/stevensville/lakeshore-lancers/football/; https://www.maxpreps.com/mi/stockbridge/stockbridge-panthers/football/; https://www.maxpreps.com/mi/sturgis/sturgis-trojans/football/; https://www.maxpreps.com/mi/suttons-bay/suttons-bay-norsemen/football/; https://www.maxpreps.com/mi/swartz-creek/swartz-creek-dragons/football/; https://www.maxpreps.com/mi/tawas-city/tawas-area-braves/football/; https://www.maxpreps.com/mi/taylor/taylor-griffins/football/; https://www.maxpreps.com/mi/tecumseh/tecumseh-indians/football/; https://www.maxpreps.com/mi/tekonsha/tekonsha-indians/football/; https://www.maxpreps.com/mi/temperance/bedford-kicking-mules/football/; https://www.maxpreps.com/mi/three-rivers/three-rivers-wildcats/football/; https://www.maxpreps.com/mi/traverse-city/st-francis-gladiators/football/; https://www.maxpreps.com/mi/traverse-city/traverse-city-central-trojans/football/; https://www.maxpreps.com/mi/traverse-city/traverse-city-west-titans/football/; https://www.maxpreps.com/mi/trenton/trenton-trojans/football/; https://www.maxpreps.com/mi/troy/athens-red-hawks/football/; https://www.maxpreps.com/mi/troy/troy-colts/football/; https://www.maxpreps.com/mi/ubly/ubly-bearcats/football/; https://www.maxpreps.com/mi/union-city/union-city-chargers/football/; https://www.maxpreps.com/mi/vermontville/maple-valley-lions/football/; https://www.maxpreps.com/mi/vestaburg/vestaburg-wolverines/football/; https://www.maxpreps.com/mi/vicksburg/vicksburg-bulldogs/football/; https://www.maxpreps.com/mi/waldron/waldron-spartans/football/; https://www.maxpreps.com/mi/walled-lake/walled-lake-central-vikings/football/; https://www.maxpreps.com/mi/walled-lake/walled-lake-western-warriors/football/; https://www.maxpreps.com/mi/warren/cousino-patriots/football/; https://www.maxpreps.com/mi/warren/de-la-salle-collegiate-pilots/football/; https://www.maxpreps.com/mi/warren/fitzgerald-spartans/football/; https://www.maxpreps.com/mi/warren/lincoln-abes/football/; https://www.maxpreps.com/mi/warren/michigan-collegiate-cougars/football/; https://www.maxpreps.com/mi/warren/mott-marauders/football/; https://www.maxpreps.com/mi/warren/warren-woods-tower-titans/football/; https://www.maxpreps.com/mi/waterford/kettering-captains/football/; https://www.maxpreps.com/mi/waterford/mott-corsairs/football/; https://www.maxpreps.com/mi/waterford/our-lady-of-the-lakes-lakers/football/; https://www.maxpreps.com/mi/watervliet/watervliet-panthers/football/; https://www.maxpreps.com/mi/wayne/wayne-memorial-zebras/football/; https://www.maxpreps.com/mi/webberville/webberville-spartans/football/; https://www.maxpreps.com/mi/west-bloomfield/west-bloomfield-lakers/football/; https://www.maxpreps.com/mi/west-branch/ogemaw-heights-falcons/football/; https://www.maxpreps.com/mi/westland/glenn-rockets/football/; https://www.maxpreps.com/mi/westland/lutheran-warriors/football/; https://www.maxpreps.com/mi/white-cloud/white-cloud-indians/football/; https://www.maxpreps.com/mi/white-lake/lakeland-eagles/football/; https://www.maxpreps.com/mi/white-pigeon/white-pigeon-chiefs/football/; https://www.maxpreps.com/mi/whitehall/whitehall-vikings/football/; https://www.maxpreps.com/mi/whitmore-lake/whitmore-lake-trojans/football/; https://www.maxpreps.com/mi/whittemore/whittemore-prescott-cardinals/football/; https://www.maxpreps.com/mi/williamston/williamston-hornets/football/
4923,Norfolk Catholic (VA),,VA,ambiguous_qualifier,https://www.maxpreps.com/va/norfolk/norfolk-christian-ambassadors/football/; https://www.maxpreps.com/va/norfolk/norview-pilots/football/; https://www.maxpreps.com/va/norfolk/lake-taylor-titans/football/; https://www.maxpreps.com/va/norfolk/maury-commodores/football/; https://www.maxpreps.com/va/norfolk/granby-comets/football/; https://www.maxpreps.com/va/norfolk/norfolk-academy-bulldogs/football/
5563,Lake Benton-Lincoln H I (MN),,MN,no_city_state_match,https://www.maxpreps.com/mn/hibbing/hibbing-bluejackets/football/; https://www.maxpreps.com/mn/hill-city/hill-city-northland/football/; https://www.maxpreps.com/mn/hills/hills-beaver-creek-patriots/football/; https://www.maxpreps.com/mn/hinckley/hinckley-finlayson-jaguars/football/; https://www.maxpreps.com/mn/holdingford/holdingford-huskers/football/; https://www.maxpreps.com/mn/houston/houston-hurricanes/football/; https://www.maxpreps.com/mn/howard-lake/howard-lake-waverly-winsted-lakers/football/; https://www.maxpreps.com/mn/hutchinson/hutchinson-tigers/football/; https://www.maxpreps.com/mn/international-falls/international-falls-broncos/football/; https://www.maxpreps.com/mn/inver-grove-heights/simley-spartans/football/; https://www.maxpreps.com/mn/iron/cherry-tigers/football/; https://www.maxpreps.com/mn/jackson/jackson-county-central-huskies/football/; https://www.maxpreps.com/mn/kasson/kasson-mantorville-komets/football/; https://www.maxpreps.com/mn/kenyon/kenyon-wanamingo-knights/football/; https://www.maxpreps.com/mn/kerkhoven/kerkhoven-murdock-sunburg-fighting-saints/football/; https://www.maxpreps.com/mn/la-crescent/la-crescent-la-crescent-montessori-and-stem-lancers/football/
5676,Garland Sachse (TX),,TX,no_city_state_match,https://www.maxpreps.com/tx/sabinal/sabinal-yellowjackets/football/; https://www.maxpreps.com/tx/sabine-pass/sabine-pass-sharks/football/; https://www.maxpreps.com/tx/sachse/sachse-mustangs/football/
5692,Kidder County co-op [Steele-Dawson-Tappen-Tuttle-Pettibone] (ND),,ND,no_city_state_match,https://www.maxpreps.com/nd/belfield/heart-river-co-op-belfield-south-heart-cougars/football/; https://www.maxpreps.com/nd/fort-yates/standing-rock-selfridge-warriors/football/; https://www.maxpreps.com/nd/fort-yates/standing-rock-warriors/football/; https://www.maxpreps.com/nd/grafton/grafton-spoilers/football/; https://www.maxpreps.com/nd/grand-forks/red-river-roughriders/football/; https://www.maxpreps.com/nd/hankinson/hankinson-pirates/football/; https://www.maxpreps.com/nd/hazen/hazen-bison/football/; https://www.maxpreps.com/nd/hettinger/hettinger-scranton-black-devils/football/; https://www.maxpreps.com/nd/hunter/northern-cass-jaguars/football/; https://www.maxpreps.com/nd/inkster/midway-minto-mustangs/football/; https://www.maxpreps.com/nd/steele/kidder-county-co-op-steele-dawson-tappen-/football/
5812,Decherd (TN),,TN,no_city_state_match,https://www.maxpreps.com/tn/cross-plains/east-robertson-indians/football/; https://www.maxpreps.com/tn/crossville/cumberland-county-jets/football/; https://www.maxpreps.com/tn/crossville/stone-memorial-panthers/football/; https://www.maxpreps.com/tn/cumberland-gap/cumberland-gap-panthers/football/; https://www.maxpreps.com/tn/cunningham/montgomery-central-indians/football/; https://www.maxpreps.com/tn/dandridge/jefferson-county-patriots/football/; https://www.maxpreps.com/tn/decatur/meigs-county-tigers/football/
5880,Woodland Hills El Camino Real (CA),,CA,ambiguous_qualifier,https://www.maxpreps.com/ca/woodland/woodland-wolves/football/; https://www.maxpreps.com/ca/woodland/woodland-christian-cardinals/football/; https://www.maxpreps.com/ca/woodland-hills/el-camino-real-royals/football/
6085,Haskell Mattson (TX),,TX,no_city_state_match,https://www.maxpreps.com/tx/mathis/mathis-pirates/football/
6130,San Antonio Sul Ross Training School (TX),,TX,no_city_state_match,https://www.maxpreps.com/tx/farwell/farwell-steers/football/; https://www.maxpreps.com/tx/sugar-land/fort-bend-austin-bulldogs/football/; https://www.maxpreps.com/tx/sugar-land/fort-bend-chargers-homeschool-chargers/football/; https://www.maxpreps.com/tx/sugar-land/fort-bend-clements-rangers/football/; https://www.maxpreps.com/tx/sugar-land/fort-bend-dulles-vikings/football/; https://www.maxpreps.com/tx/sugar-land/fort-bend-kempner-cougars/football/; https://www.maxpreps.com/tx/sugar-land/harmony-school-of-innovation-mustangs/football/; https://www.maxpreps.com/tx/sugar-land/logos-prep-academy-lions/football/
6161,De Quincy (LA),,LA,no_city_state_match,https://www.maxpreps.com/la/dequincy/dequincy-tigers/football/
6197,Castine Maine Maritime Academy (ME),,ME,no_city_state_match,https://www.maxpreps.com/me/boothbay-harbor/boothbay-seahawks/football/; https://www.maxpreps.com/me/brewer/brewer-witches/football/; https://www.maxpreps.com/me/brunswick/brunswick-dragons/football/; https://www.maxpreps.com/me/bucksport/bucksport-golden-bucks/football/; https://www.maxpreps.com/me/cape-elizabeth/cape-elizabeth-capers/football/
6524,Fluvanna (TX),,TX,no_city_state_match,https://www.maxpreps.com/tx/lufkin/lufkin-panthers/football/; https://www.maxpreps.com/tx/luling/luling-eagles/football/; https://www.maxpreps.com/tx/lumberton/lumberton-raiders/football/
6780,Fort Worth I. M. Terrell (TX),,TX,ambiguous_qualifier,https://www.maxpreps.com/tx/fort-worth/paschal-panthers/football/; https://www.maxpreps.com/tx/fort-worth/south-hills-scorpions/football/; https://www.maxpreps.com/tx/fort-worth/north-crowley-panthers/football/; https://www.maxpreps.com/tx/fort-worth/southwest-raiders/football/; https://www.maxpreps.com/tx/fort-worth/nolan-catholic-vikings/football/; https://www.maxpreps.com/tx/fort-worth/southwest-christian-school-eagles/football/; https://www.maxpreps.com/tx/fort-worth/polytechnic-parrots/football/; https://www.maxpreps.com/tx/fort-worth/north-side-steers/football/
7219,Denver St. Joseph's (CO),,CO,ambiguous_qualifier,https://www.maxpreps.com/co/denver/denver-north-vikings/football/; https://www.maxpreps.com/co/denver/manual-thunderbolts/football/; https://www.maxpreps.com/co/denver/montbello-warriors/football/; https://www.maxpreps.com/co/denver/denver-south-ravens/football/; https://www.maxpreps.com/co/denver/lincoln-lancers/football/; https://www.maxpreps.com/co/denver/mullen-mustangs/football/
7412,Little Rock Southwest Christian Academy (AR),,AR,ambiguous_qualifier,https://www.maxpreps.com/ar/little-rock/southwest-christian-academy-lions/football/; https://www.maxpreps.com/ar/little-rock/central-tigers/football/; https://www.maxpreps.com/ar/little-rock/little-rock-southwest-gryphons/football/; https://www.maxpreps.com/ar/little-rock/arkansas-school-for-the-deaf-leopards/football/; https://www.maxpreps.com/ar/little-rock/mills-university-studies-comets/football/; https://www.maxpreps.com/ar/little-rock/robinson-senators/football/; https://www.maxpreps.com/ar/little-rock/pulaski-academy-bruins/football/; https://www.maxpreps.com/ar/little-rock/episcopal-wildcats/football/; https://www.maxpreps.com/ar/little-rock/catholic-rockets/football/; https://www.maxpreps.com/ar/little-rock/parkview-patriots/football/; https://www.maxpreps.com/ar/little-rock/little-rock-christian-academy-warriors/football/; https://www.maxpreps.com/ar/little-rock/hall-warriors/football/
7502,Yale University Frosh (CT),New Haven,CT,no_city_state_match,https://www.maxpreps.com/ma/woburn/woburn-memorial-tanners/football/; https://www.maxpreps.com/ma/worcester/abby-kelley-foster-bears/football/; https://www.maxpreps.com/ma/worcester/burncoat-patriots/football/; https://www.maxpreps.com/ma/worcester/doherty-memorial-highlanders/football/; https://www.maxpreps.com/ma/worcester/north-polar-bears/football/; https://www.maxpreps.com/ma/worcester/south-colonels/football/; https://www.maxpreps.com/ma/worcester/st-paul-knights/football/; https://www.maxpreps.com/ma/worcester/worcester-academy-hilltoppers/football/; https://www.maxpreps.com/ma/worcester/worcester-tech-eagles/football/; https://www.maxpreps.com/ma/wrentham/king-philip-regional-warriors/football/
7540,Virginia Tech University JV (VA),,VA,no_city_state_match,https://www.maxpreps.com/wv/spencer/roane-county-raiders/football/; https://www.maxpreps.com/wv/summersville/nicholas-county-grizzlies/football/; https://www.maxpreps.com/wv/sutton/braxton-county-eagles/football/; https://www.maxpreps.com/wv/upper-glade/webster-county-highlanders/football/; https://www.maxpreps.com/wv/van/van-bulldogs/football/
7724,Denver Mt. Carmel (CO),,CO,no_city_state_match,https://www.maxpreps.com/wy/cheyenne/central-indians/football/; https://www.maxpreps.com/wy/cheyenne/east-thunderbirds/football/; https://www.maxpreps.com/wy/cheyenne/south-bison/football/; https://www.maxpreps.com/wy/cody/cody-broncs/football/
8000,Milwaukee Wisconsin Career Academy-Young Coggs Prep (WI),,WI,ambiguous_qualifier,https://www.maxpreps.com/wi/milwaukee/pius-xi-catholic-popes/football/; https://www.maxpreps.com/wi/milwaukee/milwaukee-madison-knights/football/; https://www.maxpreps.com/wi/milwaukee/marquette-university-hilltoppers/football/; https://www.maxpreps.com/wi/milwaukee/st-thomas-more-cavaliers/football/; https://www.maxpreps.com/wi/milwaukee/north-blue-devils/football/; https://www.maxpreps.com/wi/milwaukee/barack-obama-career-and-tech-cougars/football/; https://www.maxpreps.com/wi/milwaukee/milwaukee-lutheran-red-knights/football/
8106,Colorado Springs Banning Lewis Academy (CO),,CO,ambiguous_qualifier,https://www.maxpreps.com/co/colorado-springs/colorado-springs-christian-lions/football/; https://www.maxpreps.com/co/colorado-springs/banning-lewis-academy-stallions/football/
8243,Mount Carmel (TX),,TX,no_city_state_match,https://www.maxpreps.com/tx/moran/moran-bulldogs/football/; https://www.maxpreps.com/tx/morgan/morgan-eagles/football/; https://www.maxpreps.com/tx/morton/morton-indians/football/; https://www.maxpreps.com/tx/mount-calm/mount-calm/football/; https://www.maxpreps.com/tx/mt-enterprise/mt-enterprise-wildcats/football/; https://www.maxpreps.com/tx/mt-pleasant/mt-pleasant-tigers/football/
8316,Sunnybrook (TX),,TX,no_city_state_match,https://www.maxpreps.com/tx/universal-city/randolph-ro-hawks/football/
8358,Birmingham Detroit Country Day (MI),,MI,no_city_state_match,https://www.maxpreps.com/mi/addison/addison-panthers/football/; https://www.maxpreps.com/mi/adrian/adrian-maples/football/; https://www.maxpreps.com/mi/adrian/lenawee-christian-cougars/football/; https://www.maxpreps.com/mi/adrian/madison-trojans/football/; https://www.maxpreps.com/mi/algonac/algonac-muskrats/football/; https://www.maxpreps.com/mi/allegan/allegan-tigers/football/; https://www.maxpreps.com/mi/athens/athens-indians/football/; https://www.maxpreps.com/mi/atlanta/atlanta-huskies/football/; https://www.maxpreps.com/mi/au-gres/au-gres-sims-wolverines/football/; https://www.maxpreps.com/mi/auburn-hills/avondale-yellowjackets/football/; https://www.maxpreps.com/mi/auburn-hills/oakland-christian-lancers/football/; https://www.maxpreps.com/mi/bad-axe/bad-axe-hatchets/football/; https://www.maxpreps.com/mi/baldwin/baldwin-panthers/football/; https://www.maxpreps.com/mi/bangor/bangor-vikings/football/; https://www.maxpreps.com/mi/bath/bath-fighting-bees/football/; https://www.maxpreps.com/mi/battle-creek/central-bearcats/football/; https://www.maxpreps.com/mi/battle-creek/harper-creek-beavers/football/; https://www.maxpreps.com/mi/battle-creek/lakeview-spartans/football/; https://www.maxpreps.com/mi/battle-creek/pennfield-panthers/football/; https://www.maxpreps.com/mi/battle-creek/st-philip-catholic-central-fighting-tigers/football/; https://www.maxpreps.com/mi/bay-city/all-saints-central-cougars/football/; https://www.maxpreps.com/mi/bay-city/central-wolves/football/; https://www.maxpreps.com/mi/bay-city/glenn-bobcats/football/; https://www.maxpreps.com/mi/beaverton/beaverton-beavers/football/; https://www.maxpreps.com/mi/belding/belding-black-knights/football/; https://www.maxpreps.com/mi/bellaire/bellaire-eagles/football/; https://www.maxpreps.com/mi/belleville/belleville-tigers/football/; https://www.maxpreps.com/mi/bellevue/bellevue-broncos/football/; https://www.maxpreps.com/mi/benton-harbor/benton-harbor-tigers/football/; https://www.maxpreps.com/mi/benzonia/benzie-central-huskies/football/; https://www.maxpreps.com/mi/berkley/berkley-bears/football/; https://www.maxpreps.com/mi/berrien-springs/berrien-springs-shamrocks/football/; https://www.maxpreps.com/mi/beverly-hills/detroit-country-day-yellowjackets/football/; https://www.maxpreps.com/mi/mt-pleasant/beal-city-aggies/football/; https://www.maxpreps.com/mi/wyoming/tri-unity-christian-defenders/football/
8703,Roaring Springs (TX),,TX,no_city_state_match,https://www.maxpreps.com/tx/oakwood/oakwood-panthers/football/
8742,Lebanon Beaver Valley (NE),,NE,no_city_state_match,https://www.maxpreps.com/ne/hebron/thayer-central-titans/football/; https://www.maxpreps.com/ne/hemingford/hemingford-bobcats/football/; https://www.maxpreps.com/ne/henderson/heartland-huskies/football/; https://www.maxpreps.com/ne/hershey/hershey-panthers/football/; https://www.maxpreps.com/ne/holdrege/holdrege-dusters/football/; https://www.maxpreps.com/ne/homer/homer-knights/football/; https://www.maxpreps.com/ne/hooper/logan-view-scribner-snyder/football/; https://www.maxpreps.com/ne/howells/howells-dodge-jaguars/football/; https://www.maxpreps.com/ne/humboldt/humboldt-table-rock-steinauer-titans/football/; https://www.maxpreps.com/ne/humphrey/st-francis-flyers/football/; https://www.maxpreps.com/ne/hyannis/hyannis-longhorns/football/; https://www.maxpreps.com/ne/imperial/chase-county-longhorns/football/; https://www.maxpreps.com/ne/johnson/johnson-brock-eagles/football/; https://www.maxpreps.com/ne/kearney/kearney-bearcats/football/; https://www.maxpreps.com/ne/kearney/kearney-catholic-stars/football/; https://www.maxpreps.com/ne/kenesaw/kenesaw-blue-devils/football/; https://www.maxpreps.com/ne/kimball/kimball-longhorns/football/; https://www.maxpreps.com/ne/laurel/laurel-concord-coleridge-bears/football/
8858,Baker City (ID),,ID,no_city_state_match,https://www.maxpreps.com/id/aberdeen/aberdeen-tigers/football/; https://www.maxpreps.com/id/american-falls/american-falls-beavers/football/; https://www.maxpreps.com/id/arco/butte-county-pirates/football/; https://www.maxpreps.com/id/arimo/marsh-valley-eagles/football/; https://www.maxpreps.com/id/ashton/north-fremont-huskies/football/
9058,Fort Worth Diamond Hill-Jarvis (TX),,TX,no_city_state_match,https://www.maxpreps.com/tx/vidor/vidor-pirates/football/
9497,West Windsor-Plainsboro North-South (NJ),,NJ,no_city_state_match,https://www.maxpreps.com/nj/weehawken/weehawken-indians/football/; https://www.maxpreps.com/nj/west-long-branch/shore-regional-blue-devils/football/; https://www.maxpreps.com/nj/west-milford/west-milford-highlanders/football/; https://www.maxpreps.com/nj/west-new-york/memorial-tigers/football/; https://www.maxpreps.com/nj/west-orange/seton-hall-prep-pirates/football/; https://www.maxpreps.com/nj/west-orange/west-orange-mountaineers/football/
10091,DesArc (AR),,AR,no_city_state_match,https://www.maxpreps.com/ar/clinton/clinton-yellowjackets/football/; https://www.maxpreps.com/ar/conway/conway-christian-eagles/football/; https://www.maxpreps.com/ar/corning/corning-bobcats/football/; https://www.maxpreps.com/ar/crossett/crossett-eagles/football/; https://www.maxpreps.com/ar/dardanelle/dardanelle-sand-lizards/football/; https://www.maxpreps.com/ar/de-queen/de-queen-leopards/football/; https://www.maxpreps.com/ar/dermott/dermott-rams/football/; https://www.maxpreps.com/ar/des-arc/des-arc-eagles/football/
10562,Nashville Pearl-Cohn (TN),,TN,ambiguous_qualifier,https://www.maxpreps.com/tn/nashville/lipscomb-academy-mustangs/football/; https://www.maxpreps.com/tn/nashville/cane-ridge-ravens/football/; https://www.maxpreps.com/tn/nashville/franklin-road-academy-panthers/football/; https://www.maxpreps.com/tn/nashville/nashville-christian-eagles/football/; https://www.maxpreps.com/tn/nashville/davidson-academy-bears/football/; https://www.maxpreps.com/tn/nashville/pearl-cohn-firebirds/football/; https://www.maxpreps.com/tn/nashville/mcgavock-raiders/football/; https://www.maxpreps.com/tn/nashville/donelson-christian-academy-wildcats/football/; https://www.maxpreps.com/tn/nashville/hillsboro-burros/football/; https://www.maxpreps.com/tn/nashville/glencliff-colts/football/; https://www.maxpreps.com/tn/nashville/christ-presbyterian-academy-lions/football/; https://www.maxpreps.com/tn/nashville/ensworth-tigers/football/; https://www.maxpreps.com/tn/nashville/montgomery-bell-academy-big-red/football/; https://www.maxpreps.com/tn/nashville/hunters-lane-warriors/football/; https://www.maxpreps.com/tn/nashville/father-ryan-irish/football/; https://www.maxpreps.com/tn/nashville/maplewood-panthers/football/
10631,Port Jefferson Station Comsewogue (NY),,NY,no_city_state_match,https://www.maxpreps.com/ny/brooklyn/roosevelt-rough-riders/football/; https://www.maxpreps.com/ny/newark/newark-marion/football/; https://www.maxpreps.com/ny/old-westbury/westbury-green-dragons/football/; https://www.maxpreps.com/ny/warwick/warwick-wildcats/football/; https://www.maxpreps.com/ny/webster/webster-thomas-titans/football/
10908,Greater New Bedford RVT (MA),,MA,no_city_state_match,https://www.maxpreps.com/ma/new-bedford/greater-new-bedford-rvt-bears/football/
11184,Ovalo (TX),,TX,no_city_state_match,https://www.maxpreps.com/tx/valera/panther-creek-panthers/football/; https://www.maxpreps.com/tx/valley-mills/valley-mills-eagles/football/; https://www.maxpreps.com/tx/valley-view/valley-view-eagles/football/
11414,Union-Endicott (NY),,NY,no_city_state_match,https://www.maxpreps.com/ny/endicott/union-endicott-tigers/football/; https://www.maxpreps.com/ny/endwell/maine-endwell-spartans/football/
11724,Stanville Betsy Layne (KY),,KY,no_city_state_match,https://www.maxpreps.com/ky/betsy-layne/betsy-layne-bobcats/football/
11936,Tuscon (AZ),,AZ,no_city_state_match,https://www.maxpreps.com/tx/tuscola/jim-ned-indians/football/; https://www.maxpreps.com/tx/tyler/kings-academy-knights/football/
12321,Port Arthur St. Mary's (TX),,TX,no_city_state_match,https://www.maxpreps.com/tx/sundown/sundown-roughnecks/football/; https://www.maxpreps.com/tx/sunnyvale/sunnyvale/football/; https://www.maxpreps.com/tx/sunray/sunray-bobcats/football/; https://www.maxpreps.com/tx/sweeny/sweeny-bulldogs/football/
12444,Dayton Steele (OH),,OH,no_city_state_match,https://www.maxpreps.com/tx/dayton/dayton-broncos/football/
12519,Mount Pleasant (MS),,MS,no_city_state_match,https://www.maxpreps.com/ms/mooreville/mooreville-troopers/football/; https://www.maxpreps.com/ms/morton/morton-panthers/football/; https://www.maxpreps.com/ms/moss-point/east-central-hornets/football/; https://www.maxpreps.com/ms/moss-point/moss-point-tigers/football/; https://www.maxpreps.com/ms/mount-olive/mount-olive-pirates/football/
12591,Pennington Gap Pennington (VA),,VA,no_city_state_match,https://www.maxpreps.com/va/palmyra/fluvanna-county-flying-flucos/football/; https://www.maxpreps.com/va/pearisburg/giles-spartans/football/; https://www.maxpreps.com/va/penn-laird/spotswood-trailblazers/football/; https://www.maxpreps.com/va/sterling/park-view-patriots/football/
12694,Detroit Western (MI),,MI,no_city_state_match,https://www.maxpreps.com/mi/farwell/farwell-eagles/football/; https://www.maxpreps.com/mi/felch/north-dickinson-nordics/football/; https://www.maxpreps.com/mi/fennville/fennville-blackhawks/football/; https://www.maxpreps.com/mi/fenton/fenton-tigers/football/; https://www.maxpreps.com/mi/ferndale/ferndale-eagles/football/; https://www.maxpreps.com/mi/flat-rock/flat-rock-rams/football/; https://www.maxpreps.com/mi/flint/beecher-johnson/football/; https://www.maxpreps.com/mi/flint/carman-ainsworth-cavaliers/football/; https://www.maxpreps.com/mi/flint/hamady-hawks/football/; https://www.maxpreps.com/mi/flint/kearsley-hornets/football/; https://www.maxpreps.com/mi/flint/new-standard-academy-spartans/football/; https://www.maxpreps.com/mi/flint/powers-catholic-chargers/football/; https://www.maxpreps.com/mi/flushing/flushing-raiders/football/; https://www.maxpreps.com/mi/hudsonville/hudsonville-eagles/football/; https://www.maxpreps.com/mi/hudsonville/unity-christian-crusaders/football/; https://www.maxpreps.com/mi/ida/ida-bluestreaks/football/; https://www.maxpreps.com/mi/imlay-city/imlay-city-spartans/football/; https://www.maxpreps.com/mi/indian-river/inland-lakes-bulldogs/football/; https://www.maxpreps.com/mi/ionia/ionia-bulldogs/football/; https://www.maxpreps.com/mi/iron-mountain/iron-mountain-mountaineers/football/; https://www.maxpreps.com/mi/iron-river/west-iron-county-wykons/football/; https://www.maxpreps.com/mi/parma/western-panthers/football/; https://www.maxpreps.com/mi/paw-paw/paw-paw-red-wolves/football/; https://www.maxpreps.com/mi/peck/peck-pirates/football/; https://www.maxpreps.com/mi/perry/perry-ramblers/football/; https://www.maxpreps.com/mi/petersburg/summerfield-bulldogs/football/; https://www.maxpreps.com/mi/petoskey/petoskey-northmen/football/; https://www.maxpreps.com/mi/pewamo/pewamo-westphalia-pirates/football/; https://www.maxpreps.com/mi/pickford/pickford-panthers/football/; https://www.maxpreps.com/mi/pigeon/laker-lakers/football/; https://www.maxpreps.com/mi/pinckney/pinckney-pirates/football/; https://www.maxpreps.com/mi/pinconning/pinconning-spartans/football/; https://www.maxpreps.com/mi/pittsford/pittsford-wildcats/football/; https://www.maxpreps.com/mi/plainwell/plainwell-trojans/football/; https://www.maxpreps.com/mi/pontiac/arts-and-tech/football/; https://www.maxpreps.com/mi/pontiac/notre-dame-prep-fighting-irish/football/; https://www.maxpreps.com/mi/pontiac/pontiac-phoenix/football/; https://www.maxpreps.com/mi/port-huron/port-huron-northern-huskies/football/; https://www.maxpreps.com/mi/port-huron/port-huron-red-hawks/football/; https://www.maxpreps.com/mi/portage/portage-central-mustangs/football/; https://www.maxpreps.com/mi/utica/utica-chieftains/football/; https://www.maxpreps.com/mi/vassar/vassar-vulcans/football/
13193,Colora West Nottingham Academy (MD),,MD,no_city_state_match,https://www.maxpreps.com/de/bear/caravel-buccaneers/football/; https://www.maxpreps.com/de/bear/red-lion-christian-academy-lions/football/; https://www.maxpreps.com/de/bridgeville/woodbridge-raiders/football/; https://www.maxpreps.com/de/camden/caesar-rodney-riders/football/; https://www.maxpreps.com/de/claymont/archmere-academy-auks/football/; https://www.maxpreps.com/de/clayton/first-state-military-academy-bulldogs/football/
13747,Ulster Raymond Riordan Prep (NY),,NY,no_city_state_match,https://www.maxpreps.com/ny/tonawanda/cardinal-ohara-hawks/football/; https://www.maxpreps.com/ny/tonawanda/kenmore-east-bulldogs/football/; https://www.maxpreps.com/ny/troy/lansingburgh-knights/football/; https://www.maxpreps.com/ny/troy/tamarac-bengals/football/; https://www.maxpreps.com/ny/troy/troy-flying-horses/football/; https://www.maxpreps.com/ny/trumansburg/charles-o-dickerson-blue-raiders/football/; https://www.maxpreps.com/ny/tully/southern-hills-tully-lafayette-fabius-pompey-storm/football/; https://www.maxpreps.com/ny/tupper-lake/tupper-lake-lumberjacks/football/; https://www.maxpreps.com/ny/turin/south-lewis-falcons/football/
14547,Shoshone Death Valley Academy (CA),,CA,no_city_state_match,https://www.maxpreps.com/ca/sherman-oaks/notre-dame-so-knights/football/; https://www.maxpreps.com/ca/shingle-springs/ponderosa-bruins/football/
14948,Waco Parkview Christian (TX),,TX,ambiguous_qualifier,https://www.maxpreps.com/tx/waco/midway-panthers/football/; https://www.maxpreps.com/tx/waco/live-oak-classical-falcons/football/; https://www.maxpreps.com/tx/waco/methodist-childrens-home-bulldogs/football/
15156,Brooklyn St Johns Prep (NY),,NY,ambiguous_qualifier,https://www.maxpreps.com/ny/brooklyn/lafayette-patriots/football/; https://www.maxpreps.com/ny/brooklyn/new-utrecht-utes/football/; https://www.maxpreps.com/ny/brooklyn/midwood-hornets/football/; https://www.maxpreps.com/ny/brooklyn/poly-prep-country-day-blue-devils/football/; https://www.maxpreps.com/ny/brooklyn/nazareth-kingsmen/football/; https://www.maxpreps.com/ny/brooklyn/madison-golden-knights/football/; https://www.maxpreps.com/ny/brooklyn/lincoln-railsplitters/football/; https://www.maxpreps.com/ny/brooklyn/south-shore-vikings/football/; https://www.maxpreps.com/ny/brooklyn/lane-knights/football/
15214,Spring Branch Westchester Academy (TX),,TX,ambiguous_qualifier,https://www.maxpreps.com/tx/spring-branch/smithson-valley-rangers/football/; https://www.maxpreps.com/tx/spring/spring-lions/football/
15358,Walnut Southlands Christian (CA),,CA,no_city_state_match,https://www.maxpreps.com/ca/walnut-creek/berean-christian-eagles/football/; https://www.maxpreps.com/ca/walnut-creek/las-lomas-knights/football/; https://www.maxpreps.com/ca/walnut-creek/northgate-broncos/football/
15489,Dayton (TN),,TN,no_city_state_match,https://www.maxpreps.com/ga/dallas/paulding-county-patriots/football/; https://www.maxpreps.com/ga/dalton/christian-heritage-lions/football/; https://www.maxpreps.com/ga/dalton/coahulla-creek-colts/football/; https://www.maxpreps.com/ga/dalton/dalton-catamounts/football/; https://www.maxpreps.com/ga/dalton/southeast-whitfield-county-raiders/football/; https://www.maxpreps.com/ga/damascus/southwest-georgia-academy-warriors/football/; https://www.maxpreps.com/ga/danielsville/madison-county-red-raiders/football/; https://www.maxpreps.com/ga/darien/mcintosh-county-academy-buccaneers/football/; https://www.maxpreps.com/ga/dawson/terrell-academy-eagles/football/; https://www.maxpreps.com/ga/dawson/terrell-county-greenwave/football/; https://www.maxpreps.com/ga/dawsonville/dawson-county-tigers/football/
15593,John's Island St. John's (SC),,SC,no_city_state_match,https://www.maxpreps.com/sc/johns-island/st-johns-islanders/football/
16969,Springdale Har-Ber (AR),,AR,ambiguous_qualifier,https://www.maxpreps.com/ar/springdale/springdale-bulldogs/football/; https://www.maxpreps.com/ar/springdale/har-ber-wildcats/football/
17173,Briscoe Fort Elliott (TX),,TX,no_city_state_match,https://www.maxpreps.com/tx/follett/follett-panthers/football/; https://www.maxpreps.com/tx/forney/forney-jackrabbits/football/; https://www.maxpreps.com/tx/forsan/forsan-buffaloes/football/; https://www.maxpreps.com/tx/fort-davis/fort-davis-indians/football/
17673,Sewanee (TN),,TN,no_city_state_match,https://www.maxpreps.com/ga/perry/westfield-school-hornets/football/; https://www.maxpreps.com/ga/pinehurst/fullington-academy-trojans/football/; https://www.maxpreps.com/ga/portal/portal-panthers/football/; https://www.maxpreps.com/ga/powder-springs/hillgrove-hawks/football/; https://www.maxpreps.com/ga/powder-springs/mceachern-indians/football/; https://www.maxpreps.com/ga/powder-springs/praise-academy-lions/football/; https://www.maxpreps.com/tn/pulaski/giles-county-bobcats/football/; https://www.maxpreps.com/tn/reagan/scotts-hill-lions/football/; https://www.maxpreps.com/tn/red-boiling-springs/red-boiling-springs-bulldogs/football/; https://www.maxpreps.com/tn/ripley/ripley-tigers/football/; https://www.maxpreps.com/tn/roan-mountain/cloudland-highlanders/football/; https://www.maxpreps.com/tn/rockwood/rockwood-tigers/football/; https://www.maxpreps.com/tn/rogersville/cherokee-chiefs/football/; https://www.maxpreps.com/tn/rossville/rossville-christian-academy-wolves/football/; https://www.maxpreps.com/tn/rutledge/grainger-grizzlies/football/; https://www.maxpreps.com/tn/sale-creek/sale-creek-panthers/football/; https://www.maxpreps.com/tn/savannah/hardin-county-tigers/football/; https://www.maxpreps.com/tn/selmer/mcnairy-central-bobcats/football/; https://www.maxpreps.com/tn/sevierville/sevier-county-smoky-bears/football/
17942,Newport News Apprentices (VA),,VA,no_city_state_match,https://www.maxpreps.com/va/mclean/langley-saxons/football/; https://www.maxpreps.com/va/mclean/mclean-highlanders/football/; https://www.maxpreps.com/va/mclean/potomac-school-panthers/football/; https://www.maxpreps.com/va/mechanicsville/atlee-raiders/football/; https://www.maxpreps.com/va/mechanicsville/hanover-hawks/football/; https://www.maxpreps.com/va/midlothian/clover-hill-cavaliers/football/; https://www.maxpreps.com/va/midlothian/cosby-titans/football/; https://www.maxpreps.com/va/midlothian/james-river-midlothian-rapids/football/; https://www.maxpreps.com/va/midlothian/manchester-lancers/football/; https://www.maxpreps.com/va/midlothian/midlothian-trojans/football/; https://www.maxpreps.com/va/milford/caroline-cavaliers/football/; https://www.maxpreps.com/va/mineral/louisa-county-lions/football/; https://www.maxpreps.com/va/moneta/smith-mountain-lake-christian-academy-ospreys/football/; https://www.maxpreps.com/va/moneta/staunton-river-golden-eagles/football/; https://www.maxpreps.com/va/narrows/narrows-green-waves/football/; https://www.maxpreps.com/va/naruna/william-campbell-generals/football/; https://www.maxpreps.com/va/new-castle/craig-county-rockets/football/; https://www.maxpreps.com/va/new-kent/new-kent-trojans/football/; https://www.maxpreps.com/va/suffolk/nansemond-suffolk-academy-saints/football/
17967,Phoenix (AZ),,AZ,no_city_state_match,https://www.maxpreps.com/tx/pharr/pharr-san-juan-alamo-north-raiders/football/; https://www.maxpreps.com/tx/pharr/pharr-san-juan-alamo-southwest-javelinas/football/
18097,Akron St. Mary's (OH),,OH,ambiguous_qualifier,https://www.maxpreps.com/oh/akron/garfield-community-learning-center-golden-rams/football/; https://www.maxpreps.com/oh/akron/manchester-panthers/football/; https://www.maxpreps.com/oh/akron/ellet-orangemen/football/; https://www.maxpreps.com/oh/akron/springfield-spartans/football/; https://www.maxpreps.com/oh/akron/east-dragons/football/; https://www.maxpreps.com/oh/akron/firestone-falcons/football/; https://www.maxpreps.com/oh/akron/north-vikings/football/; https://www.maxpreps.com/oh/akron/buchtel-griffins/football/; https://www.maxpreps.com/oh/akron/archbishop-hoban-knights/football/; https://www.maxpreps.com/oh/akron/coventry-comets/football/
18258,Leonardtown St. Mary's Ryken (MD),,MD,ambiguous_qualifier,https://www.maxpreps.com/md/leonardtown/leonardtown-raiders/football/; https://www.maxpreps.com/md/leonardtown/st-marys-ryken-knights/football/
18289,Taylor St. Mary's Catholic (TX),,TX,ambiguous_qualifier,https://www.maxpreps.com/tx/taylor/taylor-ducks/football/; https://www.maxpreps.com/tx/taylor/st-marys/football/
18290,Los Angeles King-Drew (CA),,CA,ambiguous_qualifier,https://www.maxpreps.com/ca/los-angeles/george-washington-prep-generals/football/; https://www.maxpreps.com/ca/los-angeles/jordan-bulldogs/football/; https://www.maxpreps.com/ca/los-angeles/jefferson-democrats/football/; https://www.maxpreps.com/ca/los-angeles/hawkins-hawks/football/; https://www.maxpreps.com/ca/los-angeles/dorsey-dons/football/; https://www.maxpreps.com/ca/los-angeles/hollywood-sheiks/football/; https://www.maxpreps.com/ca/los-angeles/hamilton-yankees/football/; https://www.maxpreps.com/ca/los-angeles/fremont-pathfinders/football/; https://www.maxpreps.com/ca/los-angeles/king-drew-golden-eagles/football/; https://www.maxpreps.com/ca/los-angeles/dr-maya-angelou-community-phoenix/football/; https://www.maxpreps.com/ca/los-angeles/garfield-bulldogs/football/; https://www.maxpreps.com/ca/los-angeles/franklin-panthers/football/; https://www.maxpreps.com/ca/los-angeles/eagle-rock-eagles/football/; https://www.maxpreps.com/ca/los-angeles/contreras-cobras/football/; https://www.maxpreps.com/ca/los-angeles/crenshaw-cougars/football/; https://www.maxpreps.com/ca/los-angeles/fairfax-lions/football/
18295,Heron Lake Southwest Star Concept (MN),,MN,no_city_state_match,https://www.maxpreps.com/mn/hancock/hancock-owls/football/; https://www.maxpreps.com/mn/harmony/fillmore-central-falcons/football/; https://www.maxpreps.com/mn/hastings/hastings-raiders/football/; https://www.maxpreps.com/mn/hawley/hawley-nuggets/football/; https://www.maxpreps.com/mn/hayfield/hayfield-vikings/football/; https://www.maxpreps.com/mn/hermantown/hermantown-hawks/football/
18340,Coeur d'Alene Charter Academy (ID),,ID,no_city_state_match,https://www.maxpreps.com/id/coeur-dalene/coeur-du-christ-academy-saints/football/
19376,Fayetteville-Manlius (NY),,NY,no_city_state_match,https://www.maxpreps.com/ny/manlius/fayetteville-manlius-hornets/football/
19393,Queen Creek San Tan Foothills (AZ),,AZ,ambiguous_qualifier,https://www.maxpreps.com/az/queen-creek/heritage-academy-gateway-heroes/football/; https://www.maxpreps.com/az/queen-creek/canyon-state-academy-rams/football/; https://www.maxpreps.com/az/queen-creek/queen-creek-bulldogs/football/; https://www.maxpreps.com/az/queen-creek/san-tan-foothills-sabercats/football/
19700,Maxwell Air Force Base (AL),,AL,no_city_state_match,https://www.maxpreps.com/al/lynn/lynn-bears/football/; https://www.maxpreps.com/al/madison/bob-jones-patriots/football/; https://www.maxpreps.com/al/madison/james-clemens-jets/football/; https://www.maxpreps.com/al/madison/madison-academy-mustangs/football/; https://www.maxpreps.com/al/maplesville/isabella-mustangs/football/; https://www.maxpreps.com/al/maplesville/maplesville-red-devils/football/; https://www.maxpreps.com/al/marbury/marbury-bulldogs/football/; https://www.maxpreps.com/al/marion/marion-rams/football/
19736,Flomot (TX),,TX,no_city_state_match,https://www.maxpreps.com/tx/lometa/lometa-hornets/football/
21066,New Orleans Behrman (LA),,LA,no_city_state_match,https://www.maxpreps.com/tx/avalon/avalon-eagles/football/; https://www.maxpreps.com/tx/dimmitt/dimmitt-bobcats/football/; https://www.maxpreps.com/tx/eden/eden-bulldogs/football/; https://www.maxpreps.com/tx/edna/edna-cowboys/football/; https://www.maxpreps.com/tx/eustace/eustace-bulldogs/football/; https://www.maxpreps.com/tx/nacogdoches/nacogdoches-dragons/football/; https://www.maxpreps.com/tx/natalia/natalia-mustangs/football/; https://www.maxpreps.com/tx/navasota/navasota-rattlers/football/; https://www.maxpreps.com/tx/nazareth/nazareth-swifts/football/; https://www.maxpreps.com/tx/nederland/nederland-bulldogs/football/; https://www.maxpreps.com/tx/needville/needville-bluejays/football/; https://www.maxpreps.com/tx/nevada/community-braves/football/; https://www.maxpreps.com/tx/new-boston/new-boston-lions/football/; https://www.maxpreps.com/tx/new-braunfels/calvary-baptist-academy-conquerors/football/; https://www.maxpreps.com/tx/new-braunfels/canyon-cougars/football/; https://www.maxpreps.com/tx/new-braunfels/john-paul-ii-guardians/football/; https://www.maxpreps.com/tx/new-braunfels/new-braunfels-christian-academy-wildcats/football/; https://www.maxpreps.com/tx/new-braunfels/new-braunfels-thunder-homeschool/football/; https://www.maxpreps.com/tx/new-braunfels/new-braunfels-unicorns/football/; https://www.maxpreps.com/tx/new-caney/new-caney-eagles/football/; https://www.maxpreps.com/tx/new-deal/new-deal-lions/football/; https://www.maxpreps.com/tx/new-home/new-home-leopards/football/
21521,Pueblo Catholic (CO),,CO,no_city_state_match,https://www.maxpreps.com/co/otis/otis-bulldogs/football/; https://www.maxpreps.com/co/pagosa-springs/pagosa-springs-pirates/football/; https://www.maxpreps.com/co/palisade/palisade-bulldogs/football/; https://www.maxpreps.com/co/parachute/grand-valley-cardinals/football/; https://www.maxpreps.com/co/parker/chaparral-wolverines/football/; https://www.maxpreps.com/co/parker/legend-titans/football/; https://www.maxpreps.com/co/parker/lutheran-lions/football/; https://www.maxpreps.com/co/parker/ponderosa-mustangs/football/; https://www.maxpreps.com/co/peetz/peetz-bulldogs/football/; https://www.maxpreps.com/co/peyton/peyton-panthers/football/
21523,Drexel Hill St. Andrew School (PA),,PA,no_city_state_match,https://www.maxpreps.com/pa/dingmans-ferry/east-stroudsburg-north-timberwolves/football/; https://www.maxpreps.com/pa/dover/dover-eagles/football/; https://www.maxpreps.com/pa/downingtown/bishop-shanahan-eagles/football/; https://www.maxpreps.com/pa/downingtown/downingtown-west-whippets/football/; https://www.maxpreps.com/pa/doylestown/central-bucks-east-patriots/football/; https://www.maxpreps.com/pa/doylestown/central-bucks-west-bucks/football/
21684,Las Cruces Mesilla Valley Christian (NM),,NM,ambiguous_qualifier,https://www.maxpreps.com/nm/las-cruces/mayfield-trojans/football/; https://www.maxpreps.com/nm/las-cruces/las-cruces-bulldawgs/football/; https://www.maxpreps.com/nm/las-cruces/centennial-hawks/football/; https://www.maxpreps.com/nm/las-cruces/mesilla-valley-christian-school-sonblazers/football/
21802,Riverside Sherman Indian (CA),,CA,no_city_state_match,https://www.maxpreps.com/ca/shafter/shafter-generals/football/; https://www.maxpreps.com/ca/shasta-lake/central-valley-falcons/football/
21825,Oklahoma State School of Mines (OK),,OK,no_city_state_match,https://www.maxpreps.com/ok/oklahoma-city/oklahoma-city-patriots-homeschool-patriots/football/; https://www.maxpreps.com/ok/oklahoma-city/putnam-city-north-panthers/football/; https://www.maxpreps.com/ok/oklahoma-city/putnam-city-pirates/football/; https://www.maxpreps.com/ok/oklahoma-city/putnam-city-west-patriots/football/; https://www.maxpreps.com/ok/oklahoma-city/southeast-spartans/football/; https://www.maxpreps.com/ok/oklahoma-city/western-heights-jets/football/; https://www.maxpreps.com/ok/oklahoma-city/westmoore-jaguars/football/; https://www.maxpreps.com/ok/sulphur/oklahoma-school-for-the-deaf-bison/football/
21868,Washington & Jefferson Academy (PA),,PA,no_city_state_match,https://www.maxpreps.com/pa/troy/troy-trojans/football/; https://www.maxpreps.com/pa/tunkhannock/tunkhannock-tigers/football/; https://www.maxpreps.com/pa/turbotville/warrior-run-defenders/football/; https://www.maxpreps.com/pa/tyrone/tyrone-golden-eagles/football/; https://www.maxpreps.com/pa/union-city/union-city-bears/football/; https://www.maxpreps.com/pa/uniontown/albert-gallatin-colonials/football/; https://www.maxpreps.com/pa/uniontown/laurel-highlands-mustangs/football/; https://www.maxpreps.com/pa/uniontown/uniontown-red-raiders/football/; https://www.maxpreps.com/pa/upper-st-clair/upper-st-clair-panthers/football/; https://www.maxpreps.com/pa/vandergrift/kiski-area-cavaliers/football/; https://www.maxpreps.com/pa/wallingford/strath-haven-panthers/football/; https://www.maxpreps.com/pa/warminster/archbishop-wood-vikings/football/; https://www.maxpreps.com/pa/warminster/william-tennent-panthers/football/; https://www.maxpreps.com/pa/warren/warren-dragons/football/
21937,Hot Springs National Park Cutter-Morning Star (AR),,AR,ambiguous_qualifier,https://www.maxpreps.com/ar/hot-springs/lakeside-rams/football/; https://www.maxpreps.com/ar/hot-springs/hot-springs-trojans/football/; https://www.maxpreps.com/ar/hot-springs-national-park/cutter-morning-star-eagles/football/
22070,Somerset County Lloyd Mccorkle Training School For Boys And Girls (NJ),,NJ,no_city_state_match,https://www.maxpreps.com/nj/runnemede/triton-mustangs/football/; https://www.maxpreps.com/nj/rutherford/rutherford-bulldogs/football/; https://www.maxpreps.com/nj/rutherford/st-mary-gaels/football/; https://www.maxpreps.com/nj/saddle-brook/saddle-brook-falcons/football/; https://www.maxpreps.com/nj/salem/salem-rams/football/; https://www.maxpreps.com/nj/scotch-plains/scotch-plains-fanwood-raiders/football/; https://www.maxpreps.com/nj/seabrook/cumberland-colts/football/; https://www.maxpreps.com/nj/secaucus/secaucus-patriots/football/; https://www.maxpreps.com/nj/sewell/washington-township-minutemen/football/; https://www.maxpreps.com/nj/skillman/montgomery-cougars/football/; https://www.maxpreps.com/nj/somerdale/sterling-silver-knights/football/
22170,Utah School for the Deaf (UT),,UT,no_city_state_match,https://www.maxpreps.com/ut/roy/roy-royals/football/; https://www.maxpreps.com/ut/salem/salem-hills-skyhawks/football/; https://www.maxpreps.com/ut/salt-lake-city/brighton-bengals/football/; https://www.maxpreps.com/ut/salt-lake-city/cottonwood-colts/football/; https://www.maxpreps.com/ut/salt-lake-city/east-leopards/football/; https://www.maxpreps.com/ut/salt-lake-city/highland-rams/football/; https://www.maxpreps.com/ut/salt-lake-city/judge-memorial-catholic-bulldogs/football/; https://www.maxpreps.com/ut/salt-lake-city/olympus-titans/football/; https://www.maxpreps.com/ut/salt-lake-city/skyline-eagles/football/; https://www.maxpreps.com/ut/salt-lake-city/west-panthers/football/; https://www.maxpreps.com/ut/sandy/alta-hawks/football/; https://www.maxpreps.com/ut/sandy/jordan-beetdiggers/football/; https://www.maxpreps.com/ut/saratoga-springs/westlake-thunder/football/; https://www.maxpreps.com/ut/smithfield/sky-view-bobcats/football/; https://www.maxpreps.com/ut/south-jordan/bingham-miners/football/; https://www.maxpreps.com/ut/spanish-fork/american-leadership-academy-eagles/football/; https://www.maxpreps.com/ut/spanish-fork/maple-mountain-golden-eagles/football/; https://www.maxpreps.com/ut/spanish-fork/spanish-fork-dons/football/; https://www.maxpreps.com/ut/springville/springville-red-devils/football/; https://www.maxpreps.com/ut/st-george/desert-hills-thunder/football/; https://www.maxpreps.com/ut/st-george/dixie-flyers/football/; https://www.maxpreps.com/ut/st-george/pine-view-panthers/football/; https://www.maxpreps.com/ut/st-george/snow-canyon-warriors/football/; https://www.maxpreps.com/ut/stansbury-park/stansbury-stallions/football/; https://www.maxpreps.com/ut/syracuse/syracuse-titans/football/; https://www.maxpreps.com/ut/taylorsville/taylorsville-warriors/football/; https://www.maxpreps.com/ut/tooele/tooele-buffaloes/football/
22274,Scotland School for Veteran's Children (PA),,PA,no_city_state_match,https://www.maxpreps.com/pa/saegertown/saegertown-panthers/football/; https://www.maxpreps.com/pa/saltsburg/kiski-school-cougars/football/; https://www.maxpreps.com/pa/saxonburg/knoch-knights/football/; https://www.maxpreps.com/pa/saxton/tussey-mountain-titans/football/; https://www.maxpreps.com/pa/sayre/sayre-redskins/football/; https://www.maxpreps.com/pa/schuylkill-haven/blue-mountain-eagles/football/; https://www.maxpreps.com/pa/schuylkill-haven/schuylkill-haven-hurricanes/football/; https://www.maxpreps.com/pa/st-marys/st-marys-flying-dutch/football/
22282,Apex South Wake HomeSchool (NC),,NC,ambiguous_qualifier,https://www.maxpreps.com/nc/apex/middle-creek-mustangs/football/; https://www.maxpreps.com/nc/apex/apex-cougars/football/; https://www.maxpreps.com/nc/apex/south-wake-lions/football/
22302,West Saint Paul (MN),,MN,no_city_state_match,https://www.maxpreps.com/mn/wabasso/wabasso-rabbits/football/; https://www.maxpreps.com/mn/waconia/waconia-wildcats/football/; https://www.maxpreps.com/mn/wadena/wadena-deer-creek-wolverines/football/; https://www.maxpreps.com/mn/walker/walker-hackensack-akeley-wolves/football/; https://www.maxpreps.com/mn/warren/warren-alvarado-oslo-ponies/football/; https://www.maxpreps.com/mn/warroad/warroad-warriors/football/; https://www.maxpreps.com/mn/waseca/waseca-bluejays/football/; https://www.maxpreps.com/mn/watertown/watertown-mayer-royals/football/; https://www.maxpreps.com/mn/waterville/waterville-elysian-morristown-buccaneers/football/; https://www.maxpreps.com/mn/wells/united-south-central-genesis-classical-academy/football/
22635,Wheeling Linsly Military Institute (WV),,WV,ambiguous_qualifier,https://www.maxpreps.com/wv/wheeling/wheeling-central-catholic-maroon-knights/football/; https://www.maxpreps.com/wv/wheeling/linsly-cadets/football/
22756,Detroit St. Francis De Sales (MI),,MI,ambiguous_qualifier,https://www.maxpreps.com/mi/detroit/denby-tars/football/; https://www.maxpreps.com/mi/detroit/cass-tech-technicians/football/; https://www.maxpreps.com/mi/detroit/douglass-hurricanes/football/; https://www.maxpreps.com/mi/detroit/pershing-doughboys/football/; https://www.maxpreps.com/mi/detroit/east-english-village-prep/football/; https://www.maxpreps.com/mi/detroit/loyola-bull-dogs/football/; https://www.maxpreps.com/mi/detroit/voyageur-academy-cougar/football/; https://www.maxpreps.com/mi/detroit/edison-academy-pioneers/football/; https://www.maxpreps.com/mi/detroit/lincoln-king-academy-eagles/football/; https://www.maxpreps.com/mi/detroit/western-international-cowboys/football/; https://www.maxpreps.com/mi/detroit/detroit-collegiate-prep/football/; https://www.maxpreps.com/mi/detroit/old-redford-academy-ravens/football/; https://www.maxpreps.com/mi/detroit/mumford-mustangs/football/; https://www.maxpreps.com/mi/detroit/communication-media-arts-pharaohs/football/; https://www.maxpreps.com/mi/detroit/university-prep-science-and-math-cobra/football/; https://www.maxpreps.com/mi/detroit/detroit-community-hurricanes/football/; https://www.maxpreps.com/mi/detroit/cody-comets/football/; https://www.maxpreps.com/mi/detroit/university-prep-panthers/football/; https://www.maxpreps.com/mi/detroit/consortium-college-prep-cougars/football/; https://www.maxpreps.com/mi/detroit/osborn-knights/football/
22811,Clearbrook Stonewall Jackson (VA),,VA,no_city_state_match,https://www.maxpreps.com/va/blacksburg/blacksburg-bruins/football/; https://www.maxpreps.com/va/blackstone/kenston-forest-kavaliers/football/; https://www.maxpreps.com/va/bridgewater/turner-ashby-knights/football/; https://www.maxpreps.com/va/bristol/john-battle-trojans/football/; https://www.maxpreps.com/va/bristol/virginia-high-bearcats/football/; https://www.maxpreps.com/va/broadway/broadway-gobblers/football/; https://www.maxpreps.com/va/buchanan/james-river-knights/football/; https://www.maxpreps.com/va/buckingham/buckingham-knights/football/; https://www.maxpreps.com/va/buena-vista/parry-mccluer-fighting-blues/football/; https://www.maxpreps.com/va/chantilly/chantilly-chargers/football/; https://www.maxpreps.com/va/chantilly/st-paul-vi-panthers/football/; https://www.maxpreps.com/va/chantilly/westfield-bulldogs/football/; https://www.maxpreps.com/va/charles-city/charles-city-panthers/football/; https://www.maxpreps.com/va/charlotte-court-house/randolph-henry-statesmen/football/; https://www.maxpreps.com/va/charlottesville/albemarle-patriots/football/; https://www.maxpreps.com/va/charlottesville/charlottesville-black-knights/football/; https://www.maxpreps.com/va/charlottesville/monticello-mustangs/football/; https://www.maxpreps.com/va/charlottesville/st-annes-belfield-saints/football/; https://www.maxpreps.com/va/chatham/chatham-cavaliers/football/; https://www.maxpreps.com/va/chatham/hargrave-military-academy-tigers/football/; https://www.maxpreps.com/va/chesapeake/atlantic-shores-christian-seahawks/football/; https://www.maxpreps.com/va/chesapeake/deep-creek-hornets/football/; https://www.maxpreps.com/va/chesapeake/grassfield-grizzlies/football/; https://www.maxpreps.com/va/chesapeake/great-bridge-wildcats/football/; https://www.maxpreps.com/va/chesapeake/greenbrier-christian-academy-gators/football/; https://www.maxpreps.com/va/chesapeake/hickory-hawks/football/; https://www.maxpreps.com/va/chesapeake/indian-river-braves/football/; https://www.maxpreps.com/va/chesapeake/oscar-smith-tigers/football/; https://www.maxpreps.com/va/chesapeake/western-branch-bruins/football/; https://www.maxpreps.com/va/chester/life-christian-academy-eagles/football/; https://www.maxpreps.com/va/chester/thomas-dale-knights/football/; https://www.maxpreps.com/va/chesterfield/lc-bird-skyhawks/football/; https://www.maxpreps.com/va/chesterfield/matoaca-warriors/football/; https://www.maxpreps.com/va/chilhowie/chilhowie-warriors/football/; https://www.maxpreps.com/va/chincoteague/chincoteague-ponies/football/; https://www.maxpreps.com/va/christchurch/christchurch-school-seahorses/football/; https://www.maxpreps.com/va/christiansburg/christiansburg-blue-demons/football/; https://www.maxpreps.com/va/rocky-gap/bland-county-bears/football/
22878,Tallahassee Florida High (FL),,FL,no_city_state_match,https://www.maxpreps.com/ga/suwanee/collins-hill-eagles/football/; https://www.maxpreps.com/ga/suwanee/lambert-longhorns/football/; https://www.maxpreps.com/ga/suwanee/north-gwinnett-bulldogs/football/; https://www.maxpreps.com/ga/suwanee/peachtree-ridge-lions/football/; https://www.maxpreps.com/ga/swainsboro/swainsboro-tigers/football/; https://www.maxpreps.com/ga/sylvania/screven-county-gamecocks/football/; https://www.maxpreps.com/ga/sylvester/worth-county-rams/football/; https://www.maxpreps.com/ga/talbotton/central-hawks/football/
23498,Oklahoma City Northeast (OK),,OK,no_city_state_match,https://www.maxpreps.com/oh/norton/norton-panthers/football/
23586,Western-Wyanet-DePue (IL),,IL,no_city_state_match,https://www.maxpreps.com/il/watseka/watseka-warriors/football/; https://www.maxpreps.com/il/wauconda/wauconda-bulldogs/football/; https://www.maxpreps.com/il/waukegan/waukegan-bulldogs/football/; https://www.maxpreps.com/il/west-chicago/west-chicago-wildcats/football/; https://www.maxpreps.com/il/west-chicago/wheaton-academy-warriors/football/
23605,Otisville (MI),,MI,no_city_state_match,https://www.maxpreps.com/mi/munising/munising-mustangs/football/; https://www.maxpreps.com/mi/muskegon-heights/muskegon-heights-tigers/football/; https://www.maxpreps.com/mi/muskegon/muskegon-big-reds/football/; https://www.maxpreps.com/mi/muskegon/muskegon-catholic-central-crusaders/football/; https://www.maxpreps.com/mi/muskegon/oakridge-eagles/football/; https://www.maxpreps.com/mi/muskegon/orchard-view-cardinals/football/; https://www.maxpreps.com/mi/muskegon/reeths-puffer-rockets/football/; https://www.maxpreps.com/mi/napoleon/napoleon-pirates/football/; https://www.maxpreps.com/mi/negaunee/negaunee-miners/football/; https://www.maxpreps.com/mi/new-boston/huron-chiefs/football/; https://www.maxpreps.com/mi/new-buffalo/new-buffalo-bison/football/; https://www.maxpreps.com/mi/new-haven/new-haven-rockets/football/; https://www.maxpreps.com/mi/north-muskegon/north-muskegon-norsemen/football/; https://www.maxpreps.com/mi/northville/northville-mustangs/football/; https://www.maxpreps.com/mi/norton-shores/mona-shores-sailors/football/; https://www.maxpreps.com/mi/onsted/onsted-wildcats/football/; https://www.maxpreps.com/mi/ontonagon/ontonagon-gladiators/football/; https://www.maxpreps.com/mi/orchard-lake/st-marys-prep-eaglets/football/
23632,Pottsville Nativity Blessed Virgin Mary (PA),,PA,ambiguous_qualifier,https://www.maxpreps.com/pa/pottsville/pottsville-crimson-tide/football/; https://www.maxpreps.com/pa/pottsville/nativity-bvm-green-wave/football/
23730,Springlake-Earth (TX),,TX,no_city_state_match,https://www.maxpreps.com/tx/premont/premont-cowboys/football/
23763,Mississippi County (AR),,AR,no_city_state_match,https://www.maxpreps.com/ar/marion/marion-patriots/football/; https://www.maxpreps.com/ar/marked-tree/marked-tree-indians/football/; https://www.maxpreps.com/ar/marshall/marshall-bobcats/football/; https://www.maxpreps.com/ar/marvell/marvell-academy-eagles/football/; https://www.maxpreps.com/ar/maumelle/maumelle-hornets/football/; https://www.maxpreps.com/ar/mayflower/mayflower-eagles/football/; https://www.maxpreps.com/ar/mccrory/mccrory-jaguars/football/; https://www.maxpreps.com/ar/mcgehee/mcgehee-owls/football/; https://www.maxpreps.com/ar/melbourne/melbourne-bearkatz/football/; https://www.maxpreps.com/ar/mineral-springs/mineral-springs-hornets/football/
23841,Mount Sterling (KY),,KY,no_city_state_match,https://www.maxpreps.com/in/lebanon/lebanon-tigers/football/; https://www.maxpreps.com/in/leo/leo-lions/football/; https://www.maxpreps.com/in/leopold/perry-central-commodores/football/; https://www.maxpreps.com/in/liberty/union-county-patriots/football/; https://www.maxpreps.com/in/ligonier/west-noble-chargers/football/; https://www.maxpreps.com/in/lincoln-city/heritage-hills-patriots/football/; https://www.maxpreps.com/in/linton/linton-stockton-miners/football/; https://www.maxpreps.com/in/lizton/tri-west-hendricks-bruins/football/; https://www.maxpreps.com/in/logansport/logansport-berries/football/; https://www.maxpreps.com/ky/louisville/doss-dragons/football/; https://www.maxpreps.com/ky/louisville/dupont-manual-crimsons/football/; https://www.maxpreps.com/ky/louisville/eastern-eagles/football/; https://www.maxpreps.com/ky/louisville/fern-creek-tigers/football/; https://www.maxpreps.com/ky/louisville/holy-cross-cougars/football/; https://www.maxpreps.com/ky/louisville/iroquois-raiders/football/; https://www.maxpreps.com/ky/louisville/jeffersontown-chargers/football/; https://www.maxpreps.com/ky/louisville/kentucky-country-day-bearcats/football/; https://www.maxpreps.com/ky/louisville/male-bulldogs/football/; https://www.maxpreps.com/ky/louisville/moore-mustangs/football/; https://www.maxpreps.com/ky/louisville/pleasure-ridge-park-panthers/football/; https://www.maxpreps.com/ky/louisville/seneca-red-hawks/football/; https://www.maxpreps.com/ky/louisville/shawnee-golden-eagles/football/; https://www.maxpreps.com/ky/louisville/southern-trojans/football/; https://www.maxpreps.com/ky/louisville/st-xavier-tigers/football/; https://www.maxpreps.com/ky/louisville/trinity-shamrocks/football/; https://www.maxpreps.com/ky/louisville/valley-vikings/football/; https://www.maxpreps.com/ky/louisville/waggener-wildcats/football/; https://www.maxpreps.com/ky/louisville/western-warriors/football/; https://www.maxpreps.com/ky/ludlow/ludlow-panthers/football/; https://www.maxpreps.com/ky/madisonville/hopkins-county-central-storm/football/; https://www.maxpreps.com/ky/manchester/clay-county-tigers/football/; https://www.maxpreps.com/ky/marion/crittenden-county-rockets/football/; https://www.maxpreps.com/ky/mayfield/graves-county-eagles/football/; https://www.maxpreps.com/ky/mayfield/mayfield-cardinals/football/; https://www.maxpreps.com/ky/maysville/mason-county-royals/football/; https://www.maxpreps.com/ky/mckee/jackson-county-generals/football/; https://www.maxpreps.com/ky/middlesboro/middlesboro-yellowjackets/football/; https://www.maxpreps.com/ky/monticello/wayne-county-cardinals/football/; https://www.maxpreps.com/ky/morehead/rowan-county-vikings/football/; https://www.maxpreps.com/ky/morganfield/union-county-braves/football/; https://www.maxpreps.com/ky/morgantown/butler-county-bears/football/
24346,Carlsbad Army & Navy Academy Frosh (CA),,CA,ambiguous_qualifier,https://www.maxpreps.com/ca/carlsbad/carlsbad-lancers/football/; https://www.maxpreps.com/ca/carlsbad/army-navy-warriors/football/
24354,Coventry-Windham RVT-Bolton-Lyman Memorial (CT),,CT,no_city_state_match,https://www.maxpreps.com/ct/bristol/bristol-central-rams/football/; https://www.maxpreps.com/ct/bristol/bristol-eastern-lancers/football/; https://www.maxpreps.com/ct/bristol/st-paul-catholic-falcons/football/; https://www.maxpreps.com/ct/brookfield/brookfield-bobcats/football/; https://www.maxpreps.com/ct/burlington/lewis-mills-spartans/football/; https://www.maxpreps.com/ct/central-village/plainfield-panthers/football/; https://www.maxpreps.com/ct/cheshire/cheshire-academy-cats/football/; https://www.maxpreps.com/ct/cheshire/cheshire-rams/football/; https://www.maxpreps.com/ct/clinton/morgan-huskies/football/; https://www.maxpreps.com/ct/colchester/bacon-academy-bobcats/football/
24531,Lawrence Woodmere Academy (NY),,NY,no_city_state_match,https://www.maxpreps.com/ny/lackawanna/lackawanna-steelers/football/; https://www.maxpreps.com/ny/lagrangeville/arlington-admirals/football/; https://www.maxpreps.com/ny/lake-huntington/sullivan-west-bulldogs/football/; https://www.maxpreps.com/ny/lake-ronkonkoma/sachem-north/football/; https://www.maxpreps.com/ny/lancaster/lancaster-legends/football/; https://www.maxpreps.com/ny/lancaster/st-marys-lancers/football/; https://www.maxpreps.com/ny/lansing/lansing-bobcats/football/; https://www.maxpreps.com/ny/latham/shaker-bison/football/
24541,Lockett (TX),,TX,no_city_state_match,https://www.maxpreps.com/tx/llano/llano-yellowjackets/football/
25027,Crenshaw County Training (AL),,AL,no_city_state_match,https://www.maxpreps.com/al/collinsville/collinsville-panthers/football/; https://www.maxpreps.com/al/columbia/houston-county-lions/football/; https://www.maxpreps.com/al/columbiana/cornerstone-christian-chargers/football/; https://www.maxpreps.com/al/columbiana/shelby-county-wildcats/football/; https://www.maxpreps.com/al/cordova/cordova-blue-devils/football/; https://www.maxpreps.com/al/cottondale/paul-w-bryant-stampede/football/; https://www.maxpreps.com/al/cottondale/tuscaloosa-christian-warriors/football/; https://www.maxpreps.com/al/cottonwood/cottonwood-bears/football/
25436,Wind Ridge Richhill Township (PA),,PA,no_city_state_match,https://www.maxpreps.com/pa/wexford/north-allegheny-tigers/football/; https://www.maxpreps.com/pa/whitehall/whitehall-zephyrs/football/; https://www.maxpreps.com/pa/wilkes-barre/holy-redeemer-royals/football/; https://www.maxpreps.com/pa/williamsport/loyalsock-township-lancers/football/; https://www.maxpreps.com/pa/williamsport/williamsport-millionaires/football/; https://www.maxpreps.com/pa/willow-grove/upper-moreland-bears/football/; https://www.maxpreps.com/pa/york/west-york-area-bulldogs/football/
25463,Wilmington Mt. Pleasant (DE),,DE,ambiguous_qualifier,https://www.maxpreps.com/de/wilmington/wilmington-charter-force/football/; https://www.maxpreps.com/de/wilmington/concord-raiders/football/; https://www.maxpreps.com/de/wilmington/mount-pleasant-green-knights/football/; https://www.maxpreps.com/de/wilmington/dickinson-rams/football/; https://www.maxpreps.com/de/wilmington/dupont-tigers/football/; https://www.maxpreps.com/de/wilmington/delcastle-technical-cougars/football/; https://www.maxpreps.com/de/wilmington/conrad-science-red-wolves/football/; https://www.maxpreps.com/de/wilmington/wilmington-friends-quakers/football/; https://www.maxpreps.com/de/wilmington/brandywine-bulldogs/football/; https://www.maxpreps.com/de/wilmington/mckean-highlanders/football/; https://www.maxpreps.com/de/wilmington/delaware-military-academy-seahawks/football/; https://www.maxpreps.com/de/wilmington/howard-wildcats/football/
25564,Claremont The Webb Schools (CA),,CA,ambiguous_qualifier,https://www.maxpreps.com/ca/claremont/claremont-wolfpack/football/; https://www.maxpreps.com/ca/claremont/the-webb-school-gauls/football/
25772,Agra Eastern Heights (KS),,KS,no_city_state_match,https://www.maxpreps.com/ks/abilene/abilene-cowboys/football/
26134,Sanford-Fritch (TX),,TX,no_city_state_match,https://www.maxpreps.com/tx/andrews/andrews-mustangs/football/
26274,Santee Bible Missionary Fellowship Christian (CA),,CA,no_city_state_match,https://www.maxpreps.com/ca/santa-rosa/maria-carrillo-pumas/football/; https://www.maxpreps.com/ca/santa-rosa/montgomery-vikings/football/; https://www.maxpreps.com/ca/santa-rosa/piner-prospectors/football/; https://www.maxpreps.com/ca/santa-rosa/roseland-university-prep-knights/football/; https://www.maxpreps.com/ca/santa-ynez/santa-ynez-pirates/football/
26303,Galena Park Fidelity Manor (TX),,TX,no_city_state_match,https://www.maxpreps.com/tx/bridgeport/bridgeport-bulls/football/; https://www.maxpreps.com/tx/ozona/ozona-lions/football/
26423,New Mexico State University (NM),,NM,no_city_state_match,https://www.maxpreps.com/nm/los-lunas/valencia-jaguars/football/; https://www.maxpreps.com/nm/loving/loving-falcons/football/; https://www.maxpreps.com/nm/lovington/lovington-wildcats/football/; https://www.maxpreps.com/nm/magdalena/alamo-navajo-cougars/football/; https://www.maxpreps.com/nm/magdalena/magdalena-steers/football/; https://www.maxpreps.com/nm/melrose/melrose-buffaloes/football/; https://www.maxpreps.com/nm/mescalero/mescalero-apache-chiefs/football/; https://www.maxpreps.com/nm/moriarty/moriarty-pintos/football/; https://www.maxpreps.com/nm/mountainair/mountainair-mustangs/football/; https://www.maxpreps.com/nm/navajo/navajo-pine-warriors/football/; https://www.maxpreps.com/nm/new-laguna/laguna-acoma-hawks/football/
26572,Pelahatchie East Rankin Academy (MS),,MS,ambiguous_qualifier,https://www.maxpreps.com/ms/pelahatchie/east-rankin-academy-patriots/football/; https://www.maxpreps.com/ms/pelahatchie/pelahatchie-chiefs/football/
26582,Louisville (KY),,KY,no_city_state_match,https://www.maxpreps.com/al/letohatchee/calhoun-tigers/football/; https://www.maxpreps.com/al/lexington/lexington-golden-bears/football/; https://www.maxpreps.com/al/lincoln/lincoln-golden-bears/football/; https://www.maxpreps.com/al/linden/linden-patriots/football/; https://www.maxpreps.com/al/lineville/central-of-clay-county-volunteers/football/; https://www.maxpreps.com/al/loachapoka/loachapoka-indians/football/; https://www.maxpreps.com/al/locust-fork/locust-fork-hornets/football/
26799,Stephen F. Austin (TX),,TX,no_city_state_match,https://www.maxpreps.com/tx/temple/centex-homeschool-chargers/football/; https://www.maxpreps.com/tx/temple/central-texas-christian-lions/football/; https://www.maxpreps.com/tx/temple/holy-trinity-catholic-celtics/football/; https://www.maxpreps.com/tx/tenaha/tenaha-tigers/football/
26933,Notre Dame Univerity Walsh Hall (IN),,IN,no_city_state_match,https://www.maxpreps.com/in/nappanee/northwood-panthers/football/; https://www.maxpreps.com/in/nashville/brown-county-eagles/football/; https://www.maxpreps.com/in/new-albany/new-albany-bulldogs/football/; https://www.maxpreps.com/in/north-judson/north-judson-san-pierre-bluejays/football/; https://www.maxpreps.com/in/north-manchester/manchester-squires/football/; https://www.maxpreps.com/in/north-vernon/jennings-county-panthers/football/; https://www.maxpreps.com/in/union-mills/south-central-satellites/football/
27311,Cincinnati Summit Country Day (OH),,OH,ambiguous_qualifier,https://www.maxpreps.com/oh/cincinnati/hughes-big-red/football/; https://www.maxpreps.com/oh/cincinnati/finneytown-wildcats/football/; https://www.maxpreps.com/oh/cincinnati/cincinnati-landmark-eagles/football/; https://www.maxpreps.com/oh/cincinnati/elder-panthers/football/; https://www.maxpreps.com/oh/cincinnati/mariemont-warriors/football/; https://www.maxpreps.com/oh/cincinnati/northwest-knights/football/; https://www.maxpreps.com/oh/cincinnati/shroder-paideia-academy-jaguars/football/; https://www.maxpreps.com/oh/cincinnati/anderson-raptors/football/; https://www.maxpreps.com/oh/cincinnati/archbishop-moeller-fighting-crusaders/football/; https://www.maxpreps.com/oh/cincinnati/cincinnati-hills-christian-academy-eagles/football/; https://www.maxpreps.com/oh/cincinnati/deer-park-wildcats/football/; https://www.maxpreps.com/oh/cincinnati/princeton-vikings/football/; https://www.maxpreps.com/oh/cincinnati/miami-valley-christian-academy-lions/football/; https://www.maxpreps.com/oh/cincinnati/summit-country-day-silver-knights/football/; https://www.maxpreps.com/oh/cincinnati/indian-hill-braves/football/; https://www.maxpreps.com/oh/cincinnati/clark-montessori-cougars/football/; https://www.maxpreps.com/oh/cincinnati/colerain-cardinals/football/; https://www.maxpreps.com/oh/cincinnati/la-salle-lancers/football/; https://www.maxpreps.com/oh/cincinnati/purcell-marian-cavaliers/football/; https://www.maxpreps.com/oh/cincinnati/mt-healthy-fighting-owls/football/; https://www.maxpreps.com/oh/cincinnati/gamble-montessori-gators/football/; https://www.maxpreps.com/oh/cincinnati/st-xavier-bombers/football/; https://www.maxpreps.com/oh/cincinnati/madeira-mustangs-amazons/football/; https://www.maxpreps.com/oh/cincinnati/oak-hills-highlanders/football/; https://www.maxpreps.com/oh/cincinnati/archbishop-mcnicholas-rockets/football/
27610,Edwardsville Metro-East Lutheran (IL),,IL,ambiguous_qualifier,https://www.maxpreps.com/il/edwardsville/metro-east-lutheran-knights/football/; https://www.maxpreps.com/il/edwardsville/edwardsville-tigers/football/
28387,Lanier (AL),,AL,no_city_state_match,https://www.maxpreps.com/al/lanett/springwood-wildcats/football/
28708,Detroit St. Stanislaus (MI),,MI,ambiguous_qualifier,https://www.maxpreps.com/mi/detroit/southeastern-jungaleers/football/; https://www.maxpreps.com/mi/detroit/renaissance-phoenix/football/
28965,Washington St. John's College (DC),Washington,DC,ambiguous_qualifier,https://www.maxpreps.com/dc/washington/archbishop-carroll-lions/football/; https://www.maxpreps.com/dc/washington/mckinley-tech-trainers/football/; https://www.maxpreps.com/dc/washington/jackson-reed-tigers/football/; https://www.maxpreps.com/dc/washington/richard-wright-public-charter-school-spartans/football/; https://www.maxpreps.com/dc/washington/maret-frogs/football/; https://www.maxpreps.com/dc/washington/roosevelt-roughriders/football/; https://www.maxpreps.com/dc/washington/friendship-collegiate-academy-knights/football/; https://www.maxpreps.com/dc/washington/kipp-college-prep-panthers/football/; https://www.maxpreps.com/dc/washington/st-albans-bulldogs/football/; https://www.maxpreps.com/dc/washington/anacostia-indians/football/; https://www.maxpreps.com/dc/washington/model-secondary-school-for-the-deaf-eagles/football/; https://www.maxpreps.com/dc/washington/paul-public-charter-international-pirates/football/; https://www.maxpreps.com/dc/washington/dunbar-crimson-tide/football/; https://www.maxpreps.com/dc/washington/bell-griffins/football/; https://www.maxpreps.com/dc/washington/phelps-architecture-construction-and-engineering-panthers/football/; https://www.maxpreps.com/dc/washington/cardozo-clerks/football/; https://www.maxpreps.com/dc/washington/ron-brown-monarchs/football/; https://www.maxpreps.com/dc/washington/gonzaga-eagles/football/; https://www.maxpreps.com/dc/washington/sidwell-friends-quakers/football/; https://www.maxpreps.com/dc/washington/kipp-dc-legacy-college-prep-bulldogs/football/; https://www.maxpreps.com/dc/washington/eastern-ramblers/football/; https://www.maxpreps.com/dc/washington/ballou-knights/football/; https://www.maxpreps.com/dc/washington/coolidge-colts/football/
29081,Cabarrus [Cannon-Concord First Assembly Academy] (NC),,NC,no_city_state_match,https://www.maxpreps.com/nc/black-mountain/charles-d-owen-warhorses/football/; https://www.maxpreps.com/nc/bladenboro/west-bladen-knights/football/; https://www.maxpreps.com/nc/boone/watauga-pioneers/football/; https://www.maxpreps.com/nc/boonville/starmount-rams/football/; https://www.maxpreps.com/nc/brevard/brevard-blue-devils/football/; https://www.maxpreps.com/nc/bryson-city/swain-county-maroon-devils/football/; https://www.maxpreps.com/nc/bunn/bunn-wildcats/football/; https://www.maxpreps.com/nc/burgaw/pender-patriots/football/; https://www.maxpreps.com/nc/burlington/cummings-cavaliers/football/; https://www.maxpreps.com/nc/burlington/walter-m-williams-bulldogs/football/; https://www.maxpreps.com/nc/burnsville/mountain-heritage-cougars/football/
29184,Briggs (TX),,TX,no_city_state_match,https://www.maxpreps.com/tx/riesel/riesel-indians/football/
29256,Warwick Veterans Memorial (RI),,RI,ambiguous_qualifier,https://www.maxpreps.com/ri/warwick/toll-gate-titans/football/; https://www.maxpreps.com/ri/warwick/pilgrim-patriots/football/; https://www.maxpreps.com/ri/warwick/bishop-hendricken-hawks/football/
29480,Williamsburg James Blair (VA),,VA,no_city_state_match,https://www.maxpreps.com/va/springfield/west-springfield-spartans/football/; https://www.maxpreps.com/va/virginia-beach/bayside-marlins/football/; https://www.maxpreps.com/va/virginia-beach/cox-falcons/football/; https://www.maxpreps.com/va/virginia-beach/first-colonial-patriots/football/; https://www.maxpreps.com/va/virginia-beach/green-run-stallions/football/; https://www.maxpreps.com/va/virginia-beach/kellam-knights/football/; https://www.maxpreps.com/va/virginia-beach/kempsville-chiefs/football/; https://www.maxpreps.com/va/virginia-beach/landstown-eagles/football/; https://www.maxpreps.com/va/virginia-beach/ocean-lakes-dolphins/football/; https://www.maxpreps.com/va/virginia-beach/princess-anne-cavaliers/football/; https://www.maxpreps.com/va/virginia-beach/salem-sundevils/football/; https://www.maxpreps.com/va/virginia-beach/tallwood-lions/football/; https://www.maxpreps.com/va/warrenton/fauquier-falcons/football/; https://www.maxpreps.com/va/warsaw/rappahannock-raiders/football/; https://www.maxpreps.com/va/waynesboro/fishburne-military-caissons/football/; https://www.maxpreps.com/va/west-point/west-point-pointers/football/
29571,Parma Byzantine Catholic (OH),,OH,ambiguous_qualifier,https://www.maxpreps.com/oh/parma/normandy-invaders/football/; https://www.maxpreps.com/oh/parma/padua-franciscan-bruins/football/
29860,Roland-Story (IA),,IA,no_city_state_match,https://www.maxpreps.com/ia/story-city/roland-story-norsemen/football/
29995,Wichita Falls JV (TX),,TX,no_city_state_match,https://www.maxpreps.com/tx/westbrook/westbrook-wildcats/football/
30618,San Antonio Main Avenue (TX),,TX,ambiguous_qualifier,https://www.maxpreps.com/tx/san-antonio/lanier-voks/football/; https://www.maxpreps.com/tx/san-antonio/lee-volunteers/football/; https://www.maxpreps.com/tx/san-antonio/jubilee-lions/football/; https://www.maxpreps.com/tx/san-antonio/madison-mavericks/football/; https://www.maxpreps.com/tx/san-antonio/lutheran-mustangs/football/; https://www.maxpreps.com/tx/san-antonio/macarthur-brahmas/football/
30788,North Fort Myers Mariner (FL),,FL,no_city_state_match,https://www.maxpreps.com/fl/newberry/newberry-panthers/football/; https://www.maxpreps.com/fl/niceville/niceville-eagles/football/
30832,Columbus St. Thomas Aquinas (OH),,OH,ambiguous_qualifier,https://www.maxpreps.com/oh/columbus/south-bulldogs/football/; https://www.maxpreps.com/oh/columbus/st-francis-desales-stallions/football/; https://www.maxpreps.com/oh/columbus/eastmoor-academy-warriors/football/; https://www.maxpreps.com/oh/columbus/linden-mckinley-panthers/football/; https://www.maxpreps.com/oh/columbus/marion-franklin-red-devils/football/; https://www.maxpreps.com/oh/columbus/hamilton-township-rangers/football/; https://www.maxpreps.com/oh/columbus/grandview-heights-bobcats/football/; https://www.maxpreps.com/oh/columbus/mifflin-punchers/football/; https://www.maxpreps.com/oh/columbus/st-charles-cardinals/football/; https://www.maxpreps.com/oh/columbus/east-tigers/football/; https://www.maxpreps.com/oh/columbus/independence-76ers/football/; https://www.maxpreps.com/oh/columbus/bishop-watterson-eagles/football/; https://www.maxpreps.com/oh/columbus/franklin-heights-falcons/football/; https://www.maxpreps.com/oh/columbus/briggs-bruins/football/; https://www.maxpreps.com/oh/columbus/northland-vikings/football/; https://www.maxpreps.com/oh/columbus/centennial-stars/football/
31169,San Miguel (CA),,CA,no_city_state_match,https://www.maxpreps.com/ca/san-mateo/hillsdale-fighting-knights/football/; https://www.maxpreps.com/ca/san-mateo/junipero-serra-padres/football/
31443,King & Queen Central (VA),,VA,no_city_state_match,https://www.maxpreps.com/va/king-and-queen-court-house/king-and-queen-central-royal-tigers/football/
31465,United States Naval Academy Plebes (MD),Annapolis,MD,no_city_state_match,https://www.maxpreps.com/md/sykesville/century-knights/football/; https://www.maxpreps.com/md/sykesville/liberty-lions/football/; https://www.maxpreps.com/md/sykesville/south-carroll-cavaliers/football/; https://www.maxpreps.com/md/temple-hills/crossland-cavaliers/football/; https://www.maxpreps.com/md/thurmont/catoctin-cougars/football/; https://www.maxpreps.com/md/timonium/dulaney-lions/football/; https://www.maxpreps.com/md/towson/concordia-prep-saints/football/; https://www.maxpreps.com/md/towson/loch-raven-raiders/football/; https://www.maxpreps.com/md/towson/loyola-blakefield-dons/football/; https://www.maxpreps.com/md/towson/towson-generals/football/; https://www.maxpreps.com/md/union-bridge/francis-scott-key-eagles/football/; https://www.maxpreps.com/md/upper-marlboro/douglass-eagles/football/; https://www.maxpreps.com/md/upper-marlboro/largo-lions/football/; https://www.maxpreps.com/md/upper-marlboro/riverdale-baptist-rbs/football/; https://www.maxpreps.com/md/upper-marlboro/wise-pumas/football/; https://www.maxpreps.com/md/waldorf/north-point-eagles/football/; https://www.maxpreps.com/md/waldorf/st-charles/football/; https://www.maxpreps.com/md/waldorf/thomas-stone-cougars/football/; https://www.maxpreps.com/md/waldorf/westlake-wolverines/football/; https://www.maxpreps.com/md/walkersville/walkersville-lions/football/
31727,Brazos Consolidated (TX),,TX,no_city_state_match,https://www.maxpreps.com/tx/raymondville/raymondville-bearkats/football/
32111,Central McLean co-op [Underwood-Turtle Lake-Mercer] (ND),,ND,no_city_state_match,https://www.maxpreps.com/nd/alexander/alexander/football/; https://www.maxpreps.com/nd/beach/beach-buccaneers/football/; https://www.maxpreps.com/nd/belcourt/turtle-mountain-braves/football/; https://www.maxpreps.com/nd/berthold/lewis-and-clark-berthold-our-redeemers-christian-north-shore-bombers/football/; https://www.maxpreps.com/nd/beulah/beulah-goldiggers/football/; https://www.maxpreps.com/nd/bismarck/bismarck-demons/football/; https://www.maxpreps.com/nd/bismarck/century-patriots/football/; https://www.maxpreps.com/nd/bismarck/shiloh-christian-skyhawks/football/; https://www.maxpreps.com/nd/bismarck/st-marys-central-saints/football/; https://www.maxpreps.com/nd/bottineau/bottineau-braves-stars/football/; https://www.maxpreps.com/nd/bowman/bowman-county-co-op-bowman-scranton-bulldogs/football/; https://www.maxpreps.com/nd/buxton/hillsboro-central-valley-h-cv-burros/football/; https://www.maxpreps.com/nd/cando/north-star-co-op-cando-bisbee-egeland-bearcats/football/; https://www.maxpreps.com/nd/carrington/carrington-cardinals/football/; https://www.maxpreps.com/nd/casselton/central-cass-squirrels/football/; https://www.maxpreps.com/nd/cavalier/cavalier-tornadoes/football/; https://www.maxpreps.com/nd/turtle-lake/central-mclean-turtle-lake-mercer-underwood-mcclusky-cougars/football/
32124,University of Oklahoma JV (OK),,OK,no_city_state_match,https://www.maxpreps.com/ok/tyrone/tyrone-bobcats/football/
32506,Maui Kahului (HI),,HI,no_city_state_match,https://www.maxpreps.com/hi/aiea/aiea-na-alii/football/; https://www.maxpreps.com/hi/ewa-beach/campbell-sabers/football/; https://www.maxpreps.com/hi/hilo/hilo-vikings/football/; https://www.maxpreps.com/hi/hilo/waiakea-warriors/football/; https://www.maxpreps.com/hi/honokaa/honokaa-dragons/football/; https://www.maxpreps.com/hi/honolulu/damien-monarchs/football/; https://www.maxpreps.com/hi/honolulu/farrington-governors/football/; https://www.maxpreps.com/hi/honolulu/iolani-raiders/football/; https://www.maxpreps.com/hi/honolulu/kaimuki-bulldogs/football/; https://www.maxpreps.com/hi/honolulu/kaiser-cougars/football/; https://www.maxpreps.com/hi/honolulu/kalani-falcons/football/; https://www.maxpreps.com/hi/honolulu/mckinley-tigers/football/; https://www.maxpreps.com/hi/honolulu/moanalua-menehune/football/; https://www.maxpreps.com/hi/honolulu/pac-five-wolfpack/football/; https://www.maxpreps.com/hi/honolulu/punahou-buff-n-blue/football/; https://www.maxpreps.com/hi/honolulu/radford-rams/football/; https://www.maxpreps.com/hi/honolulu/roosevelt-rough-riders/football/; https://www.maxpreps.com/hi/honolulu/st-louis-crusaders/football/; https://www.maxpreps.com/hi/kahuku/kahuku-red-raiders/football/; https://www.maxpreps.com/hi/kahului/maui-sabers/football/; https://www.maxpreps.com/hi/kailua-kona/kealakehe-waveriders/football/; https://www.maxpreps.com/hi/kailua/kailua-surfriders/football/; https://www.maxpreps.com/hi/kailua/kalaheo-mustangs/football/; https://www.maxpreps.com/hi/kamuela/hawaii-prep-ka-makani/football/; https://www.maxpreps.com/hi/kaneohe/castle-knights/football/; https://www.maxpreps.com/hi/kapaa/kapaa-warriors/football/; https://www.maxpreps.com/hi/kapaau/kohala-cowboys/football/; https://www.maxpreps.com/hi/kapolei/kapolei-hurricanes/football/; https://www.maxpreps.com/hi/keaau/kamehameha-hawaii-warriors/football/; https://www.maxpreps.com/hi/keaau/keaau-cougars/football/; https://www.maxpreps.com/hi/kealakekua/konawaena-wildcats/football/; https://www.maxpreps.com/hi/lihue/kauai-red-raiders/football/
32624,Mount Morris College (IL),,IL,no_city_state_match,https://www.maxpreps.com/il/moweaqua/central-a-and-m-raiders/football/; https://www.maxpreps.com/il/mt-carmel/mt-carmel-golden-aces/football/; https://www.maxpreps.com/il/mt-prospect/prospect-knights/football/; https://www.maxpreps.com/il/mt-sterling/brown-county-hornets/football/; https://www.maxpreps.com/il/mt-vernon/mt-vernon-rams/football/; https://www.maxpreps.com/il/mt-zion/mt-zion-braves/football/
33093,Vancouver Magee (BC),,BC,no_city_state_match,https://www.maxpreps.com/ia/cedar-rapids/washington-warriors/football/; https://www.maxpreps.com/ia/cedar-rapids/xavier-saints/football/; https://www.maxpreps.com/ia/centerville/centerville-big-reds-redettes/football/; https://www.maxpreps.com/ia/central-city/central-city-wildcats/football/; https://www.maxpreps.com/ia/chariton/chariton-chargers/football/; https://www.maxpreps.com/ia/charles-city/charles-city-comets/football/; https://www.maxpreps.com/ia/cherokee/cherokee-washington-braves/football/; https://www.maxpreps.com/ia/new-hampton/new-hampton-chickasaws/football/; https://www.maxpreps.com/ia/new-london/new-london-tigers/football/; https://www.maxpreps.com/ia/new-sharon/north-mahaska-warhawks/football/; https://www.maxpreps.com/ia/newell/newell-fonda-mustangs/football/; https://www.maxpreps.com/ia/newton/newton-cardinals/football/; https://www.maxpreps.com/ia/north-english/english-valleys-bears/football/
33453,Alamogordo JV (NM),,NM,no_city_state_match,https://www.maxpreps.com/tx/lamesa/klondike-cougars/football/
33644,O'Fallon Fort Zumwalt West (MO),,MO,no_city_state_match,https://www.maxpreps.com/mo/ofallon/fort-zumwalt-north-panthers/football/; https://www.maxpreps.com/mo/ofallon/fort-zumwalt-west-jaguars/football/
33861,Manassas State Voc (VA),,VA,ambiguous_qualifier,https://www.maxpreps.com/va/manassas/osbourn-park-yellowjackets/football/; https://www.maxpreps.com/va/manassas/osbourn-eagles/football/
33870,University of Southern California Frosh (CA),,CA,no_city_state_match,https://www.maxpreps.com/ca/ukiah/ukiah-wildcats/football/; https://www.maxpreps.com/ca/union-city/james-logan-colts/football/; https://www.maxpreps.com/ca/upland/western-christian-fighting-lancers/football/; https://www.maxpreps.com/ca/upper-lake/upper-lake-cougars/football/
34048,Biloxi Notre Dame (MS),,MS,no_city_state_match,https://www.maxpreps.com/ga/bellville/pinewood-christian-patriots/football/; https://www.maxpreps.com/ga/bethlehem/bethlehem-christian-academy-knights/football/
34102,Pharr-San Juan-Alamo (TX),,TX,no_city_state_match,https://www.maxpreps.com/tx/alamo/pharr-san-juan-alamo-memorial-wolverines/football/; https://www.maxpreps.com/tx/progreso/progreso-red-ants/football/; https://www.maxpreps.com/tx/prosper/prosper-eagles/football/
34107,Saint Mary's (MO),,MO,no_city_state_match,https://www.maxpreps.com/mo/st-louis/parkway-north-vikings/football/; https://www.maxpreps.com/mo/st-louis/principia-whitfield/football/; https://www.maxpreps.com/mo/st-louis/priory-ravens/football/; https://www.maxpreps.com/mo/st-louis/riverview-gardens-rams/football/; https://www.maxpreps.com/mo/st-louis/roosevelt-carnahan/football/; https://www.maxpreps.com/mo/st-louis/soldan-international-studies-sumner/football/; https://www.maxpreps.com/mo/st-louis/st-louis-university-junior-bills/football/; https://www.maxpreps.com/mo/st-louis/st-marys-dragons/football/; https://www.maxpreps.com/mo/st-louis/tdw-academy-jaguars/football/; https://www.maxpreps.com/mo/st-louis/university-city-maplewood-richmond-heights/football/; https://www.maxpreps.com/mo/st-louis/vashon-miller-career-academy-wolverine/football/; https://www.maxpreps.com/mo/st-louis/westminster-christian-wildcats/football/
34485,Independence Owens Valley (CA),,CA,no_city_state_match,https://www.maxpreps.com/ca/huntington-park/huntington-park-spartans/football/; https://www.maxpreps.com/ca/huntington-park/marquez-gladiators/football/; https://www.maxpreps.com/ca/imperial-beach/mar-vista-mariners/football/; https://www.maxpreps.com/ca/imperial/imperial-tigers/football/
34542,Memphis Southern Baptist Educational Center (TN),,TN,ambiguous_qualifier,https://www.maxpreps.com/tn/memphis/oakhaven-hawks/football/; https://www.maxpreps.com/tn/memphis/melrose-golden-wildcats/football/; https://www.maxpreps.com/tn/memphis/overton-wolverines/football/; https://www.maxpreps.com/tn/memphis/lausanne-collegiate-lynx/football/; https://www.maxpreps.com/tn/memphis/pure-academy/football/; https://www.maxpreps.com/tn/memphis/manassas-tigers/football/; https://www.maxpreps.com/tn/memphis/kipp-collegiate-phoenix/football/; https://www.maxpreps.com/tn/memphis/mitchell-tigers/football/; https://www.maxpreps.com/tn/memphis/ridgeway-roadrunners/football/; https://www.maxpreps.com/tn/memphis/sheffield-knights/football/; https://www.maxpreps.com/tn/memphis/raleigh-egypt-pharaohs/football/; https://www.maxpreps.com/tn/memphis/kirby-cougars/football/
34624,Chicago ITW David Speer Academy (IL),,IL,ambiguous_qualifier,https://www.maxpreps.com/il/chicago/brother-rice-crusaders/football/; https://www.maxpreps.com/il/chicago/carver-challengers/football/; https://www.maxpreps.com/il/chicago/bowen-baker-college-prep/football/; https://www.maxpreps.com/il/chicago/clemente-wildcats/football/; https://www.maxpreps.com/il/chicago/curie-condors/football/; https://www.maxpreps.com/il/chicago/dyett-eagles/football/; https://www.maxpreps.com/il/chicago/goode-stem-academy-knights/football/; https://www.maxpreps.com/il/chicago/bulls-college-prep-bulls/football/; https://www.maxpreps.com/il/chicago/dunbar-mightymen/football/; https://www.maxpreps.com/il/chicago/foreman-hornets/football/; https://www.maxpreps.com/il/chicago/christian-fenger-academy-titans/football/; https://www.maxpreps.com/il/chicago/gage-park-fighting-owls/football/; https://www.maxpreps.com/il/chicago/dusable-panthers/football/; https://www.maxpreps.com/il/chicago/collins-academy-manley-warriors/football/; https://www.maxpreps.com/il/chicago/chicago-hope-academy/football/; https://www.maxpreps.com/il/chicago/hyde-park-thunderbirds/football/; https://www.maxpreps.com/il/chicago/chicago-academy-kelvyn-park/football/; https://www.maxpreps.com/il/chicago/de-la-salle-meteors/football/; https://www.maxpreps.com/il/chicago/harlan-falcons/football/; https://www.maxpreps.com/il/chicago/comer-catamounts/football/; https://www.maxpreps.com/il/chicago/corliss-butler-college-prep/football/; https://www.maxpreps.com/il/chicago/amundsen-vikings/football/; https://www.maxpreps.com/il/chicago/bogan-bengals/football/; https://www.maxpreps.com/il/chicago/englewood-stem-panthers/football/; https://www.maxpreps.com/il/chicago/hubbard-greyhounds/football/; https://www.maxpreps.com/il/chicago/catalyst-maria-wolves/football/; https://www.maxpreps.com/il/chicago/agricultural-science-cyclones/football/; https://www.maxpreps.com/il/chicago/back-of-the-yards-college-prep-bobcats/football/; https://www.maxpreps.com/il/chicago/brooks-eagles/football/; https://www.maxpreps.com/il/chicago/itw-david-speer-academy-pride/football/; https://www.maxpreps.com/il/chicago/drw-college-prep-cheetahs/football/; https://www.maxpreps.com/il/chicago/clark-prep-austin-poly-douglass/football/; https://www.maxpreps.com/il/chicago/christ-the-king-gladiators/football/
34711,Spring Branch Memorial (TX),,TX,no_city_state_match,https://www.maxpreps.com/tx/axtell/axtell-longhorns/football/; https://www.maxpreps.com/tx/bynum/bynum-bulldogs/football/; https://www.maxpreps.com/tx/center-point/center-point-pirates/football/; https://www.maxpreps.com/tx/centerville/centerville-tigers/football/; https://www.maxpreps.com/tx/claude/claude-mustangs/football/; https://www.maxpreps.com/tx/maud/maud-cardinals/football/; https://www.maxpreps.com/tx/may/may-tigers/football/; https://www.maxpreps.com/tx/maypearl/maypearl-panthers/football/; https://www.maxpreps.com/tx/mcallen/mcallen-bulldogs/football/; https://www.maxpreps.com/tx/mcallen/mcallen-memorial-mustangs/football/; https://www.maxpreps.com/tx/mcallen/rowe-warriors/football/; https://www.maxpreps.com/tx/mccamey/mccamey-badgers/football/; https://www.maxpreps.com/tx/mcgregor/mcgregor-bulldogs/football/; https://www.maxpreps.com/tx/mckinney/cornerstone-christian-academy-warriors/football/; https://www.maxpreps.com/tx/mckinney/mckinney-boyd-broncos/football/; https://www.maxpreps.com/tx/mckinney/mckinney-christian-academy-mustangs/football/; https://www.maxpreps.com/tx/mckinney/mckinney-lions/football/; https://www.maxpreps.com/tx/mckinney/mckinney-north-bulldogs/football/; https://www.maxpreps.com/tx/mclean/mclean-tigers/football/; https://www.maxpreps.com/tx/meadow/meadow-broncos/football/; https://www.maxpreps.com/tx/medina/medina-bobcats/football/; https://www.maxpreps.com/tx/melissa/melissa-cardinals/football/
34789,La Moille Community (IL),,IL,no_city_state_match,https://www.maxpreps.com/il/jerseyville/jersey-panthers/football/; https://www.maxpreps.com/il/johnsburg/johnsburg-skyhawks/football/; https://www.maxpreps.com/il/johnston-city/johnston-city-indians/football/; https://www.maxpreps.com/il/joliet/joliet-catholic-hilltoppers/football/; https://www.maxpreps.com/il/joliet/joliet-central-steelmen/football/; https://www.maxpreps.com/il/joliet/joliet-west-tigers/football/; https://www.maxpreps.com/il/kankakee/bishop-mcnamara-fightin-irish/football/; https://www.maxpreps.com/il/kankakee/kankakee-kays/football/; https://www.maxpreps.com/il/kansas/tri-county-kansas-shiloh-oakland-titans/football/; https://www.maxpreps.com/il/kewanee/wethersfield-annawan-titans/football/; https://www.maxpreps.com/il/kincaid/south-fork-edinburg-morrisonville-ponies/football/; https://www.maxpreps.com/il/kirkland/hiawatha-hawks/football/; https://www.maxpreps.com/il/knoxville/knoxville-blue-bullets/football/; https://www.maxpreps.com/il/lagrange-park/nazareth-academy-roadrunners/football/; https://www.maxpreps.com/il/lagrange/lyons-lions/football/; https://www.maxpreps.com/il/lake-forest/lake-forest-scouts/football/; https://www.maxpreps.com/il/lake-villa/lakes-eagles/football/; https://www.maxpreps.com/il/lake-zurich/lake-zurich-bears/football/
36180,Boys Industrial School (AL),,AL,no_city_state_match,https://www.maxpreps.com/al/birmingham/parker-thundering-herd/football/; https://www.maxpreps.com/al/birmingham/ramsay-rams/football/; https://www.maxpreps.com/al/birmingham/shades-valley-mounties/football/; https://www.maxpreps.com/al/birmingham/tarrant-wildcats/football/; https://www.maxpreps.com/al/birmingham/wenonah-dragons/football/; https://www.maxpreps.com/al/birmingham/woodlawn-colonels/football/; https://www.maxpreps.com/al/blountsville/pennington-tigers/football/; https://www.maxpreps.com/al/blountsville/susan-moore-bulldogs/football/; https://www.maxpreps.com/al/boaz/boaz-pirates/football/; https://www.maxpreps.com/al/boaz/sardis-lions/football/; https://www.maxpreps.com/al/walnut-grove/west-end-patriots/football/
36475,Stanton Courtney (TX),,TX,no_city_state_match,https://www.maxpreps.com/tx/corrigan/corrigan-camden-bulldogs/football/; https://www.maxpreps.com/tx/corsicana/corsicana-tigers/football/; https://www.maxpreps.com/tx/corsicana/mildred-eagles/football/; https://www.maxpreps.com/tx/cotton-center/cotton-center-elks/football/; https://www.maxpreps.com/tx/cotulla/cotulla-cowboys/football/
37234,D'Hanis (TX),,TX,no_city_state_match,https://www.maxpreps.com/tx/deweyville/deweyville-pirates/football/; https://www.maxpreps.com/tx/dhanis/dhanis-cowboys/football/
37836,Big Bear City (CA),,CA,no_city_state_match,https://www.maxpreps.com/ca/bermuda-dunes/desert-christian-academy-conquerors/football/; https://www.maxpreps.com/ca/beverly-hills/beverly-hills-normans/football/; https://www.maxpreps.com/ca/bieber/big-valley-cardinals/football/
37984,Bellows Free Academy of St. Albans (VT),,VT,no_city_state_match,https://www.maxpreps.com/vt/st-albans/bellows-free-academy-bobwhites-comets/football/
38076,Newton North (MA),,MA,no_city_state_match,https://www.maxpreps.com/ma/newtonville/newton-north-tigers/football/
38112,Tampa Good Shepherd (FL),,FL,ambiguous_qualifier,https://www.maxpreps.com/fl/tampa/berkeley-prep-buccaneers/football/; https://www.maxpreps.com/fl/tampa/blake-yellow-jackets/football/; https://www.maxpreps.com/fl/tampa/alonso-ravens/football/; https://www.maxpreps.com/fl/tampa/cambridge-christian-lancers/football/; https://www.maxpreps.com/fl/tampa/chamberlain-storm/football/; https://www.maxpreps.com/fl/tampa/freedom-patriots/football/; https://www.maxpreps.com/fl/tampa/tampa-catholic-crusaders/football/; https://www.maxpreps.com/fl/tampa/gaither-cowboys/football/
38221,Cape Cod RVT-Harwich (MA),,MA,no_city_state_match,https://www.maxpreps.com/ma/harwich/cape-cod-rvt-crusaders/football/
38394,Forgan (OK),,OK,no_city_state_match,https://www.maxpreps.com/tx/forestburg/forestburg-longhorns/football/
38408,White Settlement Brewer (TX),,TX,no_city_state_match,https://www.maxpreps.com/tx/hitchcock/hitchcock-bulldogs/football/; https://www.maxpreps.com/tx/white-deer/white-deer-bucks/football/; https://www.maxpreps.com/tx/white-oak/white-oak-roughnecks/football/
38457,Piper City Ford Central (IL),,IL,no_city_state_match,https://www.maxpreps.com/il/pekin/pekin-dragons/football/; https://www.maxpreps.com/il/peoria-heights/peoria-heights-patriots/football/; https://www.maxpreps.com/il/peoria/manual-rams/football/; https://www.maxpreps.com/il/peoria/peoria-lions/football/; https://www.maxpreps.com/il/peoria/peoria-notre-dame-irish/football/; https://www.maxpreps.com/il/peoria/richwoods-knights/football/; https://www.maxpreps.com/il/peru/st-bede-bruins/football/; https://www.maxpreps.com/il/petersburg/porta-ashland-chandlerville-central-greenview/football/; https://www.maxpreps.com/il/petersburg/porta-bluejays/football/; https://www.maxpreps.com/il/piasa/southwestern-piasa-birds/football/; https://www.maxpreps.com/il/pinckneyville/pinckneyville-panthers/football/
38525,Bay St. Louis St. Stanislaus (MS),,MS,no_city_state_match,https://www.maxpreps.com/la/abbeville/abbeville-wildcats/football/; https://www.maxpreps.com/la/abbeville/vermilion-catholic-eagles/football/; https://www.maxpreps.com/la/albany/albany-hornets/football/; https://www.maxpreps.com/la/alexandria/alexandria-trojans/football/; https://www.maxpreps.com/la/alexandria/bolton-academy-bears/football/; https://www.maxpreps.com/la/alexandria/holy-savior-menard-eagles/football/; https://www.maxpreps.com/la/alexandria/peabody-warhorses/football/; https://www.maxpreps.com/la/amite/amite-warriors/football/; https://www.maxpreps.com/la/amite/oak-forest-academy-yellowjackets/football/; https://www.maxpreps.com/la/angie/varnado-wildcats/football/; https://www.maxpreps.com/la/arcadia/arcadia-hornets/football/; https://www.maxpreps.com/la/arnaudville/beau-chene-gators/football/; https://www.maxpreps.com/la/athens/mount-olive-christian/football/; https://www.maxpreps.com/la/baker/baker-buffaloes/football/; https://www.maxpreps.com/la/baker/central-private-redhawks/football/; https://www.maxpreps.com/la/baldwin/west-st-mary-wolfpack/football/; https://www.maxpreps.com/la/basile/basile-bearcats/football/; https://www.maxpreps.com/la/bastrop/bastrop-rams/football/; https://www.maxpreps.com/la/bastrop/beekman-charter-tigers/football/; https://www.maxpreps.com/la/bastrop/prairie-view-academy-spartans/football/; https://www.maxpreps.com/la/baton-rouge/belaire-bengals/football/; https://www.maxpreps.com/la/baton-rouge/broadmoor-buccaneers/football/; https://www.maxpreps.com/la/baton-rouge/capitol-lions/football/; https://www.maxpreps.com/la/baton-rouge/catholic-br-bears/football/; https://www.maxpreps.com/la/baton-rouge/central-wildcats/football/; https://www.maxpreps.com/la/baton-rouge/christian-home-educators-fellowship-patriots/football/; https://www.maxpreps.com/la/baton-rouge/dunham-tigers/football/; https://www.maxpreps.com/la/baton-rouge/episcopal-knights/football/; https://www.maxpreps.com/la/baton-rouge/glen-oaks-panthers/football/; https://www.maxpreps.com/la/baton-rouge/istrouma-indians/football/; https://www.maxpreps.com/la/baton-rouge/louisiana-school-for-the-deaf-war-eagles/football/; https://www.maxpreps.com/la/baton-rouge/madison-prep-academy/football/; https://www.maxpreps.com/la/baton-rouge/mckinley-panthers/football/; https://www.maxpreps.com/la/baton-rouge/parkview-baptist-eagles/football/; https://www.maxpreps.com/la/baton-rouge/scotlandville-hornets/football/; https://www.maxpreps.com/la/baton-rouge/southern-lab-kittens/football/; https://www.maxpreps.com/la/baton-rouge/st-michael-warriors/football/; https://www.maxpreps.com/la/baton-rouge/tara-trojans/football/; https://www.maxpreps.com/la/baton-rouge/university-lab-cubs/football/; https://www.maxpreps.com/la/baton-rouge/woodlawn-br-panthers/football/; https://www.maxpreps.com/ms/bay-st-louis/bay-tigers/football/; https://www.maxpreps.com/ms/bay-st-louis/st-stanislaus-rock-a-chaws/football/
39320,San Antonio The Winston (TX),,TX,ambiguous_qualifier,https://www.maxpreps.com/tx/san-antonio/warren-warriors/football/; https://www.maxpreps.com/tx/san-antonio/wagner-thunderbirds/football/; https://www.maxpreps.com/tx/san-antonio/winston-eagles/football/
39427,Jacksonville Routt Catholic-Westfair Christian Academy (IL),,IL,ambiguous_qualifier,https://www.maxpreps.com/il/jacksonville/jacksonville-crimsons/football/; https://www.maxpreps.com/il/jacksonville/routt-catholic-lutheran/football/
39634,Paducah Heath (KY),,KY,no_city_state_match,https://www.maxpreps.com/ky/mt-sterling/montgomery-county-indians/football/; https://www.maxpreps.com/ky/mt-vernon/rockcastle-county-rockets/football/; https://www.maxpreps.com/ky/mt-washington/bullitt-east-chargers/football/; https://www.maxpreps.com/ky/munfordville/hart-county-raiders/football/; https://www.maxpreps.com/ky/murray/calloway-county-lakers/football/; https://www.maxpreps.com/ky/murray/murray-tigers/football/; https://www.maxpreps.com/ky/new-castle/henry-county-wildcats/football/; https://www.maxpreps.com/ky/newport/newport-wildcats/football/; https://www.maxpreps.com/ky/nicholasville/east-jessamine-jaguars/football/; https://www.maxpreps.com/ky/nicholasville/west-jessamine-colts/football/; https://www.maxpreps.com/ky/olive-hill/west-carter-comets/football/; https://www.maxpreps.com/ky/owensboro/apollo-eagles/football/; https://www.maxpreps.com/ky/owensboro/daviess-county-panthers/football/; https://www.maxpreps.com/ky/owensboro/owensboro-catholic-aces/football/; https://www.maxpreps.com/ky/owensboro/owensboro-red-devils/football/; https://www.maxpreps.com/ky/owenton/owen-county-rebels/football/; https://www.maxpreps.com/ky/owingsville/bath-county-wildcats/football/
39657,Concord De La Salle (CA),,CA,ambiguous_qualifier,https://www.maxpreps.com/ca/concord/clayton-valley-charter-ugly-eagles/football/; https://www.maxpreps.com/ca/concord/de-la-salle-spartans/football/; https://www.maxpreps.com/ca/concord/concord-bears/football/
39992,Cass Lake Chief Bug-O-Nay-Ge-Shig (MN),,MN,no_city_state_match,https://www.maxpreps.com/mn/browerville/browerville-tigers/football/; https://www.maxpreps.com/mn/buffalo/buffalo-bison/football/; https://www.maxpreps.com/mn/burnsville/burnsville-blaze/football/; https://www.maxpreps.com/mn/byron/byron-bears/football/; https://www.maxpreps.com/mn/caledonia/caledonia-warriors/football/; https://www.maxpreps.com/mn/cambridge/cambridge-isanti-bluejackets/football/; https://www.maxpreps.com/mn/canby/canby-lancers/football/; https://www.maxpreps.com/mn/cannon-falls/cannon-falls-bombers/football/; https://www.maxpreps.com/mn/carlton/carlton-wrenshall/football/; https://www.maxpreps.com/mn/hector/buffalo-lake-hector-stewart-mustangs/football/
40226,O'Fallon Fort Zumwalt (MO),,MO,no_city_state_match,https://www.maxpreps.com/mo/eureka/eureka-wildcats/football/; https://www.maxpreps.com/mo/ewing/highland-cougars/football/; https://www.maxpreps.com/mo/excelsior-springs/excelsior-springs-tigers/football/; https://www.maxpreps.com/mo/fair-grove/fair-grove-eagles/football/; https://www.maxpreps.com/mo/farmington/farmington-knights/football/; https://www.maxpreps.com/mo/faucett/mid-buchanan-dragons/football/; https://www.maxpreps.com/mo/fayette/fayette-falcons/football/; https://www.maxpreps.com/mo/fenton/rockwood-summit-falcons/football/; https://www.maxpreps.com/mo/festus/festus-tigers/football/; https://www.maxpreps.com/mo/festus/jefferson-blue-jays/football/; https://www.maxpreps.com/mo/festus/st-pius-x-lancers/football/; https://www.maxpreps.com/mo/florissant/hazelwood-central-hawks/football/; https://www.maxpreps.com/mo/florissant/mccluer-comets/football/; https://www.maxpreps.com/mo/florissant/mccluer-north-stars/football/; https://www.maxpreps.com/mo/miller/miller-cardinals/football/; https://www.maxpreps.com/mo/moberly/moberly-spartans/football/; https://www.maxpreps.com/mo/mokane/south-callaway-bulldogs/football/; https://www.maxpreps.com/mo/monett/monett-cubs/football/; https://www.maxpreps.com/mo/monroe-city/monroe-city-panthers/football/; https://www.maxpreps.com/mo/montgomery-city/montgomery-county-wildcats/football/; https://www.maxpreps.com/mo/mound-city/mound-city-panthers/football/; https://www.maxpreps.com/mo/mountain-grove/mountain-grove-panthers/football/; https://www.maxpreps.com/mo/mountain-view/liberty-eagles/football/; https://www.maxpreps.com/mo/mt-vernon/mt-vernon-mountaineers/football/; https://www.maxpreps.com/mo/neosho/neosho-wildcats/football/; https://www.maxpreps.com/mo/nevada/nevada-tigers/football/; https://www.maxpreps.com/mo/nixa/nixa-eagles/football/; https://www.maxpreps.com/mo/north-kansas-city/north-kansas-city-hornets/football/; https://www.maxpreps.com/mo/oak-grove/oak-grove-panthers/football/; https://www.maxpreps.com/mo/odessa/odessa-bulldogs/football/; https://www.maxpreps.com/mo/ofallon/christian-school-district-eagles/football/
40257,Phoenix St. Mary's (AZ),,AZ,ambiguous_qualifier,https://www.maxpreps.com/az/phoenix/maryvale-panthers/football/; https://www.maxpreps.com/az/phoenix/north-canyon-rattlers/football/; https://www.maxpreps.com/az/phoenix/moon-valley-rockets/football/; https://www.maxpreps.com/az/phoenix/madison-highland-prep-heat/football/; https://www.maxpreps.com/az/phoenix/shadow-mountain-matadors/football/; https://www.maxpreps.com/az/phoenix/south-pointe-griffins/football/; https://www.maxpreps.com/az/phoenix/cortez-colts/football/; https://www.maxpreps.com/az/phoenix/south-mountain-jaguars/football/; https://www.maxpreps.com/az/phoenix/north-mustangs/football/; https://www.maxpreps.com/az/phoenix/desert-vista-thunder/football/; https://www.maxpreps.com/az/phoenix/nfl-yet-academy-eagles/football/; https://www.maxpreps.com/az/phoenix/st-marys-knights/football/; https://www.maxpreps.com/az/phoenix/central-bobcats/football/; https://www.maxpreps.com/az/phoenix/greenway-demons/football/; https://www.maxpreps.com/az/phoenix/scottsdale-christian-academy-eagles/football/; https://www.maxpreps.com/az/phoenix/paradise-valley-trojans/football/; https://www.maxpreps.com/az/phoenix/mountain-pointe-pride/football/; https://www.maxpreps.com/az/phoenix/maryvale-prep-matador/football/; https://www.maxpreps.com/az/phoenix/sierra-linda-bulldogs/football/; https://www.maxpreps.com/az/phoenix/carl-hayden-community-falcons/football/; https://www.maxpreps.com/az/phoenix/phoenix-christian-cougars/football/; https://www.maxpreps.com/az/phoenix/paradise-valley-christian-prep-panthers/football/; https://www.maxpreps.com/az/phoenix/skyline-prep-bengals/football/; https://www.maxpreps.com/az/phoenix/goldwater-bulldogs/football/; https://www.maxpreps.com/az/phoenix/southwest-leadership-academy-rams/football/; https://www.maxpreps.com/az/phoenix/northwest-christian-crusaders/football/; https://www.maxpreps.com/az/phoenix/pinnacle-pioneers/football/
40312,South Bend LaSalle (IN),,IN,ambiguous_qualifier,https://www.maxpreps.com/in/south-bend/south-bend-washington-panthers/football/; https://www.maxpreps.com/in/south-bend/south-bend-adams-eagles/football/
40367,New Orleans O.P. Walker (LA),,LA,ambiguous_qualifier,https://www.maxpreps.com/la/new-orleans/abramson-commodores/football/; https://www.maxpreps.com/la/new-orleans/newman-greenies/football/; https://www.maxpreps.com/la/new-orleans/mcdonogh-35-roneagles/football/; https://www.maxpreps.com/la/new-orleans/kennedy-cougars/football/; https://www.maxpreps.com/la/new-orleans/holy-cross-tigers/football/; https://www.maxpreps.com/la/new-orleans/benjamin-franklin-falcons/football/; https://www.maxpreps.com/la/new-orleans/de-la-salle-cavalier/football/; https://www.maxpreps.com/la/new-orleans/jesuit-blue-jays/football/; https://www.maxpreps.com/la/new-orleans/carver-collegiate-academy-rams/football/; https://www.maxpreps.com/la/new-orleans/cohen-green-hornets/football/; https://www.maxpreps.com/la/new-orleans/warren-easton-fighting-eagles/football/; https://www.maxpreps.com/la/new-orleans/edna-karr-cougars/football/; https://www.maxpreps.com/la/new-orleans/brother-martin-crusaders/football/
40461,Knoxville Stair Tech (TN),,TN,ambiguous_qualifier,https://www.maxpreps.com/tn/knoxville/fulton-falcons/football/; https://www.maxpreps.com/tn/knoxville/hardin-valley-academy-hawks/football/; https://www.maxpreps.com/tn/knoxville/south-doyle-cherokees/football/; https://www.maxpreps.com/tn/knoxville/halls-red-devils/football/; https://www.maxpreps.com/tn/knoxville/grace-christian-academy-rams/football/; https://www.maxpreps.com/tn/knoxville/karns-beavers/football/
40476,Prescott Jubilee Christian Academy (WA),,WA,no_city_state_match,https://www.maxpreps.com/wa/odessa/odessa-tigers/football/; https://www.maxpreps.com/wa/okanogan/okanogan-bulldogs/football/; https://www.maxpreps.com/wa/olympia/capital-cougars/football/; https://www.maxpreps.com/wa/olympia/olympia-bears/football/; https://www.maxpreps.com/wa/omak/omak-pioneers/football/; https://www.maxpreps.com/wa/onalaska/onalaska-loggers/football/; https://www.maxpreps.com/wa/oroville/oroville-hornets/football/; https://www.maxpreps.com/wa/orting/orting-cardinals/football/; https://www.maxpreps.com/wa/othello/othello-huskies/football/; https://www.maxpreps.com/wa/pasco/chiawana-riverhawks/football/; https://www.maxpreps.com/wa/pasco/pasco-bulldogs/football/; https://www.maxpreps.com/wa/pasco/tri-cities-prep-jaguars/football/; https://www.maxpreps.com/wa/pateros/pateros-billygoats-nannies/football/; https://www.maxpreps.com/wa/pomeroy/pomeroy-pirates/football/; https://www.maxpreps.com/wa/port-angeles/port-angeles-roughriders/football/; https://www.maxpreps.com/wa/poulsbo/north-kitsap-vikings/football/
40509,Klamath Falls Sacred Heart Academy (OR),,OR,ambiguous_qualifier,https://www.maxpreps.com/or/klamath-falls/klamath-union-pelicans/football/; https://www.maxpreps.com/or/klamath-falls/mazama-vikings/football/; https://www.maxpreps.com/or/klamath-falls/henley-hornets/football/
40947,Chicago St. Cyril (IL),,IL,ambiguous_qualifier,https://www.maxpreps.com/il/chicago/simeon-wolverines/football/; https://www.maxpreps.com/il/chicago/chicago-vocational-cavaliers/football/; https://www.maxpreps.com/il/chicago/uplift-titans/football/; https://www.maxpreps.com/il/chicago/saint-ignatius-college-prep-wolfpack/football/; https://www.maxpreps.com/il/chicago/south-shore-international-tars/football/; https://www.maxpreps.com/il/chicago/chicago-sullivan-tigers/football/; https://www.maxpreps.com/il/chicago/westinghouse-warriors/football/; https://www.maxpreps.com/il/chicago/schurz-bulldogs/football/; https://www.maxpreps.com/il/chicago/st-rita-mustangs/football/; https://www.maxpreps.com/il/chicago/taft-eagles/football/; https://www.maxpreps.com/il/chicago/rowe-clark-masai-lions/football/; https://www.maxpreps.com/il/chicago/rauner-wildcats/football/; https://www.maxpreps.com/il/chicago/steinmetz-college-prep-silver-streaks/football/; https://www.maxpreps.com/il/chicago/st-patrick-shamrocks/football/; https://www.maxpreps.com/il/chicago/von-steuben-panthers/football/; https://www.maxpreps.com/il/chicago/whitney-young-dolphins/football/; https://www.maxpreps.com/il/chicago/the-noble-academy-griffins/football/; https://www.maxpreps.com/il/chicago/chicago-washington-patriots/football/; https://www.maxpreps.com/il/chicago/senn-bulldogs/football/
41035,Berne-Knox-Westerlo (NY),,NY,no_city_state_match,https://www.maxpreps.com/ny/batavia/notre-dame-fighting-irish/football/; https://www.maxpreps.com/ny/bath/haverling-rams/football/; https://www.maxpreps.com/ny/bay-shore/bay-shore-marauders/football/; https://www.maxpreps.com/ny/bayside/bayside-commodores/football/; https://www.maxpreps.com/ny/bayside/cardozo-judges/football/; https://www.maxpreps.com/ny/beacon/beacon-bulldogs/football/; https://www.maxpreps.com/ny/beaver-falls/beaver-river-beavers/football/; https://www.maxpreps.com/ny/bedford/fox-lane-foxes/football/; https://www.maxpreps.com/ny/bellmore/kennedy-cougars/football/
41200,Bloomington University High (IN),,IN,ambiguous_qualifier,https://www.maxpreps.com/in/bloomington/bloomington-north-cougars/football/; https://www.maxpreps.com/in/bloomington/bloomington-south-panthers/football/
41246,Waco Jefferson-Moore (TX),,TX,ambiguous_qualifier,https://www.maxpreps.com/tx/waco/connally-cadets/football/; https://www.maxpreps.com/tx/waco/eagle-christian-academy-eagles/football/; https://www.maxpreps.com/tx/waco/gholson/football/
41462,Virginia Beach (VA),,VA,no_city_state_match,https://www.maxpreps.com/sc/sumter/crestwood-knights/football/; https://www.maxpreps.com/sc/sumter/lakewood-gators/football/; https://www.maxpreps.com/sc/sumter/sumter-gamecocks/football/; https://www.maxpreps.com/sc/sumter/wilson-hall-barons/football/; https://www.maxpreps.com/sc/swansea/swansea-tigers/football/; https://www.maxpreps.com/sc/taylors/eastside-eagles/football/; https://www.maxpreps.com/sc/travelers-rest/travelers-rest-devildogs/football/; https://www.maxpreps.com/sc/turbeville/east-clarendon-wolverines/football/; https://www.maxpreps.com/sc/union/union-county-yellowjackets/football/
41842,Charleston Porter Military Academy (SC),,SC,ambiguous_qualifier,https://www.maxpreps.com/sc/charleston/porter-gaud-cyclones/football/; https://www.maxpreps.com/sc/charleston/burke-bulldogs/football/; https://www.maxpreps.com/sc/charleston/bishop-england-battling-bishops/football/; https://www.maxpreps.com/sc/charleston/stall-warriors/football/; https://www.maxpreps.com/sc/charleston/james-island-trojans/football/; https://www.maxpreps.com/sc/charleston/first-baptist-school-hurricanes/football/; https://www.maxpreps.com/sc/charleston/northwood-academy-chargers/football/
42015,Bamberg Carlisle Military (SC),,SC,no_city_state_match,https://www.maxpreps.com/ga/augusta/augusta-prep-day-cavaliers/football/; https://www.maxpreps.com/ga/augusta/glenn-hills-spartans/football/; https://www.maxpreps.com/ga/augusta/josey-eagles/football/; https://www.maxpreps.com/ga/augusta/laney-wildcats/football/; https://www.maxpreps.com/ga/augusta/westminster-schools-of-augusta-wildcats/football/; https://www.maxpreps.com/ga/augusta/westside-patriots/football/; https://www.maxpreps.com/ga/austell/south-cobb-eagles/football/; https://www.maxpreps.com/ga/baconton/baconton-charter-blazers/football/; https://www.maxpreps.com/ga/bainbridge/bainbridge-bearcats/football/; https://www.maxpreps.com/ga/bainbridge/grace-christian-academy-cougars/football/
42210,Paragould Greene County Tech (AR),,AR,ambiguous_qualifier,https://www.maxpreps.com/ar/paragould/greene-county-tech-golden-eagles/football/; https://www.maxpreps.com/ar/paragould/paragould-rams/football/
42423,Walnut Community (IL),,IL,no_city_state_match,https://www.maxpreps.com/il/vernon-hills/vernon-hills-cougars/football/; https://www.maxpreps.com/il/villa-grove/villa-grove-blue-devils/football/; https://www.maxpreps.com/il/villa-park/willowbrook-warriors/football/; https://www.maxpreps.com/il/virden/north-mac-panthers/football/
42783,Saint Francis Indian (SD),,SD,no_city_state_match,https://www.maxpreps.com/sd/eureka/north-central-thunder/football/; https://www.maxpreps.com/sd/platte/platte-geddes-black-panthers/football/; https://www.maxpreps.com/sd/presho/lyman-raiders/football/; https://www.maxpreps.com/sd/ramona/oldham-ramona-rutland-rutland/football/; https://www.maxpreps.com/sd/rapid-city/more-cavaliers/football/; https://www.maxpreps.com/sd/rapid-city/rapid-city-central-cobblers/football/; https://www.maxpreps.com/sd/rapid-city/rapid-city-christian-comets/football/; https://www.maxpreps.com/sd/rapid-city/stevens-raiders/football/; https://www.maxpreps.com/sd/redfield/redfield-pheasants/football/; https://www.maxpreps.com/sd/rosholt/tri-state-co-op-rosholt-fairmount-campbell-tintah-tigers/football/
42967,Washington-Milwaukee Academy of Science-CEO Leadership Academy (WI),,WI,no_city_state_match,https://www.maxpreps.com/wi/sussex/hamilton-chargers/football/; https://www.maxpreps.com/wi/thorp/thorp-cardinals/football/; https://www.maxpreps.com/wi/three-lakes/three-lakes-bluejays/football/; https://www.maxpreps.com/wi/tomah/tomah-timberwolves/football/; https://www.maxpreps.com/wi/tomahawk/tomahawk-hatchets/football/; https://www.maxpreps.com/wi/tony/flambeau-falcons/football/; https://www.maxpreps.com/wi/turtle-lake/turtle-lake-lakers/football/; https://www.maxpreps.com/wi/two-rivers/two-rivers-purple-raiders/football/; https://www.maxpreps.com/wi/union-grove/union-grove-broncos/football/; https://www.maxpreps.com/wi/valders/valders-vikings/football/; https://www.maxpreps.com/wi/verona/verona-wildcats/football/; https://www.maxpreps.com/wi/viola/kickapoo-la-farge-panthers/football/; https://www.maxpreps.com/wi/viroqua/viroqua-blackhawks/football/; https://www.maxpreps.com/wi/wabeno/wabeno-laona-rebels/football/; https://www.maxpreps.com/wi/wales/kettle-moraine-lasers/football/; https://www.maxpreps.com/wi/walworth/big-foot-chiefs/football/
43111,Waterloo Central (IA),,IA,no_city_state_match,https://www.maxpreps.com/ia/washington/washington-demons/football/
43324,Parsons-Riverside (TN),,TN,no_city_state_match,https://www.maxpreps.com/tn/newport/cocke-county-fighting-cocks/football/; https://www.maxpreps.com/tn/nolensville/nolensville-knights/football/; https://www.maxpreps.com/tn/oak-ridge/oak-ridge-wildcats/football/; https://www.maxpreps.com/tn/oakdale/oakdale-eagles/football/; https://www.maxpreps.com/tn/oliver-springs/oliver-springs-bobcats/football/; https://www.maxpreps.com/tn/oneida/oneida-indians/football/; https://www.maxpreps.com/tn/ooltewah/east-hamilton-hurricanes/football/; https://www.maxpreps.com/tn/ooltewah/ooltewah-owls/football/; https://www.maxpreps.com/tn/paris/henry-county-patriots/football/
43433,Bethlehem Moravian Catholic (PA),,PA,ambiguous_qualifier,https://www.maxpreps.com/pa/bethlehem/liberty-hurricanes/football/; https://www.maxpreps.com/pa/bethlehem/freedom-patriots/football/
44159,Lake Elsinore Naval & Military (CA),,CA,no_city_state_match,https://www.maxpreps.com/ca/la-verne/damien-spartans/football/; https://www.maxpreps.com/ca/lafayette/acalanes-dons/football/; https://www.maxpreps.com/ca/laguna-beach/laguna-beach-breakers/football/; https://www.maxpreps.com/ca/laguna-hills/laguna-hills-hawks/football/; https://www.maxpreps.com/ca/lake-arrowhead/rim-of-the-world-fighting-scots/football/; https://www.maxpreps.com/ca/lake-balboa/birmingham-patriots/football/
44185,University of New Hampshire JV (NH),,NH,no_city_state_match,https://www.maxpreps.com/nh/portsmouth/portsmouth-oyster-river/football/; https://www.maxpreps.com/nh/raymond/raymond-rams/football/; https://www.maxpreps.com/nh/rochester/spaulding-red-raiders/football/; https://www.maxpreps.com/nh/salem/salem-blue-devils/football/; https://www.maxpreps.com/nh/somersworth/somersworth-toppers/football/; https://www.maxpreps.com/nh/tilton/winnisquam-bears/football/
44232,Hollow Rock-Bruceton Central (TN),,TN,no_city_state_match,https://www.maxpreps.com/tn/bruceton/hollow-rock-bruceton-central-tigers/football/; https://www.maxpreps.com/tn/greenfield/greenfield-yellowjackets/football/; https://www.maxpreps.com/tn/hampton/hampton-bulldogs/football/; https://www.maxpreps.com/tn/harriman/harriman-blue-devils/football/; https://www.maxpreps.com/tn/harrison/chattanooga-central-pounders/football/; https://www.maxpreps.com/tn/hartsville/trousdale-county-yellowjackets/football/; https://www.maxpreps.com/tn/henderson/chester-county-eagles/football/; https://www.maxpreps.com/tn/hendersonville/beech-buccaneers/football/; https://www.maxpreps.com/tn/hendersonville/hendersonville-commandos/football/; https://www.maxpreps.com/tn/hendersonville/pope-john-paul-ii-knights/football/; https://www.maxpreps.com/tn/hixson/hixson-wildcats/football/; https://www.maxpreps.com/tn/hohenwald/lewis-county-panthers/football/
44336,Los Angeles Mt. Carmel (CA),,CA,ambiguous_qualifier,https://www.maxpreps.com/ca/los-angeles/loyola-cubs/football/; https://www.maxpreps.com/ca/los-angeles/manual-arts-toilers/football/; https://www.maxpreps.com/ca/los-angeles/milken-wildcats/football/; https://www.maxpreps.com/ca/los-angeles/marshall-barristers/football/
44413,Denver D'Evelyn (CO),,CO,ambiguous_qualifier,https://www.maxpreps.com/co/denver/develyn-jaguars/football/; https://www.maxpreps.com/co/denver/denver-christian-thunder/football/
45188,Porter Triumph Christian (TX),,TX,no_city_state_match,https://www.maxpreps.com/tx/port-neches/port-neches-groves-indians/football/
45208,Hartford Sport & Medical Sciences Academy (CT),,CT,ambiguous_qualifier,https://www.maxpreps.com/ct/hartford/prince-rvt-falcons/football/; https://www.maxpreps.com/ct/hartford/sports-and-medical-sciences-academy-bulkeley-classical-magnet-tigerhawks/football/; https://www.maxpreps.com/ct/hartford/hartford-public-owls/football/
45403,Paterson Catholic (NJ),,NJ,no_city_state_match,https://www.maxpreps.com/nj/oak-ridge/jefferson-township-falcons/football/; https://www.maxpreps.com/nj/oakhurst/ocean-township-spartans/football/; https://www.maxpreps.com/nj/oakland/indian-hills-braves/football/; https://www.maxpreps.com/nj/ocean-city/ocean-city-raiders/football/; https://www.maxpreps.com/nj/old-bridge/old-bridge-knights/football/; https://www.maxpreps.com/nj/old-tappan/nv-old-tappan-golden-knights/football/; https://www.maxpreps.com/nj/oradell/bergen-catholic-crusaders/football/; https://www.maxpreps.com/nj/oradell/river-dell-golden-hawks/football/; https://www.maxpreps.com/nj/orange/orange-tornadoes/football/; https://www.maxpreps.com/nj/palisades-park/palisades-park-leonia-tigers/football/; https://www.maxpreps.com/nj/palmyra/palmyra-panthers/football/; https://www.maxpreps.com/nj/paramus/paramus-catholic-paladins/football/; https://www.maxpreps.com/nj/paramus/paramus-spartans/football/; https://www.maxpreps.com/nj/park-ridge/park-ridge-owls/football/; https://www.maxpreps.com/nj/parlin/sayreville-bombers/football/; https://www.maxpreps.com/nj/parsippany/parsippany-hills-vikings/football/; https://www.maxpreps.com/nj/parsippany/parsippany-redhawks/football/; https://www.maxpreps.com/nj/passaic/passaic-indians/football/
45499,Greenville T.L. Weston (MS),,MS,ambiguous_qualifier,https://www.maxpreps.com/ms/greenville/greenville-hornets/football/; https://www.maxpreps.com/ms/greenville/greenville-christian-saints/football/; https://www.maxpreps.com/ms/greenville/st-joseph-fighting-irish/football/; https://www.maxpreps.com/ms/greenville/obannon-greenwaves/football/
45521,DeLeon (TX),,TX,no_city_state_match,https://www.maxpreps.com/tx/electra/electra-tigers/football/
45625,Lemoyne West Shore (PA),,PA,no_city_state_match,https://www.maxpreps.com/pa/laureldale/muhlenberg-muhls/football/; https://www.maxpreps.com/pa/lebanon/cedar-crest-falcons/football/; https://www.maxpreps.com/pa/lebanon/lebanon-cedars/football/; https://www.maxpreps.com/pa/leechburg/leechburg-blue-devils/football/; https://www.maxpreps.com/pa/leesport/schuylkill-valley-panthers/football/; https://www.maxpreps.com/pa/leetsdale/quaker-valley-quakers/football/; https://www.maxpreps.com/pa/lehighton/lehighton-indians/football/
46089,University of Arkansas (AR),,AR,no_city_state_match,https://www.maxpreps.com/ks/tecumseh/shawnee-heights-thunderbirds/football/; https://www.maxpreps.com/ks/tescott/tescott-trojans/football/; https://www.maxpreps.com/ks/tonganoxie/tonganoxie-chieftains/football/; https://www.maxpreps.com/ks/topeka/cair-paravel-lions/football/; https://www.maxpreps.com/ks/topeka/cornerstone-family-saints/football/; https://www.maxpreps.com/ks/topeka/hayden-wildcats/football/; https://www.maxpreps.com/ks/topeka/highland-park-scots/football/; https://www.maxpreps.com/ks/topeka/seaman-vikings/football/; https://www.maxpreps.com/ks/topeka/topeka-trojans/football/; https://www.maxpreps.com/ks/topeka/washburn-rural-blues/football/; https://www.maxpreps.com/ks/topeka/west-chargers/football/; https://www.maxpreps.com/ks/towanda/circle-thunderbirds/football/; https://www.maxpreps.com/ks/tribune/greeley-county-jackrabbits/football/; https://www.maxpreps.com/ks/troy/troy-trojans/football/; https://www.maxpreps.com/ks/udall/udall-eagles/football/; https://www.maxpreps.com/ks/ulysses/ulysses-tigers/football/; https://www.maxpreps.com/ks/uniontown/uniontown-eagles/football/
46619,Levelland Pettit (TX),,TX,no_city_state_match,https://www.maxpreps.com/tx/leveretts-chapel/leveretts-chapel-lions/football/
46657,Freedom (OK),,OK,no_city_state_match,https://www.maxpreps.com/tx/redwater/redwater-dragons/football/
46919,Modamin West Harrison (IA),,IA,no_city_state_match,https://www.maxpreps.com/ia/mondamin/west-harrison-hawkeyes/football/
47102,Lancaster Bethel Christian (CA),,CA,ambiguous_qualifier,https://www.maxpreps.com/ca/lancaster/lancaster-baptist-eagles/football/; https://www.maxpreps.com/ca/lancaster/antelope-valley-antelopes/football/; https://www.maxpreps.com/ca/lancaster/lancaster-eagles/football/
47293,Canton Augustana Academy (SD),,SD,no_city_state_match,https://www.maxpreps.com/sd/box-elder/douglas-patriots/football/; https://www.maxpreps.com/sd/brandon/brandon-valley-lynx/football/; https://www.maxpreps.com/sd/brookings/brookings-bobcats/football/; https://www.maxpreps.com/sd/buffalo/harding-county-bison/football/; https://www.maxpreps.com/sd/burke/burke-cougars/football/; https://www.maxpreps.com/sd/canistota/canistota-hawks/football/
47484,Ruskin (NE),,NE,no_city_state_match,https://www.maxpreps.com/ne/pawnee-city/pawnee-city-indians/football/; https://www.maxpreps.com/ne/paxton/paxton-tigers/football/; https://www.maxpreps.com/ne/pender/pender-pendragons/football/; https://www.maxpreps.com/ne/pierce/pierce-bluejays/football/; https://www.maxpreps.com/ne/plainview/plainview-pirates/football/; https://www.maxpreps.com/ne/plattsmouth/plattsmouth-blue-devils/football/; https://www.maxpreps.com/ne/pleasanton/pleasanton-bulldogs/football/; https://www.maxpreps.com/ne/polk/high-plains-storm/football/; https://www.maxpreps.com/ne/ponca/ponca-indians/football/; https://www.maxpreps.com/ne/potter/potter-dix-coyotes/football/; https://www.maxpreps.com/ne/ralston/ralston-rams/football/; https://www.maxpreps.com/ne/randolph/randolph-cardinals/football/; https://www.maxpreps.com/ne/ravenna/ravenna-bluejays/football/; https://www.maxpreps.com/ne/raymond/raymond-central-mustangs/football/; https://www.maxpreps.com/ne/red-cloud/red-cloud-warriors/football/; https://www.maxpreps.com/ne/roseland/silver-lake-mustangs/football/
47526,Thornton Mountain States Baptist Academy (CO),,CO,ambiguous_qualifier,https://www.maxpreps.com/co/thornton/horizon-hawks/football/; https://www.maxpreps.com/co/thornton/thornton-trojans/football/
47893,Lamar Academy (MS),,MS,no_city_state_match,https://www.maxpreps.com/ms/jackson/jackson-prep-patriots/football/; https://www.maxpreps.com/ms/jackson/provine-rams/football/; https://www.maxpreps.com/ms/kiln/hancock-hawks/football/; https://www.maxpreps.com/ms/kosciusko/kosciusko-whippets/football/; https://www.maxpreps.com/ms/kossuth/kossuth-aggies/football/; https://www.maxpreps.com/ms/lake-cormorant/lake-cormorant/football/; https://www.maxpreps.com/ms/lake/lake-hornets/football/
47905,Corpus Christi Solomon Coles (TX),,TX,no_city_state_match,https://www.maxpreps.com/tx/olney/olney-cubs/football/
47931,Hilliard (OH),,OH,no_city_state_match,https://www.maxpreps.com/oh/greenfield/mcclain-tigers/football/; https://www.maxpreps.com/oh/greenville/greenville-green-wave/football/; https://www.maxpreps.com/oh/greenwich/south-central-trojans/football/; https://www.maxpreps.com/oh/grove-city/central-crossing-comets/football/; https://www.maxpreps.com/oh/grove-city/grove-city-christian-eagles/football/; https://www.maxpreps.com/oh/grove-city/grove-city-greyhounds/football/; https://www.maxpreps.com/oh/groveport/groveport-madison-cruisers/football/; https://www.maxpreps.com/oh/hamilton/badin-rams/football/; https://www.maxpreps.com/oh/hamilton/hamilton-big-blue/football/; https://www.maxpreps.com/oh/hamilton/new-miami-vikings/football/; https://www.maxpreps.com/oh/hamilton/ross-rams/football/; https://www.maxpreps.com/oh/hamler/patrick-henry-patriots/football/; https://www.maxpreps.com/oh/hannibal/river-pilots/football/; https://www.maxpreps.com/oh/hanoverton/united-golden-eagles/football/; https://www.maxpreps.com/oh/harrison/harrison-wildcats/football/; https://www.maxpreps.com/oh/harrod/allen-east-mustangs/football/; https://www.maxpreps.com/oh/haviland/wayne-trace-raiders/football/; https://www.maxpreps.com/oh/heath/heath-bulldogs/football/; https://www.maxpreps.com/oh/hebron/lakewood-lancers/football/; https://www.maxpreps.com/oh/hicksville/hicksville-aces/football/
47976,South Kent School (CT),,CT,no_city_state_match,https://www.maxpreps.com/ct/naugatuck/naugatuck-greyhounds/football/; https://www.maxpreps.com/ct/new-britain/new-britain-golden-hurricanes/football/; https://www.maxpreps.com/ct/new-canaan/new-canaan-rams/football/; https://www.maxpreps.com/ct/new-canaan/st-lukes-storm/football/; https://www.maxpreps.com/ct/new-fairfield/new-fairfield-rebels/football/; https://www.maxpreps.com/ct/new-haven/hillhouse-academics/football/; https://www.maxpreps.com/ct/new-haven/hopkins-hilltoppers/football/; https://www.maxpreps.com/ct/new-haven/wilbur-cross-governors/football/; https://www.maxpreps.com/ct/new-london/new-london-whalers/football/; https://www.maxpreps.com/ct/new-milford/canterbury-school-saints/football/; https://www.maxpreps.com/ct/new-milford/new-milford-green-wave/football/; https://www.maxpreps.com/ct/newington/newington-noreasters/football/; https://www.maxpreps.com/ct/newtown/newtown-nighthawks/football/; https://www.maxpreps.com/ct/north-branford/north-branford-thunderbirds/football/; https://www.maxpreps.com/ct/north-haven/north-haven-nighthawks/football/; https://www.maxpreps.com/ct/norwalk/mcmahon-senators/football/; https://www.maxpreps.com/ct/norwalk/norwalk-bears/football/; https://www.maxpreps.com/ct/norwich/norwich-free-academy-wildcats/football/; https://www.maxpreps.com/ct/norwich/thames-river-co-op-norwich-rvt-grasso-rvt-st-bernard-crusaders/football/; https://www.maxpreps.com/ct/oakdale/montville-wolves/football/; https://www.maxpreps.com/ct/oakdale/st-thomas-more-chancellors/football/; https://www.maxpreps.com/ct/oxford/oxford-wolverines/football/; https://www.maxpreps.com/ct/plainville/plainville-blue-devils/football/; https://www.maxpreps.com/ct/pomfret/pomfret-school-griffins/football/; https://www.maxpreps.com/ct/putnam/quinebaug-valley-coop-pride/football/; https://www.maxpreps.com/ct/redding/joel-barlow-falcons/football/; https://www.maxpreps.com/ct/ridgefield/ridgefield-tigers/football/; https://www.maxpreps.com/ct/rocky-hill/rocky-hill-terriers/football/; https://www.maxpreps.com/ct/salisbury/salisbury-school-crimson-knights/football/; https://www.maxpreps.com/ct/seymour/seymour-wildcats/football/; https://www.maxpreps.com/ct/shelton/shelton-gaels/football/; https://www.maxpreps.com/ct/simsbury/simsbury-trojans/football/
48205,Pennsylvania School for the Deaf JV (PA),,PA,no_city_state_match,https://www.maxpreps.com/pa/north-versailles/east-allegheny-wild-cats/football/; https://www.maxpreps.com/pa/northern-cambria/northern-cambria-colts/football/; https://www.maxpreps.com/pa/oakmont/riverview-raiders/football/; https://www.maxpreps.com/pa/oil-city/oil-city-oilers/football/; https://www.maxpreps.com/pa/old-forge/old-forge-blue-devils/football/; https://www.maxpreps.com/pa/oxford/oxford-hornets/football/; https://www.maxpreps.com/pa/palmerton/palmerton-blue-bombers/football/; https://www.maxpreps.com/pa/palmyra/palmyra-cougars/football/; https://www.maxpreps.com/pa/patton/cambria-heights-highlanders/football/; https://www.maxpreps.com/pa/pen-argyl/pen-argyl-green-knights/football/; https://www.maxpreps.com/pa/pennsburg/upper-perkiomen-indians/football/
49052,Niagara Falls A. N. Myer (ON),,ON,no_city_state_match,https://www.maxpreps.com/ak/mississauga/clarkson-north-north/football/; https://www.maxpreps.com/ia/estherville/estherville-lincoln-central-midgets/football/
49409,Surrey Sullivan Heights (BC),,BC,no_city_state_match,https://www.maxpreps.com/ia/spirit-lake/spirit-lake-indians/football/; https://www.maxpreps.com/ia/springville/springville-orioles/football/; https://www.maxpreps.com/ia/stanton/stanton-vikings/football/; https://www.maxpreps.com/ia/stanwood/north-cedar-knights/football/; https://www.maxpreps.com/ia/state-center/west-marshall-trojans/football/; https://www.maxpreps.com/ia/storm-lake/storm-lake-tornadoes/football/; https://www.maxpreps.com/ia/stuart/west-central-valley-wildcats/football/; https://www.maxpreps.com/ia/sumner/sumner-fredericksburg-cougars/football/
53477,Hatch (NM),,NM,no_city_state_match,https://www.maxpreps.com/tx/haskell/paint-creek-pirates/football/; https://www.maxpreps.com/tx/paducah/paducah-dragons/football/
54408,Elkhart (IN),,IN,no_city_state_match,https://www.maxpreps.com/mi/elk-rapids/elk-rapids-elks/football/
58465,Tucson (AZ),,AZ,no_city_state_match,https://www.maxpreps.com/tx/round-rock/round-rock-christian-academy-crusaders/football/; https://www.maxpreps.com/tx/round-rock/stony-point-tigers/football/; https://www.maxpreps.com/tx/trenton/trenton-tigers/football/; https://www.maxpreps.com/tx/trinidad/trinidad-trojans/football/; https://www.maxpreps.com/tx/trinity/trinity-tigers/football/; https://www.maxpreps.com/tx/trophy-club/byron-nelson-bobcat/football/; https://www.maxpreps.com/tx/troup/troup-tigers/football/; https://www.maxpreps.com/tx/troy/troy-trojans/football/
58671,East St. Louis (IL),East St. Louis,IL,no_city_state_match,https://www.maxpreps.com/il/decatur/decatur-eisenhower-panthers/football/; https://www.maxpreps.com/il/decatur/macarthur-generals/football/; https://www.maxpreps.com/il/decatur/st-teresa-bulldogs/football/; https://www.maxpreps.com/il/deerfield/deerfield-warriors/football/; https://www.maxpreps.com/il/dekalb/dekalb-barbs/football/; https://www.maxpreps.com/il/mackinaw/deer-creek-mackinaw-chiefs/football/
58923,Amanda-Clearcreek (OH),,OH,no_city_state_match,https://www.maxpreps.com/oh/copley/copley-indians/football/; https://www.maxpreps.com/oh/corning/miller-falcons/football/; https://www.maxpreps.com/oh/cortland/lakeview-bulldogs/football/; https://www.maxpreps.com/oh/cuyahoga-falls/cuyahoga-falls-black-tigers/football/; https://www.maxpreps.com/oh/cuyahoga-falls/walsh-jesuit-warriors/football/; https://www.maxpreps.com/oh/dalton/dalton-bulldogs/football/; https://www.maxpreps.com/oh/danville/danville-blue-devils/football/; https://www.maxpreps.com/oh/dayton/belmont-bison/football/; https://www.maxpreps.com/oh/dayton/carroll-patriots/football/; https://www.maxpreps.com/oh/dayton/chaminade-julienne-catholic-eagles/football/; https://www.maxpreps.com/oh/dayton/dunbar-wolverines/football/; https://www.maxpreps.com/oh/dayton/meadowdale-lions/football/; https://www.maxpreps.com/oh/dayton/northridge-polar-bears/football/; https://www.maxpreps.com/oh/dayton/oakwood-lumberjacks/football/; https://www.maxpreps.com/oh/dayton/ponitz-career-tech-golden-panthers/football/
60563,Chicago Back of the Yards College Prep (IL),,IL,no_city_state_match,https://www.maxpreps.com/il/carbondale/carbondale-terriers/football/; https://www.maxpreps.com/il/carlinville/carlinville-cavaliers/football/; https://www.maxpreps.com/il/carol-stream/glenbard-north-panthers/football/; https://www.maxpreps.com/il/carpentersville/dundee-crown-chargers/football/; https://www.maxpreps.com/il/carrollton/carrollton-hawks/football/
60578,Chicago Crane-Talent Development (IL),,IL,no_city_state_match,https://www.maxpreps.com/il/country-club-hills/hillcrest-hawks/football/
60686,Chippewa Falls McDonell Central Catholic (WI),,WI,ambiguous_qualifier,https://www.maxpreps.com/wi/chippewa-falls/mcdonell-central-macks/football/; https://www.maxpreps.com/wi/chippewa-falls/chippewa-falls-cardinals/football/
61446,Detroit Central Collegiate (MI),Detroit,MI,no_city_state_match,https://www.maxpreps.com/mi/zeeland/zeeland-west-dux/football/
61642,East Grand Rapids (MI),,MI,no_city_state_match,https://www.maxpreps.com/mi/grand-rapids/east-grand-rapids-pioneers/football/
62229,Fort Valley Hunt (GA),,GA,no_city_state_match,https://www.maxpreps.com/ga/fayetteville/fayette-county-tigers/football/; https://www.maxpreps.com/ga/fayetteville/starrs-mill-panthers/football/; https://www.maxpreps.com/ga/fayetteville/whitewater-wildcats/football/; https://www.maxpreps.com/ga/fitzgerald/fitzgerald-purple-hurricane/football/; https://www.maxpreps.com/ga/flowery-branch/flowery-branch-falcons/football/; https://www.maxpreps.com/ga/folkston/charlton-county-indians/football/; https://www.maxpreps.com/ga/forest-park/forest-park-panthers/football/; https://www.maxpreps.com/ga/forsyth/mary-persons-bulldogs/football/
62582,Grand Coteau Berchmans Academy of the Sacred Heart (LA),,LA,no_city_state_match,https://www.maxpreps.com/la/grambling/lincoln-prep-panthers/football/
63170,Holmes Academy (MS),,MS,no_city_state_match,https://www.maxpreps.com/ms/holly-springs/marshall-academy-patriots/football/
63268,Howe Military Academy (IN),,IN,no_city_state_match,https://www.maxpreps.com/in/hobart/river-forest-ingots/football/
63951,Lake Charles Washington-Marion (LA),,LA,ambiguous_qualifier,https://www.maxpreps.com/la/lake-charles/southwest-louisiana-homeschool/football/; https://www.maxpreps.com/la/lake-charles/grand-lake-hornets/football/; https://www.maxpreps.com/la/lake-charles/hamilton-christian-warriors/football/; https://www.maxpreps.com/la/lake-charles/st-louis-catholic-saints/football/; https://www.maxpreps.com/la/lake-charles/sam-houston-broncos/football/; https://www.maxpreps.com/la/lake-charles/barbe-buccaneers/football/; https://www.maxpreps.com/la/lake-charles/lagrange-gators/football/
64020,Lakewood St. Edward (OH),,OH,ambiguous_qualifier,https://www.maxpreps.com/oh/lakewood/st-edward-eagles/football/; https://www.maxpreps.com/oh/lakewood/lakewood-rangers/football/
64551,Louisville Kentucky Country Day (KY),,KY,no_city_state_match,https://www.maxpreps.com/in/kentland/south-newton-rebels/football/
65366,Moclips Aloha (WA),,WA,no_city_state_match,https://www.maxpreps.com/wa/mill-creek/jackson-timberwolves/football/
65561,Mount Holly Rancocas Valley Regional (NJ),,NJ,no_city_state_match,https://www.maxpreps.com/nj/metuchen/st-joseph-falcons/football/; https://www.maxpreps.com/nj/middlesex/middlesex-bluejays/football/; https://www.maxpreps.com/nj/middletown/middletown-north-lions/football/; https://www.maxpreps.com/nj/middletown/middletown-south-eagles/football/; https://www.maxpreps.com/nj/millburn/millburn-millers/football/; https://www.maxpreps.com/nj/millville/millville-thunderbolts/football/; https://www.maxpreps.com/nj/monmouth-junction/south-brunswick-vikings/football/; https://www.maxpreps.com/nj/monroe-township/monroe-township-falcons/football/; https://www.maxpreps.com/nj/montclair/montclair-kimberley-academy-cougars/football/; https://www.maxpreps.com/nj/montclair/montclair-mounties/football/; https://www.maxpreps.com/nj/montvale/pascack-hills-broncos/football/; https://www.maxpreps.com/nj/montvale/st-joseph-regional-green-knights/football/; https://www.maxpreps.com/nj/montville/montville-mustangs/football/; https://www.maxpreps.com/nj/moorestown/moorestown-quakers/football/; https://www.maxpreps.com/nj/morristown/delbarton-green-wave/football/; https://www.maxpreps.com/nj/morristown/morristown-colonials/football/; https://www.maxpreps.com/ny/moravia/moravia-blue-devils/football/
66180,O'Fallon St. Dominic (MO),,MO,no_city_state_match,https://www.maxpreps.com/mo/ofallon/st-dominic-crusaders/football/
66369,Oshawa O'Neill (ON),,ON,no_city_state_match,https://www.maxpreps.com/al/tallassee/tallassee-tigers/football/; https://www.maxpreps.com/az/cave-creek/cactus-shadows-falcons/football/; https://www.maxpreps.com/az/chandler/basha-bears/football/; https://www.maxpreps.com/az/chandler/chandler-prep-titans/football/; https://www.maxpreps.com/az/chandler/chandler-wolves/football/; https://www.maxpreps.com/az/chandler/hamilton-huskies/football/; https://www.maxpreps.com/az/chandler/seton-catholic-sentinels/football/; https://www.maxpreps.com/az/chandler/skyline-gila-river/football/; https://www.maxpreps.com/az/chandler/valley-christian-trojans/football/; https://www.maxpreps.com/az/chinle/chinle-wildcats/football/; https://www.maxpreps.com/az/chinle/rough-rock-sun-devils/football/; https://www.maxpreps.com/az/chino-valley/chino-valley-cougars/football/; https://www.maxpreps.com/ca/livermore/granada-matadors/football/; https://www.maxpreps.com/ca/oneals/minarets-mustangs/football/; https://www.maxpreps.com/ga/stockbridge/community-christian-knights/football/; https://www.maxpreps.com/ga/stockbridge/stockbridge-tigers/football/; https://www.maxpreps.com/ga/stockbridge/woodland-wolfpack/football/; https://www.maxpreps.com/ga/stone-mountain/redan-raiders/football/; https://www.maxpreps.com/ga/stone-mountain/stephenson-jaguars/football/; https://www.maxpreps.com/ga/stone-mountain/stone-mountain-pirates/football/; https://www.maxpreps.com/ga/sugar-hill/lanier-longhorns/football/; https://www.maxpreps.com/ga/summerville/chattooga-indians/football/; https://www.maxpreps.com/ia/avoca/ahstw-vikings/football/; https://www.maxpreps.com/ia/fairbank/wapsie-valley-warriors/football/; https://www.maxpreps.com/ia/fairfield/fairfield-trojans/football/; https://www.maxpreps.com/ia/forest-city/forest-city-indians/football/; https://www.maxpreps.com/ia/fort-dodge/fort-dodge-dodgers/football/; https://www.maxpreps.com/ia/fort-dodge/st-edmond-gaels/football/; https://www.maxpreps.com/ia/fort-madison/fort-madison-bloodhounds/football/; https://www.maxpreps.com/ia/guttenburg/clayton-ridge-eagles/football/; https://www.maxpreps.com/ia/harlan/harlan-cyclones/football/; https://www.maxpreps.com/ia/hartley/hartley-melvin-sanborn-hawks/football/; https://www.maxpreps.com/ia/hawarden/west-sioux-falcons/football/; https://www.maxpreps.com/ia/hinton/hinton-blackhawks/football/; https://www.maxpreps.com/ia/mount-ayr/mount-ayr-raiders/football/; https://www.maxpreps.com/ia/west-union/north-fayette-hawks/football/; https://www.maxpreps.com/il/cerro-gordo/cerro-gordo-bement-broncos/football/; https://www.maxpreps.com/ky/paintsville/johnson-central-golden-eagles/football/; https://www.maxpreps.com/ky/paintsville/paintsville-tigers/football/; https://www.maxpreps.com/ky/paris/bourbon-county-colonels/football/; https://www.maxpreps.com/ky/paris/paris-greyhounds/football/; https://www.maxpreps.com/ky/park-hills/covington-catholic-colonels/football/; https://www.maxpreps.com/ky/phelps/phelps-hornets/football/; https://www.maxpreps.com/ky/pikeville/pike-county-central-hawks/football/; https://www.maxpreps.com/ky/pikeville/pikeville-panthers/football/; https://www.maxpreps.com/ky/pikeville/shelby-valley-wildcats/football/; https://www.maxpreps.com/ky/pineville/bell-county-bobcats/football/; https://www.maxpreps.com/ky/prestonsburg/prestonsburg-blackcats/football/; https://www.maxpreps.com/ky/princeton/caldwell-county-tigers/football/; https://www.maxpreps.com/mo/desoto/desoto-dragons/football/; https://www.maxpreps.com/ms/hattiesburg/hattiesburg-tigers/football/; https://www.maxpreps.com/mt/harlowton/harlowton-ryegate-judith-gap/football/; https://www.maxpreps.com/ne/oneill/oneill-eagles/football/; https://www.maxpreps.com/nj/springfield/dayton-bulldogs/football/; https://www.maxpreps.com/nj/stanhope/lenape-valley-patriots/football/; https://www.maxpreps.com/nj/succasunna/roxbury-gaels/football/; https://www.maxpreps.com/nj/summit/summit-hilltoppers/football/; https://www.maxpreps.com/nj/sussex/high-point-wildcats/football/; https://www.maxpreps.com/nj/tabernacle/seneca-golden-eagles/football/; https://www.maxpreps.com/nj/teaneck/teaneck-highwaymen/football/; https://www.maxpreps.com/nj/tenafly/tenafly-tigers/football/; https://www.maxpreps.com/nj/tinton-falls/monmouth-regional-falcons/football/; https://www.maxpreps.com/nj/toms-river/donovan-catholic-griffins/football/; https://www.maxpreps.com/nj/toms-river/toms-river-east-raiders/football/; https://www.maxpreps.com/nj/toms-river/toms-river-north-mariners/football/; https://www.maxpreps.com/nj/toms-river/toms-river-south-indians/football/; https://www.maxpreps.com/nj/trenton/ewing-blue-devils/football/; https://www.maxpreps.com/nj/trenton/trenton-central-tornadoes/football/; https://www.maxpreps.com/ny/canajoharie/canajoharie-fort-plain/football/; https://www.maxpreps.com/ny/centereach/centereach-cougars/football/; https://www.maxpreps.com/ny/central-islip/central-islip-musketeers/football/; https://www.maxpreps.com/ny/central-square/central-square-redhawks/football/; https://www.maxpreps.com/ny/central-valley/monroe-woodbury-crusaders/football/; https://www.maxpreps.com/ny/chappaqua/greeley-quakers/football/; https://www.maxpreps.com/ny/chatham/chatham-panthers/football/; https://www.maxpreps.com/ny/cheektowaga/cheektowaga-chargers/football/; https://www.maxpreps.com/ny/cheektowaga/cleveland-hill-golden-eagles/football/; https://www.maxpreps.com/ny/cheektowaga/maryvale-flyers/football/; https://www.maxpreps.com/ny/chester/chester-seward-park/football/; https://www.maxpreps.com/ny/manorville/eastport-south-manor-sharks/football/; https://www.maxpreps.com/ny/marcellus/marcellus-mustangs/football/; https://www.maxpreps.com/ny/marcy/whitesboro-warriors/football/; https://www.maxpreps.com/ny/marlboro/marlboro-central-dukes/football/; https://www.maxpreps.com/ny/massapequa/massapequa-chiefs/football/; https://www.maxpreps.com/ny/massapequa/plainedge-red-devils/football/; https://www.maxpreps.com/ny/massena/massena-raiders/football/; https://www.maxpreps.com/ny/mastic-beach/william-floyd-colonials/football/; https://www.maxpreps.com/ny/mayville/chautauqua-lake-westfield-brocton-eagles/football/; https://www.maxpreps.com/ny/mechanicville/mechanicville-hoosic-valley/football/; https://www.maxpreps.com/ny/staten-island/st-joseph-by-the-sea-vikings/football/; https://www.maxpreps.com/or/springfield/springfield-millers/football/; https://www.maxpreps.com/or/springfield/thurston-colts/football/; https://www.maxpreps.com/or/stanfield/stanfield-tigers/football/; https://www.maxpreps.com/or/stayton/regis-rams/football/; https://www.maxpreps.com/or/stayton/stayton-eagles/football/; https://www.maxpreps.com/or/sutherlin/sutherlin-bulldogs/football/; https://www.maxpreps.com/or/sweet-home/sweet-home-huskies/football/; https://www.maxpreps.com/or/the-dalles/the-dalles-riverhawks/football/; https://www.maxpreps.com/pa/philadelphia/south-philadelphia-rams/football/; https://www.maxpreps.com/pa/pittsburgh/imani-christian-academy-saints/football/; https://www.maxpreps.com/pa/south-park/south-park-eagles/football/; https://www.maxpreps.com/sd/estelline/estelline-hendricks/football/; https://www.maxpreps.com/sd/faith/faith-longhorns/football/; https://www.maxpreps.com/sd/faulkton/faulkton-trojans/football/; https://www.maxpreps.com/sd/flandreau/flandreau-fliers/football/; https://www.maxpreps.com/sd/flandreau/flandreau-indian-indians/football/; https://www.maxpreps.com/sd/florence/florence-henry-falcons/football/; https://www.maxpreps.com/sd/fort-pierre/stanley-county-buffalos/football/; https://www.maxpreps.com/sd/freeman/freeman-marion-freeman-academy/football/; https://www.maxpreps.com/tn/brownsville/haywood-tomcats/football/; https://www.maxpreps.com/tx/forney/north-forney-falcons/football/; https://www.maxpreps.com/tx/plano/plano-west-wolves/football/; https://www.maxpreps.com/tx/plano/prestonwood-christian-lions/football/; https://www.maxpreps.com/tx/pleasanton/pleasanton-eagles/football/; https://www.maxpreps.com/tx/ponder/ponder-lions/football/; https://www.maxpreps.com/tx/waco/north-waco-baptist-academy/football/; https://www.maxpreps.com/va/stafford/mountain-view-wildcats/football/; https://www.maxpreps.com/va/stanardsville/william-monroe-dragons/football/; https://www.maxpreps.com/va/staunton/riverheads-gladiators/football/; https://www.maxpreps.com/va/stephens-city/sherando-warriors/football/; https://www.maxpreps.com/va/sterling/dominion-titans/football/; https://www.maxpreps.com/va/sterling/potomac-falls-panthers/football/; https://www.maxpreps.com/va/strasburg/strasburg-rams/football/; https://www.maxpreps.com/va/stuart/patrick-county-cougars/football/; https://www.maxpreps.com/va/stuarts-draft/stuarts-draft-cougars/football/; https://www.maxpreps.com/va/suffolk/kings-fork-bulldogs/football/; https://www.maxpreps.com/va/suffolk/lakeland-cavaliers/football/; https://www.maxpreps.com/va/suffolk/nansemond-river-warriors/football/; https://www.maxpreps.com/va/sussex/sussex-central-tigers/football/; https://www.maxpreps.com/va/swoope/buffalo-gap-bison/football/; https://www.maxpreps.com/va/tappahannock/essex-trojans/football/; https://www.maxpreps.com/va/tazewell/tazewell-bulldogs/football/; https://www.maxpreps.com/vt/bennington/mount-anthony-patriots/football/; https://www.maxpreps.com/vt/bradford/oxbow-olympians/football/; https://www.maxpreps.com/vt/brandon/otter-valley-otters/football/; https://www.maxpreps.com/vt/brattleboro/brattleboro-bears/football/; https://www.maxpreps.com/vt/bristol/mt-abraham-eagles/football/; https://www.maxpreps.com/vt/colchester/colchester-lakers/football/; https://www.maxpreps.com/vt/essex-junction/essex-hornets/football/; https://www.maxpreps.com/vt/fair-haven/fair-haven-slaters/football/
66971,Port Orchard South Kitsap (WA),,WA,no_city_state_match,https://www.maxpreps.com/wa/zillah/zillah-leopards/football/
67278,Richmond Academy B (GA),,GA,no_city_state_match,https://www.maxpreps.com/ga/reidsville/tattnall-county-warriors/football/
67294,Richmond J. R. Tucker (VA),,VA,ambiguous_qualifier,https://www.maxpreps.com/va/richmond/hermitage-panthers/football/; https://www.maxpreps.com/va/richmond/henrico-warriors/football/; https://www.maxpreps.com/va/richmond/armstrong-wildcats/football/; https://www.maxpreps.com/va/richmond/st-christophers-saints/football/; https://www.maxpreps.com/va/richmond/huguenot-falcons/football/; https://www.maxpreps.com/va/richmond/john-marshall-justices/football/; https://www.maxpreps.com/va/richmond/trinity-episcopal-titans/football/; https://www.maxpreps.com/va/richmond/benedictine-cadets/football/; https://www.maxpreps.com/va/richmond/meadowbrook-monarchs/football/; https://www.maxpreps.com/va/richmond/monacan-chiefs/football/; https://www.maxpreps.com/va/richmond/godwin-eagles/football/; https://www.maxpreps.com/va/richmond/central-virginia-disciples/football/; https://www.maxpreps.com/va/richmond/armstrong-kennedy-wildcats/football/; https://www.maxpreps.com/va/richmond/collegiate-cougars/football/; https://www.maxpreps.com/va/richmond/freeman-mavericks/football/
67602,Saint Charles Francis Howel (MO),,MO,ambiguous_qualifier,https://www.maxpreps.com/mo/st-charles/howell-central-spartans/football/; https://www.maxpreps.com/mo/st-charles/howell-vikings/football/; https://www.maxpreps.com/mo/st-charles/duchesne-pioneers/football/; https://www.maxpreps.com/mo/st-charles/howell-north-knights/football/
68312,Spaulding (NH),,NH,no_city_state_match,https://www.maxpreps.com/vt/south-burlington/rice-memorial-green-knights/football/
68493,Stickney-Mount Vernon (SD),,SD,no_city_state_match,https://www.maxpreps.com/sd/stephan/crow-creek-chieftains/football/
68725,Tallahatchie Academy (MS),,MS,no_city_state_match,https://www.maxpreps.com/ms/sumrall/sumrall-bobcats/football/
68817,Tennessee School for the Deaf (TN),,TN,no_city_state_match,https://www.maxpreps.com/in/tell-city/tell-city-marksmen/football/
69582,Weatherly Area (PA),,PA,no_city_state_match,https://www.maxpreps.com/pa/waynesburg/west-greene-pioneers/football/
70115,South End Junior High (TX),,TX,no_city_state_match,https://www.maxpreps.com/tx/sour-lake/hardin-jefferson-hawks/football/
70871,Texas Military Institute (TX),,TX,no_city_state_match,https://www.maxpreps.com/tx/new-waverly/new-waverly-bulldogs/football/; https://www.maxpreps.com/tx/newcastle/newcastle-bobcats/football/; https://www.maxpreps.com/tx/newton/newton-eagles/football/; https://www.maxpreps.com/tx/sweetwater/sweetwater-mustangs/football/; https://www.maxpreps.com/tx/terrell/terrell-tigers/football/; https://www.maxpreps.com/tx/texarkana/pleasant-grove-hawks/football/; https://www.maxpreps.com/tx/texarkana/texas-tigers/football/; https://www.maxpreps.com/tx/texas-city/texas-city-stingarees/football/; https://www.maxpreps.com/tx/tyler/all-saints-episcopal-trojans/football/; https://www.maxpreps.com/tx/tyler/bishop-gorman-crusaders/football/; https://www.maxpreps.com/tx/tyler/chapel-hill-bulldogs/football/; https://www.maxpreps.com/tx/tyler/grace-community-cougars/football/; https://www.maxpreps.com/tx/tyler/john-tyler-lions/football/; https://www.maxpreps.com/tx/tyler/kings-academy-knights/football/; https://www.maxpreps.com/tx/tyler/lee-raiders/football/; https://www.maxpreps.com/tx/tyler/tyler-heat/football/; https://www.maxpreps.com/tx/tyler/tyler-lions/football/
71127,Southwestern Texas University Frosh (TX),,TX,no_city_state_match,https://www.maxpreps.com/tx/southland/southland-eagles/football/
71235,Dallas Winston School (TX),,TX,no_city_state_match,https://www.maxpreps.com/tx/winona/winona-wildcats/football/
71299,St. Paul's Covington (LA),,LA,no_city_state_match,https://www.maxpreps.com/la/shreveport/calvary-baptist-academy-cavaliers/football/; https://www.maxpreps.com/la/shreveport/captain-shreve-gators/football/; https://www.maxpreps.com/la/shreveport/evangel-christian-academy-eagles/football/; https://www.maxpreps.com/la/shreveport/green-oaks-giants/football/; https://www.maxpreps.com/la/shreveport/huntington-raiders/football/; https://www.maxpreps.com/la/shreveport/magnolia-school-of-excellence/football/; https://www.maxpreps.com/la/shreveport/northwood-falcons/football/; https://www.maxpreps.com/la/shreveport/southwood-cowboys/football/; https://www.maxpreps.com/la/shreveport/washington-lions/football/; https://www.maxpreps.com/la/shreveport/woodlawn-shreveport-knights/football/; https://www.maxpreps.com/la/sibley/lakeside-warriors/football/; https://www.maxpreps.com/la/slaughter/slaughter-community-charter-knights/football/; https://www.maxpreps.com/la/slidell/northshore-panthers/football/; https://www.maxpreps.com/la/slidell/pope-john-paul-ii-jaguars/football/; https://www.maxpreps.com/la/slidell/salmen-spartans/football/; https://www.maxpreps.com/la/slidell/slidell-tigers/football/; https://www.maxpreps.com/la/springfield/springfield-bulldogs/football/; https://www.maxpreps.com/la/springhill/north-webster-knights/football/; https://www.maxpreps.com/la/st-amant/st-amant-gators/football/; https://www.maxpreps.com/la/st-francisville/west-feliciana-saints/football/; https://www.maxpreps.com/la/st-gabriel/east-iberville-tigers/football/; https://www.maxpreps.com/la/st-james/st-james-wildcats/football/; https://www.maxpreps.com/la/st-joseph/tensas-academy-chiefs/football/; https://www.maxpreps.com/la/st-joseph/tensas-panthers/football/; https://www.maxpreps.com/la/st-martinville/st-martinville-tigers/football/
71955,Shreveport Fair Park B (LA),,LA,no_city_state_match,https://www.maxpreps.com/tx/vanderbilt/industrial-cobras/football/
72135,West Monroe B (LA),,LA,no_city_state_match,https://www.maxpreps.com/la/welsh/welsh-greyhounds/football/
