Team_ID,Team_Name,Games2025,URL,Name_on_source,Source,Old_Team_ID,Approve
38525,Bay St. Louis St. Stanislaus (MS),19,https://www.maxpreps.com/ms/bay-st-louis/st-stanislaus-rock-a-chaws/football/schedule/,Bay Saint Louis St. St. anislaus (MS),orphan mapping,18063,Y
66314,Orchard Lake St. Marys Prep (MI),18,https://www.maxpreps.com/mi/orchard-lake/st-marys-prep-eaglets/football/schedule/,Orchard Lake St. Marys (MI),orphan mapping,37618,Y
66945,Pontiac Notre Dame Prep (MI),18,https://www.maxpreps.com/mi/pontiac/notre-dame-prep-fighting-irish/football/schedule/,Pontiac Notre Dame (MI),orphan mapping,14965,Y
11414,Union-Endicott (NY),18,https://www.maxpreps.com/ny/endicott/union-endicott-tigers/football/schedule/,Endicott Union Endicott (NY),orphan mapping,23324,Y
63450,Jackson Lumen Christi Catholic (MI),17,https://www.maxpreps.com/mi/jackson/lumen-christi-catholic-titans/football/schedule/,Jackson Lumen Christi (MI),orphan mapping,11888,Y
59044,Arcadia Rio Hondo Prep (CA),16,https://www.maxpreps.com/ca/arcadia/rio-hondo-prep-kares/football/schedule/,Arcadia Rio Hondo (CA),orphan mapping,47863,Y
7412,Little Rock Southwest Christian Academy (AR),16,https://www.maxpreps.com/ar/little-rock/southwest-christian-academy-lions/football/schedule/,Little Rock Southwest Christian (AR),orphan mapping,27361,Y
69426,Warren De La Salle Collegiate (MI),16,https://www.maxpreps.com/mi/warren/de-la-salle-collegiate-pilots/football/schedule/,Warren De La (MI),orphan mapping,22011,Y
61267,Dardanelle (AR),15,https://www.maxpreps.com/ar/dardanelle/dardanelle-sand-lizards/football/schedule/,Dardanelle Sand (AR),orphan mapping,21215,Y
64551,Louisville Kentucky Country Day (KY),15,https://www.maxpreps.com/ky/louisville/kentucky-country-day-bearcats/football/schedule/,Louisville Kentucky Country (KY),orphan mapping,41284,Y
59788,Boca Raton West (FL),14,https://www.maxpreps.com/fl/boca-raton/west-boca-raton-bulls/football/schedule/,Boca Raton West Boca (FL),orphan mapping,33489,Y
60967,Columbia Irmo (SC),14,https://www.maxpreps.com/sc/columbia/irmo-yellow-jackets/football/schedule/,Columbia Irmo Yellow (SC),orphan mapping,575,Y
62088,Festus St. Pius X (MO),14,https://www.maxpreps.com/mo/festus/st-pius-x-lancers/football/schedule/,Festus St. Pius (MO),orphan mapping,23616,Y
64064,L'Anse (MI),14,https://www.maxpreps.com/mi/lanse/lanse-purple-hornets/football/schedule/,Lanse Purple (MI),orphan mapping,7505,Y
63991,Lake Worth Dr. Joaquin Garcia (FL),14,https://www.maxpreps.com/fl/lake-worth/dr-joaquin-garcia-bulldogs/football/schedule/,Lake Worth Dr Joaquin (FL),orphan mapping,38660,Y
64213,Lee's Summit St. Michael the Archangel (MO),14,https://www.maxpreps.com/mo/lees-summit/st-michael-the-archangel-guardians/football/schedule/,Lees Summit St. Michael (MO),orphan mapping,21611,Y
66967,Port Neches (TX),14,https://www.maxpreps.com/tx/port-neches/port-neches-groves-indians/football/schedule/,Port Neches Port Neches (TX),orphan mapping,14676,Y
67259,Reserve Riverside Academy (LA),14,https://www.maxpreps.com/la/reserve/riverside-academy-rebels/football/schedule/,Reserve Riverside (LA),orphan mapping,35434,Y
59327,Baltimore Mergenthaler Vo-Tech (MD),13,https://www.maxpreps.com/md/baltimore/mergenthaler-vo-tech-mustangs/football/schedule/,Baltimore Mergenthaler Vo (MD),orphan mapping,37518,Y
60065,Burbank St. Laurence (IL),13,https://www.maxpreps.com/il/burbank/st-laurence-vikings/football/schedule/,Saint Laurence (IL),orphan mapping,20010,Y
60331,Cedar City (UT),13,https://www.maxpreps.com/ut/cedar-city/cedar-reds/football/schedule/,Cedar City Cedar (UT),orphan mapping,9785,Y
60809,Clearwater Central Catholic (FL),13,https://www.maxpreps.com/fl/clearwater/clearwater-central-catholic-marauders/football/schedule/,Clearwater Central (FL),orphan mapping,22393,Y
61029,Concord Clayton Valley Charter (CA),13,https://www.maxpreps.com/ca/concord/clayton-valley-charter-ugly-eagles/football/schedule/,Concord Clayton Valley (CA),orphan mapping,22351,Y
39657,Concord De La Salle (CA),13,https://www.maxpreps.com/ca/concord/de-la-salle-spartans/football/schedule/,Concord De La (CA),orphan mapping,38322,Y
61215,Cuyahoga Falls Walsh Jesuit (OH),13,https://www.maxpreps.com/oh/cuyahoga-falls/walsh-jesuit-warriors/football/schedule/,Cuyahoga Walsh Jesuit (OH),orphan mapping,36922,Y
61248,Damascus Southwest Georgia Academy (GA),13,https://www.maxpreps.com/ga/damascus/southwest-georgia-academy-warriors/football/schedule/,Damascus Southwest Georgia (GA),orphan mapping,45289,Y
61256,Danvers St. John's Prep (MA),13,https://www.maxpreps.com/ma/danvers/st-johns-prep-eagles/football/schedule/,Danvers St. Johns (MA),orphan mapping,49498,Y
62106,Fitzgerald (GA),13,https://www.maxpreps.com/ga/fitzgerald/fitzgerald-purple-hurricane/football/schedule/,Fitzgerald Purple (GA),orphan mapping,11442,Y
62292,Franklin Battle Ground Academy (TN),13,https://www.maxpreps.com/tn/franklin/battle-ground-academy-wildcats/football/schedule/,Franklin Battle Ground (TN),orphan mapping,7931,Y
62587,Grand Island Central Catholic (NE),13,https://www.maxpreps.com/ne/grand-island/grand-island-central-catholic-crusaders/football/schedule/,Grand Island Catholic (NE),orphan mapping,15087,Y
62752,Gypsum Southeast of Saline (KS),13,https://www.maxpreps.com/ks/gypsum/southeast-of-saline-trojans/football/schedule/,Gypsum Southeast Of (KS),orphan mapping,35457,Y
62838,Hanover-Horton (MI),13,https://www.maxpreps.com/mi/horton/hanover-horton-comets/football/schedule/,Horton Hanover Horton (MI),orphan mapping,40772,Y
63028,Henderson Sports Leadership & Management (NV),13,https://www.maxpreps.com/nv/henderson/sports-leadership-and-management-bulls/football/schedule/,Henderson Sports Leadership (NV),orphan mapping,38396,Y
63606,Kalamazoo Hackett Catholic Prep (MI),13,https://www.maxpreps.com/mi/kalamazoo/hackett-catholic-prep-fighting-irish/football/schedule/,Kalamazoo Hackett Catholic Central (MI),orphan mapping,8463,Y
63663,Kea'au Kamehameha (HI),13,https://www.maxpreps.com/hi/keaau/kamehameha-hawaii-warriors/football/schedule/,Keaau Kamehameha Hawaii (HI),orphan mapping,9917,Y
64247,Lenexa Christ Prep Academy (KS),13,https://www.maxpreps.com/ks/lenexa/christ-prep-academy-patriots/football/schedule/,Lenexa Christ Prep (KS),orphan mapping,25828,Y
64360,Lineville Central of Clay County (AL),13,https://www.maxpreps.com/al/lineville/central-of-clay-county-volunteers/football/schedule/,Lineville Central Of (AL),orphan mapping,12165,Y
65332,Mio-Au Sable (MI),13,https://www.maxpreps.com/mi/mio/mio-au-sable-thunderbolts/football/schedule/,Mio Au (MI),orphan mapping,20319,Y
66556,Pasco Tri-Cities Prep (WA),13,https://www.maxpreps.com/wa/pasco/tri-cities-prep-jaguars/football/schedule/,Pasco Tri Cities (WA),orphan mapping,16431,Y
66934,Pond Creek (OK),13,https://www.maxpreps.com/ok/pond-creek/pond-creek-hunter-panthers/football/schedule/,Pond Creek Pond Creek (OK),orphan mapping,49566,Y
47819,Saint Ansgar (IA),13,https://www.maxpreps.com/ia/st-ansgar/st-ansgar-saints/football/schedule/,Saint Ansgar St. Ansgar (IA),orphan mapping,42612,Y
68474,Stephenville Three Way (TX),13,https://www.maxpreps.com/tx/stephenville/three-way/football/schedule/,Stephenville Three (TX),orphan mapping,30512,Y
68805,Temperance Bedford (MI),13,https://www.maxpreps.com/mi/temperance/bedford-kicking-mules/football/schedule/,Temperance Bedford Kicking (MI),orphan mapping,4906,Y
68917,Toledo St. John's Jesuit (OH),13,https://www.maxpreps.com/oh/toledo/st-johns-jesuit-titans/football/schedule/,Toledo St. Johns (OH),orphan mapping,33788,Y
69075,Tucson Pusch Ridge Christian Academy (AZ),13,https://www.maxpreps.com/az/tucson/pusch-ridge-christian-academy-lions/football/schedule/,Tucson Pusch Ridge (AZ),orphan mapping,35898,Y
69195,Upper Saint Clair (PA),13,https://www.maxpreps.com/pa/upper-st-clair/upper-st-clair-panthers/football/schedule/,Upper Saint Clair Upper St. (PA),orphan mapping,11413,Y
31876,Wayne Passaic County Tech (NJ),13,https://www.maxpreps.com/nj/wayne/passaic-county-tech-bulldogs/football/schedule/,Wayne Passaic County (NJ),orphan mapping,45039,Y
70006,Wrentham King Philip Regional (MA),13,https://www.maxpreps.com/ma/wrentham/king-philip-regional-warriors/football/schedule/,Wrentham King Philip (MA),orphan mapping,49622,Y
59092,Arthur Lovington Atwood Hammond (IL),12,https://www.maxpreps.com/il/arthur/arthur-lovington-atwood-hammond-knights/football/schedule/,Arthur Lovington (IL),orphan mapping,37703,Y
47398,Atherton Sacred Heart Prep (CA),12,https://www.maxpreps.com/ca/atherton/sacred-heart-prep-gators/football/schedule/,Atherton Sacred Heart (CA),orphan mapping,13410,Y
59183,Au Gres-Sims (MI),12,https://www.maxpreps.com/mi/au-gres/au-gres-sims-wolverines/football/schedule/,Au Gres Au Gres (MI),orphan mapping,26340,Y
59232,Austin Eastside Early College (TX),12,https://www.maxpreps.com/tx/austin/eastside-early-college-panthers/football/schedule/,Austin Eastside Early (TX),orphan mapping,23593,Y
59319,Baltimore Green Street Academy (MD),12,https://www.maxpreps.com/md/baltimore/green-street-academy-chargers/football/schedule/,Baltimore Green St. reet (MD),orphan mapping,21569,Y
59987,Brooksville Nature Coast Tech (FL),12,https://www.maxpreps.com/fl/brooksville/nature-coast-tech-sharks/football/schedule/,Brooksville Nature Coast (FL),orphan mapping,27844,Y
34037,Carlsbad (NM),12,https://www.maxpreps.com/nm/carlsbad/carlsbad-cavemen-cavegirls/football/schedule/,Carlsbad Cavemen (NM),orphan mapping,49483,Y
46097,Centreville Queen Anne's County (MD),12,https://www.maxpreps.com/md/centreville/queen-annes-county-lions/football/schedule/,Centreville Queen Annes (MD),orphan mapping,49485,Y
60542,Chesterfield Bird (VA),12,https://www.maxpreps.com/va/chesterfield/lc-bird-skyhawks/football/schedule/,Chesterfield Lc Bird (VA),orphan mapping,409,Y
60816,Clermont Real Life Christian Academy (FL),12,https://www.maxpreps.com/fl/clermont/real-life-christian-academy-raptors/football/schedule/,Clermont Real Life (FL),orphan mapping,14199,Y
30790,Colbert Northwest Christian School (WA),12,https://www.maxpreps.com/wa/colbert/northwest-christian-school-crusaders/football/schedule/,Colbert Northwest Christian (WA),orphan mapping,4787,Y
60938,Colorado Springs The Classical Academy (CO),12,https://www.maxpreps.com/co/colorado-springs/the-classical-academy-titans/football/schedule/,Colorado Springs The Classical (CO),orphan mapping,38047,Y
71397,Conway Atlantic Collegiate Academy (SC),12,https://www.maxpreps.com/sc/conway/atlantic-collegiate-academy-armada/football/schedule/,Conway Atlantic Collegiate (SC),orphan mapping,36695,Y
61450,Detroit Communication Media Arts (MI),12,https://www.maxpreps.com/mi/detroit/communication-media-arts-pharaohs/football/schedule/,Detroit Communication Media (MI),orphan mapping,8267,Y
61465,Detroit Lincoln-King Academy (MI),12,https://www.maxpreps.com/mi/detroit/lincoln-king-academy-eagles/football/schedule/,Detroit Lincoln King (MI),orphan mapping,23721,Y
62002,Fairview Park (OH),12,https://www.maxpreps.com/oh/fairview-park/fairview-warriors/football/schedule/,Fairview Park Fairview (OH),orphan mapping,3602,Y
62123,Flint New Standard Academy (MI),12,https://www.maxpreps.com/mi/flint/new-standard-academy-spartans/football/schedule/,Flint New St. andard (MI),orphan mapping,27877,Y
23407,Hartland Lake Country Lutheran (WI),12,https://www.maxpreps.com/wi/hartland/lake-country-lutheran-lightning/football/schedule/,Hartland Lake Country (WI),orphan mapping,25427,Y
63479,Jacksonville Impact Christian Academy (FL),12,https://www.maxpreps.com/fl/jacksonville/impact-christian-academy-lions/football/schedule/,Jacksonville Impact Christian (FL),orphan mapping,10369,Y
63485,Jacksonville Paxon (FL),12,https://www.maxpreps.com/fl/jacksonville/paxon-school-for-advanced-studies-golden-eagles/football/schedule/,Jacksonville Paxon School (FL),orphan mapping,30942,Y
63792,Kinston Arendell Parrott Academy (NC),12,https://www.maxpreps.com/nc/kinston/arendell-parrott-academy-patriots/football/schedule/,Kinston Arendell Parrott (NC),orphan mapping,7705,Y
63957,Lake Cormorant (MS),12,https://www.maxpreps.com/ms/lake-cormorant/lake-cormorant/football/schedule/,Lake Cormorant Lake (MS),orphan mapping,35919,Y
63967,Lake Linden-Hubbell (MI),12,https://www.maxpreps.com/mi/lake-linden/lake-linden-hubbell-lakes/football/schedule/,Lake Linden Lake Linden (MI),orphan mapping,545,Y
65043,Melvindale Academy for Business & Tech (MI),12,https://www.maxpreps.com/mi/melvindale/academy-for-business-and-tech-gators/football/schedule/,Melvindale Academy For (MI),orphan mapping,39212,Y
65091,Mendota Heights St. Thomas Academy (MN),12,https://www.maxpreps.com/mn/mendota-heights/st-thomas-academy-cadets/football/schedule/,Mendota Heights St. Thomas (MN),orphan mapping,37871,Y
65407,Monroe St. Mary Catholic Central (MI),12,https://www.maxpreps.com/mi/monroe/st-mary-catholic-central-falcons-kestrels/football/schedule/,Monroe St. Mary (MI),orphan mapping,44900,Y
65643,Murfreesboro Providence Christian Academy (TN),12,https://www.maxpreps.com/tn/murfreesboro/providence-christian-academy-lions/football/schedule/,Murfreesboro Providence Christian (TN),orphan mapping,9668,Y
65689,Nashville Christ Presbyterian Academy (TN),12,https://www.maxpreps.com/tn/nashville/christ-presbyterian-academy-lions/football/schedule/,Nashville Christ Presbyterian (TN),orphan mapping,13703,Y
66107,Norwich Free Academy (CT),12,https://www.maxpreps.com/ct/norwich/norwich-free-academy-wildcats/football/schedule/,Norwich Free (CT),orphan mapping,27615,Y
66171,Odenville St. Clair County (AL),12,https://www.maxpreps.com/al/odenville/st-clair-county-fighting-saints/football/schedule/,Odenville St. Clair (AL),orphan mapping,36844,Y
5863,Pinson East Central HomeSchool (AL),12,https://www.maxpreps.com/al/pinson/east-central-homeschool-patriots/football/schedule/,Pinson East Central (AL),orphan mapping,7944,Y
66942,Pontiac Arts & Tech (MI),12,https://www.maxpreps.com/mi/pontiac/arts-and-tech/football/schedule/,Pontiac Arts And (MI),orphan mapping,2527,Y
66972,Port St. Joe (FL),12,https://www.maxpreps.com/fl/port-st-joe/port-st-joe-tiger-sharks/football/schedule/,Port Saint Joe Port St. (FL),orphan mapping,27403,Y
67033,Pottstown Owen J. Roberts (PA),12,https://www.maxpreps.com/pa/pottstown/owen-j-roberts-wildcats/football/schedule/,Pottstown Owen J (PA),orphan mapping,32937,Y
67104,Pueblo West (CO),12,https://www.maxpreps.com/co/pueblo-west/pueblo-west-cyclones/football/schedule/,Pueblo West Pueblo West (CO),orphan mapping,3246,Y
68359,Springfield (TN),12,https://www.maxpreps.com/tn/springfield/springfield-yellow-jackets/football/schedule/,Springfield Yellow (TN),orphan mapping,46988,Y
68718,Tallahassee Florida State University High (FL),12,https://www.maxpreps.com/fl/tallahassee/florida-state-university-high-school-seminoles/football/schedule/,Tallahassee Florida St. ate (FL),orphan mapping,37565,Y
68776,Teachey Wallace-Rose Hill (NC),12,https://www.maxpreps.com/nc/teachey/wallace-rose-hill-bulldogs/football/schedule/,Teachey Wallace Rose (NC),orphan mapping,10920,Y
69473,Washington Court House Miami Trace (OH),12,https://www.maxpreps.com/oh/washington-court-house/miami-trace-panthers/football/schedule/,Washington Courthouse Miami Trace (OH),orphan mapping,16278,Y
9670,Winchester George Rogers Clark (KY),12,https://www.maxpreps.com/ky/winchester/george-rogers-clark-cardinals/football/schedule/,Winchester George Rogers (KY),orphan mapping,2721,Y
59204,Augusta Westminster Schools of Augusta (GA),11,https://www.maxpreps.com/ga/augusta/westminster-schools-of-augusta-wildcats/football/schedule/,Augusta Westminster Schools (GA),orphan mapping,3880,Y
59306,Baltimore Chesapeake (MD),11,https://www.maxpreps.com/md/baltimore/chesapeake-bay-hawks/football/schedule/,Baltimore Chesapeake Bay (MD),orphan mapping,49450,Y
59510,Bel Air C. Milton Wright (MD),11,https://www.maxpreps.com/md/bel-air/c-milton-wright-mustangs/football/schedule/,Bel Air C Milton (MD),orphan mapping,49459,Y
8473,Belmont Stuart W. Cramer (NC),11,https://www.maxpreps.com/nc/belmont/stuart-w-cramer-storm/football/schedule/,Belmont St. uart W (NC),orphan mapping,7385,Y
59663,Bethlehem Christian Academy (GA),11,https://www.maxpreps.com/ga/bethlehem/bethlehem-christian-academy-knights/football/schedule/,Bethlehem Christian (GA),orphan mapping,231,Y
59758,Bloomington (IL),11,https://www.maxpreps.com/il/bloomington/bloomington-purple-raiders/football/schedule/,Bloomington Purple (IL),orphan mapping,36826,Y
59959,Bronx Mt. St. Michael Academy (NY),11,https://www.maxpreps.com/ny/bronx/mt-st-michael-academy-mountaineers/football/schedule/,Bronx Mt. St. Academy (NY),orphan mapping,43741,Y
60047,Buffalo Lewis J. Bennett (NY),11,https://www.maxpreps.com/ny/buffalo/lewis-j-bennett-olmsted-middle-early-college-east-tigers/football/schedule/,Buffalo Lewis J (NY),orphan mapping,48704,Y
60088,Burlington Walter M. Williams (NC),11,https://www.maxpreps.com/nc/burlington/walter-m-williams-bulldogs/football/schedule/,Burlington Walter M (NC),orphan mapping,15931,Y
60170,Cambridge-South Dorchester (MD),11,https://www.maxpreps.com/md/cambridge/cambridge-south-dorchester-vikings/football/schedule/,Cambridge South (MD),orphan mapping,49480,Y
60241,Carbondale (PA),11,https://www.maxpreps.com/pa/carbondale/carbondale-area-chargers/football/schedule/,Carbondale Area (PA),orphan mapping,37460,Y
60243,Carbondale Santa Fe Trail (KS),11,https://www.maxpreps.com/ks/carbondale/santa-fe-trail-chargers/football/schedule/,Carbondale Santa Fe (KS),orphan mapping,47256,Y
60252,Carlsbad La Costa Canyon (CA),11,https://www.maxpreps.com/ca/carlsbad/la-costa-canyon-mavericks/football/schedule/,Carlsbad La Costa (CA),orphan mapping,29607,Y
60288,Carsonville-Port Sanilac (MI),11,https://www.maxpreps.com/mi/carsonville/carsonville-port-sanilac-tigers/football/schedule/,Carsonville Port (MI),orphan mapping,12135,Y
45164,Casper Natrona County (WY),11,https://www.maxpreps.com/wy/casper/natrona-county-mustangs/football/schedule/,Casper Natrona (WY),orphan mapping,38258,Y
60437,Charleston First Baptist School (SC),11,https://www.maxpreps.com/sc/charleston/first-baptist-school-hurricanes/football/schedule/,Charleston First Baptist (SC),orphan mapping,3839,Y
60719,Cincinnati Hills Christian Academy (OH),11,https://www.maxpreps.com/oh/cincinnati/cincinnati-hills-christian-academy-eagles/football/schedule/,Cincinnati Hills (OH),orphan mapping,15277,Y
60788,Clark-Willow Lake (SD),11,https://www.maxpreps.com/sd/clark/clark-willow-lake-cyclones/football/schedule/,Clark Willow (SD),orphan mapping,36285,Y
60774,Clarksburg Robert C. Byrd (WV),11,https://www.maxpreps.com/wv/clarksburg/robert-c-byrd-eagles/football/schedule/,Clarksburg Robert C (WV),orphan mapping,8449,Y
5250,Columbus Africentric Early College (OH),11,https://www.maxpreps.com/oh/columbus/africentric-early-college-nubians/football/schedule/,Columbus Africentric Early (OH),orphan mapping,12792,Y
28379,Concordia St. Paul Lutheran (MO),11,https://www.maxpreps.com/mo/concordia/st-paul-lutheran-saints/football/schedule/,Concordia St. Paul (MO),orphan mapping,40643,Y
61052,Conyers Young Americans Christian (GA),11,https://www.maxpreps.com/ga/conyers/young-americans-christian-eagles/football/schedule/,Conyers Young Americans (GA),orphan mapping,34697,Y
61268,Darien McIntosh County Academy (GA),11,https://www.maxpreps.com/ga/darien/mcintosh-county-academy-buccaneers/football/schedule/,Darien Mcintosh County (GA),orphan mapping,1266,Y
61575,Draper Juan Diego Catholic (UT),11,https://www.maxpreps.com/ut/draper/juan-diego-catholic-soaring-eagle/football/schedule/,Draper Juan Diego (UT),orphan mapping,40557,Y
61648,East Las Vegas Mater Academy (NV),11,https://www.maxpreps.com/nv/las-vegas/mater-academy-east-las-vegas-knights/football/schedule/,Las Vegas Mater Academy (NV),orphan mapping,16453,Y
61690,Edenton John A. Holmes (NC),11,https://www.maxpreps.com/nc/edenton/john-a-holmes-aces/football/schedule/,Edenton John A (NC),orphan mapping,44388,Y
61691,Edgard West Saint John (LA),11,https://www.maxpreps.com/la/edgard/west-st-john-rams/football/schedule/,Edgard West St. (LA),orphan mapping,48177,Y
61703,Edison St. Thomas Aquinas (NJ),11,https://www.maxpreps.com/nj/edison/st-thomas-aquinas-trojans/football/schedule/,Edison St. Thomas (NJ),orphan mapping,7616,Y
61737,El Paso (IL),11,https://www.maxpreps.com/il/el-paso/el-paso-gridley-titans/football/schedule/,El Paso El Paso (IL),orphan mapping,27585,Y
62010,Falls Church George C. Marshall (VA),11,https://www.maxpreps.com/va/falls-church/george-c-marshall-statesmen/football/schedule/,Falls Church George C (VA),orphan mapping,2397,Y
62057,Fayetteville Starr's Mill (GA),11,https://www.maxpreps.com/ga/fayetteville/starrs-mill-panthers/football/schedule/,Fayetteville St. arrs Mill (GA),orphan mapping,23989,Y
62248,Fort Worth Mercy Culture Prep (TX),11,https://www.maxpreps.com/tx/fort-worth/mercy-culture-prep-royals/football/schedule/,Fort Worth Mercy Culture (TX),orphan mapping,16759,Y
62257,Fort Worth Southwest Christian School (TX),11,https://www.maxpreps.com/tx/fort-worth/southwest-christian-school-eagles/football/schedule/,Fort Worth Southwest Christian (TX),orphan mapping,18989,Y
46935,Freeman-Marion-Freeman Academy (SD),11,https://www.maxpreps.com/sd/freeman/freeman-marion-freeman-academy/football/schedule/,Freeman Marion Academy (SD),orphan mapping,34637,Y
70900,Gloucester City Catholic (NJ),11,https://www.maxpreps.com/nj/gloucester-city/gloucester-catholic-rams/football/schedule/,Gloucester City Gloucester Catholic (NJ),orphan mapping,42340,Y
62658,Greencastle (IN),11,https://www.maxpreps.com/in/greencastle/greencastle-tiger-cubs/football/schedule/,Greencastle Tiger (IN),orphan mapping,23892,Y
62700,Greenville St. Joseph's Catholic (SC),11,https://www.maxpreps.com/sc/greenville/st-josephs-catholic-knights/football/schedule/,Greenville St. Josephs (SC),orphan mapping,5318,Y
62970,Hazard Perry County Central (KY),11,https://www.maxpreps.com/ky/hazard/perry-county-central-commodores/football/schedule/,Hazard Perry County (KY),orphan mapping,30751,Y
63077,Hickory St. Stephens (NC),11,https://www.maxpreps.com/nc/hickory/st-stephens-indians/football/schedule/,Hickory St. St. ephens (NC),orphan mapping,38912,Y
63127,Hindman Knott County Central (KY),11,https://www.maxpreps.com/ky/hindman/knott-county-central-patriots/football/schedule/,Hindman Knott County (KY),orphan mapping,40017,Y
63471,Jacksonville Christ's Church Academy (FL),11,https://www.maxpreps.com/fl/jacksonville/christs-church-academy-eagles/football/schedule/,Jacksonville Christs Church (FL),orphan mapping,39350,Y
63474,Jacksonville ED White (FL),11,https://www.maxpreps.com/fl/jacksonville/ed-white-commanders/football/schedule/,Jacksonville White (FL),orphan mapping,45071,Y
63584,Joppa Joppatowne (MD),11,https://www.maxpreps.com/md/joppa/joppatowne-mariners/football/schedule/,Joppatowne (MD),orphan mapping,49525,Y
63916,Lafayette St. Thomas More (LA),11,https://www.maxpreps.com/la/lafayette/st-thomas-more-cougars/football/schedule/,Lafayette St. Thomas (LA),orphan mapping,6597,Y
63998,Lakeland Geneva Classical Academy (FL),11,https://www.maxpreps.com/fl/lakeland/geneva-classical-academy-knights/football/schedule/,Lakeland Geneva Classical (FL),orphan mapping,23214,Y
64248,Lenexa St. James Academy (KS),11,https://www.maxpreps.com/ks/lenexa/st-james-academy-thunder/football/schedule/,Lenexa St. James (KS),orphan mapping,19290,Y
64390,Little Rock Mills (AR),11,https://www.maxpreps.com/ar/little-rock/mills-university-studies-comets/football/schedule/,Little Rock Mills University (AR),orphan mapping,49537,Y
64417,Lizton Tri-West Hendricks (IN),11,https://www.maxpreps.com/in/lizton/tri-west-hendricks-bruins/football/schedule/,Lizton Tri West (IN),orphan mapping,7688,Y
64587,Lubbock Christ the King Cathedral (TX),11,https://www.maxpreps.com/tx/lubbock/christ-the-king-cathedral-golden-lions/football/schedule/,Lubbock Christ The (TX),orphan mapping,1850,Y
64708,Madisonville Hopkins County Central (KY),11,https://www.maxpreps.com/ky/madisonville/hopkins-county-central-storm/football/schedule/,Madisonville Hopkins County (KY),orphan mapping,33594,Y
64776,Manor New Tech (TX),11,https://www.maxpreps.com/tx/manor/manor-new-tech/football/schedule/,Manor New (TX),orphan mapping,5139,Y
65029,Melbourne Central Catholic (FL),11,https://www.maxpreps.com/fl/melbourne/melbourne-central-catholic-hustlers/football/schedule/,Melbourne Central (FL),orphan mapping,46591,Y
65048,Memphis Business Academy (TN),11,https://www.maxpreps.com/tn/memphis/memphis-business-academy-execs/football/schedule/,Memphis Business (TN),orphan mapping,48249,Y
65135,Metairie St. Martin's Episcopal (LA),11,https://www.maxpreps.com/la/metairie/st-martins-episcopal-saints/football/schedule/,Metairie St. Martins (LA),orphan mapping,42294,Y
65177,Miami True North Classical Academy (FL),11,https://www.maxpreps.com/fl/miami/true-north-classical-academy-titans/football/schedule/,Miami True North (FL),orphan mapping,28391,Y
65660,Myerstown Eastern Lebanon County (PA),11,https://www.maxpreps.com/pa/myerstown/eastern-lebanon-county-raiders/football/schedule/,Myerstown Eastern Lebanon (PA),orphan mapping,41662,Y
39700,Nanty Glo United Valley co-op [Blacklick Valley-United] (PA),11,https://www.maxpreps.com/pa/nanty-glo/united-valley-co-op-blacklick-valley-united-/football/schedule/,Nanty Glo United Valley (PA),orphan mapping,41346,Y
65693,Nashville Donelson Christian Academy (TN),11,https://www.maxpreps.com/tn/nashville/donelson-christian-academy-wildcats/football/schedule/,Nashville Donelson Christian (TN),orphan mapping,43333,Y
65760,New Braunfels John Paul II (TX),11,https://www.maxpreps.com/tx/new-braunfels/john-paul-ii-guardians/football/schedule/,New Braunfels John Paul (TX),orphan mapping,41469,Y
65801,New Iberia Catholic (LA),11,https://www.maxpreps.com/la/new-iberia/catholic-ni-panthers/football/schedule/,New Iberia Catholic Ni (LA),orphan mapping,33899,Y
65840,New Orleans De La Salle (LA),11,https://www.maxpreps.com/la/new-orleans/de-la-salle-cavalier/football/schedule/,New Orleans De La (LA),orphan mapping,20153,Y
66070,North Richland Hills Fort Worth Christian (TX),11,https://www.maxpreps.com/tx/north-richland-hills/fort-worth-christian-cardinals/football/schedule/,North Richland Hills Fort Worth (TX),orphan mapping,16110,Y
66344,Orlando West Oaks Academy (FL),11,https://www.maxpreps.com/fl/orlando/west-oaks-academy-flame/football/schedule/,Orlando West Oaks (FL),orphan mapping,33127,Y
66430,Oxford (AL),11,https://www.maxpreps.com/al/oxford/oxford-yellow-jackets/football/schedule/,Oxford Yellow (AL),orphan mapping,41786,Y
26572,Pelahatchie East Rankin Academy (MS),11,https://www.maxpreps.com/ms/pelahatchie/east-rankin-academy-patriots/football/schedule/,Pelahatchie East Rankin (MS),orphan mapping,17646,Y
66662,Peoria Notre Dame (IL),11,https://www.maxpreps.com/il/peoria/peoria-notre-dame-irish/football/schedule/,Peoria Notre (IL),orphan mapping,14898,Y
66678,Perrysburg (OH),11,https://www.maxpreps.com/oh/perrysburg/perrysburg-yellow-jackets/football/schedule/,Perrysburg Yellow (OH),orphan mapping,41308,Y
66790,Pigeon (MI),11,https://www.maxpreps.com/mi/pigeon/laker-lakers/football/schedule/,Pigeon Laker (MI),orphan mapping,1693,Y
38934,Pittsburg St. Mary's-Colgan (KS),11,https://www.maxpreps.com/ks/pittsburg/st-marys-colgan-panthers/football/schedule/,Pittsburg St. Marys (KS),orphan mapping,39781,Y
66914,Pocono Summit Pocono Mountain West (PA),11,https://www.maxpreps.com/pa/pocono-summit/pocono-mountain-west-panthers/football/schedule/,Pocono Summit Pocono Mountain (PA),orphan mapping,39155,Y
67054,Prairie du Chien (WI),11,https://www.maxpreps.com/wi/prairie-du-chien/prairie-du-chien-blackhawks/football/schedule/,Prairie Du Chien Prairie Du (WI),orphan mapping,26382,Y
67311,Ridgeland John Paul II (SC),11,https://www.maxpreps.com/sc/ridgeland/john-paul-ii-golden-warrriors/football/schedule/,Ridgeland John Paul (SC),orphan mapping,47377,Y
67580,Saginaw Nouvel Catholic Central (MI),11,https://www.maxpreps.com/mi/saginaw/nouvel-catholic-central-panthers/football/schedule/,Saginaw Nouvel Catholic (MI),orphan mapping,41837,Y
67735,Saint Paul Cretin-Derham Hall (MN),11,https://www.maxpreps.com/mn/st-paul/cretin-derham-hall-raiders/football/schedule/,Saint Paul Cretin Derham (MN),orphan mapping,43269,Y
67798,Salt Lake City Judge Memorial Catholic (UT),11,https://www.maxpreps.com/ut/salt-lake-city/judge-memorial-catholic-bulldogs/football/schedule/,Salt Lake City Judge Memorial (UT),orphan mapping,824,Y
67867,San Luis Obispo Mission College Prep (CA),11,https://www.maxpreps.com/ca/san-luis-obispo/mission-college-prep-royals/football/schedule/,San Luis Obispo Mission College (CA),orphan mapping,28711,Y
47732,San Marcos St. Joseph Academy (CA),11,https://www.maxpreps.com/ca/san-marcos/st-joseph-academy-crusaders/football/schedule/,San Marcos St. Joseph (CA),orphan mapping,26844,Y
68034,Seeley Lake-Swan (MT),11,https://www.maxpreps.com/mt/seeley-lake/seeley-swan-blackhawks/football/schedule/,Seeley Lake Seeley Swan (MT),orphan mapping,12066,Y
68194,Slayton Murray County Central (MN),11,https://www.maxpreps.com/mn/slayton/murray-county-central-rebels/football/schedule/,Slayton Murray County (MN),orphan mapping,6643,Y
68286,Southfield Arts & Tech (MI),11,https://www.maxpreps.com/mi/southfield/southfield-arts-and-tech-warriors/football/schedule/,Southfield Arts (MI),orphan mapping,28623,Y
68299,Spanish Fork American Leadership Academy (UT),11,https://www.maxpreps.com/ut/spanish-fork/american-leadership-academy-eagles/football/schedule/,Spanish Fork American Leadership (UT),orphan mapping,47786,Y
68391,St. Amant (LA),11,https://www.maxpreps.com/la/st-amant/st-amant-gators/football/schedule/,Saint Amant St. Amant (LA),orphan mapping,28960,Y
6887,Stephen-Argyle Central (MN),11,https://www.maxpreps.com/mn/stephen/stephen-argyle-central-storm/football/schedule/,Stephen Argyle (MN),orphan mapping,30422,Y
68686,Syracuse Christian Brothers Academy (NY),11,https://www.maxpreps.com/ny/syracuse/christian-brothers-academy-brothers/football/schedule/,Syracuse Christian Brothers (NY),orphan mapping,15906,Y
69048,Trumansburg Charles O. Dickerson (NY),11,https://www.maxpreps.com/ny/trumansburg/charles-o-dickerson-blue-raiders/football/schedule/,Trumansburg Charles O (NY),orphan mapping,17711,Y
69069,Tucson High Magnet School (AZ),11,https://www.maxpreps.com/az/tucson/tucson-high-magnet-school-badgers/football/schedule/,Tucson High (AZ),orphan mapping,38311,Y
69092,Tulsa NOAH HomeSchool (OK),11,https://www.maxpreps.com/ok/tulsa/tulsa-noah-homeschool-jaguars/football/schedule/,Tulsa Noah (OK),orphan mapping,49600,Y
69370,Waldorf St. Charles (MD),11,https://www.maxpreps.com/md/waldorf/st-charles/football/schedule/,Waldorf St (MD),orphan mapping,49609,Y
69431,Warren John F. Kennedy Catholic (OH),11,https://www.maxpreps.com/oh/warren/john-f-kennedy-catholic-eagles/football/schedule/,Warren John F (OH),orphan mapping,47881,Y
69490,Washington Rappahannock County (VA),11,https://www.maxpreps.com/va/washington/rappahannock-county/football/schedule/,Washington Rappahannock (VA),orphan mapping,2859,Y
69529,Wathena Riverside [Wathena-Elwood] (KS),11,https://www.maxpreps.com/ks/wathena/riverside-wathena-elwood-cyclones/football/schedule/,Wathena Riverside Wathena (KS),orphan mapping,48473,Y
46509,Wauzeka-Steuben (WI),11,https://www.maxpreps.com/wi/wauzeka/wauzeka-steuben-seneca/football/schedule/,Wauzeka St. euben (WI),orphan mapping,10110,Y
69591,Wellington Palm Beach Central (FL),11,https://www.maxpreps.com/fl/wellington/palm-beach-central-broncos/football/schedule/,Wellington Palm Beach (FL),orphan mapping,7357,Y
69634,West Las Vegas (NM),11,https://www.maxpreps.com/nm/las-vegas/west-las-vegas-dons/football/schedule/,Las Vegas West Las (NM),orphan mapping,37967,Y
36907,West Palm Beach Palm Beach Lakes (FL),11,https://www.maxpreps.com/fl/west-palm-beach/palm-beach-lakes-rams/football/schedule/,West Palm Beach Palm Beach (FL),orphan mapping,32934,Y
69750,Whitesburg Letcher County Central (KY),11,https://www.maxpreps.com/ky/whitesburg/letcher-county-central-cougars-lady-cougars/football/schedule/,Whitesburg Letcher County (KY),orphan mapping,21395,Y
58741,Abilene Texas Leadership Charter Academy (TX),10,https://www.maxpreps.com/tx/abilene/texas-leadership-charter-academy-abilene-eagles/football/schedule/,Abilene Texas Leadership Academy (TX),orphan mapping,43248,Y
58858,Alexandria Holy Savior Menard (LA),10,https://www.maxpreps.com/la/alexandria/holy-savior-menard-eagles/football/schedule/,Alexandria Holy Savior (LA),orphan mapping,15166,Y
58886,Allentown Louis E. Dieruff (PA),10,https://www.maxpreps.com/pa/allentown/louis-e-dieruff-huskies/football/schedule/,Allentown Louis E (PA),orphan mapping,25750,Y
9831,Amherst-Pelham Regional (MA),10,https://www.maxpreps.com/ma/amherst/amherst-pelham-regional-hurricanes/football/schedule/,Amherst Pelham (MA),orphan mapping,49447,Y
58941,Amite Oak Forest Academy (LA),10,https://www.maxpreps.com/la/amite/oak-forest-academy-yellowjackets/football/schedule/,Amite Oak Forest (LA),orphan mapping,38111,Y
59029,Appleton Fox Valley Lutheran (WI),10,https://www.maxpreps.com/wi/appleton/fox-valley-lutheran-foxes/football/schedule/,Appleton Fox Valley (WI),orphan mapping,15740,Y
59266,Baggs Little Snake River (WY),10,https://www.maxpreps.com/wy/baggs/little-snake-river-rattlers/football/schedule/,Baggs Little Snake (WY),orphan mapping,15692,Y
59332,Baltimore Our Lady of Mount Carmel (MD),10,https://www.maxpreps.com/md/baltimore/our-lady-of-mount-carmel-cougars/football/schedule/,Baltimore Our Lady (MD),orphan mapping,49453,Y
59392,Bartow (FL),10,https://www.maxpreps.com/fl/bartow/bartow-yellow-jackets/football/schedule/,Bartow Yellow (FL),orphan mapping,47678,Y
59423,Baton Rouge Christian Home Educators Fellowship (LA),10,https://www.maxpreps.com/la/baton-rouge/christian-home-educators-fellowship-patriots/football/schedule/,Baton Rouge Christian Home (LA),orphan mapping,32433,Y
59479,Bear Red Lion Christian Academy (DE),10,https://www.maxpreps.com/de/bear/red-lion-christian-academy-lions/football/schedule/,Bear Red Lion (DE),orphan mapping,12026,Y
59563,Bellevue Newport (WA),10,https://www.maxpreps.com/wa/bellevue/newport-bellevue-knights/football/schedule/,Bellevue Newport Bellevue (WA),orphan mapping,17664,Y
59643,Berthold Lewis & Clark [Berthold-Our Redeemer's Christian-North Shore] (ND),10,https://www.maxpreps.com/nd/berthold/lewis-and-clark-berthold-our-redeemers-christian-north-shore-bombers/football/schedule/,Berthold Lewis And (ND),orphan mapping,42986,Y
59660,Bethesda Walter Johnson (MD),10,https://www.maxpreps.com/md/bethesda/walter-johnson-wildcats/football/schedule/,Bethesda Johnson (MD),orphan mapping,49464,Y
59662,Bethesda-Chevy Chase (MD),10,https://www.maxpreps.com/md/bethesda/bethesda-chevy-chase-barons/football/schedule/,Bethesda Chevy (MD),orphan mapping,49463,Y
59711,Bismarck St. Mary's Central (ND),10,https://www.maxpreps.com/nd/bismarck/st-marys-central-saints/football/schedule/,Bismarck St. Marys (ND),orphan mapping,34582,Y
59718,Black Mountain Charles D. Owen (NC),10,https://www.maxpreps.com/nc/black-mountain/charles-d-owen-warhorses/football/schedule/,Black Mountain Charles D (NC),orphan mapping,33036,Y
59841,Box Elder Rocky Boy (MT),10,https://www.maxpreps.com/mt/box-elder/rocky-boy-northern-stars/football/schedule/,Box Elder Rocky (MT),orphan mapping,98,Y
31618,Buffalo Western New York Maritime Charter (NY),10,https://www.maxpreps.com/ny/buffalo/western-new-york-maritime-charter-tapestry-seahawks/football/schedule/,Buffalo Western New (NY),orphan mapping,19594,Y
60113,Buxton Hillsboro-Central Valley (ND),10,https://www.maxpreps.com/nd/buxton/hillsboro-central-valley-h-cv-burros/football/schedule/,Buxton Hillsboro Central (ND),orphan mapping,34042,Y
60218,Canton Central Catholic (OH),10,https://www.maxpreps.com/oh/canton/canton-central-catholic-crusaders/football/schedule/,Canton Central (OH),orphan mapping,29948,Y
60229,Canyon Country Santa Clarita Christian (CA),10,https://www.maxpreps.com/ca/canyon-country/santa-clarita-christian-cardinals/football/schedule/,Canyon Country Santa Clarita (CA),orphan mapping,32515,Y
60724,Cincinnati Madeira (OH),10,https://www.maxpreps.com/oh/cincinnati/madeira-mustangs-amazons/football/schedule/,Cincinnati Madeira Mustangs (OH),orphan mapping,26177,Y
60726,Cincinnati Miami Valley Christian Academy (OH),10,https://www.maxpreps.com/oh/cincinnati/miami-valley-christian-academy-lions/football/schedule/,Cincinnati Miami Valley (OH),orphan mapping,42149,Y
27311,Cincinnati Summit Country Day (OH),10,https://www.maxpreps.com/oh/cincinnati/summit-country-day-silver-knights/football/schedule/,Cincinnati Summit Country (OH),orphan mapping,36977,Y
60798,Cle Elum (WA),10,https://www.maxpreps.com/wa/cle-elum/cle-elum-roslyn-warriors/football/schedule/,Cle Elum Cle Elum (WA),orphan mapping,574,Y
60830,Cleveland John F. Kennedy (OH),10,https://www.maxpreps.com/oh/cleveland/john-f-kennedy-fighting-eagles/football/schedule/,Cleveland John F (OH),orphan mapping,47242,Y
60971,Columbia Providence Athletic Club (SC),10,https://www.maxpreps.com/sc/columbia/providence-athletic-club-panthers/football/schedule/,Columbia Providence Athletic (SC),orphan mapping,32056,Y
60978,Columbia Zion Christian Academy (TN),10,https://www.maxpreps.com/tn/columbia/zion-christian-academy-eagles/football/schedule/,Columbia Zion Christian (TN),orphan mapping,9756,Y
61081,Cordova First Assembly Christian (TN),10,https://www.maxpreps.com/tn/cordova/first-assembly-christian-crusaders/football/schedule/,Cordova First Assembly (TN),orphan mapping,2275,Y
61082,Corn Bible Academy (OK),10,https://www.maxpreps.com/ok/corn/corn-bible-academy-crusaders/football/schedule/,Corn Bible (OK),orphan mapping,49493,Y
61114,Cottondale Paul W. Bryant (AL),10,https://www.maxpreps.com/al/cottondale/paul-w-bryant-stampede/football/schedule/,Cottondale Paul W (AL),orphan mapping,21307,Y
61224,Dallas Center (IA),10,https://www.maxpreps.com/ia/dallas-center/dallas-center-grimes-mustangs/football/schedule/,Dallas Center Dallas Center (IA),orphan mapping,23057,Y
61310,Dayton Ponitz Career Tech (OH),10,https://www.maxpreps.com/oh/dayton/ponitz-career-tech-golden-panthers/football/schedule/,Dayton Ponitz Career (OH),orphan mapping,5607,Y
61522,Dingmans Ferry East Stroudsburg North (PA),10,https://www.maxpreps.com/pa/dingmans-ferry/east-stroudsburg-north-timberwolves/football/schedule/,Dingmans Ferry East St. roudsburg (PA),orphan mapping,12897,Y
61555,Dover St. Thomas Aquinas (NH),10,https://www.maxpreps.com/nh/dover/st-thomas-aquinas-saints/football/schedule/,Dover St. Thomas (NH),orphan mapping,10166,Y
25461,East Sandwich (MA),10,https://www.maxpreps.com/ma/east-sandwich/sandwich-blue-knights/football/schedule/,East Sandwich Sandwich (MA),orphan mapping,49505,Y
71378,Eden Valley (MN),10,https://www.maxpreps.com/mn/eden-valley/eden-valley-watkins-eagles/football/schedule/,Eden Valley Eden Valley (MN),orphan mapping,20643,Y
61702,Edison Lake Station Edison (IN),10,https://www.maxpreps.com/in/lake-station/lake-station-edison-fighting-eagles/football/schedule/,Edison Lake Station (IN),orphan mapping,48657,Y
61791,Elkton Todd County Central (KY),10,https://www.maxpreps.com/ky/elkton/todd-county-central-rebels/football/schedule/,Elkton Todd County (KY),orphan mapping,17932,Y
61957,Ewing Thomas Walker (VA),10,https://www.maxpreps.com/va/ewing/thomas-walker-pioneers/football/schedule/,Ewing Walker (VA),orphan mapping,44036,Y
62021,Farmerville D'Arbonne Woods (LA),10,https://www.maxpreps.com/la/farmerville/darbonne-woods/football/schedule/,Farmerville Darbonne (LA),orphan mapping,5242,Y
62156,Fond du Lac St. Mary's Springs (WI),10,https://www.maxpreps.com/wi/fond-du-lac/st-marys-springs-ledgers/football/schedule/,Fond Du Lac St. Marys (WI),orphan mapping,26870,Y
62216,Fort Myers Southwest Florida Christian (FL),10,https://www.maxpreps.com/fl/fort-myers/southwest-florida-christian-kings/football/schedule/,Fort Myers Southwest Florida (FL),orphan mapping,26950,Y
62295,Franklin Christian Academy (TN),10,https://www.maxpreps.com/tn/franklin/franklin-christian-academy-falcons/football/schedule/,Franklin Christian (TN),orphan mapping,41822,Y
62346,Fremont St. Joseph Central Catholic (OH),10,https://www.maxpreps.com/oh/fremont/st-joseph-central-catholic-crimson-streaks/football/schedule/,Fremont St. Joseph (OH),orphan mapping,44689,Y
62679,Greensburg St. Helena College (LA),10,https://www.maxpreps.com/la/greensburg/st-helena-college-and-career-academy-hawks/football/schedule/,Greensburg St. Helena (LA),orphan mapping,11162,Y
62682,Greenville (MI),10,https://www.maxpreps.com/mi/greenville/greenville-yellow-jackets/football/schedule/,Greenville Yellow (MI),orphan mapping,34664,Y
62707,Greenwood Christian Academy (IN),10,https://www.maxpreps.com/in/greenwood/greenwood-christian-academy-cougars/football/schedule/,Greenwood Christian (IN),orphan mapping,14093,Y
62808,Hammond St. Thomas Aquinas (LA),10,https://www.maxpreps.com/la/hammond/st-thomas-aquinas-falcons/football/schedule/,Hammond St. Thomas (LA),orphan mapping,7386,Y
62844,Harborcreek (PA),10,https://www.maxpreps.com/pa/harborcreek/harbor-creek-huskies/football/schedule/,Harborcreek Harbor Creek (PA),orphan mapping,9690,Y
18201,Holmdel St. John-Vianney (NJ),10,https://www.maxpreps.com/nj/holmdel/st-john-vianney-lancers/football/schedule/,Holmdel St. John (NJ),orphan mapping,42913,Y
51091,Honeoye falls (NY),10,https://www.maxpreps.com/ny/honeoye-falls/honeoye-falls-lima-cougars/football/schedule/,Honeoye Falls Honeoye Falls (NY),orphan mapping,31739,Y
63262,Howard Lake (MN),10,https://www.maxpreps.com/mn/howard-lake/howard-lake-waverly-winsted-lakers/football/schedule/,Howard Lake Howard Lake (MN),orphan mapping,16664,Y
63370,Indianapolis Cardinal Ritter (IN),10,https://www.maxpreps.com/in/indianapolis/indianapolis-cardinal-ritter-raiders/football/schedule/,Indianapolis Cardinal (IN),orphan mapping,236,Y
63375,Indianapolis Crispus Attucks (IN),10,https://www.maxpreps.com/in/indianapolis/indianapolis-crispus-attucks-tigers/football/schedule/,Indianapolis Crispus (IN),orphan mapping,9285,Y
63445,Jackson County Central (MN),10,https://www.maxpreps.com/mn/jackson/jackson-county-central-huskies/football/schedule/,Jackson County (MN),orphan mapping,6340,Y
63449,Jackson Living Word Lutheran (WI),10,https://www.maxpreps.com/wi/jackson/living-word-lutheran-timberwolves/football/schedule/,Jackson Living Word (WI),orphan mapping,23352,Y
63483,Jacksonville Old Plank Christian Academy (FL),10,https://www.maxpreps.com/fl/jacksonville/old-plank-christian-academy-defenders/football/schedule/,Jacksonville Old Plank (FL),orphan mapping,23750,Y
63693,Kennesaw Mount Paran Christian (GA),10,https://www.maxpreps.com/ga/kennesaw/mount-paran-christian-eagles/football/schedule/,Kennesaw Mount Paran (GA),orphan mapping,40171,Y
63784,Kingsville Santa Gertrudis Academy (TX),10,https://www.maxpreps.com/tx/kingsville/santa-gertrudis-academy-lions/football/schedule/,Kingsville Santa Gertrudis (TX),orphan mapping,9825,Y
63805,Kissimmee City of Life Christian Academy (FL),10,https://www.maxpreps.com/fl/kissimmee/city-of-life-christian-academy-warriors/football/schedule/,Kissimmee City Of (FL),orphan mapping,38901,Y
63879,La Junta (CO),10,https://www.maxpreps.com/co/la-junta/la-junta-tigers/football/schedule/,La Junta La Junta (CO),orphan mapping,32194,Y
63915,Lafayette Renaissance Charter Academy (LA),10,https://www.maxpreps.com/la/lafayette/lafayette-renaissance-charter-academy-tigers/football/schedule/,Lafayette Renaissance Academy (LA),orphan mapping,33535,Y
63936,Lake Arrowhead Rim of the World (CA),10,https://www.maxpreps.com/ca/lake-arrowhead/rim-of-the-world-fighting-scots/football/schedule/,Lake Arrowhead Rim Of (CA),orphan mapping,32195,Y
64027,Lamberton Red Rock Central (MN),10,https://www.maxpreps.com/mn/lamberton/red-rock-central-falcons/football/schedule/,Lamberton Red Rock (MN),orphan mapping,9009,Y
17382,Las Vegas Democracy Prep Agassi Campus (NV),10,https://www.maxpreps.com/nv/las-vegas/democracy-prep-agassi-campus-blue-knights/football/schedule/,Las Vegas Democracy Prep (NV),orphan mapping,16088,Y
64214,Lee's Summit Summit Christian Academy (MO),10,https://www.maxpreps.com/mo/lees-summit/summit-christian-academy-eagles/football/schedule/,Lees Summit Summit Christian (MO),orphan mapping,22873,Y
64216,Leesburg (FL),10,https://www.maxpreps.com/fl/leesburg/leesburg-yellow-jackets/football/schedule/,Leesburg Yellow (FL),orphan mapping,3115,Y
64230,Lehigh Acres East Lee County (FL),10,https://www.maxpreps.com/fl/lehigh-acres/east-lee-county-jaguars/football/schedule/,Lehigh Acres East Lee (FL),orphan mapping,26457,Y
18258,Leonardtown St. Mary's Ryken (MD),10,https://www.maxpreps.com/md/leonardtown/st-marys-ryken-knights/football/schedule/,Leonardtown St. Marys (MD),orphan mapping,49533,Y
64280,Lewisburg Tri-County North (OH),10,https://www.maxpreps.com/oh/lewisburg/tri-county-north-panthers/football/schedule/,Lewisburg Tri County (OH),orphan mapping,36626,Y
64303,Lexington Paul Laurence Dunbar (KY),10,https://www.maxpreps.com/ky/lexington/paul-laurence-dunbar-bulldogs/football/schedule/,Lexington Paul Laurence (KY),orphan mapping,11923,Y
70646,Lincoln Standing Bear (NE),10,https://www.maxpreps.com/ne/lincoln/standing-bear-grizzlies/football/schedule/,Lincoln St. anding Bear (NE),orphan mapping,36305,Y
64362,Lingle-Fort Laramie (WY),10,https://www.maxpreps.com/wy/lingle/lingle-fort-laramie-doggers/football/schedule/,Lingle Fort (WY),orphan mapping,37076,Y
64508,Los Angeles George Washington Prep (CA),10,https://www.maxpreps.com/ca/los-angeles/george-washington-prep-generals/football/schedule/,Los Angeles George Washington (CA),orphan mapping,48224,Y
64554,Louisville Pleasure Ridge Park (KY),10,https://www.maxpreps.com/ky/louisville/pleasure-ridge-park-panthers/football/schedule/,Louisville Pleasure Ridge (KY),orphan mapping,10447,Y
64699,Madison La Follette (WI),10,https://www.maxpreps.com/wi/madison/madison-la-follette-lancers/football/schedule/,Madison La (WI),orphan mapping,27186,Y
64717,Magnolia Legacy Prep Christian Academy (TX),10,https://www.maxpreps.com/tx/magnolia/legacy-prep-christian-academy-lions/football/schedule/,Magnolia Legacy Prep (TX),orphan mapping,31578,Y
64734,Manassas Charles J. Colgan (VA),10,https://www.maxpreps.com/va/manassas/charles-j-colgan-sharks/football/schedule/,Manassas Charles J (VA),orphan mapping,33405,Y
65074,Memphis PURE Academy (TN),10,https://www.maxpreps.com/tn/memphis/pure-academy/football/schedule/,Memphis Pure (TN),orphan mapping,33731,Y
65422,Monte Vista (CO),10,https://www.maxpreps.com/co/monte-vista/monte-vista-pirates/football/schedule/,Monte Vista Monte Vista (CO),orphan mapping,18931,Y
65437,Montgomery Tri-City United [Montgomery-Lonsdale-Le Center] (MN),10,https://www.maxpreps.com/mn/montgomery/tri-city-united-montgomery-lonsdale-le-center-titans/football/schedule/,Montgomery Tri City (MN),orphan mapping,24245,Y
65460,Moorefield (WV),10,https://www.maxpreps.com/wv/moorefield/moorefield-yellow-jackets/football/schedule/,Moorefield Yellow (WV),orphan mapping,19999,Y
65511,Morristown Lakeway Christian Academy (TN),10,https://www.maxpreps.com/tn/morristown/lakeway-christian-academy-lions/football/schedule/,Morristown Lakeway Christian (TN),orphan mapping,22046,Y
65546,Mount Calm (TX),10,https://www.maxpreps.com/tx/mount-calm/mount-calm/football/schedule/,Mount Calm Mount (TX),orphan mapping,23970,Y
55211,New london (MN),10,https://www.maxpreps.com/mn/new-london/new-london-spicer-wildcats/football/schedule/,New London New London (MN),orphan mapping,35649,Y
65877,New Roads Catholic of Pointe Coupee (LA),10,https://www.maxpreps.com/la/new-roads/catholic-of-pointe-coupee-hornets/football/schedule/,New Roads Catholic Of (LA),orphan mapping,19039,Y
65906,Newark Hodgson Vo-Tech (DE),10,https://www.maxpreps.com/de/newark/hodgson-vo-tech-eagles/football/schedule/,Newark Hodgson Vo (DE),orphan mapping,46457,Y
66048,North Lauderdale Somerset Prep (FL),10,https://www.maxpreps.com/fl/north-lauderdale/somerset-prep/football/schedule/,North Lauderdale Somerset (FL),orphan mapping,25593,Y
66050,North Little Rock Central Arkansas Christian (AR),10,https://www.maxpreps.com/ar/north-little-rock/central-arkansas-christian-mustangs/football/schedule/,North Little Rock Central Arkansas (AR),orphan mapping,49551,Y
66067,North Prairie co-op (ND),10,https://www.maxpreps.com/nd/rolla/north-prairie-co-op-rolla-rolette-cougars/football/schedule/,North Prairie co-op [Rolla-Rock Lake-Rolette-Wolford] (ND),orphan mapping,5275,Y
66336,Orlando Lake Buena Vista (FL),10,https://www.maxpreps.com/fl/orlando/lake-buena-vista-vipers/football/schedule/,Orlando Lake Buena (FL),orphan mapping,3468,Y
66474,Palm Coast Flagler (FL),10,https://www.maxpreps.com/fl/palm-coast/flagler-palm-coast-bulldogs/football/schedule/,Palm Coast Flagler Palm (FL),orphan mapping,16716,Y
66497,Panama City North Bay Haven Academy (FL),10,https://www.maxpreps.com/fl/panama-city/north-bay-haven-academy-buccaneers/football/schedule/,Panama City North Bay Academy (FL),orphan mapping,21100,Y
42210,Paragould Greene County Tech (AR),10,https://www.maxpreps.com/ar/paragould/greene-county-tech-golden-eagles/football/schedule/,Paragould Greene County (AR),orphan mapping,49562,Y
66533,Parkland Stoneman Douglas (FL),10,https://www.maxpreps.com/fl/parkland/stoneman-douglas-eagles/football/schedule/,Parkland St. oneman Douglas (FL),orphan mapping,20729,Y
2177,Pensacola Lighthouse Private Christian Academy (FL),10,https://www.maxpreps.com/fl/pensacola/lighthouse-private-christian-academy-stingrays/football/schedule/,Pensacola Lighthouse Private (FL),orphan mapping,14556,Y
66795,Pikeville Pike County Central (KY),10,https://www.maxpreps.com/ky/pikeville/pike-county-central-hawks/football/schedule/,Pikeville Pike County (KY),orphan mapping,9393,Y
66848,Pittsburgh Shady Side Academy (PA),10,https://www.maxpreps.com/pa/pittsburgh/shady-side-academy-bulldogs/football/schedule/,Pittsburgh Shady Side (PA),orphan mapping,36628,Y
66916,Point Pleasant Beach (NJ),10,https://www.maxpreps.com/nj/point-pleasant-beach/point-pleasant-beach-garnet-gulls/football/schedule/,Point Pleasant Beach Point Pleasant (NJ),orphan mapping,12601,Y
67201,Red Boiling Springs (TN),10,https://www.maxpreps.com/tn/red-boiling-springs/red-boiling-springs-bulldogs/football/schedule/,Red Boiling Springs Red Boiling (TN),orphan mapping,44656,Y
67313,Ridgeland Thomas Heyward Academy (SC),10,https://www.maxpreps.com/sc/ridgeland/thomas-heyward-academy-rebels/football/schedule/,Ridgeland Thomas Heyward (SC),orphan mapping,7305,Y
67323,Rio Grande City (TX),10,https://www.maxpreps.com/tx/rio-grande-city/rio-grande-city-rattlers/football/schedule/,Rio Grande City Rio Grande (TX),orphan mapping,22157,Y
67567,Sadler S&S Consolidated (TX),10,https://www.maxpreps.com/tx/sadler/s-and-s-consolidated-rams/football/schedule/,Sadler S And (TX),orphan mapping,26725,Y
67579,Saginaw Michigan Lutheran Seminary (MI),10,https://www.maxpreps.com/mi/saginaw/michigan-lutheran-seminary-cardinals/football/schedule/,Saginaw Michigan Lutheran (MI),orphan mapping,40233,Y
67589,Saint Albans (WV),10,https://www.maxpreps.com/wv/st-albans/st-albans-red-dragons/football/schedule/,Saint Albans St. Albans (WV),orphan mapping,32138,Y
67668,Saint Louis Cardinal Ritter College Prep (MO),10,https://www.maxpreps.com/mo/st-louis/cardinal-ritter-college-prep-lions/football/schedule/,Saint Louis Cardinal Ritter (MO),orphan mapping,24589,Y
67684,Saint Louis Ladue Horton Watkins (MO),10,https://www.maxpreps.com/mo/st-louis/ladue-horton-watkins-rams/football/schedule/,Saint Louis Ladue Horton (MO),orphan mapping,36091,Y
67697,Saint Louis Park Benilde-St. Margaret's (MN),10,https://www.maxpreps.com/mn/st-louis-park/benilde-st-margarets-red-knights/football/schedule/,Saint Louis Park Benilde St. (MN),orphan mapping,23723,Y
67854,San Antonio Young Men's Leadership Academy (TX),10,https://www.maxpreps.com/tx/san-antonio/young-mens-leadership-academy/football/schedule/,San Antonio Young Mens Academy (TX),orphan mapping,6670,Y
46451,San Juan Capistrano Capistrano Valley Christian (CA),10,https://www.maxpreps.com/ca/san-juan-capistrano/capistrano-valley-christian-eagles/football/schedule/,San Juan Capistrano Capistrano Valley (CA),orphan mapping,29600,Y
67913,Santa Rosa Roseland University Prep (CA),10,https://www.maxpreps.com/ca/santa-rosa/roseland-university-prep-knights/football/schedule/,Santa Rosa Roseland University (CA),orphan mapping,12223,Y
67921,Sarasota Out-of-Door Academy (FL),10,https://www.maxpreps.com/fl/sarasota/out-of-door-academy-thunder/football/schedule/,Sarasota Out Of Academy (FL),orphan mapping,41952,Y
67942,Sauk Rapids (MN),10,https://www.maxpreps.com/mn/sauk-rapids/sauk-rapids-rice-storm/football/schedule/,Sauk Rapids Sauk Rapids (MN),orphan mapping,176,Y
67944,Sault Saint Marie Sault Area (MI),10,https://www.maxpreps.com/mi/sault-st-marie/sault-area-blue-devils/football/schedule/,Sault Sainte Marie (MI),orphan mapping,24704,Y
68019,Seattle Nathan Hale (WA),10,https://www.maxpreps.com/wa/seattle/nathan-hale-raiders/football/schedule/,Seattle Hale (WA),orphan mapping,28496,Y
68192,Slaughter Community Charter (LA),10,https://www.maxpreps.com/la/slaughter/slaughter-community-charter-knights/football/schedule/,Slaughter Community (LA),orphan mapping,5131,Y
68195,Sleepy Eye (MN),10,https://www.maxpreps.com/mn/sleepy-eye/sleepy-eye-st-marys/football/schedule/,Sleepy Eye Sleepy Eye (MN),orphan mapping,855,Y
68228,Somerdale Sterling (NJ),10,https://www.maxpreps.com/nj/somerdale/sterling-silver-knights/football/schedule/,Somerdale St. erling Silver (NJ),orphan mapping,18093,Y
68247,South Bend Riley (IN),10,https://www.maxpreps.com/in/south-bend/south-bend-riley-wildcats/football/schedule/,South Bend Ridey (IN),orphan mapping,36339,Y
68519,Storrs Edwin O. Smith (CT),10,https://www.maxpreps.com/ct/storrs/edwin-o-smith-panthers/football/schedule/,Storrs Edwin O (CT),orphan mapping,39908,Y
68723,Tallahassee North Florida Christian (FL),10,https://www.maxpreps.com/fl/tallahassee/north-florida-christian-eagles/football/schedule/,Tallahassee North Florida (FL),orphan mapping,43764,Y
68732,Tampa Blake (FL),10,https://www.maxpreps.com/fl/tampa/blake-yellow-jackets/football/schedule/,Tampa Blake Yellow (FL),orphan mapping,33159,Y
68800,Tempe Corona Del Sol (AZ),10,https://www.maxpreps.com/az/tempe/corona-del-sol-aztecs/football/schedule/,Tempe Corona Del (AZ),orphan mapping,24466,Y
5531,Texarkana (AR),10,https://www.maxpreps.com/ar/texarkana/arkansas-razorbacks/football/schedule/,Texarkana Arkansas (AR),orphan mapping,49592,Y
68844,Thermopolis Hot Springs County (WY),10,https://www.maxpreps.com/wy/thermopolis/hot-springs-county-bobcats/football/schedule/,Thermopolis Hot Springs (WY),orphan mapping,7289,Y
69062,Tucson Canyon del Oro (AZ),10,https://www.maxpreps.com/az/tucson/canyon-del-oro-dorados/football/schedule/,Tucson Canyon Del (AZ),orphan mapping,3590,Y
69089,Tulsa McLain Science & Tech (OK),10,https://www.maxpreps.com/ok/tulsa/mclain-science-and-tech-titans/football/schedule/,Tulsa Mclain Science (OK),orphan mapping,49599,Y
45594,Tulsa Will Rogers College (OK),10,https://www.maxpreps.com/ok/tulsa/will-rogers-college-ropers/football/schedule/,Tulsa Will Rogers (OK),orphan mapping,49601,Y
69154,Union Bridge Francis Scott Key (MD),10,https://www.maxpreps.com/md/union-bridge/francis-scott-key-eagles/football/schedule/,Union Bridge Francis Scott (MD),orphan mapping,49604,Y
69231,Valrico Foundation Christian Academy (FL),10,https://www.maxpreps.com/fl/valrico/foundation-christian-academy-panthers/football/schedule/,Valrico Foundation Christian (FL),orphan mapping,29327,Y
10730,Vancouver King's Way Christian (WA),10,https://www.maxpreps.com/wa/vancouver/kings-way-christian-knights/football/schedule/,Vancouver Kings Way (WA),orphan mapping,30899,Y
69375,Waldwick-Midland Park (NJ),10,https://www.maxpreps.com/nj/waldwick/waldwick-midland-park-warriors/football/schedule/,Waldwick Midland (NJ),orphan mapping,10104,Y
69390,Wallingford Choate Rosemary Hall (CT),10,https://www.maxpreps.com/ct/wallingford/choate-rosemary-hall-school-wild-boars/football/schedule/,Wallingford Choate Rosemary (CT),orphan mapping,47975,Y
69489,"Washington Phelps Architecture, Construction & Engineering (DC)",10,https://www.maxpreps.com/dc/washington/phelps-architecture-construction-and-engineering-panthers/football/schedule/,Washington Phelps Architecture (DC),orphan mapping,10925,Y
69492,Washington Ron Brown (DC),10,https://www.maxpreps.com/dc/washington/ron-brown-monarchs/football/schedule/,Washington Ron (DC),orphan mapping,28675,Y
69533,Watsonville Monte Vista Christian (CA),10,https://www.maxpreps.com/ca/watsonville/monte-vista-christian-mustangs/football/schedule/,Watsonville Monte Vista (CA),orphan mapping,33294,Y
69574,Wayne DePaul Catholic (NJ),10,https://www.maxpreps.com/nj/wayne/depaul-catholic-spartans/football/schedule/,Wayne DePaul (NJ),orphan mapping,9613,Y
69595,Wells United South Central (MN),10,https://www.maxpreps.com/mn/wells/united-south-central-genesis-classical-academy/football/schedule/,Wells United South-Central-Genesis-Classical Academy (MN),orphan mapping,41100,Y
69641,West Melbourne Calvary Chapel Academy (FL),10,https://www.maxpreps.com/fl/west-melbourne/calvary-chapel-academy-eagles/football/schedule/,West Melbourne Calvary Chapel (FL),orphan mapping,43075,Y
69647,West Milton-Union (OH),10,https://www.maxpreps.com/oh/west-milton/milton-union-bulldogs/football/schedule/,West Milton Milton Union (OH),orphan mapping,28318,Y
38178,Winchester Jefferson County North (KS),10,https://www.maxpreps.com/ks/winchester/jefferson-county-north-chargers/football/schedule/,Winchester Jefferson County (KS),orphan mapping,17468,Y
69990,Worcester Abby Kelley Foster (MA),10,https://www.maxpreps.com/ma/worcester/abby-kelley-foster-bears/football/schedule/,Worcester Abby Kelley (MA),orphan mapping,49621,Y
70096,Zephyrhills Christian Academy (FL),10,https://www.maxpreps.com/fl/zephyrhills/zephyrhills-christian-academy-warriors/football/schedule/,Zephyrhills Christian (FL),orphan mapping,15851,Y
58849,Alexandria Bolton (LA),9,https://www.maxpreps.com/la/alexandria/bolton-academy-bears/football/schedule/,Alexandria Bolton Academy (LA),orphan mapping,33843,Y
58885,Allentown Executive Education Academy Charter School (PA),9,https://www.maxpreps.com/pa/allentown/executive-education-academy-charter-school-raptors/football/schedule/,Allentown Executive Education (PA),orphan mapping,36856,Y
59009,Antioch Ezell-Harding Christian (TN),9,https://www.maxpreps.com/tn/antioch/ezell-harding-christian-eagles/football/schedule/,Antioch Ezell Harding (TN),orphan mapping,26970,Y
59045,Arcadia-Loup City (NE),9,https://www.maxpreps.com/ne/arcadia/arcadia-loup-city-rebels/football/schedule/,Arcadia Loup (NE),orphan mapping,18062,Y
59074,Arlington St. Paul's Prep (TX),9,https://www.maxpreps.com/tx/arlington/st-pauls-prep-lions/football/schedule/,Arlington St. Pauls (TX),orphan mapping,46431,Y
59155,Atchison Maur Hill Prep (KS),9,https://www.maxpreps.com/ks/atchison/maur-hill-prep-mount-academy-ravens/football/schedule/,Atchison Maur Hill (KS),orphan mapping,14524,Y
70302,Avoca Lueders (TX),9,https://www.maxpreps.com/tx/avoca/lueders-avoca-raiders/football/schedule/,Avoca Lueders Avoca (TX),orphan mapping,22893,Y
59249,Avondale La Joya Community (AZ),9,https://www.maxpreps.com/az/avondale/la-joya-community-fighting-lobos/football/schedule/,Avondale La Joya (AZ),orphan mapping,721,Y
59250,Avondale St. John Paul II Catholic (AZ),9,https://www.maxpreps.com/az/avondale/st-john-paul-ii-catholic-lions/football/schedule/,Avondale St. John (AZ),orphan mapping,15945,Y
59273,Bainbridge Grace Christian Academy (GA),9,https://www.maxpreps.com/ga/bainbridge/grace-christian-academy-cougars/football/schedule/,Bainbridge Grace Christian (GA),orphan mapping,10976,Y
59274,Bainbridge Island (WA),9,https://www.maxpreps.com/wa/bainbridge-island/bainbridge-spartans/football/schedule/,Bainbridge Island Bainbridge (WA),orphan mapping,28531,Y
59293,Baldwin West St. Mary (LA),9,https://www.maxpreps.com/la/baldwin/west-st-mary-wolfpack/football/schedule/,Baldwin West St. (LA),orphan mapping,13786,Y
59304,Baltimore Carver Vo-Tech (MD),9,https://www.maxpreps.com/md/baltimore/carver-vo-tech-bears/football/schedule/,Baltimore Carver Vo (MD),orphan mapping,49449,Y
59441,Baton Rouge Woodlawn (LA),9,https://www.maxpreps.com/la/baton-rouge/woodlawn-br-panthers/football/schedule/,Baton Rouge Woodlawn Br (LA),orphan mapping,22736,Y
59525,Belhaven Pungo Christian Academy (NC),9,https://www.maxpreps.com/nc/belhaven/pungo-christian-academy-raiders/football/schedule/,Belhaven Pungo Christian (NC),orphan mapping,30911,Y
59717,Black Hawk Gilpin County (CO),9,https://www.maxpreps.com/co/black-hawk/gilpin-county/football/schedule/,Black Hawk Gilpin (CO),orphan mapping,3006,Y
59719,Black River Falls (WI),9,https://www.maxpreps.com/wi/black-river-falls/black-river-falls-tigers/football/schedule/,Black River Falls Black River (WI),orphan mapping,43478,Y
59992,Broomfield Prospect Ridge Academy (CO),9,https://www.maxpreps.com/co/broomfield/prospect-ridge-academy-miners/football/schedule/,Broomfield Prospect Ridge (CO),orphan mapping,23361,Y
60019,Buckeystown St. John's Catholic Prep (MD),9,https://www.maxpreps.com/md/buckeystown/st-johns-catholic-prep-vikings/football/schedule/,Buckeystown St. Johns (MD),orphan mapping,49474,Y
60343,Cedar Vale (KS),9,https://www.maxpreps.com/ks/cedar-vale/cedar-vale-dexter-spartans/football/schedule/,Cedar Vale Cedar Vale (KS),orphan mapping,37377,Y
60416,Chantilly St. Paul VI (VA),9,https://www.maxpreps.com/va/chantilly/st-paul-vi-panthers/football/schedule/,Chantilly St. Paul (VA),orphan mapping,25197,Y
60456,Charlottesville St. Anne's-Belfield (VA),9,https://www.maxpreps.com/va/charlottesville/st-annes-belfield-saints/football/schedule/,Charlottesville St. Annes (VA),orphan mapping,13276,Y
60514,Cherry Hill East (NJ),9,https://www.maxpreps.com/nj/cherry-hill/cherry-hill-east-cougars/football/schedule/,Cherry Hill Cherry Hill East (NJ),orphan mapping,27906,Y
60515,Cherry Hill West (NJ),9,https://www.maxpreps.com/nj/cherry-hill/cherry-hill-west-lions/football/schedule/,Cherry Hill Cherry Hill West (NJ),orphan mapping,39300,Y
60539,Chester Life Christian Academy (VA),9,https://www.maxpreps.com/va/chester/life-christian-academy-eagles/football/schedule/,Chester Life Christian (VA),orphan mapping,10542,Y
70348,Chicago Bowen-Baker College Prep (IL),9,https://www.maxpreps.com/il/chicago/bowen-baker-college-prep/football/schedule/,Chicago Bowen Baker (IL),orphan mapping,44174,Y
60568,Chicago Bulls College Prep (IL),9,https://www.maxpreps.com/il/chicago/bulls-college-prep-bulls/football/schedule/,Chicago Bulls College (IL),orphan mapping,45498,Y
60572,Chicago Christ the King (IL),9,https://www.maxpreps.com/il/chicago/christ-the-king-gladiators/football/schedule/,Chicago Christ The (IL),orphan mapping,41602,Y
70729,Chicago Christian Fenger Academy (IL),9,https://www.maxpreps.com/il/chicago/christian-fenger-academy-titans/football/schedule/,Chicago Christian Fenger (IL),orphan mapping,45464,Y
60580,Chicago De La Salle (IL),9,https://www.maxpreps.com/il/chicago/de-la-salle-meteors/football/schedule/,Chicago De La (IL),orphan mapping,48385,Y
60593,Chicago Goode STEM Academy (IL),9,https://www.maxpreps.com/il/chicago/goode-stem-academy-knights/football/schedule/,Chicago Goode St. em (IL),orphan mapping,39767,Y
34624,Chicago ITW David Speer Academy (IL),9,https://www.maxpreps.com/il/chicago/itw-david-speer-academy-pride/football/schedule/,Chicago Itw David Academy (IL),orphan mapping,29000,Y
60616,Chicago Marine Leadership Academy (IL),9,https://www.maxpreps.com/il/chicago/marine-leadership-academy-bulldogs/football/schedule/,Chicago Marine Leadership (IL),orphan mapping,33460,Y
60632,Chicago Perspectives Leadership-IIT-Joslin-Tech (IL),9,https://www.maxpreps.com/il/chicago/perspectives-leadership-iit-joslin-tech-warriors/football/schedule/,Chicago Perspectives Leadership Jos (IL),orphan mapping,49488,Y
60675,Chillicothe Illinois Valley Central (IL),9,https://www.maxpreps.com/il/chillicothe/illinois-valley-central-grey-ghosts/football/schedule/,Chillicothe Illinois Valley (IL),orphan mapping,18679,Y
60734,Cincinnati Shroder Paideia Academy (OH),9,https://www.maxpreps.com/oh/cincinnati/shroder-paideia-academy-jaguars/football/schedule/,Cincinnati Shroder Paideia (OH),orphan mapping,34724,Y
70967,Detroit Country Day (MI),9,https://www.maxpreps.com/mi/beverly-hills/detroit-country-day-yellowjackets/football/schedule/,Beverly Hills Detroit Country (MI),orphan mapping,47515,Y
61640,East Grand Forks (MN),9,https://www.maxpreps.com/mn/east-grand-forks/east-grand-forks-green-wave/football/schedule/,East Grand Forks East Grand (MN),orphan mapping,38569,Y
62022,Farmerville Union Christian Academy (LA),9,https://www.maxpreps.com/la/farmerville/union-christian-academy-lions/football/schedule/,Farmerville Union Christian (LA),orphan mapping,2444,Y
62326,Fredericksburg St. Michael the Archangel (VA),9,https://www.maxpreps.com/va/fredericksburg/st-michael-the-archangel-warriors/football/schedule/,Fredericksburg St. Michael (VA),orphan mapping,17297,Y
62331,Fredonia-Elk Valley (KS),9,https://www.maxpreps.com/ks/fredonia/fredonia-elk-valley/football/schedule/,Fredonia Elk (KS),orphan mapping,14033,Y
62349,Fresh Meadows St. Francis Prep (NY),9,https://www.maxpreps.com/ny/fresh-meadows/st-francis-prep-terriers/football/schedule/,Fresh Meadows St. Francis (NY),orphan mapping,46978,Y
62390,Gainesville Riverside Military Academy (GA),9,https://www.maxpreps.com/ga/gainesville/riverside-military-academy-eagles/football/schedule/,Gainesville Riverside Military (GA),orphan mapping,24339,Y
62455,Genoa-Hugo (CO),9,https://www.maxpreps.com/co/hugo/genoa-hugo-pirates/football/schedule/,Hugo Genoa Hugo (CO),orphan mapping,27513,Y
16840,Glencoe-Silver Lake (MN),9,https://www.maxpreps.com/mn/glencoe/glencoe-silver-lake-panthers/football/schedule/,Glencoe Silver (MN),orphan mapping,17007,Y
62807,Hammond St. Croix Central (WI),9,https://www.maxpreps.com/wi/hammond/st-croix-central-panthers/football/schedule/,Hammond Saint Croix (WI),orphan mapping,31474,Y
62813,Hampshire (IL),9,https://www.maxpreps.com/il/hampshire/hampshire-whip-purs/football/schedule/,Hampshire Whip (IL),orphan mapping,36933,Y
63034,Hendersonville Pope John Paul II (TN),9,https://www.maxpreps.com/tn/hendersonville/pope-john-paul-ii-knights/football/schedule/,Hendersonville Pope John (TN),orphan mapping,27936,Y
63072,Hialeah-Miami Lakes (FL),9,https://www.maxpreps.com/fl/hialeah/hialeah-miami-lakes-trojans/football/schedule/,Hialeah Miami (FL),orphan mapping,27814,Y
63108,Hills-Beaver Creek (MN),9,https://www.maxpreps.com/mn/hills/hills-beaver-creek-patriots/football/schedule/,Hills Beaver (MN),orphan mapping,23815,Y
44232,Hollow Rock-Bruceton Central (TN),9,https://www.maxpreps.com/tn/bruceton/hollow-rock-bruceton-central-tigers/football/schedule/,Bruceton Hollow Rock (TN),orphan mapping,46876,Y
63386,Indianapolis Phalen Leadership Academy (IN),9,https://www.maxpreps.com/in/indianapolis/phalen-leadership-academy-falcon/football/schedule/,Indianapolis Phalen Leadership (IN),orphan mapping,33244,Y
63425,Ironwood (MI),9,https://www.maxpreps.com/mi/ironwood/wright-red-devils/football/schedule/,Ironwood Wright (MI),orphan mapping,48061,Y
63976,Lake Park (MN),9,https://www.maxpreps.com/mn/lake-park/lake-park-audubon-raiders/football/schedule/,Lake Park Lake Park (MN),orphan mapping,37257,Y
64062,Lanham Mt. Zion Prep Academy (MD),9,https://www.maxpreps.com/md/lanham/mt-zion-prep-academy-warriors/football/schedule/,Lanham Mt. Zion Academy (MD),orphan mapping,49529,Y
64076,Lansing Thornton Fractional South (IL),9,https://www.maxpreps.com/il/lansing/thornton-fractional-south-red-wolves/football/schedule/,Lansing Thornton Fractional (IL),orphan mapping,39351,Y
19264,Littleton Front Range Christian (CO),9,https://www.maxpreps.com/co/littleton/front-range-christian-falcons/football/schedule/,Littleton Front Range (CO),orphan mapping,43466,Y
64653,Lyons-Decatur Northeast (NE),9,https://www.maxpreps.com/ne/lyons/lyons-decatur-northeast-cougars/football/schedule/,Lyons Decatur (NE),orphan mapping,45340,Y
64700,Madison Lac qui Parle Valley (MN),9,https://www.maxpreps.com/mn/madison/lac-qui-parle-valley-eagles/football/schedule/,Madison Lac Qui (MN),orphan mapping,28668,Y
64703,Madison Vel Phillips Memorial (WI),9,https://www.maxpreps.com/wi/madison/vel-phillips-memorial-spartans/football/schedule/,Madison Vel Phillips (WI),orphan mapping,6728,Y
65032,Melbourne Holy Trinity Episcopal Academy (FL),9,https://www.maxpreps.com/fl/melbourne/holy-trinity-episcopal-academy-tigers/football/schedule/,Melbourne Holy Trinity (FL),orphan mapping,15037,Y
65093,Menno-Scotland (SD),9,https://www.maxpreps.com/sd/menno/scotland-menno-trappers/football/schedule/,Menno Scotland Menno (SD),orphan mapping,43215,Y
65132,Metairie Park Country Day (LA),9,https://www.maxpreps.com/la/metairie/metairie-park-country-day-cajuns/football/schedule/,Metairie Park (LA),orphan mapping,17492,Y
65172,Miami Somerset Academy Silver Palms (FL),9,https://www.maxpreps.com/fl/miami/somerset-academy-silver-palms-stallions/football/schedule/,Miami Somerset Academy (FL),orphan mapping,3503,Y
65289,Milwaukee St. Thomas More (WI),9,https://www.maxpreps.com/wi/milwaukee/st-thomas-more-cavaliers/football/schedule/,Milwaukee St. Thomas (WI),orphan mapping,25281,Y
65354,Missoula Loyola-Sacred Heart (MT),9,https://www.maxpreps.com/mt/missoula/loyola-sacred-heart-rams/football/schedule/,Missoula Loyola Sacred (MT),orphan mapping,21285,Y
65378,Moneta Smith Mountain Lake Christian Academy (VA),9,https://www.maxpreps.com/va/moneta/smith-mountain-lake-christian-academy-ospreys/football/schedule/,Moneta Smith Mountain (VA),orphan mapping,13619,Y
65401,Monroe Parkwood (NC),9,https://www.maxpreps.com/nc/monroe/parkwood-wolf-pack/football/schedule/,Monroe Parkwood Wolf (NC),orphan mapping,47128,Y
65472,Moose Lake (MN),9,https://www.maxpreps.com/mn/moose-lake/moose-lake-willow-river-rebels/football/schedule/,Moose Lake Moose Lake (MN),orphan mapping,16131,Y
65521,Mosca Sangre de Cristo (CO),9,https://www.maxpreps.com/co/mosca/sangre-de-cristo-thunderbirds/football/schedule/,Mosca Sangre De (CO),orphan mapping,47647,Y
65617,Moweaqua Central A&M (IL),9,https://www.maxpreps.com/il/moweaqua/central-a-and-m-raiders/football/schedule/,Moweaqua Central A (IL),orphan mapping,21492,Y
65654,Muskegon Catholic Central (MI),9,https://www.maxpreps.com/mi/muskegon/muskegon-catholic-central-crusaders/football/schedule/,Muskegon Catholic (MI),orphan mapping,41550,Y
65698,Nashville Franklin Road Academy (TN),9,https://www.maxpreps.com/tn/nashville/franklin-road-academy-panthers/football/schedule/,Nashville Franklin Road (TN),orphan mapping,35433,Y
65874,New Richland (MN),9,https://www.maxpreps.com/mn/new-richland/new-richland-hartland-ellendale-geneva-panthers/football/schedule/,New Richland New Richland (MN),orphan mapping,24382,Y
65894,New York Mills (MN),9,https://www.maxpreps.com/mn/new-york-mills/new-york-mills-eagles/football/schedule/,New York Mills New York (MN),orphan mapping,19698,Y
66008,North Adams-Jerome (MI),9,https://www.maxpreps.com/mi/north-adams/north-adams-jerome-rams/football/schedule/,North Adams North Adams (MI),orphan mapping,17493,Y
66044,North Las Vegas Cheyenne (NV),9,https://www.maxpreps.com/nv/north-las-vegas/cheyenne-desert-shields/football/schedule/,North Las Vegas Cheyenne Desert (NV),orphan mapping,34313,Y
66242,Olivia B O L D (MN),9,https://www.maxpreps.com/mn/olivia/b-o-l-d-warriors/football/schedule/,Olivia B O (MN),orphan mapping,23428,Y
66341,Orlando The First Academy (FL),9,https://www.maxpreps.com/fl/orlando/the-first-academy-royals/football/schedule/,Orlando The First (FL),orphan mapping,22294,Y
66457,Pagosa Springs (CO),9,https://www.maxpreps.com/co/pagosa-springs/pagosa-springs-pirates/football/schedule/,Pagosa Springs Pagosa Springs (CO),orphan mapping,5701,Y
66603,Pearl Park Place Christian Academy (MS),9,https://www.maxpreps.com/ms/pearl/park-place-christian-academy-crusaders/football/schedule/,Pearl Park Place (MS),orphan mapping,27238,Y
66724,Philadelphia St. Joseph's Prep (PA),9,https://www.maxpreps.com/pa/philadelphia/st-josephs-prep-hawks/football/schedule/,Philadelphia St. Josephs (PA),orphan mapping,15394,Y
66726,Philadelphia Thomas A. Edison (PA),9,https://www.maxpreps.com/pa/philadelphia/thomas-a-edison-owls/football/schedule/,Philadelphia Thomas A (PA),orphan mapping,1360,Y
66759,Phoenix NFL Yet Academy (AZ),9,https://www.maxpreps.com/az/phoenix/nfl-yet-academy-eagles/football/schedule/,Phoenix Nfl Yet (AZ),orphan mapping,39315,Y
66780,Piasa Southwestern (IL),9,https://www.maxpreps.com/il/piasa/southwestern-piasa-birds/football/schedule/,Piasa Southwestern Piasa (IL),orphan mapping,30439,Y
66844,Pittsburgh Perry Traditional Academy (PA),9,https://www.maxpreps.com/pa/pittsburgh/perry-traditional-academy-commodores/football/schedule/,Pittsburgh Perry Traditional (PA),orphan mapping,34700,Y
67001,Portland Ida B. Wells (OR),9,https://www.maxpreps.com/or/portland/ida-b-wells-guardians/football/schedule/,Portland Ida B (OR),orphan mapping,7198,Y
67021,Portsmouth-Oyster River (NH),9,https://www.maxpreps.com/nh/portsmouth/portsmouth-oyster-river/football/schedule/,Portsmouth Oyster (NH),orphan mapping,41347,Y
67052,Prairie City (OR),9,https://www.maxpreps.com/or/prairie-city/prairie-city-burnt-river/football/schedule/,Prairie City Prairie City (OR),orphan mapping,20021,Y
67135,Quicksburg Stonewall Jackson (VA),9,https://www.maxpreps.com/va/quicksburg/stonewall-jackson-generals/football/schedule/,Quicksburg St. onewall Jackson (VA),orphan mapping,7792,Y
67160,Raleigh North Raleigh Christian Academy (NC),9,https://www.maxpreps.com/nc/raleigh/north-raleigh-christian-academy-knights/football/schedule/,Raleigh North Raleigh (NC),orphan mapping,34400,Y
70844,Ramona-Oldham (SD),9,https://www.maxpreps.com/sd/ramona/oldham-ramona-rutland-rutland/football/schedule/,Ramona Oldham Ramona (SD),orphan mapping,25978,Y
31859,Reno Coral Academy of Science (NV),9,https://www.maxpreps.com/nv/reno/coral-academy-of-science-reno-falcons/football/schedule/,Reno Coral Academy (NV),orphan mapping,38708,Y
67402,Rockford Boylan Catholic (IL),9,https://www.maxpreps.com/il/rockford/boylan-catholic-titans/football/schedule/,Rockford Boylan (IL),orphan mapping,205,Y
8590,Santa Maria Valley Christian Academy (CA),9,https://www.maxpreps.com/ca/santa-maria/valley-christian-academy-lions/football/schedule/,Santa Maria Valley Christian (CA),orphan mapping,44404,Y
68112,Sherburn Martin County West (MN),9,https://www.maxpreps.com/mn/sherburn/martin-county-west-mavericks/football/schedule/,Sherburn Martin County (MN),orphan mapping,39862,Y
68121,Sherman Grayson Christian (TX),9,https://www.maxpreps.com/tx/sherman/grayson-christian/football/schedule/,Sherman Grayson (TX),orphan mapping,344,Y
68199,Slidell Pope John Paul II (LA),9,https://www.maxpreps.com/la/slidell/pope-john-paul-ii-jaguars/football/schedule/,Slidell Pope John (LA),orphan mapping,34630,Y
68275,South Saint Paul (MN),9,https://www.maxpreps.com/mn/south-st-paul/south-st-paul-packers/football/schedule/,South Saint Paul South St. (MN),orphan mapping,29743,Y
68455,Staunton-Bunker Hill (IL),9,https://www.maxpreps.com/il/staunton/staunton-bunker-hill-bulldogs/football/schedule/,Staunton Bunker (IL),orphan mapping,37714,Y
68549,Stuart West Central Valley (IA),9,https://www.maxpreps.com/ia/stuart/west-central-valley-wildcats/football/schedule/,Stuart West Central (IA),orphan mapping,30684,Y
68690,Syracuse Institute of Tech (NY),9,https://www.maxpreps.com/ny/syracuse/institute-of-tech-eagles/football/schedule/,Syracuse Institute Of (NY),orphan mapping,44168,Y
68930,Tombstone (AZ),9,https://www.maxpreps.com/az/tombstone/tombstone-yellow-jackets/football/schedule/,Tombstone Yellow (AZ),orphan mapping,6909,Y
69008,Trenton Jones (NC),9,https://www.maxpreps.com/nc/trenton/jones-senior-trojans/football/schedule/,Trenton Jones Senior (NC),orphan mapping,31175,Y
69133,Tyler-Russell (MN),9,https://www.maxpreps.com/mn/tyler/russell-tyler-ruthton-knights/football/schedule/,Tyler Russell Tyler (MN),orphan mapping,28265,Y
69225,Valley Douglas County West (NE),9,https://www.maxpreps.com/ne/valley/douglas-county-west-falcon/football/schedule/,Valley Douglas County (NE),orphan mapping,36694,Y
69349,Wadena-Deer Creek (MN),9,https://www.maxpreps.com/mn/wadena/wadena-deer-creek-wolverines/football/schedule/,Wadena Deer (MN),orphan mapping,40690,Y
69353,Wahiawa Leilehua (HI),9,https://www.maxpreps.com/hi/wahiawa/leilehua-mighty-mules/football/schedule/,Wahiawa Leilehua Mighty (HI),orphan mapping,6120,Y
69485,Washington Model School for the Deaf (DC),9,https://www.maxpreps.com/dc/washington/model-secondary-school-for-the-deaf-eagles/football/schedule/,Washington Model Secondary (DC),orphan mapping,25084,Y
69655,West Orange Seton Hall Prep (NJ),9,https://www.maxpreps.com/nj/west-orange/seton-hall-prep-pirates/football/schedule/,West Orange Seton Hall (NJ),orphan mapping,7523,Y
69723,White Bear Lake (MN),9,https://www.maxpreps.com/mn/white-bear-lake/white-bear-lake-bears/football/schedule/,White Bear Lake White Bear (MN),orphan mapping,4611,Y
69846,Wilmington Delaware Military Academy (DE),9,https://www.maxpreps.com/de/wilmington/delaware-military-academy-seahawks/football/schedule/,Wilmington Delaware Military (DE),orphan mapping,35180,Y
71929,Woonsocket-Wessington Springs (SD),9,https://www.maxpreps.com/sd/woonsocket/woonsocket-wessington-springs-sanborn-central-blackhawks/football/schedule/,Woonsocket Wessington (SD),orphan mapping,651,Y
59142,Ashton-Franklin Center (IL),8,https://www.maxpreps.com/il/ashton/ashton-franklin-center-raiders/football/schedule/,Ashton Franklin (IL),orphan mapping,2951,Y
59309,Baltimore Douglass (MD),8,https://www.maxpreps.com/md/baltimore/douglass-mighty-ducks/football/schedule/,Baltimore Douglass Mighty (MD),orphan mapping,4983,Y
59421,Baton Rouge Catholic (LA),8,https://www.maxpreps.com/la/baton-rouge/catholic-br-bears/football/schedule/,Baton Rouge Catholic Br (LA),orphan mapping,27483,Y
59514,Bel Air Patterson Mill (MD),8,https://www.maxpreps.com/md/bel-air/patterson-mill/football/schedule/,Bel Air Patterson (MD),orphan mapping,49460,Y
59688,Biggsville West Central (IL),8,https://www.maxpreps.com/il/biggsville/biggsville-west-central-heat/football/schedule/,Biggsville West (IL),orphan mapping,11470,Y
39541,Blountville Tri-Cities Christian (TN),8,https://www.maxpreps.com/tn/blountville/tri-cities-christian-eagles/football/schedule/,Blountville Tri Cities (TN),orphan mapping,45845,Y
59938,Bristol St. Paul Catholic (CT),8,https://www.maxpreps.com/ct/bristol/st-paul-catholic-falcons/football/schedule/,Bristol St. Paul (CT),orphan mapping,17556,Y
60040,Buffalo Hutchinson Tech (NY),8,https://www.maxpreps.com/ny/buffalo/hutchinson-central-tech-emerson-vo-tech-city-honors-engineers/football/schedule/,Buffalo Hutchinson Central (NY),orphan mapping,24822,Y
21928,Bushnell Prairie City (IL),8,https://www.maxpreps.com/il/bushnell/bushnell-prairie-city-spartans/football/schedule/,Bushnell Prairie (IL),orphan mapping,24799,Y
60134,Caldwell South Sumner [Caldwell-South Haven] (KS),8,https://www.maxpreps.com/ks/caldwell/south-sumner-caldwell-south-haven-outlaws/football/schedule/,Caldwell South Sumner (KS),orphan mapping,43007,Y
2083,Canajoharie-Fort Plain (NY),8,https://www.maxpreps.com/ny/canajoharie/canajoharie-fort-plain/football/schedule/,Canajoharie Fort (NY),orphan mapping,49481,Y
60401,Chambers-Wheeler Central (NE),8,https://www.maxpreps.com/ne/chambers/chambers-wheeler-central-renegades/football/schedule/,Chambers Wheeler (NE),orphan mapping,15912,Y
60405,Champaign St. Thomas More (IL),8,https://www.maxpreps.com/il/champaign/st-thomas-more-sabers/football/schedule/,Champaign St. Thomas (IL),orphan mapping,2588,Y
60559,Cheyenne-Eagle Butte (SD),8,https://www.maxpreps.com/sd/eagle-butte/cheyenne-eagle-butte-tiospaye-topa/football/schedule/,Eagle Butte Cheyenne Eagle (SD),orphan mapping,36395,Y
60563,Chicago Back of the Yards College Prep (IL),8,https://www.maxpreps.com/il/chicago/back-of-the-yards-college-prep-bobcats/football/schedule/,Chicago Back Of (IL),orphan mapping,37713,Y
60622,Chicago Military Academy (IL),8,https://www.maxpreps.com/il/chicago/chicago-military-academy-eagles/football/schedule/,Chicago Military (IL),orphan mapping,43792,Y
60626,Chicago Muchin College Prep (IL),8,https://www.maxpreps.com/il/chicago/muchin-college-prep-mountain-lions/football/schedule/,Chicago Muchin College (IL),orphan mapping,38003,Y
60649,Chicago Steinmetz College Prep (IL),8,https://www.maxpreps.com/il/chicago/steinmetz-college-prep-silver-streaks/football/schedule/,Chicago St. einmetz College (IL),orphan mapping,20523,Y
60656,Chicago Von Steuben (IL),8,https://www.maxpreps.com/il/chicago/von-steuben-panthers/football/schedule/,Chicago Von St. euben (IL),orphan mapping,8845,Y
60797,Clayton First State Military Academy (DE),8,https://www.maxpreps.com/de/clayton/first-state-military-academy-bulldogs/football/schedule/,Clayton First St. ate (DE),orphan mapping,47721,Y
8106,Colorado Springs Banning Lewis Academy (CO),8,https://www.maxpreps.com/co/colorado-springs/banning-lewis-academy-stallions/football/schedule/,Colorado Springs Banning Lewis (CO),orphan mapping,6064,Y
11457,Cordova St. Benedict at Auburndale (TN),8,https://www.maxpreps.com/tn/cordova/st-benedict-at-auburndale-eagles/football/schedule/,Cordova St. Benedict (TN),orphan mapping,6138,Y
61097,Corsica-Stickney (SD),8,https://www.maxpreps.com/sd/corsica/corsica-stickney-jaguars/football/schedule/,Corsica St. ickney (SD),orphan mapping,10148,Y
61235,Dallas UME Preparatory Academy (TX),8,https://www.maxpreps.com/tx/dallas/ume-preparatory-academy-eagles/football/schedule/,Dallas Ume Preparatory (TX),orphan mapping,16017,Y
71915,Denton-Stanford (MT),8,https://www.maxpreps.com/mt/denton/denton-stanford-geyser-geraldine/football/schedule/,Denton St. anford (MT),orphan mapping,40029,Y
61527,Dix Hills Half Hollow Hills West (NY),8,https://www.maxpreps.com/ny/dix-hills/half-hollow-hills-west-colts/football/schedule/,Dix Hills Half Hollow West (NY),orphan mapping,18128,Y
61573,Drain North Douglas (OR),8,https://www.maxpreps.com/or/drain/north-douglas/football/schedule/,Drain North (OR),orphan mapping,24856,Y
61880,Erskine Win-E-Mac (MN),8,https://www.maxpreps.com/mn/erskine/win-e-mac-patriots/football/schedule/,Erskine Win E (MN),orphan mapping,12898,Y
61904,Estherville Lincoln Central (IA),8,https://www.maxpreps.com/ia/estherville/estherville-lincoln-central-midgets/football/schedule/,Estherville Lincoln (IA),orphan mapping,9824,Y
30094,Eustis Hi-Line [Eustis-Farnam-Elwood] (NE),8,https://www.maxpreps.com/ne/eustis/hi-line-eustis-farnam-elwood-/football/schedule/,Eustis Hi Line (NE),orphan mapping,22872,Y
62141,Florida School for the Deaf (FL),8,https://www.maxpreps.com/fl/st-augustine/florida-school-for-the-deaf-and-blind-dragons/football/schedule/,Saint Augustine Florida School (FL),orphan mapping,18239,Y
62303,Franklin Square Valley Stream North (NY),8,https://www.maxpreps.com/ny/franklin-square/valley-stream-north-spartans/football/schedule/,Franklin Square Valley St. ream (NY),orphan mapping,3032,Y
62359,Front Royal Randolph-Macon Academy (VA),8,https://www.maxpreps.com/va/front-royal/randolph-macon-academy-yellow-jackets/football/schedule/,Front Royal Randolph-Macon (VA),orphan mapping,30949,Y
62919,Harvey Jefferson RISE Charter (LA),8,https://www.maxpreps.com/la/harvey/jefferson-rise-charter/football/schedule/,Harvey Jefferson Rise (LA),orphan mapping,42679,Y
63023,Henderson Lake Mead Academy (NV),8,https://www.maxpreps.com/nv/henderson/lake-mead-academy-eagles/football/schedule/,Henderson Lake Mead (NV),orphan mapping,12549,Y
71975,Hutchinson Reno County HomeSchool (KS),8,https://www.maxpreps.com/ks/hutchinson/reno-county-homeschool-sabres/football/schedule/,Hutchinson Reno County (KS),orphan mapping,15096,Y
63470,Jacksonville Cedar Creek Christian (FL),8,https://www.maxpreps.com/fl/jacksonville/cedar-creek-christian-saints/football/schedule/,Jacksonville Cedar Creek (FL),orphan mapping,6303,Y
70542,Jacksonville Young Kids In Motion (FL),8,https://www.maxpreps.com/fl/jacksonville/young-kids-in-motion-ravens/football/schedule/,Jacksonville Young Kids (FL),orphan mapping,34321,Y
21945,Jersey City St. Peters Prep (NJ),8,https://www.maxpreps.com/nj/jersey-city/st-peters-prep-marauders/football/schedule/,Jersey City St. Peters (NJ),orphan mapping,9307,Y
63647,Kansas Tri-County [Kansas-Shiloh-Oakland] (IL),8,https://www.maxpreps.com/il/kansas/tri-county-kansas-shiloh-oakland-titans/football/schedule/,Kansas Tri County (IL),orphan mapping,5415,Y
63868,La Crescent (MN),8,https://www.maxpreps.com/mn/la-crescent/la-crescent-la-crescent-montessori-and-stem-lancers/football/schedule/,La Crescent La Crescent (MN),orphan mapping,16565,Y
64029,Lame Deer (MT),8,https://www.maxpreps.com/mt/lame-deer/lame-deer-morning-stars/football/schedule/,Lame Deer Lame Deer (MT),orphan mapping,42581,Y
64073,Lansing Kee (IA),8,https://www.maxpreps.com/ia/lansing/kee-kee-hawks/football/schedule/,Lansing Kee Kee (IA),orphan mapping,45147,Y
64503,Los Angeles Dr. Maya Angelou Community (CA),8,https://www.maxpreps.com/ca/los-angeles/dr-maya-angelou-community-phoenix/football/schedule/,Los Angeles Dr Maya (CA),orphan mapping,42923,Y
64765,Manitou Springs (CO),8,https://www.maxpreps.com/co/manitou-springs/manitou-springs-mustangs/football/schedule/,Manitou Springs Manitou Springs (CO),orphan mapping,35299,Y
64777,Manorville Eastport-South Manor (NY),8,https://www.maxpreps.com/ny/manorville/eastport-south-manor-sharks/football/schedule/,Manorville Eastport South (NY),orphan mapping,8542,Y
3079,Maywood-Hayes Center (NE),8,https://www.maxpreps.com/ne/maywood/maywood-hayes-center-wolves/football/schedule/,Maywood Hayes (NE),orphan mapping,44877,Y
65250,Miller Sunshine Bible Academy (SD),8,https://www.maxpreps.com/sd/miller/sunshine-bible-academy-crusaders/football/schedule/,Miller Sunshine Bible (SD),orphan mapping,29613,Y
65319,Minneapolis St. Anthony Village (MN),8,https://www.maxpreps.com/mn/minneapolis/st-anthony-village-huskies/football/schedule/,Minneapolis St. Anthony (MN),orphan mapping,2627,Y
65604,Mountain Iron (MN),8,https://www.maxpreps.com/mn/mountain-iron/mountain-iron-buhl-rangers/football/schedule/,Mountain Iron Mountain Iron (MN),orphan mapping,6263,Y
65606,Mountain Lake (MN),8,https://www.maxpreps.com/mn/mountain-lake/mountain-lake-mountain-lake-christian-wolverines/football/schedule/,Mountain Lake Mountain Lake (MN),orphan mapping,32075,Y
65667,Nansemond-Suffolk Academy (VA),8,https://www.maxpreps.com/va/suffolk/nansemond-suffolk-academy-saints/football/schedule/,Nansemond-Suffolk (VA),orphan mapping,37999,Y
65797,New Hyde Park Memorial (NY),8,https://www.maxpreps.com/ny/new-hyde-park/new-hyde-park-memorial-gladiators/football/schedule/,New Hyde Park New Hyde (NY),orphan mapping,44119,Y
70966,New Orleans Carver Collegiate Academy (LA),8,https://www.maxpreps.com/la/new-orleans/carver-collegiate-academy-rams/football/schedule/,New Orleans Carver Collegiate (LA),orphan mapping,48235,Y
65895,New York Mills (NY),8,https://www.maxpreps.com/ny/new-york-mills/new-york-mills-marauders/football/schedule/,New York Mills New York (NY),orphan mapping,7840,Y
65902,Newark Collegiate Academy (NJ),8,https://www.maxpreps.com/nj/newark/newark-collegiate-academy-panthers/football/schedule/,Newark Collegiate (NJ),orphan mapping,32802,Y
65930,Newman Grove (NE),8,https://www.maxpreps.com/ne/newman-grove/newman-grove-st-edward/football/schedule/,Newman Grove Newman Grove (NE),orphan mapping,42682,Y
65946,Newport North Country Union (VT),8,https://www.maxpreps.com/vt/newport/north-country-union-falcons/football/schedule/,Newport North Country (VT),orphan mapping,21676,Y
66037,North English Valleys (IA),8,https://www.maxpreps.com/ia/north-english/english-valleys-bears/football/schedule/,North English English Valleys (IA),orphan mapping,10137,Y
66042,North Kansas City (MO),8,https://www.maxpreps.com/mo/north-kansas-city/north-kansas-city-hornets/football/schedule/,North Kansas City North Kansas (MO),orphan mapping,6335,Y
66166,Ocoee Central Florida Christian Academy (FL),8,https://www.maxpreps.com/fl/ocoee/central-florida-christian-academy-eagles/football/schedule/,Ocoee Central Florida (FL),orphan mapping,34206,Y
66231,Old Westbury (NY),8,https://www.maxpreps.com/ny/old-westbury/westbury-green-dragons/football/schedule/,Old Westbury Westbury (NY),orphan mapping,13417,Y
66712,Philadelphia Boys' Latin Charter (PA),8,https://www.maxpreps.com/pa/philadelphia/boys-latin-charter/football/schedule/,Philadelphia Boys Latin (PA),orphan mapping,13154,Y
66811,Pine River (MN),8,https://www.maxpreps.com/mn/pine-river/pine-river-backus-tigers/football/schedule/,Pine River Pine River (MN),orphan mapping,34914,Y
70833,Reed Point (MT),8,https://www.maxpreps.com/mt/reed-point/reed-point-rapelje-renegades/football/schedule/,Reed Point Reed Point (MT),orphan mapping,31533,Y
67258,Reserve East St. John (LA),8,https://www.maxpreps.com/la/reserve/east-st-john-wildcats/football/schedule/,Reserve East St. (LA),orphan mapping,35844,Y
67394,Rockaway Beach Neah-Kah-Nie (OR),8,https://www.maxpreps.com/or/rockaway-beach/neah-kah-nie-pirates/football/schedule/,Rockaway Beach Neah Kah (OR),orphan mapping,9662,Y
67607,Saint Clair (MN),8,https://www.maxpreps.com/mn/st-clair/st-clair-loyola/football/schedule/,Saint Clair St. Clair (MN),orphan mapping,3181,Y
67715,Saint Maries (ID),8,https://www.maxpreps.com/id/st-maries/st-maries-lumberjacks/football/schedule/,Saint Maries St. Maries (ID),orphan mapping,15427,Y
70623,San Antonio Compass Rose Legacy (TX),8,https://www.maxpreps.com/tx/san-antonio/compass-rose-legacy-polar-bears/football/schedule/,San Antonio Compass Rose (TX),orphan mapping,28458,Y
68259,South Glens Falls (NY),8,https://www.maxpreps.com/ny/south-glens-falls/south-glens-falls-bulldogs/football/schedule/,South Glens Falls South Glens (NY),orphan mapping,42334,Y
68344,Spring Legacy School of Sport Sciences (TX),8,https://www.maxpreps.com/tx/spring/legacy-school-of-sport-sciences-titans/football/schedule/,Spring Legacy School (TX),orphan mapping,25341,Y
20198,St. Martinville (LA),8,https://www.maxpreps.com/la/st-martinville/st-martinville-tigers/football/schedule/,Saint Martinville St. Martinville (LA),orphan mapping,15633,Y
68485,Sterling Newman Central Catholic (IL),8,https://www.maxpreps.com/il/sterling/newman-central-catholic-comets/football/schedule/,Sterling Newman Central (IL),orphan mapping,856,Y
68576,Sugar Land Harmony School of Innovation (TX),8,https://www.maxpreps.com/tx/sugar-land/harmony-school-of-innovation-mustangs/football/schedule/,Sugar Land Harmony School (TX),orphan mapping,3339,Y
68692,Syracuse Public Service Leadership Academy (NY),8,https://www.maxpreps.com/ny/syracuse/public-service-leadership-academy-falcons/football/schedule/,Syracuse Public Service (NY),orphan mapping,18788,Y
68783,Tecumseh Johnson County Central (NE),8,https://www.maxpreps.com/ne/tecumseh/johnson-county-central-thunderbirds/football/schedule/,Tecumseh Johnson County (NE),orphan mapping,45440,Y
69491,Washington Richard Wright Public Charter School (DC),8,https://www.maxpreps.com/dc/washington/richard-wright-public-charter-school-spartans/football/schedule/,Washington Richard Wright (DC),orphan mapping,2952,Y
69564,Wauwatosa Kingdom Prep Lutheran (WI),8,https://www.maxpreps.com/wi/wauwatosa/kingdom-prep-lutheran-wolfpack/football/schedule/,Wauwatosa Kingdom Prep (WI),orphan mapping,4465,Y
69738,White Sulphur Springs (MT),8,https://www.maxpreps.com/mt/white-sulphur-springs/white-sulphur-springs-hornets/football/schedule/,White Sulphur Springs White Sulphur (MT),orphan mapping,41695,Y
59016,Apache Junction Imagine Prep Superstition (AZ),7,https://www.maxpreps.com/az/apache-junction/imagine-prep-superstition-panthers/football/schedule/,Apache Junction Imagine Prep (AZ),orphan mapping,39621,Y
59052,Arcola (IL),7,https://www.maxpreps.com/il/arcola/arcola-purple-riders/football/schedule/,Arcola Purple (IL),orphan mapping,45309,Y
38362,Austin St. Stephen's Episcopal (TX),7,https://www.maxpreps.com/tx/austin/st-stephens-episcopal-spartans/football/schedule/,Austin St. St. ephens (TX),orphan mapping,38297,Y
59907,Bridgeport Capital Prep Harbor (CT),7,https://www.maxpreps.com/ct/bridgeport/capital-prep-harbor-sharks/football/schedule/,Bridgeport Capital Prep (CT),orphan mapping,44842,Y
35942,Broadus Powder River County (MT),7,https://www.maxpreps.com/mt/broadus/powder-river-county-hawks/football/schedule/,Broadus Powder River (MT),orphan mapping,33591,Y
30849,Chester-Seward Park (NY),7,https://www.maxpreps.com/ny/chester/chester-seward-park/football/schedule/,Chester Seward (NY),orphan mapping,5958,Y
60587,Chicago Englewood Stem (IL),7,https://www.maxpreps.com/il/chicago/englewood-stem-panthers/football/schedule/,Chicago Englewood St. em (IL),orphan mapping,3423,Y
60631,Chicago Payton College Prep (IL),7,https://www.maxpreps.com/il/chicago/payton-college-prep-grizzlies/football/schedule/,Chicago Payton College (IL),orphan mapping,33718,Y
60652,Chicago The Noble Academy (IL),7,https://www.maxpreps.com/il/chicago/the-noble-academy-griffins/football/schedule/,Chicago The Noble (IL),orphan mapping,15806,Y
62712,Gretna Thomas Jefferson (LA),7,https://www.maxpreps.com/la/gretna/thomas-jefferson/football/schedule/,Gretna Thomas (LA),orphan mapping,27284,Y
71750,Jacksonville Joshua Christian Academy (FL),7,https://www.maxpreps.com/fl/jacksonville/joshua-christian-academy-eagles/football/schedule/,Jacksonville Joshua Christian (FL),orphan mapping,31402,Y
63781,Kingston Wyoming Seminary (PA),7,https://www.maxpreps.com/pa/kingston/wyoming-seminary-college-prep-blue-knights/football/schedule/,Kingston Wyoming Seminary College Prep (PA),orphan mapping,221,Y
63885,La Veta (CO),7,https://www.maxpreps.com/co/la-veta/la-veta-redhawks/football/schedule/,La Veta La Veta (CO),orphan mapping,14476,Y
63958,Lake Crystal (MN),7,https://www.maxpreps.com/mn/lake-crystal/lake-crystal-wellcome-memorial-knights/football/schedule/,Lake Crystal Lake Crystal (MN),orphan mapping,435,Y
65263,Milner Rock Springs Christian Academy (GA),7,https://www.maxpreps.com/ga/milner/rock-springs-christian-academy/football/schedule/,Milner Rock Springs Academy (GA),orphan mapping,26212,Y
65885,New Ulm Minnesota Valley Lutheran (MN),7,https://www.maxpreps.com/mn/new-ulm/minnesota-valley-lutheran-chargers/football/schedule/,New Ulm Minnesota Valley (MN),orphan mapping,39476,Y
66112,Norwood-Young America (MN),7,https://www.maxpreps.com/mn/norwood-young-america/central-raiders/football/schedule/,Norwood Young America Central (MN),orphan mapping,48279,Y
66215,Oklee Red Lake County Central (MN),7,https://www.maxpreps.com/mn/oklee/red-lake-county-central-red-lake-falls-rebels/football/schedule/,Oklee Red Lake (MN),orphan mapping,4414,Y
71907,Orangeburg Christian Academy (SC),7,https://www.maxpreps.com/sc/orangeburg/orangeburg-christian-academy-patriots/football/schedule/,Orangeburg Christian (SC),orphan mapping,37364,Y
66620,Pelham Trinity Christian Homeschool (AL),7,https://www.maxpreps.com/al/pelham/trinity-christian-homeschool/football/schedule/,Pelham Trinity Christian (AL),orphan mapping,46493,Y
66755,Phoenix Madison Highland Prep (AZ),7,https://www.maxpreps.com/az/phoenix/madison-highland-prep-heat/football/schedule/,Phoenix Madison Highland (AZ),orphan mapping,31121,Y
22975,Richlands Liberty Christian Academy (NC),7,https://www.maxpreps.com/nc/richlands/liberty-christian-academy-heat/football/schedule/,Richlands Liberty Christian (NC),orphan mapping,7803,Y
4315,Rochester Greece Olympia-Greece Odyssey (NY),7,https://www.maxpreps.com/ny/rochester/greece-olympia-greece-odyssey/football/schedule/,Rochester Greece Olympia Odyssey (NY),orphan mapping,41220,Y
68604,Sunburst North Toole County (MT),7,https://www.maxpreps.com/mt/sunburst/north-toole-county-refiners/football/schedule/,Sunburst North Toole (MT),orphan mapping,44514,Y
68955,Toppenish Yakama Nation Tribal (WA),7,https://www.maxpreps.com/wa/toppenish/yakama-nation-tribal-eagles/football/schedule/,Toppenish Yakama Nation (WA),orphan mapping,47852,Y
59683,Big Timber Sweet Grass County (MT),6,https://www.maxpreps.com/mt/big-timber/sweet-grass-county-sheepherders/football/schedule/,Big Timber Sweet Grass (MT),orphan mapping,47757,Y
19425,Casa Grande Mission Heights Prep (AZ),6,https://www.maxpreps.com/az/casa-grande/mission-heights-prep-phantoms/football/schedule/,Casa Grande Mission Heights (AZ),orphan mapping,5991,Y
61526,Dix Hills Half Hollow Hills East (NY),6,https://www.maxpreps.com/ny/dix-hills/half-hollow-hills-east-thunderbirds/football/schedule/,Dix Hills Half Hollow East (NY),orphan mapping,822,Y
61581,Drummond Flint Creek co-op [Drummond-Granite] (MT),6,https://www.maxpreps.com/mt/drummond/flint-creek-co-op-drummond-granite-titans/football/schedule/,Drummond Flint Creek (MT),orphan mapping,39260,Y
19361,Fayetteville Berean Baptist Academy (NC),6,https://www.maxpreps.com/nc/fayetteville/berean-baptist-academy-bulldogs/football/schedule/,Fayetteville Berean Baptist (NC),orphan mapping,24953,Y
38040,Harlan Tri-State Crusaders (IN),6,https://www.maxpreps.com/in/harlan/tri-state-crusaders-kings-crusaders/football/schedule/,Harlan Tri St. ate (IN),orphan mapping,7617,Y
63911,Lafayette First Baptist Christian (LA),6,https://www.maxpreps.com/la/lafayette/first-baptist-christian-eagles/football/schedule/,Lafayette First Baptist (LA),orphan mapping,17961,Y
64467,Long Prairie (MN),6,https://www.maxpreps.com/mn/long-prairie/long-prairie-grey-eagle-thunder/football/schedule/,Long Prairie Long Prairie (MN),orphan mapping,46939,Y
25632,Manassas Northern Virginia HomeSchool (VA),6,https://www.maxpreps.com/va/manassas/northern-virginia-homeschool-centurions/football/schedule/,Manassas Northern Virginia (VA),orphan mapping,22546,Y
65019,Medicine Lake-Froid (MT),6,https://www.maxpreps.com/mt/medicine-lake/froid-medicine-lake-redhawks/football/schedule/,Medicine Lake Froid Medicine (MT),orphan mapping,24955,Y
71759,Minneapolis Henry-FAIR Downtown (MN),6,https://www.maxpreps.com/mn/minneapolis/henry-fair-downtown/football/schedule/,Minneapolis Henry Fair (MN),orphan mapping,26711,Y
69899,Winifred (MT),6,https://www.maxpreps.com/mt/winifred/roy-winifred-outlaws/football/schedule/,Winifred Roy Winifred (MT),orphan mapping,650,Y
60121,Byron Center Grand Valley Christian Patriots (MI),5,https://www.maxpreps.com/mi/byron-center/grand-valley-christian-patriots-patriots/football/schedule/,Byron Center Grand Valley (MI),orphan mapping,34160,Y
72000,Chandler Skyline - Gila River (AZ),5,https://www.maxpreps.com/az/chandler/skyline-gila-river/football/schedule/,Chandler Skyline Gila (AZ),orphan mapping,47927,Y
60582,Chicago DRW College Prep (IL),5,https://www.maxpreps.com/il/chicago/drw-college-prep-cheetahs/football/schedule/,Chicago Drw College (IL),orphan mapping,13363,Y
63625,Kannapolis Cabarrus Stallions (NC),5,https://www.maxpreps.com/nc/kannapolis/cabarrus-stallions-stallions/football/schedule/,Kannapolis Cabarrus St. allions (NC),orphan mapping,36979,Y
64983,McKinney Cornerstone Christian Academy (TX),5,https://www.maxpreps.com/tx/mckinney/cornerstone-christian-academy-warriors/football/schedule/,Mckinney Cornerstone Christian (TX),orphan mapping,49542,Y
66157,Ocala St. John Lutheran (FL),5,https://www.maxpreps.com/fl/ocala/st-john-lutheran-saints/football/schedule/,Ocala St. John (FL),orphan mapping,7925,Y
68039,Sellersburg Rock Creek Academy (IN),5,https://www.maxpreps.com/in/sellersburg/rock-creek-academy-lions/football/schedule/,Sellersburg Rock Creek (IN),orphan mapping,32513,Y
69310,Viola Kickapoo-La Farge (WI),5,https://www.maxpreps.com/wi/viola/kickapoo-la-farge-panthers/football/schedule/,Viola Kickapoo La (WI),orphan mapping,5109,Y
65155,Miami Country Day (FL),4,https://www.maxpreps.com/fl/miami/miami-country-day-spartans/football/schedule/,Miami Country (FL),orphan mapping,24620,Y
65272,Milwaukee Barack Obama Career & Tech (WI),4,https://www.maxpreps.com/wi/milwaukee/barack-obama-career-and-tech-cougars/football/schedule/,Milwaukee Barack Obama (WI),orphan mapping,25756,Y
70210,O'Fallon Christian School District (MO),4,https://www.maxpreps.com/mo/ofallon/christian-school-district-eagles/football/schedule/,Ofallon Christian School (MO),orphan mapping,13717,Y
66773,Phoenix Southwest Leadership Academy (AZ),4,https://www.maxpreps.com/az/phoenix/southwest-leadership-academy-rams/football/schedule/,Phoenix Southwest Leadership (AZ),orphan mapping,30173,Y
63522,Jemison Chilton Christian Academy (AL),3,https://www.maxpreps.com/al/jemison/chilton-christian-academy-patriots/football/schedule/,Jemison Chilton Christian (AL),orphan mapping,10776,Y
71556,Lafayette Louisiana Kings (LA),3,https://www.maxpreps.com/la/lafayette/louisiana-kings/football/schedule/,Lafayette Louisiana (LA),orphan mapping,39486,Y
70029,Wyoming Tri-Unity Christian (MI),3,https://www.maxpreps.com/mi/wyoming/tri-unity-christian-defenders/football/schedule/,Wyoming Tri Unity (MI),orphan mapping,8873,Y
60392,Centreville Cahawba Christian Academy (AL),2,https://www.maxpreps.com/al/centreville/cahawba-christian-academy-chargers/football/schedule/,Centreville Cahawba Christian (AL),orphan mapping,46475,Y
61326,Dearborn Advanced Tech Academy (MI),2,https://www.maxpreps.com/mi/dearborn/advanced-tech-academy-lakers/football/schedule/,Dearborn Advanced Tech (MI),orphan mapping,14049,Y
59774,Blue Island Eisenhower (IL),1,https://www.maxpreps.com/il/blue-island/blue-island-eisenhower-cardinals/football/schedule/,Blue Island Blue Island (IL),orphan mapping,13828,Y
71586,Jacksonville Hollis Christian Academy (FL),1,https://www.maxpreps.com/fl/jacksonville/hollis-christian-academy-eagles/football/schedule/,Jacksonville Hollis Christian (FL),orphan mapping,17694,Y
64534,Louisiana School for the Deaf (LA),1,https://www.maxpreps.com/la/baton-rouge/louisiana-school-for-the-deaf-war-eagles/football/schedule/,Baton Rouge Louisiana School (LA),orphan mapping,49458,Y
68314,Spencer (WI),1,https://www.maxpreps.com/wi/spencer/spencer-columbus-rockets/football/schedule/,Spencer Columbus (WI),orphan mapping,11622,Y
