cluster,team_name,first_season,first_news_season
Bakersfield,Alpaugh (CA),1950,
Bakersfield,Arroyo Grande Coastal Christian (CA),1986,
Bakersfield,Atascadero North County Christian (CA),1991,1996.0
Bakersfield,Bakersfield (CA),1940,1954.0
Bakersfield,Bakersfield Centennial (CA),1994,1994.0
Bakersfield,Bakersfield Christian (CA),1998,1998.0
Bakersfield,Bakersfield Community Christian (CA),1995,1995.0
Bakersfield,Bakersfield East (CA),2004,
Bakersfield,Bakersfield East Bakersfield (CA),1945,1955.0
Bakersfield,Bakersfield East Bakersfield JV (CA),1955,1958.0
Bakersfield,Bakersfield East Reserves (CA),1948,
Bakersfield,Bakersfield Foothill (CA),1962,1962.0
Bakersfield,Bakersfield Frontier (CA),2007,
Bakersfield,Bakersfield Garces Memorial (CA),1947,1957.0
Bakersfield,Bakersfield Golden Valley (CA),1998,1998.0
Bakersfield,Bakersfield Highland (CA),1970,1972.0
Bakersfield,Bakersfield Independence (CA),2009,
Bakersfield,Bakersfield JV (CA),1955,1963.0
Bakersfield,Bakersfield Kern County Union (CA),1945,
Bakersfield,Bakersfield Liberty (CA),2000,
Bakersfield,Bakersfield Mira Monte (CA),1997,1997.0
Bakersfield,Bakersfield North (CA),1953,1955.0
Bakersfield,Bakersfield North JV (CA),1955,
Bakersfield,Bakersfield Northwest Christian (CA),2006,
Bakersfield,"Bakersfield Opp """"FHS"""" (CA)",1980,
Bakersfield,"Bakersfield Opp """"Hoover"""" (CA)",1997,
Bakersfield,"Bakersfield Opp """"Kennedy"""" (CA)",1993,1993.0
Bakersfield,"Bakersfield Opp """"Roosevelt"""" (CA)",1945,
Bakersfield,Bakersfield Reserves (CA),1948,
Bakersfield,Bakersfield Ridgeview (CA),1995,1995.0
Bakersfield,Bakersfield Ridgeview JV (CA),1957,1957.0
Bakersfield,Bakersfield South (CA),1957,1957.0
Bakersfield,Bakersfield South JV (CA),1959,
Bakersfield,Bakersfield Valley (CA),1996,1996.0
Bakersfield,Bakersfield Valley Christian (CA),2003,
Bakersfield,Brethren Chino (CA),1982,
Bakersfield,Brown Military Academy JV (CA),1956,
Bakersfield,Brown Military Junior College (CA),1941,
Bakersfield,Carpinteria (CA),1948,1960.0
Bakersfield,China Lake Acres (CA),1963,
Bakersfield,Christina (CA),1985,
Bakersfield,Delano (CA),1948,1954.0
Bakersfield,Delano Chavez (CA),2003,
Bakersfield,Delano JV (CA),1966,1966.0
Bakersfield,Delano Kennedy (CA),2009,
Bakersfield,Delano Reserves (CA),1952,
Bakersfield,East Bakersfield JV (CA),1961,1961.0
Bakersfield,Frazier Park (CA),1995,1995.0
Bakersfield,Goleta Dos Pueblos (CA),1967,1967.0
Bakersfield,Grant Ramblers (CA),1951,
Bakersfield,Inyo-Kerr (CA),1950,
Bakersfield,Kernville Kern Valley (CA),1981,
Bakersfield,Lake Isabella Kern Valley (CA),1955,1960.0
Bakersfield,Lebec Frazier Mountain (CA),1995,1995.0
Bakersfield,Lompoc (CA),1950,1960.0
Bakersfield,Lompoc Cabrillo (CA),1964,1964.0
Bakersfield,"Lompoc Cabrillo Opp """"South"""" (CA)",1969,
Bakersfield,Los Olivos Dunn (CA),2005,
Bakersfield,Maricopa (CA),1947,1967.0
Bakersfield,McFarland (CA),1947,1957.0
Bakersfield,"McFarland Opp """"Valley"""" (CA)",1997,1997.0
Bakersfield,Mission Hills Alemany (CA),1958,1959.0
Bakersfield,Mission Hills Bishop Alemany (CA),1960,
Bakersfield,Mojave (CA),1957,1960.0
Bakersfield,Mojave Douglas (CA),1957,1961.0
Bakersfield,New Cuyama Cuyama Valley (CA),1959,1959.0
Bakersfield,Nipomo (CA),2003,
Bakersfield,Pismo Beach Coastal Christian (CA),1980,1980.0
Bakersfield,Porterville (CA),1951,1954.0
Bakersfield,Porterville Granite Hills (CA),2001,
Bakersfield,Porterville JV (CA),1958,1958.0
Bakersfield,Porterville Monache (CA),1969,1969.0
Bakersfield,Ridgecrest Burroughs (CA),1956,1958.0
Bakersfield,Ridgecrest Immanuel Christian (CA),1994,1994.0
Bakersfield,Santa Barbara (CA),1940,1959.0
Bakersfield,Santa Barbara Bishop Diego (CA),1960,1960.0
Bakersfield,Santa Barbara Catholic (CA),1947,
Bakersfield,Santa Barbara Laguna Blanca (CA),2000,2000.0
Bakersfield,"Santa Maria St. Joseph Opp """"Northridge"""" (CA)",1967,
Bakersfield,Santa Maria Valley Christian Academy (CA),1976,1976.0
Bakersfield,"Shafter Opp """"North"""" (CA)",1955,
Bakersfield,South Bakersfield (CA),1973,
Bakersfield,Taft (CA),1945,1955.0
Bakersfield,Taft JV (CA),1954,
Bakersfield,"Tehachapi Opp """"Highland"""" (CA)",1991,
Bakersfield,Trona (CA),1950,1959.0
Bakersfield,Trona Unified (CA),1955,
Bakersfield,Tulare Mission Oak (CA),2009,
Bakersfield,Vista Rancho Buena Vista (CA),1987,1990.0
Eureka,Arcata Alumni (CA),1955,1955.0
Eureka,Arcata JV (CA),1970,
Eureka,Crescent City Del Norte JV (CA),1952,
Eureka,"Crescent City Del Norte Opp """"Huskies"""" (CA)",1968,
Eureka,Eureka Alumni (CA),1940,1954.0
Eureka,Eureka JV (CA),1954,1954.0
Eureka,Eureka Reserves (CA),1958,1958.0
Eureka,Ferndale JV (CA),1979,1979.0
Eureka,Fort Bragg (CA),1940,1954.0
Eureka,Fort Bragg JV (CA),1973,1973.0
Eureka,Fortuna (CA),1945,1954.0
Eureka,Fortuna Alumni (CA),1948,
Eureka,Fortuna JV (CA),1970,1975.0
Eureka,Happy Camp (CA),1940,1960.0
Eureka,Happy Camp Alumni (CA),1950,
Eureka,Happy Camp JV (CA),1970,1970.0
Eureka,Hoopa Valley (CA),1940,1954.0
Eureka,Hoopa Valley JV (CA),1969,1969.0
Eureka,Laytonville JV (CA),1971,1971.0
Eureka,McKinleyville (CA),1961,1961.0
Eureka,McKinleyville JV (CA),1970,1979.0
Eureka,Newport (CA),1942,
Eureka,Orleans (CA),1958,
Eureka,Pine Grove Community Christian (CA),1990,1990.0
Eureka,Riverside Norte Vista (CA),1962,1962.0
Eureka,Willow Creek Trinity Valley (CA),1998,
Fresno,Avenal (CA),1947,1957.0
Fresno,Bear Valley Unified (CA),1994,1994.0
Fresno,Big Pine (CA),1957,1960.0
Fresno,"Big Pine Opp """"In. Christian"""" (CA)",1982,
Fresno,Bishop Union (CA),1957,1959.0
Fresno,Bishop's (CA),1996,
Fresno,"Caruthers Opp """"Central"""" (CA)",1956,
Fresno,Centerville Washington Union (CA),1956,1956.0
Fresno,Chowchilla (CA),1947,1954.0
Fresno,Clovis (CA),1942,1954.0
Fresno,Clovis Buchanan (CA),1993,1993.0
Fresno,Clovis Christian (CA),2007,
Fresno,Clovis East (CA),2000,2000.0
Fresno,Clovis JV (CA),1959,1959.0
Fresno,Coalinga Faith Christian (CA),2008,
Fresno,Dinuba (CA),1950,1955.0
Fresno,Dos Palos (CA),1942,1954.0
Fresno,"Eastern Conference PO Opp """"Burroughs"""" (CA)",1977,1977.0
Fresno,Farmersville (CA),1998,1998.0
Fresno,Fresno (CA),1945,1954.0
Fresno,Fresno Area Community Christian (CA),1987,1987.0
Fresno,"Fresno Area Opp """"Pioneer"""" (CA)",1990,1990.0
Fresno,Fresno Ayers (CA),1958,1958.0
Fresno,Fresno Ayers JV (CA),1977,
Fresno,Fresno Bullard (CA),1956,1957.0
Fresno,"Fresno Bullard Opp """"Central"""" (CA)",1977,
Fresno,Fresno Central (CA),1947,1957.0
Fresno,Fresno Christian (CA),1986,1986.0
Fresno,Fresno Clovis North (CA),2009,
Fresno,Fresno Clovis West (CA),1965,1965.0
Fresno,Fresno Easton (CA),1940,
Fresno,Fresno Edison (CA),1942,1954.0
Fresno,Fresno Edison JV (CA),1974,
Fresno,Fresno Hoover (CA),1963,1963.0
Fresno,Fresno JV (CA),1957,1957.0
Fresno,Fresno McLane (CA),1959,1959.0
Fresno,Fresno Roosevelt (CA),1940,1954.0
Fresno,Fresno Roosevelt JV (CA),1958,1958.0
Fresno,Fresno San Joaquin Memorial (CA),1947,1954.0
Fresno,Fresno San Joaquin Memorial JV (CA),1976,
Fresno,Fresno Sunnyside (CA),2000,2000.0
Fresno,Fresno Tech (CA),1940,
Fresno,Fresno Washington Union (CA),1940,1957.0
Fresno,Fresno Washington Union JV (CA),1976,
Fresno,Hanford (CA),1940,1954.0
Fresno,Hanford JV (CA),1978,
Fresno,Independence Owens Valley (CA),1971,1977.0
Fresno,Laton (CA),1956,1957.0
Fresno,Le Grand JV (CA),1978,1978.0
Fresno,Lee Vining (CA),1970,1973.0
Fresno,Lemoore (CA),1940,1957.0
Fresno,Lemoore JV (CA),1978,
Fresno,Lemoore Kings Christian (CA),1986,1986.0
Fresno,Lindsay (CA),1951,1955.0
Fresno,Lone Pine (CA),1957,1966.0
Fresno,Madera (CA),1940,1954.0
Fresno,Madera JV (CA),1956,
Fresno,Madera Liberty (CA),1995,
Fresno,Madera Lighthouse Academy (CA),2009,
Fresno,Madera South (CA),2007,
Fresno,Mammoth Lakes (CA),1974,1974.0
Fresno,Mariposa (CA),1954,1954.0
Fresno,Mariposa County (CA),2001,
Fresno,Mariposa JV (CA),1968,1968.0
Fresno,Mendota (CA),1993,1993.0
Fresno,Merced Golden Valley (CA),1994,1994.0
Fresno,O'Neals Minarets (CA),2011,
Fresno,Oakhurst Yosemite (CA),1974,1974.0
Fresno,Oakhurst Yosemite JV (CA),1978,1978.0
Fresno,Orange Cove (CA),2005,
Fresno,Orosi (CA),1950,1957.0
Fresno,Parlier (CA),1953,1957.0
Fresno,Reedley (CA),1940,1955.0
Fresno,Reedley Immanuel (CA),1970,1970.0
Fresno,Reedley JV (CA),1978,
Fresno,Riverdale (CA),1956,1957.0
Fresno,Riverdale Christian (CA),1989,1989.0
Fresno,Riverdale JV (CA),1970,1970.0
Fresno,S.C. Christian (CA),1995,1995.0
Fresno,Sanger (CA),1940,1954.0
Fresno,Sanger Bethel Christian (CA),2006,
Fresno,Sanger JV (CA),1978,
Fresno,Sanger Kennedy (CA),1990,
Fresno,Selma (CA),1940,1957.0
Fresno,Tollhouse Sierra (CA),1956,1957.0
Fresno,Tranquillity (CA),1956,1957.0
Fresno,Tulare Union (CA),1951,1954.0
Fresno,Tulare Western (CA),1959,1959.0
Fresno,Tulare Western JV (CA),1968,
Fresno,Valley Oak (CA),1977,1977.0
Fresno,Visalia (CA),1953,1954.0
Fresno,Visalia Central Valley Christian (CA),1985,1986.0
Fresno,Visalia Christian (CA),2008,
Fresno,Visalia El Diamante (CA),2003,
Fresno,Visalia Golden West (CA),1979,1979.0
Fresno,Visalia Mt. Whitney (CA),1955,1955.0
Fresno,Visalia Mt. Whitney JV (CA),1970,1970.0
Fresno,Visalia Redwood (CA),1955,1955.0
Fresno,Visalia Redwood JV (CA),1978,
Fresno,"Washington """"North Bay Confence Opp"""" (CA)",1957,1957.0
Inland Empire,Aguanga Emmanuel Christian (CA),2001,
Inland Empire,Alta Loma Reynolds Christian (CA),1984,1984.0
Inland Empire,Apple School (CA),1981,1981.0
Inland Empire,"Arrowhead Christian Opp """"Bishop's"""" (CA)",1997,1997.0
Inland Empire,Arroyo (CA),1982,
Inland Empire,BD Desert Christian (CA),1994,1994.0
Inland Empire,Bagdad (CA),1980,1980.0
Inland Empire,Baker (CA),1979,1979.0
Inland Empire,Baker Valley (CA),1998,1998.0
Inland Empire,Bakers Dynasty Christian (CA),1996,1996.0
Inland Empire,"Barstow John F. Kennedy Opp """"Rebels"""" (CA)",1972,
Inland Empire,Big Bear City (CA),1959,1959.0
Inland Empire,Bloomington (CA),1962,1962.0
Inland Empire,Bloomington Christian (CA),1981,1981.0
Inland Empire,Blythe (CA),1960,1968.0
Inland Empire,Blythe Palo Verde Valley (CA),1950,1959.0
Inland Empire,Bonita Vista (CA),1967,
Inland Empire,Bonita Vista JV (CA),1967,
Inland Empire,Boron (CA),1960,1960.0
Inland Empire,"Boron Opp """"Christian"""" (CA)",2000,2000.0
Inland Empire,C.C. Vista (CA),2002,
Inland Empire,Canyon Valley (CA),1964,
Inland Empire,Cathedral City (CA),1991,1992.0
Inland Empire,Chaffey Junior College (CA),1942,
Inland Empire,Chino (CA),1940,1959.0
Inland Empire,Chino Ayala (CA),2002,
Inland Empire,Chino Boys Republic (CA),1970,
Inland Empire,Chino Don Lugo (CA),1977,1977.0
Inland Empire,Chino Vocational (CA),1948,
Inland Empire,Christian (CA),2004,
Inland Empire,Christian JV (CA),1974,
Inland Empire,Citrus Union (CA),1941,
Inland Empire,Coachella (CA),2002,
Inland Empire,Coachella Valley (CA),1985,
Inland Empire,Colton Christian Center Academy (CA),1987,1987.0
Inland Empire,Corona Christian Heritage (CA),1981,1994.0
Inland Empire,Corona Crossroads Christian (CA),2010,
Inland Empire,"Corona Opp """"Pmtarop"""" (CA)",1991,
Inland Empire,Corona Santiago (CA),1961,1963.0
Inland Empire,Desert Hot Springs (CA),1999,1999.0
Inland Empire,Eagle Mountain (CA),1966,1966.0
Inland Empire,Eagle Mountain JV (CA),1968,
Inland Empire,Eastvale Roosevelt (CA),2006,
Inland Empire,El Centro Valley Christian (CA),1981,1981.0
Inland Empire,Elsinore (CA),1991,
Inland Empire,Elsinore Christian (CA),1989,
Inland Empire,Elsinore Military (CA),1940,
Inland Empire,Elsinore N & M (CA),1970,1970.0
Inland Empire,Folsom Vista del Lago (CA),2007,
Inland Empire,Fontana (CA),1954,1959.0
Inland Empire,Fontana Agape Christian (CA),2005,
Inland Empire,Fontana Ambassador Christian (CA),1996,
Inland Empire,Fontana American Christian (CA),1977,
Inland Empire,Fontana Citrus (CA),1947,1993.0
Inland Empire,Fontana Jurupa Hills (CA),2010,
Inland Empire,Fontana Kaiser (CA),1999,2000.0
Inland Empire,Fontana Miller (CA),1991,1992.0
Inland Empire,Fontana New Life Christian (CA),2001,
Inland Empire,Fontana Peace in the Valley (CA),2001,
Inland Empire,Fontana Summit (CA),2004,
Inland Empire,Garden Grrove Rancho Alamitos (CA),1959,
Inland Empire,Hanford Sierra Pacific (CA),2011,
Inland Empire,Hanford West (CA),2000,2000.0
Inland Empire,Harvard-Westlake (CA),1999,1999.0
Inland Empire,Hemet (CA),1940,1959.0
Inland Empire,Hemet Baptist Christian (CA),1994,1994.0
Inland Empire,Hemet Tahquitz (CA),2007,
Inland Empire,Hemet West Valley (CA),1964,1964.0
Inland Empire,Hemet west valley (CA),1991,
Inland Empire,Heritage Christian (CA),1968,1968.0
Inland Empire,Hesperia (CA),1984,1984.0
Inland Empire,Hesperia Christian (CA),1979,1979.0
Inland Empire,Hesperia New Life Christian Academy (CA),1992,1992.0
Inland Empire,Hesperia Penn Military Academy (CA),1968,1968.0
Inland Empire,Highland JV (CA),1971,
Inland Empire,Hoover (CA),2004,
Inland Empire,Hoover Grossmont (CA),1982,
Inland Empire,Hoover JV (CA),1940,
Inland Empire,Hoover Reds (CA),1942,
Inland Empire,Hoover Whites (CA),1942,
Inland Empire,Indio (CA),1959,1959.0
Inland Empire,Indio Charter (CA),2003,
Inland Empire,Indio Desert Christian (CA),1983,
Inland Empire,Indio Eagles Peak (CA),2004,
Inland Empire,Indio River Springs (CA),2003,
Inland Empire,Indio Shadow Hills (CA),2009,
Inland Empire,Jurupa (CA),1993,
Inland Empire,Jurupa Valley (CA),1989,1990.0
Inland Empire,Jurupa Valley JV (CA),1989,1989.0
Inland Empire,"Kennedy """"City"""" (CA)",1973,1973.0
Inland Empire,"La Quinta Opp """"Rancho"""" (CA)",1983,
Inland Empire,Laguna Niguel Saddleback Christian (CA),1997,
Inland Empire,Lake Arrowhead Christian (CA),2004,
Inland Empire,Lake Elsinore Bundy Canyon Christian (CA),1995,
Inland Empire,Lake Elsinore Lakeside (CA),2005,
Inland Empire,Lake Elsinore Naval & Military (CA),1940,1968.0
Inland Empire,Lake Elsinore River View Christian Academy (CA),1988,1988.0
Inland Empire,Lake Elsinore Temescal Canyon (CA),1991,1992.0
Inland Empire,Lake Forest El Toro (CA),1972,1973.0
Inland Empire,Lake Forest Grace Christian (CA),1979,1979.0
Inland Empire,Lakeview (CA),1990,1990.0
Inland Empire,Las Flores Tesoro (CA),2002,
Inland Empire,Lucerne Valley (CA),1993,1993.0
Inland Empire,Menifee Paloma Valley (CA),1995,1995.0
Inland Empire,Mira Loma Jurupa Valley (CA),1991,
Inland Empire,Mission Viejo (CA),1966,1966.0
Inland Empire,Mission Viejo Capistrano Valley (CA),1955,1959.0
Inland Empire,"Mission Viejo Opp """"Wilson"""" (CA)",1966,
Inland Empire,Mission Viejo Santa Margarita (CA),1990,
Inland Empire,"Mission Viejo Trabuco Hills """"So Cal Baptist"""" (CA)",1986,
Inland Empire,Mission Viejo Trabuco Hills (CA),1985,1985.0
Inland Empire,Mission Viejo Trabuco Hills JV (CA),1985,1985.0
Inland Empire,"Mission Viejo Trabuco Hills Opp """"AN"""" (CA)",1998,
Inland Empire,"Mission Viejo Trabuco Hills Opp """"SC Christian"""" (CA)",1985,
Inland Empire,"Mission Viejo Trabuco Hills Opp """"St. Francis"""" (CA)",1991,
Inland Empire,"Mission Viejo Trabuco Hills Opp """"VV"""" (CA)",1998,
Inland Empire,Montclair (CA),1959,1959.0
Inland Empire,Montclair Prep (CA),2000,
Inland Empire,Monte Vista JV (CA),1974,
Inland Empire,Moreno Valle Canyon Springs (CA),1998,
Inland Empire,Moreno Valley (CA),1964,1964.0
Inland Empire,Moreno Valley Calvary Chapel (CA),2004,
Inland Empire,Moreno Valley Canyon Springs (CA),1987,1987.0
Inland Empire,Moreno Valley Landmark (CA),1996,1996.0
Inland Empire,Moreno Valley Rancho Verde (CA),1981,1991.0
Inland Empire,Moreno Valley Valley View (CA),1989,1989.0
Inland Empire,Moreno Valley Vista del Lago (CA),2002,
Inland Empire,Murrieta (CA),1991,2000.0
Inland Empire,Murrieta Calvary Chapel (CA),1989,1989.0
Inland Empire,Murrieta Mesa (CA),2009,
Inland Empire,Murrieta Valley (CA),1992,1992.0
Inland Empire,Murrieta Warm Springs (CA),1997,1997.0
Inland Empire,Napa Vintage (CA),1972,1972.0
Inland Empire,Napa Vintage JV (CA),1972,1972.0
Inland Empire,Needles (CA),1951,1959.0
Inland Empire,Needles JV (CA),1958,
Inland Empire,Norco (CA),1967,1967.0
Inland Empire,Norco Indio (CA),1992,
Inland Empire,Norco JV (CA),1972,
Inland Empire,North Highland (CA),1975,
Inland Empire,Nuevo Nuview Bridge (CA),2008,
Inland Empire,Oak Hills (CA),1982,1982.0
Inland Empire,Ontario (CA),1967,1967.0
Inland Empire,Ontario Academy (CA),1964,1964.0
Inland Empire,Ontario American Christian (CA),1974,
Inland Empire,Ontario Chaffey (CA),1940,1959.0
Inland Empire,Ontario Christian (CA),1964,1964.0
Inland Empire,"Ontario Christian Opp """"Notre Dame"""" (CA)",1978,
Inland Empire,Ontario Colony (CA),2002,
Inland Empire,Ontario Lutheran (CA),1978,1978.0
Inland Empire,Oro Grande Riverside Prep (CA),2010,
Inland Empire,Palisades Calvary Christian (CA),1979,1979.0
Inland Empire,Palm Desert (CA),1987,1987.0
Inland Empire,Palm Desert Xavier Prep (CA),2007,
Inland Empire,Palm Springs (CA),1944,1959.0
Inland Empire,Palm Springs Desert Chapel (CA),2000,
Inland Empire,Palm Springs Desert Chapel Christian (CA),2002,
Inland Empire,Palos Verde Chadwick (CA),1991,
Inland Empire,Pasadena Walden (CA),1983,1983.0
Inland Empire,Perris (CA),1949,1959.0
Inland Empire,Perris California Military Institute (CA),2006,
Inland Empire,Perris Citrus Hill (CA),2005,
Inland Empire,Perris JV (CA),1966,1966.0
Inland Empire,Perris Temple Christian (CA),1978,1978.0
Inland Empire,Phelan Serrano (CA),1977,1977.0
Inland Empire,Rancho Cucamonga (CA),1959,1959.0
Inland Empire,Rancho Cucamonga Los Osos (CA),2002,
Inland Empire,Rancho Cucamonga Upland Christian Academy (CA),2001,
Inland Empire,Rancho Mirage Palm Valley (CA),2006,
Inland Empire,Rancho Santa Fe Horizon Prep (CA),2002,
Inland Empire,Rancho Santa Margarita (CA),1987,1989.0
Inland Empire,Rancho Santa Margarita Catholic (CA),1989,1989.0
Inland Empire,"Rancho Santa Margarita Opp """"St. John's"""" (CA)",1990,
Inland Empire,Rancho Santa Margarita Tesoro (CA),2004,
Inland Empire,Rancho del Campo (CA),1958,
Inland Empire,Redlands (CA),1940,1959.0
Inland Empire,Redlands Arrowhead Christian (CA),1991,1991.0
Inland Empire,Redlands Arrowhead Christian Academy (CA),1991,1991.0
Inland Empire,Redlands Calvary (CA),1998,1998.0
Inland Empire,Redlands Calvary Chapel (CA),1996,1996.0
Inland Empire,Redlands Calvary Chapel Christian (CA),1993,1993.0
Inland Empire,Redlands Calvary Christian (CA),1989,
Inland Empire,Redlands Citrus Valley (CA),2009,
Inland Empire,Redlands College (CA),1942,
Inland Empire,Redlands East Valley (CA),1997,1997.0
Inland Empire,Redlands Packinghouse Christian Academy (CA),2004,
Inland Empire,Redondo (CA),1944,
Inland Empire,Rialto (CA),1960,1960.0
Inland Empire,Rialto Carter (CA),2004,
Inland Empire,Rialto Eisenhower (CA),1959,1959.0
Inland Empire,Rialto Eisenhower JV (CA),1960,1960.0
Inland Empire,"Rialto Eisenhower Opp """"SBHS"""" (CA)",1966,
Inland Empire,Rialto JV (CA),1992,1992.0
Inland Empire,Riverside Arlington (CA),1973,1973.0
Inland Empire,Riverside Bethel (CA),2000,
Inland Empire,Riverside Bethel Christian (CA),1976,1976.0
Inland Empire,Riverside California School for the Deaf (CA),1959,1959.0
Inland Empire,Riverside Calvary Chapel (CA),1993,1993.0
Inland Empire,Riverside Christian (CA),1989,1992.0
Inland Empire,Riverside Harvest Christian (CA),1987,1987.0
Inland Empire,Riverside JW North (CA),1965,1965.0
Inland Empire,Riverside John North (CA),1969,
Inland Empire,Riverside King (CA),2000,2000.0
Inland Empire,Riverside La Sierra (CA),1957,1959.0
Inland Empire,Riverside Notre Dame (CA),1959,1959.0
Inland Empire,Riverside Patriot (CA),2007,
Inland Empire,Riverside Poly (CA),1940,1959.0
Inland Empire,Riverside Ramona (CA),1957,1959.0
Inland Empire,Riverside Ramona JV (CA),1973,1973.0
Inland Empire,Riverside Rubidoux (CA),1959,1959.0
Inland Empire,Riverside Sherman Indian (CA),1940,1967.0
Inland Empire,Riverside St. Francis (CA),1952,
Inland Empire,Romoland Heritage (CA),2008,
Inland Empire,San Bernardino (CA),1940,1959.0
Inland Empire,San Bernardino American Christian (CA),1973,
Inland Empire,San Bernardino Aquinas (CA),1959,1959.0
Inland Empire,San Bernardino Arroyo Valley (CA),2001,
Inland Empire,San Bernardino Cajon (CA),1971,
Inland Empire,"San Bernardino Cajon Opp """"Central"""" (CA)",1983,
Inland Empire,San Bernardino Christian (CA),1996,
Inland Empire,San Bernardino Indian Springs (CA),1971,1996.0
Inland Empire,San Bernardino Inland Christian (CA),1980,1980.0
Inland Empire,San Bernardino Pacific (CA),1953,1959.0
Inland Empire,San Bernardino Pacific JV (CA),1959,1959.0
Inland Empire,San Bernardino Public Safety Academy (CA),2009,
Inland Empire,San Bernardino San Gorgonio (CA),1965,1965.0
Inland Empire,San Bernardino St. Bernardine (CA),1943,
Inland Empire,San Bernardino Valley College (CA),1946,
Inland Empire,San Bernardino Verdemont Height (CA),1960,1960.0
Inland Empire,San Bernardino Webb (CA),1966,
Inland Empire,San Clemente (CA),1964,1965.0
Inland Empire,"San Clemente Opp """"Lincoln"""" (CA)",1998,
Inland Empire,San Jacinto (CA),1949,1959.0
Inland Empire,San Jacinto Noli Indian (CA),1998,1999.0
Inland Empire,San Juan Capistrano (CA),1941,
Inland Empire,Santa Ana Valley (CA),1959,1960.0
Inland Empire,Santiago AAA Division (CA),1973,1973.0
Inland Empire,Shoshone Death Valley Academy (CA),1971,1972.0
Inland Empire,Silverado St. Michael's Prep (CA),2002,
Inland Empire,Temecula (CA),2003,
Inland Empire,Temecula Lake Elsinore (CA),1997,
Inland Empire,Temecula Valley (CA),1986,1986.0
Inland Empire,Temescal Canyon (CA),1992,
Inland Empire,Temescal Valley (CA),1999,1999.0
Inland Empire,Thermal Coachella Valley (CA),1955,1959.0
Inland Empire,Thermal Coachella Valley JV (CA),1967,
Inland Empire,Thermal Desert Mirage (CA),2004,
Inland Empire,Twentynine Palms (CA),1957,1959.0
Inland Empire,"Twentynine Palms Opp """"St. Monica's"""" (CA)",1980,
Inland Empire,Upland Academy (CA),1962,1962.0
Inland Empire,Upland Christian Academy (CA),1991,1991.0
Inland Empire,Upland JV (CA),1959,1959.0
Inland Empire,"Upland Opp """"Panthers"""" (CA)",1960,
Inland Empire,Upland Upland Christian (CA),2002,
Inland Empire,Victorville (CA),1958,
Inland Empire,Victorville Excelsior Charter (CA),2004,
Inland Empire,Victorville Excelsior Education Center (CA),2002,
Inland Empire,Victorville High Desert Academy (CA),2007,
Inland Empire,Victorville Silverado (CA),1995,1995.0
Inland Empire,Victorville Victor Valley (CA),1958,1958.0
Inland Empire,Vista Murrieta (CA),1993,
Inland Empire,Westminster La Quinta (CA),1963,1963.0
Inland Empire,Whitewater (CA),2005,
Inland Empire,Wildomar Bundy Canyon Christian (CA),1994,1994.0
Inland Empire,Wildomar Cornerstone Christian (CA),2001,
Inland Empire,Wildomar Elsinore (CA),1947,1959.0
Inland Empire,Wildomar Elsinore JV (CA),1974,1974.0
Inland Empire,Yermo Silver Valley (CA),1982,1982.0
Inland Empire,Yermo silver valley (CA),1990,1990.0
Inland Empire,Yucaipa (CA),1959,1959.0
Inland Empire,Yucaipa Wilson Creek (CA),2005,
Inland Empire,Yucca Valley (CA),1968,1968.0
Inland Empire,Yucca Valley Joshua Springs (CA),1998,1998.0
Inland Empire,Yucca Valley Living Stream (CA),1996,
Los Angeles,Adolfo Camarillo (CA),2001,
Los Angeles,Agoura Hills Indian Hills (CA),1981,1981.0
Los Angeles,Alhambra (CA),1940,1959.0
Los Angeles,Alhambra Mark Keppel (CA),1940,1959.0
Los Angeles,Aliso Viejo Aliso Niguel (CA),1994,1994.0
Los Angeles,Anaheim Heritage Christian (CA),1993,1993.0
Los Angeles,Anaheim Orangeview (CA),1981,
Los Angeles,"Anaheim Servite Opp """"St. Francis"""" (CA)",1983,
Los Angeles,Animo South Los Angeles (CA),2008,
Los Angeles,Avalon (CA),1997,1997.0
Los Angeles,Azusa (CA),1957,1959.0
Los Angeles,Azusa Gladstone (CA),1963,1964.0
Los Angeles,Bell Gardens (CA),1948,1959.0
Los Angeles,Bell Gardens La Mirada (CA),1992,
Los Angeles,Bellflower (CA),1951,1959.0
Los Angeles,Bellflower Southland Christian (CA),1975,
Los Angeles,Bellflower St. Bernard (CA),1964,1964.0
Los Angeles,Beverly Center (CA),1979,1979.0
Los Angeles,Bible Missionary (CA),1986,1986.0
Los Angeles,Bible Missionary Fellowship (CA),1986,
Los Angeles,Birmingham Hills (CA),1997,1997.0
Los Angeles,Brea Olinda (CA),1944,1959.0
Los Angeles,Buena Park (CA),1957,1959.0
Los Angeles,Burbank (CA),1940,1959.0
Los Angeles,Burbank Bellarmine-Jefferson (CA),1951,1959.0
Los Angeles,Burbank Burroughs (CA),1949,1959.0
Los Angeles,Burbank JV (CA),1959,1959.0
Los Angeles,Burbank Los Aneles Lutheran (CA),1978,
Los Angeles,Burbank Providence (CA),1983,1983.0
Los Angeles,Burroughs (CA),1966,
Los Angeles,Burroughs AAA Division (CA),1973,1973.0
Los Angeles,Calabasas (CA),1977,1977.0
Los Angeles,Camarillo Adolfo (CA),1984,
Los Angeles,Camarillo Cornerstone Christian (CA),2005,
Los Angeles,Canoga Park Concordia West (CA),2001,
Los Angeles,Canyon Country Canyon (CA),1984,1984.0
Los Angeles,Catalina Avalon (CA),2002,
Los Angeles,Central Valley (CA),1967,
Los Angeles,Ceres Valley Center (CA),1998,
Los Angeles,Cerritos (CA),1971,1971.0
Los Angeles,Cerritos Artesia Christian (CA),1992,
Los Angeles,Cerritos Gahr (CA),1965,1965.0
Los Angeles,Cerritos Valley Christian (CA),1959,1959.0
Los Angeles,Cerritos Valley Christian JV (CA),1987,
Los Angeles,Chatsworth (CA),1963,1963.0
Los Angeles,Chatsworth Aggeler (CA),1972,
Los Angeles,Chatsworth Charter (CA),2004,
Los Angeles,Chatsworth Ivy Academia (CA),2008,
Los Angeles,Chatsworth Rancho San Antonio (CA),1959,1959.0
Los Angeles,Chino Hills (CA),2002,
Los Angeles,Chino Hills Ayala (CA),1991,1991.0
Los Angeles,Chino Hills Ayala JV (CA),1990,1990.0
Los Angeles,Chino Hills Boys Republic (CA),1959,1959.0
Los Angeles,Chula Vista B (CA),1954,
Los Angeles,Citrus (CA),1951,
Los Angeles,Claremont The Webb Schools (CA),1955,1960.0
Los Angeles,Compton Hope Centre (CA),2006,
Los Angeles,Costa Mesa (CA),1960,1960.0
Los Angeles,Costa Mesa Estancia (CA),1965,1965.0
Los Angeles,"Country Canyon Opp """"St. Joseph"""" (CA)",1984,
Los Angeles,"Covina Charter Oak """"S. Vista"""" (CA)",1986,
Los Angeles,Covina Charter Oak (CA),1958,1959.0
Los Angeles,"Covina Charter Oak Opp """"Montgomery"""" (CA)",1958,
Los Angeles,"Covina Charter Oak Opp """"Pioneer"""" (CA)",1959,
Los Angeles,"Covina Charter Oak Opp """"Wilson"""" (CA)",2001,
Los Angeles,Covina Gladstone (CA),1964,1964.0
Los Angeles,Covina Northview (CA),1959,1959.0
Los Angeles,"Covina Opp """"Panthers"""" (CA)",1951,
Los Angeles,Covina Royal Oak (CA),1965,1965.0
Los Angeles,"Covina Royal Oak Opp """"Wilson"""" (CA)",1966,
Los Angeles,"Covina Western Christian Opp """"Heritage"""" (CA)",1975,
Los Angeles,"Covina Western Christian Opp """"Village"""" (CA)",1975,
Los Angeles,Crescenta (CA),1966,
Los Angeles,Culver Academy (CA),1962,1962.0
Los Angeles,Cypress (CA),1973,1973.0
Los Angeles,Cypress Brethren Christian (CA),1977,1977.0
Los Angeles,Damien Fresh (CA),1979,
Los Angeles,Diamond Bar (CA),1982,1982.0
Los Angeles,Downey Matthias Academy (CA),2000,2000.0
Los Angeles,Downey St. Pius X (CA),1954,1959.0
Los Angeles,Downey Warren (CA),1957,1959.0
Los Angeles,Duarte (CA),1958,1959.0
Los Angeles,East Hollywood (CA),1990,1990.0
Los Angeles,East La Puente (CA),1995,1995.0
Los Angeles,East Los Angeles Andrew Jackson (CA),1953,
Los Angeles,Edwards AFB Desert (CA),1957,1959.0
Los Angeles,El Monte (CA),1940,1959.0
Los Angeles,El Monte Arroyo (CA),1956,1959.0
Los Angeles,El Segundo (CA),1945,1959.0
Los Angeles,El Toro Cerritos College (CA),1989,
Los Angeles,Encino Clear Valley (CA),2001,2001.0
Los Angeles,Encino Crespi (CA),1961,1961.0
Los Angeles,Encino Landmark West (CA),1996,1996.0
Los Angeles,Encino Westmark (CA),1997,1997.0
Los Angeles,Encino Windward (CA),2001,
Los Angeles,Escondido Orange Glen (CA),1963,1977.0
Los Angeles,Esperanza (CA),1973,
Los Angeles,Fountain Valley Huntington Valley Christian (CA),1975,1975.0
Los Angeles,Fullerton (CA),1940,1959.0
Los Angeles,Fullerton Eastside (CA),2004,
Los Angeles,Fullerton Eastside Christian (CA),2000,2000.0
Los Angeles,Fullerton JV (CA),1967,1967.0
Los Angeles,Fullerton Sunny Hills (CA),1960,1960.0
Los Angeles,Fullerton Troy (CA),1965,1965.0
Los Angeles,Garden Grove (CA),1945,1959.0
Los Angeles,Garden Grove Bolsa Grande (CA),1959,1959.0
Los Angeles,Garden Grove Claremont (CA),1985,1985.0
Los Angeles,Garden Grove Pacifica (CA),1965,1965.0
Los Angeles,Garden Grove Rancho Alamitos (CA),1957,1959.0
Los Angeles,Garden Grove Santiago (CA),1961,1961.0
Los Angeles,Gardena (CA),1948,1959.0
Los Angeles,Gardena Masada (CA),1977,1977.0
Los Angeles,Gardena Pacific Lutheran (CA),1989,1989.0
Los Angeles,Gardena Serra (CA),1948,1959.0
Los Angeles,"Gardena Serra Opp """"Las Vegas"""" (CA)",1961,
Los Angeles,Gardena Southern California Christian Academy (CA),1969,1969.0
Los Angeles,Glendale (CA),1940,1959.0
Los Angeles,Glendale Clearview (CA),1979,1979.0
Los Angeles,Glendale Heritage Christian (CA),1982,
Los Angeles,Glendale Hoover (CA),1940,1959.0
Los Angeles,Glendora (CA),1958,1959.0
Los Angeles,Glendora Brown Military Academy (CA),1940,1959.0
Los Angeles,Glendora Duarte Citrus College (CA),1992,
Los Angeles,Glendora Foothill Christian (CA),1974,
Los Angeles,"Golden Empire League Opp """"St. Mary's"""" (CA)",1966,1966.0
Los Angeles,Granada Hills (CA),1960,1960.0
Los Angeles,Granada Hills Charter (CA),2008,
Los Angeles,Granada Hills Hillcrest Christian (CA),2004,
Los Angeles,Granada Hills JV (CA),1970,1970.0
Los Angeles,Granada Hills Kennedy (CA),1964,1965.0
Los Angeles,Habra Whittier Christian (CA),1991,
Los Angeles,Hacienda Heights (CA),1982,
Los Angeles,Hacienda Heights Los Altos (CA),1959,1959.0
Los Angeles,Hacienda Heights Los Robles (CA),1959,1959.0
Los Angeles,Hacienda Heights Wilson (CA),1966,1966.0
Los Angeles,Harbor City Narbonne (CA),1949,1959.0
Los Angeles,Hawthorne (CA),1951,1959.0
Los Angeles,Helix JV (CA),1951,
Los Angeles,Henry (CA),1991,
Los Angeles,Hilltop (CA),1959,
Los Angeles,Hollywood Bernstein (CA),2008,
Los Angeles,Hollywood Black Foxe Military Institute (CA),1957,
Los Angeles,Horizon (CA),1994,1997.0
Los Angeles,Hughes (CA),1974,
Los Angeles,Huntington Beach (CA),1940,1959.0
Los Angeles,Huntington Beach Bethel (CA),1998,
Los Angeles,Huntington Beach Brethren (CA),1978,
Los Angeles,Huntington Beach Brethren Christian (CA),1989,1992.0
Los Angeles,Huntington Beach Claremont (CA),1993,1993.0
Los Angeles,Huntington Beach Coast JV (CA),1963,1963.0
Los Angeles,Huntington Beach Edison (CA),1954,1969.0
Los Angeles,"Huntington Beach Edison Opp """"St. Francis"""" (CA)",1980,
Los Angeles,Huntington Beach Liberty Christian (CA),1951,1977.0
Los Angeles,Huntington Beach Marina (CA),1963,1964.0
Los Angeles,Huntington Beach Ocean View (CA),1978,1979.0
Los Angeles,Hyland? (CA),1991,
Los Angeles,Inglewood (CA),1940,1959.0
Los Angeles,Inglewood Animo Leadership (CA),2004,
Los Angeles,Inglewood Morningside (CA),1951,1959.0
Los Angeles,Inglewood Price Christian (CA),1996,1996.0
Los Angeles,Inglewood South Bay Lutheran (CA),1993,1993.0
Los Angeles,Inglewood St Mary's Academy (CA),1990,1990.0
Los Angeles,Irvine (CA),1977,1977.0
Los Angeles,Irvine Beckman (CA),2004,
Los Angeles,Irvine Crean Lutheran (CA),2009,
Los Angeles,Irvine Northwood (CA),2000,2000.0
Los Angeles,Irvine Pacific Academy (CA),1968,
Los Angeles,Irvine University (CA),1954,1963.0
Los Angeles,Irvine University High (CA),1990,
Los Angeles,Irvine Woodbridge (CA),1981,1981.0
Los Angeles,Kearn (CA),1965,
Los Angeles,"La Canada Flintridge Prep Opp """"Cathedral"""" (CA)",1999,
Los Angeles,"La Canada Flintridge Prep Opp """"Marshall"""" (CA)",1999,
Los Angeles,"La Canada St. Francis Opp """"Huskies"""" (CA)",1975,
Los Angeles,La Crescenta Valley (CA),1961,1961.0
Los Angeles,La Grand (CA),1955,1955.0
Los Angeles,La Mirada (CA),1960,1960.0
Los Angeles,La Mirada Neff (CA),1965,1965.0
Los Angeles,"La Mirada Neff Stan Opp """"Wilson"""" (CA)",1966,
Los Angeles,La Palma Kennedy (CA),1964,1966.0
Los Angeles,La Puente (CA),1955,1959.0
Los Angeles,La Puente Bassett (CA),1965,1965.0
Los Angeles,La Puente Bishop Amat (CA),1959,1959.0
Los Angeles,La Puente Hillside Baptist Academy (CA),1982,1982.0
Los Angeles,La Puente Nogales (CA),1962,1962.0
Los Angeles,La Puente Temple Academy (CA),1980,1980.0
Los Angeles,La Seina (CA),1992,1992.0
Los Angeles,La Serne (CA),1961,1961.0
Los Angeles,La Verne Bonita (CA),1942,1959.0
Los Angeles,La Verne Calvary Baptist (CA),1976,1976.0
Los Angeles,La Verne Christian (CA),1976,1988.0
Los Angeles,La Verne Lutheran (CA),1989,
Los Angeles,Lakewood (CA),1957,1959.0
Los Angeles,Lakewood Artesia (CA),1955,1959.0
Los Angeles,Lakewood Mayfair (CA),1958,1959.0
Los Angeles,Lakewood St. Joseph (CA),1951,1968.0
Los Angeles,"Lancaster Antelope Valley """"St. Josephs"""" (CA)",1985,
Los Angeles,Lancaster Bethel Christian (CA),1991,1991.0
Los Angeles,Lancaster Christian School of the Desert (CA),1980,1980.0
Los Angeles,Lancaster Desert Christian (CA),1983,1990.0
Los Angeles,Lancaster Eastside (CA),2004,
Los Angeles,Lancaster JV (CA),1956,
Los Angeles,Lancaster Paraclete (CA),1965,1965.0
Los Angeles,Lennox (CA),1958,1959.0
Los Angeles,Lighthouse Christian (CA),2004,
Los Angeles,Linfield (CA),1994,
Los Angeles,Littlerock (CA),1990,1990.0
Los Angeles,Livermore Del Valle (CA),1960,1960.0
Los Angeles,Livermore Del Valle JV (CA),1975,
Los Angeles,Long Beach (CA),1949,
Los Angeles,Long Beach Brethren (CA),1959,1959.0
Los Angeles,Long Beach Gethsemane Baptist Christian (CA),1986,1986.0
Los Angeles,Long Beach Jordan (CA),1940,1959.0
Los Angeles,Long Beach Jordon (CA),1952,
Los Angeles,Long Beach Millikan (CA),1957,1959.0
Los Angeles,Long Beach Poly (CA),1940,1959.0
Los Angeles,Long Beach Woodrow Wilson (CA),1940,1959.0
Los Angeles,"Long Beach Woodrow Wilson Opp """"Brotherhood"""" (CA)",1973,
Los Angeles,Los Alamitos (CA),1968,1968.0
Los Angeles,Los Angeles (CA),1940,1959.0
Los Angeles,Los Angeles Animo Robinson (CA),2008,
Los Angeles,Los Angeles Annenberg (CA),2005,
Los Angeles,Los Angeles Archer School for Girls (CA),2010,
Los Angeles,Los Angeles Area Youth Home (CA),1975,
Los Angeles,Los Angeles Baptist (CA),1968,1968.0
Los Angeles,Los Angeles Bell (CA),1962,
Los Angeles,"Los Angeles Bellarmine """"B"""" (CA)",1963,1963.0
Los Angeles,Los Angeles Belmont (CA),1955,1959.0
Los Angeles,Los Angeles Bishop Salesian (CA),1988,
Los Angeles,Los Angeles Black Foxe Military Institute (CA),1959,1959.0
Los Angeles,Los Angeles Brentwood School (CA),1955,1955.0
Los Angeles,Los Angeles Brethren (CA),1974,
Los Angeles,Los Angeles Bright Star (CA),2010,
Los Angeles,Los Angeles CALS Early College (CA),2006,
Los Angeles,Los Angeles Carson (CA),1999,1999.0
Los Angeles,Los Angeles Cathedral (CA),1940,1959.0
Los Angeles,Los Angeles Central (CA),1967,1967.0
Los Angeles,Los Angeles Central City Value (CA),2006,
Los Angeles,Los Angeles Christian (CA),1987,
Los Angeles,Los Angeles Community Harvest (CA),2008,
Los Angeles,Los Angeles Culter Academy (CA),1959,1959.0
Los Angeles,Los Angeles Daniel Murphy Catholic (CA),1978,
Los Angeles,Los Angeles Downey (CA),1954,
Los Angeles,Los Angeles Francis Poly (CA),1974,
Los Angeles,Los Angeles Frederick Douglass Academy (CA),2008,
Los Angeles,Los Angeles Golden West Christian (CA),1980,1980.0
Los Angeles,Los Angeles Hancock (CA),1975,1975.0
Los Angeles,Los Angeles Harvard Westlake (CA),1973,1991.0
Los Angeles,Los Angeles Highland Hall Waldorf (CA),1990,1990.0
Los Angeles,Los Angeles John C. Fremont (CA),1940,1959.0
Los Angeles,Los Angeles Lincoln (CA),1954,1959.0
Los Angeles,Los Angeles Locke (CA),1967,1967.0
Los Angeles,Los Angeles Loyola JV (CA),1953,
Los Angeles,"Los Angeles Loyola Opp """"South"""" (CA)",1975,
Los Angeles,Los Angeles Monroe (CA),1962,
Los Angeles,Los Angeles Mt. Carmel (CA),1944,1959.0
Los Angeles,Los Angeles Murphy (CA),1965,1965.0
Los Angeles,Los Angeles New Designs (CA),2006,
Los Angeles,Los Angeles Northridge (CA),1959,1959.0
Los Angeles,Los Angeles Pacific (CA),1962,1962.0
Los Angeles,Los Angeles Pacific Christian (CA),1959,1959.0
Los Angeles,Los Angeles Pacific Harbor Christian (CA),1978,1978.0
Los Angeles,Los Angeles Pacific Lutheran (CA),1958,
Los Angeles,Los Angeles Pater Noster (CA),1966,1966.0
Los Angeles,Los Angeles Pilgrim (CA),1980,1980.0
Los Angeles,Los Angeles Pilibos Armenian School (CA),1981,1981.0
Los Angeles,Los Angeles Poly (CA),1940,1959.0
Los Angeles,Los Angeles Price (CA),1997,1997.0
Los Angeles,Los Angeles Price Christian (CA),1995,1995.0
Los Angeles,Los Angeles Ribet Academy (CA),1989,1989.0
Los Angeles,Los Angeles Roosevelt (CA),1946,1959.0
Los Angeles,Los Angeles Roybal (CA),2009,
Los Angeles,Los Angeles Salesian (CA),1970,1970.0
Los Angeles,Los Angeles Santee (CA),1992,1992.0
Los Angeles,Los Angeles South (CA),1965,1998.0
Los Angeles,Los Angeles St. Agnes (CA),1945,
Los Angeles,Los Angeles St. John Baptist de la Salle (CA),1990,1990.0
Los Angeles,Los Angeles St. John Vianney (CA),1955,1959.0
Los Angeles,Los Angeles St. John's (CA),1958,1959.0
Los Angeles,Los Angeles St. Paul (CA),1997,
Los Angeles,Los Angeles Torres (CA),2011,
Los Angeles,Los Angeles Trinity Lutheran (CA),1999,
Los Angeles,Los Angeles Twin Pines (CA),1958,
Los Angeles,Los Angeles Unified (CA),1990,1990.0
Los Angeles,Los Angeles West Adams Prep (CA),2007,
Los Angeles,Los Angeles Westchester (CA),1951,1959.0
Los Angeles,Los Angeles Wilson (CA),1944,1959.0
Los Angeles,Los Angeles Windward (CA),1990,1990.0
Los Angeles,Los Angeles Winward (CA),1999,1999.0
Los Angeles,Los Angeles? Wilson (CA),1942,
Los Angeles,Los Feliz Hills (CA),1984,1984.0
Los Angeles,Lutheran (CA),1984,
Los Angeles,Lynwood (CA),1951,1959.0
Los Angeles,Lynwood Firebaugh (CA),2008,
Los Angeles,Malibu (CA),1997,1997.0
Los Angeles,Malibu Campus Kilpatrick (CA),1988,1988.0
Los Angeles,Malibu Kilpatrick (CA),1989,1989.0
Los Angeles,Manhattan Beach Mira Costa (CA),1951,1959.0
Los Angeles,Mar Vista JV (CA),1953,
Los Angeles,Marquette (CA),1982,1982.0
Los Angeles,Mayflower Village (CA),1965,1965.0
Los Angeles,Maywood Pilgrim Christian (CA),1989,1989.0
Los Angeles,Merello (CA),1976,
Los Angeles,Mira Costa (CA),1956,
Los Angeles,Monrovia (CA),1940,1959.0
Los Angeles,Monrovia Citrus College (CA),1982,
Los Angeles,"Monrovia Opp """"Red Devils"""" (CA)",1955,
Los Angeles,Monrovia-Duarte (CA),1957,
Los Angeles,Montebello (CA),1940,1959.0
Los Angeles,Montebello Cantwell (CA),1949,1959.0
Los Angeles,Montebello Cantwell Sacred Heart of Mary (CA),1991,1991.0
Los Angeles,Montebello Cantwell-Sacred Heart of Mary (CA),1992,1992.0
Los Angeles,Montebello Grace Baptist Academy (CA),1980,1980.0
Los Angeles,Montebello Schurr (CA),1971,1971.0
Los Angeles,Montebello Shurr (CA),1986,
Los Angeles,Moorpark (CA),1959,1959.0
Los Angeles,Mt. Clair (CA),1959,1959.0
Los Angeles,Newbury Park (CA),1968,1969.0
Los Angeles,Newhall Canyon (CA),1969,1969.0
Los Angeles,Newhall Hart (CA),1952,1959.0
Los Angeles,"Newhall Hart Opp """"St. John"""" (CA)",1963,
Los Angeles,Newport Beach (CA),1967,
Los Angeles,Newport Beach Corona del Mar (CA),1962,1962.0
Los Angeles,Newport Beach Newport Christian (CA),1979,1979.0
Los Angeles,Newport Beach Sage Hill (CA),2001,
Los Angeles,Newport Coast Sage Hill (CA),2000,2000.0
Los Angeles,Newport Harbor Beach (CA),1940,1959.0
Los Angeles,North Hills Heritage Christian (CA),2001,
Los Angeles,North Hills Los Angeles Baptist (CA),1966,1966.0
Los Angeles,North Hills Los Angles Baptist (CA),1987,
Los Angeles,North Hills Monroe (CA),1974,
Los Angeles,North Hollywood (CA),1953,1959.0
Los Angeles,North Hollywood Campbell Hall (CA),1987,1987.0
Los Angeles,North Hollywood East Valley (CA),2010,
Los Angeles,North Hollywood Harvard (CA),1952,1959.0
Los Angeles,North Hollywood Harvard Military (CA),1957,
Los Angeles,North Hollywood Harvard Military JV (CA),1956,
Los Angeles,North Hollywood Harvard-Westlake (CA),2002,
Los Angeles,North Lake Tahoe JV (CA),1974,
Los Angeles,Northridge (CA),1989,1989.0
Los Angeles,Northridge Military Academy (CA),1960,
Los Angeles,Northridge San Fernando Valley Academy (CA),1978,1978.0
Los Angeles,Norwalk (CA),1958,1959.0
Los Angeles,Norwalk Charity Christian (CA),1982,
Los Angeles,Norwalk Excelsior (CA),1961,
Los Angeles,Norwalk Excelsior Union (CA),1940,1959.0
Los Angeles,Norwalk Glenn (CA),1962,1962.0
Los Angeles,Norwalk John Glenn (CA),1977,
Los Angeles,Norwalk Leffingwell (CA),1986,
Los Angeles,Norwalk Leffingwell Christian (CA),1982,1982.0
Los Angeles,Norwalk Pioneer Baptist (CA),1986,1986.0
Los Angeles,Norwalk West Coast Christian (CA),1998,1998.0
Los Angeles,Notre Dame (CA),1981,
Los Angeles,Oak Park (CA),1981,1981.0
Los Angeles,Oceanside El Camino (CA),1969,1969.0
Los Angeles,Ojai Nordhoff (CA),1958,1960.0
Los Angeles,Ojai Thacher (CA),2002,
Los Angeles,Ojai Valley (CA),2007,
Los Angeles,Ojai Villanova Prep (CA),1959,1959.0
Los Angeles,Orange (CA),1940,1962.0
Los Angeles,Orange Brighten (CA),2004,
Los Angeles,Orange El Modena (CA),1966,1966.0
Los Angeles,Orange Lutheran (CA),1974,1974.0
Los Angeles,Orange Southern California Christian (CA),1987,1987.0
Los Angeles,Oxnard (CA),1951,1959.0
Los Angeles,Oxnard Channel Islands (CA),1968,1968.0
Los Angeles,Oxnard Hueneme (CA),1959,1960.0
Los Angeles,Oxnard Pacifica (CA),2001,
Los Angeles,Oxnard Rio Del Norte (CA),1955,
Los Angeles,Oxnard Rio Mesa (CA),1965,1965.0
Los Angeles,Oxnard Santa Clara (CA),1996,
Los Angeles,Pacific Palisades (CA),1961,1961.0
Los Angeles,Pacoima Discovery (CA),2004,
Los Angeles,Palmdale (CA),1958,1960.0
Los Angeles,Palmdale Highland (CA),1991,1992.0
Los Angeles,Palmdale Knight (CA),2004,
Los Angeles,Palos Verdes Estates (CA),1961,1961.0
Los Angeles,Palos Verdes Estates Palos Verdes (CA),1965,
Los Angeles,Palos Verdes Estates Rolling Hills Prep (CA),2002,
Los Angeles,"Palos Verdes Peninsula Chadwick """"Pilgrim (CA)",1986,
Los Angeles,Palos Verdes Peninsula Chadwick (CA),1959,1959.0
Los Angeles,Panorama City Panorama (CA),2007,
Los Angeles,Panorama City St. Genevieve (CA),1961,1961.0
Los Angeles,Paramount (CA),1954,1959.0
Los Angeles,Paramount Brethren (CA),1960,1960.0
Los Angeles,Paramount Brethren JV (CA),1983,1983.0
Los Angeles,Paramount Life Christian (CA),1992,
Los Angeles,"Paramount Opp """"Washington"""" (CA)",1991,
Los Angeles,Pasadena (CA),1941,1959.0
Los Angeles,Pasadena Academy (CA),1959,1959.0
Los Angeles,Pasadena Blair (CA),1965,1965.0
Los Angeles,Pasadena Chandler School (CA),1974,1974.0
Los Angeles,Pasadena Christian (CA),1982,
Los Angeles,Pasadena Christian Academy (CA),1989,1989.0
Los Angeles,Pasadena Frostig (CA),1979,1979.0
Los Angeles,Pasadena JC Reserves (CA),1940,
Los Angeles,Pasadena Junior College (CA),1942,
Los Angeles,Pasadena Junior College Fresh (CA),1940,
Los Angeles,Pasadena Junior College Frosh (CA),1940,
Los Angeles,Pasadena Maranatha (CA),1972,1974.0
Los Angeles,Pasadena Marshall Fundamental (CA),1975,1975.0
Los Angeles,Pasadena Mayfield (CA),1999,1999.0
Los Angeles,Pasadena Muir (CA),1946,1959.0
Los Angeles,Pasadena Muir Technical (CA),1947,
Los Angeles,Pasadena Poly JV (CA),1987,1987.0
Los Angeles,Pasadena Polytechnic (CA),1960,1960.0
Los Angeles,Pathways (CA),1979,1979.0
Los Angeles,Pico Rivera El Rancho (CA),1952,1959.0
Los Angeles,"Pico Rivera El Rancho Opp Wilson"""" (CA)",1988,
Los Angeles,Placentia El Dorado (CA),1955,1967.0
Los Angeles,Placentia Valencia (CA),1946,1995.0
Los Angeles,Playa Del Rey St. Bernard (CA),1959,1959.0
Los Angeles,Playa del Rey St. Bernard (CA),1960,1961.0
Los Angeles,Pomona (CA),1940,1959.0
Los Angeles,Pomona American Christian Academy (CA),1973,1973.0
Los Angeles,Pomona Catholic (CA),1951,1959.0
Los Angeles,Pomona Damien (CA),1968,
Los Angeles,Pomona Diamond Ranch (CA),1998,1998.0
Los Angeles,Pomona Ganesha (CA),1958,1959.0
Los Angeles,Pomona Garey (CA),1962,1962.0
Los Angeles,Port Hueneme (CA),1960,1960.0
Los Angeles,Quartz Hill (CA),1964,1965.0
Los Angeles,Rancho Palos Verdes Miraleste (CA),1968,1968.0
Los Angeles,Redondo Beach (CA),1954,
Los Angeles,Redondo Beach Aviation (CA),1958,1959.0
Los Angeles,Redondo Beach Coast Christian (CA),1987,
Los Angeles,Redondo Beach Redondo Union (CA),1940,1959.0
Los Angeles,Reseda (CA),1955,1959.0
Los Angeles,Reseda Cleveland (CA),1959,1959.0
Los Angeles,Reseda Sherman Oaks CES (CA),2007,
Los Angeles,Reseda Trinity Lutheran (CA),2002,
Los Angeles,Rolling Hills (CA),2004,
Los Angeles,Rolling Hills Estates (CA),1964,1964.0
Los Angeles,Rolling Hills Estates Palos Verdes Peninsula (CA),1961,1991.0
Los Angeles,Roosevelt (CA),1954,
Los Angeles,Rosamond (CA),1965,1966.0
Los Angeles,Rosemead (CA),1949,1959.0
Los Angeles,Rosemead Bosco Tech (CA),1959,1959.0
Los Angeles,Rowland Heights Rowland (CA),1965,1965.0
Los Angeles,Sacramento El Camino (CA),1952,1954.0
Los Angeles,Sacramento El Camino JV (CA),1968,1968.0
Los Angeles,Sacred Heart Santa Fe (CA),1995,
Los Angeles,Salesian (CA),1961,1961.0
Los Angeles,San Diego Lincoln (CA),1953,1960.0
Los Angeles,San Diego Lincoln Prep (CA),1998,1998.0
Los Angeles,San Dimas (CA),1970,1970.0
Los Angeles,San Fernando (CA),1940,1959.0
Los Angeles,San Fernando Christian Day (CA),1971,1971.0
Los Angeles,San Fernando Valley Christian (CA),1972,1972.0
Los Angeles,San Fernando Vaughn (CA),2008,
Los Angeles,San Gabriel (CA),1955,1959.0
Los Angeles,San Gabriel Don Bosco Tech (CA),1957,1959.0
Los Angeles,San Gabriel Gabrielino (CA),1995,1995.0
Los Angeles,San Gabriel Mission (CA),1951,1960.0
Los Angeles,San Jacinto Valley Academy (CA),2006,
Los Angeles,San Juan Capistrano Capistrano Valley Christian (CA),1977,1977.0
Los Angeles,San Marino (CA),1955,1959.0
Los Angeles,San Pasqual Academy (CA),2002,
Los Angeles,San Pasqual JV (CA),1978,
Los Angeles,San Pedro (CA),1951,1959.0
Los Angeles,San Pedro Fermin Lasuen Catholic (CA),1961,1961.0
Los Angeles,"San Pedro Fermin Lasuen Catholic Opp """"South"""" (CA)",1963,
Los Angeles,San Pedro Mary Star of the Sea (CA),1951,1959.0
Los Angeles,San Pedro Rolling Hills Prep (CA),2004,
Los Angeles,Sand Diego Crawford JV (CA),1962,
Los Angeles,Santa Ana (CA),1940,1959.0
Los Angeles,Santa Ana Bethel Baptist (CA),1976,1976.0
Los Angeles,Santa Ana Calvary Chapel (CA),1990,1991.0
Los Angeles,Santa Ana Century (CA),1990,1990.0
Los Angeles,Santa Ana Foothill (CA),1964,1967.0
Los Angeles,"Santa Ana Foothill Opp """"Artisian"""" (CA)",1968,
Los Angeles,Santa Ana Godinez Fundamental (CA),2008,
Los Angeles,Santa Ana Horizon (CA),1993,1993.0
Los Angeles,Santa Ana Mater Dei (CA),1951,1959.0
Los Angeles,"Santa Ana Mater Dei OPP """"Notre Dame"""" (CA)",1981,
Los Angeles,Santa Ana Saddleback (CA),1967,1967.0
Los Angeles,Santa Ana Segerstrom (CA),2006,
Los Angeles,Santa Catalina Avalon (CA),2004,
Los Angeles,Santa Clarita (CA),2000,2000.0
Los Angeles,Santa Clarita Canyon (CA),1977,1977.0
Los Angeles,Santa Clarita Christian (CA),1998,1998.0
Los Angeles,Santa Clarita Golden Valley (CA),2005,
Los Angeles,Santa Fe Springs St. Paul (CA),1959,1960.0
Los Angeles,Santa Fe Springs St. Paul JV (CA),1980,1980.0
Los Angeles,Santa Monica St. Monica (CA),1944,1959.0
Los Angeles,Santa Monica Valley Christian (CA),1992,1992.0
Los Angeles,Santa Monica Wilshire West (CA),1979,1979.0
Los Angeles,Santa Paula (CA),1946,1959.0
Los Angeles,Saugus (CA),1976,1977.0
Los Angeles,Sepulveda Monroe (CA),1958,1959.0
Los Angeles,Simi Valley Good Shepherd Lutheran (CA),1987,1987.0
Los Angeles,South El Monte (CA),1993,1993.0
Los Angeles,South Gate (CA),1950,1959.0
Los Angeles,South Gate South East (CA),2005,
Los Angeles,South Gate Southeast Lutheran (CA),1988,1988.0
Los Angeles,South Lake Tahoe JV (CA),1968,1968.0
Los Angeles,South Pasadena (CA),1940,1959.0
Los Angeles,South Torrance (CA),1959,1959.0
Los Angeles,Southern California Christian (CA),1970,1984.0
Los Angeles,"Southern Conference PO Opp """"Santiago"""" (CA)",1977,1977.0
Los Angeles,St Augustine (CA),2003,
Los Angeles,St. Augustine Frosh (CA),1953,
Los Angeles,St. Augustine JV (CA),1951,
Los Angeles,St. Augustine Reserves (CA),1953,
Los Angeles,St. Augustine Sophomores (CA),1960,
Los Angeles,St. John's (CA),1991,
Los Angeles,Studio City Harvard Military (CA),1958,
Los Angeles,Studio City Harvard Military JV (CA),1955,
Los Angeles,Studio City Harvard-Westlake (CA),1992,1992.0
Los Angeles,Sun Valley Poly (CA),1963,1992.0
Los Angeles,Sun Valley Village Christian (CA),1965,1965.0
Los Angeles,Sweetwater JV (CA),1944,
Los Angeles,Sylmar (CA),1961,1961.0
Los Angeles,Sylmar Concordia (CA),2011,
Los Angeles,Sylmar First Lutheran (CA),2001,
Los Angeles,Sylmar Los Angeles Lutheran (CA),1976,1976.0
Los Angeles,Temple City (CA),1955,1959.0
Los Angeles,Thousand Oaks (CA),1962,1962.0
Los Angeles,Thousand Oaks California Lutheran (CA),1982,
Los Angeles,Thousand Oaks Hillcrest Christian (CA),2001,
Los Angeles,Torrance (CA),1947,1959.0
Los Angeles,Torrance Bishop Montgomery (CA),1958,1958.0
Los Angeles,Torrance First Lutheran (CA),1986,1986.0
Los Angeles,Torrance Lutheran (CA),2003,
Los Angeles,Torrance North (CA),1955,1959.0
Los Angeles,Torrance South (CA),1959,1959.0
Los Angeles,Torrance South Bay Lutheran (CA),1990,1990.0
Los Angeles,Torrance West (CA),1962,1962.0
Los Angeles,Tujunga Skyward Christian (CA),1999,1999.0
Los Angeles,Tujunga Verdugo Hills (CA),1952,1959.0
Los Angeles,Tuscon (CA),1948,
Los Angeles,Tustin (CA),1944,1959.0
Los Angeles,Tustin JV (CA),1966,
Los Angeles,Tustin Lutheran (CA),1986,
Los Angeles,"Tustin Opp """"Foothills"""" (CA)",1991,
Los Angeles,Tustin Spirit Academy (CA),2011,
Los Angeles,Valencia Stewart Academy (CA),1940,1962.0
Los Angeles,Valencia Trinity Classical Academy (CA),2009,
Los Angeles,Valencia West Ranch (CA),2005,
Los Angeles,Valley Christian (CA),1992,
Los Angeles,Van Nuys (CA),1941,1959.0
Los Angeles,Van Nuys Fulton (CA),2007,
Los Angeles,Van Nuys Grant (CA),1959,1959.0
Los Angeles,Van Nuys Montclair Prep (CA),1960,1960.0
Los Angeles,"Vancouver Collegiate Opp """"St. Pauls (CA)",1997,
Los Angeles,Vancouver Hanover (CA),1999,1999.0
Los Angeles,Ventura (CA),1941,1959.0
Los Angeles,Ventura County Christian (CA),2001,
Los Angeles,Ventura JV (CA),1960,1960.0
Los Angeles,Verdugo Hills (CA),1973,
Los Angeles,Villa Park (CA),1964,1965.0
Los Angeles,Vincent Memorial (CA),2001,
Los Angeles,Walnut (CA),1968,1968.0
Los Angeles,Walnut Southlands Christian (CA),1975,
Los Angeles,West Covina (CA),1957,1959.0
Los Angeles,West Covina Edgewood (CA),1959,1959.0
Los Angeles,West Covina South Hills (CA),1964,1964.0
Los Angeles,West Hills (CA),1989,
Los Angeles,West Hills Chaminade (CA),1953,1959.0
Los Angeles,Westchester (CA),1954,
Los Angeles,Westlake Village (CA),1978,1978.0
Los Angeles,Westlake Village Dorsey (CA),1963,
Los Angeles,Westlake Village Oaks Christian (CA),2001,2001.0
Los Angeles,Westminster (CA),1959,1959.0
Los Angeles,Westminster Mid-Cities Baptist (CA),1976,1976.0
Los Angeles,Westwood (CA),1940,1954.0
Los Angeles,Westwood JV (CA),1952,1968.0
Los Angeles,Whittier (CA),1940,1959.0
Los Angeles,Whittier California (CA),1954,1959.0
Los Angeles,Whittier Christian (CA),1963,1963.0
Los Angeles,Whittier La Serna (CA),1961,1961.0
Los Angeles,Whittier Lowell (CA),1956,1961.0
Los Angeles,Whittier Monte Vista (CA),1964,1972.0
Los Angeles,Wilmington Christian (CA),1985,1985.0
Los Angeles,Wilmington Harbor Christian (CA),1974,
Los Angeles,Wilmington Pacific Harbor Christian (CA),1981,
Los Angeles,Woodland Hills El Camino Real (CA),1969,1969.0
Los Angeles,Woodland Hills Taft (CA),1941,1960.0
Los Angeles,Yorba Linda (CA),1999,1999.0
Redding,Alturas Modoc JV (CA),1957,1961.0
Redding,Anderson JV (CA),1957,1957.0
Redding,Anderson Reserves (CA),1958,
Redding,Bieber (CA),1959,1959.0
Redding,Burney (CA),1969,1969.0
Redding,Burney JV (CA),1969,1969.0
Redding,Cedarville Surprise Valley (CA),1956,1957.0
Redding,Chester JV (CA),1968,1968.0
Redding,"Chico """"B"""" (CA)",1951,
Redding,Chico Bidwell Junior High (CA),1970,1970.0
Redding,Chico JV (CA),1940,1957.0
Redding,"Chico Opp """"Enterprise"""" (CA)",1958,
Redding,Chico Pleasant Valley JV (CA),1968,1968.0
Redding,Chico Ramblers (CA),1945,
Redding,Chico Reserves (CA),1948,1955.0
Redding,Corning JV (CA),1968,1968.0
Redding,Cottonwood West Valley (CA),1981,1991.0
Redding,Covelo Round Valley JV (CA),1971,1971.0
Redding,Dorris Butte Valley (CA),1940,1961.0
Redding,Dorris Butte Valley JV (CA),1968,1968.0
Redding,"Dunsmuir """"B"""" (CA)",1940,
Redding,Dunsmuir (CA),1940,1954.0
Redding,Dunsmuir JV (CA),1954,1957.0
Redding,Durham (CA),1940,1954.0
Redding,Durham JV (CA),1968,1968.0
Redding,El Camino JV (CA),1978,
Redding,El Camino Sophomores (CA),1977,
Redding,Elk Creek (CA),1943,1973.0
Redding,Elk Creek JV (CA),1973,1973.0
Redding,Etna JV (CA),1969,1969.0
Redding,Fort Jones (CA),1940,1961.0
Redding,Fort Jones JV (CA),1970,1970.0
Redding,Greenville (CA),1946,1955.0
Redding,Greenville JV (CA),1969,1969.0
Redding,Hamilton City (CA),1940,1955.0
Redding,Hamilton City Hamilton JV (CA),1968,1968.0
Redding,Hamilton City JV (CA),1969,1969.0
Redding,Hayfork (CA),1956,1957.0
Redding,Hayfork JV (CA),1968,1968.0
Redding,Herlong (CA),1954,1955.0
Redding,Herlong Alumni (CA),1958,
Redding,Herlong JV (CA),1968,1968.0
Redding,Lassen Community College (CA),1940,
Redding,Le Mesa Helix (CA),1980,
Redding,Like Oak JV (CA),1969,1969.0
Redding,"Los Molinos """"B"""" (CA)",1948,
Redding,Los Molinos (CA),1940,1954.0
Redding,Los Molinos JV (CA),1968,1968.0
Redding,Marian (CA),2004,
Redding,Marian JV (CA),1967,
Redding,McArthur Fall River (CA),1946,1954.0
Redding,McArthur Fall River JV (CA),1956,1957.0
Redding,McCloud (CA),1940,1954.0
Redding,McCloud JV (CA),1970,1970.0
Redding,Mendocino (CA),1961,1964.0
Redding,Mendocino JV (CA),1975,1975.0
Redding,"Orland """"B"""" (CA)",1940,
Redding,Orland (CA),1940,1954.0
Redding,Orland JV (CA),1941,1960.0
Redding,Palo Cedro Bishop Quinn (CA),1997,
Redding,Palo Cedro Foothill (CA),1976,1992.0
Redding,Palo Cedro Redding Christian (CA),2011,
Redding,Paradise (CA),1953,1955.0
Redding,Paradise JV (CA),1968,1968.0
Redding,Potter Valley (CA),1953,1962.0
Redding,Potter Valley JV (CA),1974,1974.0
Redding,Quincy (CA),1946,1954.0
Redding,Quincy JV (CA),1968,1968.0
Redding,Red Bluff (CA),1940,1954.0
Redding,Red Bluff Calvary Chapel Academy (CA),1993,1993.0
Redding,Red Bluff JV (CA),1945,1965.0
Redding,Red Bluff Mercy (CA),1966,1966.0
Redding,Red Bluff Mercy JV (CA),1968,1968.0
Redding,Red Bluff Sacred Heart Parish (CA),1969,
Redding,Redding (CA),1942,
Redding,Redding Christian Liberty (CA),1973,1973.0
Redding,Redding Enterprise (CA),1954,1954.0
Redding,Redding Enterprise JV (CA),1956,1968.0
Redding,Redding Enterprise Reserves (CA),1956,
Redding,Redding Liberty Christian (CA),1973,
Redding,Redding Shasta (CA),1940,1954.0
Redding,Redding Shasta Alumni (CA),1944,
Redding,Redding Shasta JV (CA),1941,1954.0
Redding,Redding Shasta Ramblers (CA),1958,
Redding,Redding Shasta Reserves (CA),1954,1958.0
Redding,Redding University Prep (CA),2008,
Redding,Redwood Valley Deep Valley Christian (CA),2000,2000.0
Redding,Redwood Valley DeepValleyChristian (CA),1996,1997.0
Redding,Shasta Lake Central Valley JV (CA),1956,1968.0
Redding,St. Bernard (CA),1986,
Redding,Summerville Union (CA),1954,1954.0
Redding,Summerville Union JV (CA),1968,1968.0
Redding,Susanville Lassen (CA),1940,1954.0
Redding,Susanville Lassen JV (CA),1949,1964.0
Redding,Susanville Lassen Junior College Reserves (CA),1940,
Redding,Tulelake (CA),1940,1954.0
Redding,Tulelake JV (CA),1961,1961.0
Redding,"Tulelake Opp """"St. Mary"""" (CA)",1962,1962.0
Redding,Weaverville Trinity (CA),1940,1954.0
Redding,Weaverville Trinity JV (CA),1954,1954.0
Redding,"Weed """"B"""" (CA)",1949,
Redding,Weed (CA),1940,1954.0
Redding,Weed JV (CA),1968,1968.0
Redding,Willits (CA),1948,1954.0
Redding,Willits JV (CA),1975,1975.0
Redding,"Willows """"B"""" (CA)",1946,
Redding,Willows (CA),1940,1954.0
Redding,Willows Frosh (CA),1968,1968.0
Redding,Willows JV (CA),1947,1968.0
Redding,Willows Ramblers (CA),1948,
Redding,Willows Reserves (CA),1948,
Redding,"Yreka """"B"""" (CA)",1943,
Redding,Yreka (CA),1940,1954.0
Redding,Yreka JV (CA),1948,1961.0
Sacramento,Antelope Valley Christian (CA),1986,
Sacramento,Arbuckle Pierce JV (CA),1955,1968.0
Sacramento,Auburn Bear River (CA),1988,1988.0
Sacramento,Auburn Placer (CA),1940,1954.0
Sacramento,Auburn Placer JV (CA),1968,1968.0
Sacramento,Biggs (CA),1940,1954.0
Sacramento,Biggs JV (CA),1968,1968.0
Sacramento,Broderick Washington (CA),1977,1977.0
Sacramento,Campo Rancho Del Campo (CA),1959,
Sacramento,Campo Rancho del Campo (CA),1960,
Sacramento,Carmichael Jesuit (CA),1966,1966.0
Sacramento,Carmichael Jesuit JV (CA),1968,1968.0
Sacramento,Carmichael La Sierra (CA),1957,1957.0
Sacramento,Carmichael La Sierra JV (CA),1968,1968.0
Sacramento,Citrus Heights Mesa Verde JV (CA),1976,1976.0
Sacramento,Citrus Heights San Juan JV (CA),1968,1968.0
Sacramento,Clarksburg (CA),1940,1954.0
Sacramento,Clarksburg Delta (CA),1941,1964.0
Sacramento,Clarksburg Delta JV (CA),1968,1968.0
Sacramento,"Clarksburg Delta Opp """"Washington"""" (CA)",1975,
Sacramento,Clarksburg JV (CA),1968,1968.0
Sacramento,"Clarksburg Opp """"Lincoln"""" (CA)",1958,1958.0
Sacramento,Colfax JV (CA),1968,1968.0
Sacramento,Colusa (CA),1940,1954.0
Sacramento,Colusa Alumni (CA),1942,
Sacramento,Colusa Frosh (CA),1970,1970.0
Sacramento,Colusa JV (CA),1968,1968.0
Sacramento,Courtland (CA),1948,
Sacramento,Crawford JV (CA),1962,
Sacramento,Davis (CA),1940,1954.0
Sacramento,Davis JV (CA),1980,1980.0
Sacramento,"Davis Opp """"Davis"""" (CA)",1959,1959.0
Sacramento,"Davis Opp """"St. Vincent"""" (CA)",1963,1963.0
Sacramento,Davis Reserves (CA),1945,
Sacramento,Dixon (CA),1940,1954.0
Sacramento,Dixon JV (CA),1968,1968.0
Sacramento,El Dorado Hills Oak Ridge (CA),1980,1982.0
Sacramento,El Dorado Hills Oak Ridge JV (CA),1981,1981.0
Sacramento,El Dorado Union Mine (CA),2000,2000.0
Sacramento,Elk Grove (CA),1946,1954.0
Sacramento,Elk Grove Cosumnes Oaks (CA),2009,
Sacramento,Elk Grove Franklin (CA),2003,
Sacramento,Elk Grove JV (CA),1955,1955.0
Sacramento,Elk Grove Laguna Creek (CA),1995,1995.0
Sacramento,Elk Grove Monterey Trail (CA),2005,
Sacramento,Elk Grove Pleasant Grove (CA),2006,
Sacramento,Esparto JV (CA),1968,1968.0
Sacramento,Fair Oaks Bella Vista (CA),1961,1961.0
Sacramento,Fair Oaks Bella Vista JV (CA),1968,1968.0
Sacramento,Fair Oaks Del Campo (CA),1964,1964.0
Sacramento,Fair Oaks Del Campo JV (CA),1968,1968.0
Sacramento,Fair Oaks Freedom Christian (CA),1982,1982.0
Sacramento,Fairfield (CA),1966,1966.0
Sacramento,"Fairfield Armijo """"B"""" (CA)",1947,
Sacramento,Fairfield Armijo (CA),1940,1954.0
Sacramento,Fairfield Armijo JV (CA),1968,1968.0
Sacramento,Fairfield JV (CA),1968,1968.0
Sacramento,Fairfield Rodriguez (CA),2002,
Sacramento,Fairfield Vanden (CA),1964,1964.0
Sacramento,Fairfield Vanden JV (CA),1968,1968.0
Sacramento,Fairfield Vanden-Travis AFB (CA),1996,1996.0
Sacramento,Folsom JV (CA),1960,1960.0
Sacramento,Foothill (CA),1990,
Sacramento,Foothill Christian (CA),1977,1977.0
Sacramento,Foothill Christian JV (CA),1977,1977.0
Sacramento,Foresthill (CA),2005,
Sacramento,Fremont American JV (CA),1976,
Sacramento,"Fremont Area Opp """"Memorial"""" (CA)",1973,
Sacramento,Garden Valley Golden Sierra (CA),1979,1980.0
Sacramento,Garden Valley Golden Sierra JV (CA),1980,1980.0
Sacramento,Gateway (CA),1998,1998.0
Sacramento,Gateway Christian (CA),1992,1992.0
Sacramento,Granite Bay (CA),1997,1997.0
Sacramento,Grass Valley (CA),1940,
Sacramento,Grass Valley Bear River (CA),1986,1986.0
Sacramento,Grass Valley Nevada Union (CA),1940,1954.0
Sacramento,Grass Valley Nevada Union JV (CA),1968,1968.0
Sacramento,Gridley (CA),1940,1954.0
Sacramento,Gridley JV (CA),1952,1968.0
Sacramento,Huntington V (CA),1975,
Sacramento,Kelseyville JV (CA),1970,1970.0
Sacramento,Laguna Beach-Brea Olinda (CA),1946,
Sacramento,Laguna Beach-Garden Grove (CA),1947,
Sacramento,Lakeport (CA),1954,1954.0
Sacramento,Lakeport Clear Lake (CA),1946,1954.0
Sacramento,Lakeport Clear Lake JV (CA),1968,1968.0
Sacramento,Lakeside El Capitan (CA),1959,1959.0
Sacramento,Lincoln (CA),1949,1954.0
Sacramento,Lincoln Frosh (CA),1953,
Sacramento,Lincoln JV (CA),1954,1968.0
Sacramento,Live Oak (CA),1940,1954.0
Sacramento,Live Oak JV (CA),1968,1968.0
Sacramento,"Live Oak Opp """"Lincoln"""" (CA)",1958,1958.0
Sacramento,Loomis Del Oro (CA),1960,1960.0
Sacramento,Loomis Del Oro JV (CA),1968,1968.0
Sacramento,Lower Lake (CA),1950,1960.0
Sacramento,Lower Lake JV (CA),1969,1969.0
Sacramento,Loyalton (CA),1947,1957.0
Sacramento,Loyalton JV (CA),1969,1969.0
Sacramento,Madison (CA),2004,
Sacramento,Madison JV (CA),1972,
Sacramento,Marysville (CA),1940,1954.0
Sacramento,Marysville Frosh (CA),1949,
Sacramento,Marysville JV (CA),1953,1961.0
Sacramento,Marysville Reserves (CA),1949,1960.0
Sacramento,Maxwell (CA),1940,1959.0
Sacramento,Maxwell JV (CA),1962,1962.0
Sacramento,Middletown (CA),1955,1961.0
Sacramento,Middletown JV (CA),1971,1971.0
Sacramento,Middletown Verdant Vales (CA),1977,
Sacramento,Miranda South Fork (CA),1952,1954.0
Sacramento,Miranda South Fork JV (CA),1969,1969.0
Sacramento,Napa (CA),1946,1954.0
Sacramento,Napa JV (CA),1958,1958.0
Sacramento,Napa Justin-Siena (CA),1963,1969.0
Sacramento,Napa Justin-Siena JV (CA),1969,1969.0
Sacramento,Napa KolbeAcademy&Trinity Prep (CA),2002,
Sacramento,"Napa Opp """"Woodrow Wilson"""" (CA)",1988,
Sacramento,Nellis Air Force Base (CA),1972,1972.0
Sacramento,Nevada City (CA),1940,
Sacramento,Nicolaus East (CA),2004,
Sacramento,Nicolaus East Nicolaus (CA),1941,1954.0
Sacramento,Nicolaus East Nicolaus JV (CA),1968,1968.0
Sacramento,North Highlands (CA),1958,1958.0
Sacramento,North Highlands Center (CA),1987,1987.0
Sacramento,North Highlands Highlands (CA),1975,
Sacramento,North Highlands JV (CA),1962,1962.0
Sacramento,North Highlands Soph (CA),1968,
Sacramento,North Lake Tahoe (CA),1974,
Sacramento,Northern (CA),1981,1981.0
Sacramento,"Northern Athletic League Opp """"Lincoln"""" (CA)",1967,1967.0
Sacramento,Olivehurst Lindhurst (CA),1974,1974.0
Sacramento,Olivehurst Lindhurst JV (CA),1974,1974.0
Sacramento,Orangevale Casa Roble (CA),1967,1967.0
Sacramento,Orangevale Casa Roble Frosh (CA),1971,1971.0
Sacramento,Orangevale Casa Roble Fundamental (CA),1967,
Sacramento,Orangevale Casa Roble JV (CA),1968,1968.0
Sacramento,"Oroville """"B"""" (CA)",1951,
Sacramento,Oroville (CA),1940,1954.0
Sacramento,Oroville JV (CA),1942,1961.0
Sacramento,Oroville Las Plumas (CA),1961,1961.0
Sacramento,Oroville Las Plumas JV (CA),1968,1968.0
Sacramento,Oroville Ramblers (CA),1946,
Sacramento,Oroville Reserves (CA),1946,
Sacramento,Pacific (CA),1961,1961.0
Sacramento,Pacific Central Christian (CA),1982,1982.0
Sacramento,Pioneer (CA),1960,
Sacramento,"Pioneer Conference Opp """"Foothill"""" (CA)",1965,1965.0
Sacramento,"Pioneer League Opp """"St. Mary's"""" (CA)",1966,1966.0
Sacramento,Placerville El Dorado (CA),1953,1954.0
Sacramento,Placerville El Dorado JV (CA),1968,1968.0
Sacramento,Portola (CA),1946,1957.0
Sacramento,Portola JV (CA),1968,1968.0
Sacramento,Princeton (CA),1947,1955.0
Sacramento,Princeton JV (CA),1969,1969.0
Sacramento,Rancho Cordova (CA),1963,1963.0
Sacramento,Rancho Cordova JV (CA),1968,1968.0
Sacramento,Rancho Cordova St. John Vianney (CA),1955,1959.0
Sacramento,Rio Linda (CA),1962,1962.0
Sacramento,Rio Linda JV (CA),1968,1968.0
Sacramento,Rocklin (CA),1995,1995.0
Sacramento,Rocklin Sierra Christian (CA),2002,
Sacramento,Rocklin Whitney (CA),1983,1983.0
Sacramento,Roseville (CA),1940,1954.0
Sacramento,Roseville JV (CA),1962,1962.0
Sacramento,Roseville Oakmont (CA),1965,1965.0
Sacramento,Roseville Oakmont JV (CA),1968,1968.0
Sacramento,Roseville Valley Christian (CA),2001,2001.0
Sacramento,Roseville Woodcreek (CA),1995,1995.0
Sacramento,Sacramento (CA),1940,1954.0
Sacramento,Sacramento Bishop Armstrong (CA),1956,1956.0
Sacramento,Sacramento BishopManogue JV (CA),1984,
Sacramento,Sacramento Bradshaw Christian (CA),2006,
Sacramento,Sacramento Burbank (CA),1962,1962.0
Sacramento,Sacramento Burbank JV (CA),1968,1968.0
Sacramento,Sacramento Capital Christian (CA),1975,1981.0
Sacramento,Sacramento Capital Valley Christian (CA),1975,1975.0
Sacramento,Sacramento Capital Valley Christian JV (CA),1975,1975.0
Sacramento,Sacramento Christian Brothers (CA),1940,1954.0
Sacramento,Sacramento Christian Brothers JV (CA),1968,1968.0
Sacramento,Sacramento Country Christian (CA),1984,
Sacramento,Sacramento Cristo Rey (CA),2007,
Sacramento,Sacramento Encina Prep (CA),1959,1959.0
Sacramento,Sacramento Encina Prep JV (CA),1962,1962.0
Sacramento,Sacramento Florin (CA),1990,1990.0
Sacramento,Sacramento Foothill (CA),1965,1965.0
Sacramento,Sacramento Foothill JV (CA),1968,1968.0
Sacramento,Sacramento Grant JV (CA),1968,1968.0
Sacramento,Sacramento Grant Union (CA),1940,1954.0
Sacramento,Sacramento Grant Union JV (CA),1951,1968.0
Sacramento,Sacramento Hazel Avenue (CA),1974,
Sacramento,Sacramento Heights (CA),1947,
Sacramento,Sacramento Hiram Johnson (CA),2002,
Sacramento,Sacramento Inderkum (CA),2005,
Sacramento,Sacramento JV (CA),1968,1968.0
Sacramento,Sacramento Jesuit (CA),1976,
Sacramento,Sacramento Johnson (CA),1958,1958.0
Sacramento,Sacramento Johnson JV (CA),1968,1968.0
Sacramento,Sacramento Kennedy (CA),1966,1967.0
Sacramento,Sacramento Kennedy JV (CA),1968,1968.0
Sacramento,Sacramento M. Christian (CA),1991,1991.0
Sacramento,"Sacramento McClatchy """"B"""" (CA)",1940,
Sacramento,Sacramento McClatchy (CA),1940,1954.0
Sacramento,Sacramento McClatchy JV (CA),1968,1968.0
Sacramento,Sacramento Mira Loma (CA),1961,1961.0
Sacramento,Sacramento Mira Loma JV (CA),1968,1968.0
Sacramento,Sacramento Natomas (CA),1996,1996.0
Sacramento,Sacramento Norte Del Rio (CA),1955,1955.0
Sacramento,Sacramento Norte Del Rio JV (CA),1968,1968.0
Sacramento,Sacramento Rio Americano (CA),1965,1965.0
Sacramento,Sacramento Rio Americano JV (CA),1968,1968.0
Sacramento,Sacramento Rosemont (CA),2005,
Sacramento,Sacramento Saint Patrick (CA),1975,
Sacramento,Sacramento Sheldon (CA),1998,1998.0
Sacramento,Sacramento St. Mary (CA),1948,1955.0
Sacramento,Sacramento St. Patrick Academy (CA),1982,1982.0
Sacramento,Sacramento Valley (CA),1977,1977.0
Sacramento,Sacramento Valley JV (CA),1977,1977.0
Sacramento,Sacramento West Campus (CA),1998,1998.0
Sacramento,San Diego Central (CA),2002,
Sacramento,San Jose Foothill (CA),1975,1975.0
Sacramento,Shingle Springs Ponderosa JV (CA),1968,1968.0
Sacramento,Solano (CA),1972,1972.0
Sacramento,South Lake Tahoe (CA),1954,1957.0
Sacramento,St. Junipero Serra Catholic (CA),1954,
Sacramento,Sutter (CA),1940,1954.0
Sacramento,Sutter Creek Amador (CA),1949,1954.0
Sacramento,Sutter Creek Amador JV (CA),1968,1968.0
Sacramento,Sutter JV (CA),1953,1968.0
Sacramento,Tahoe (CA),1957,
Sacramento,Tahoe City North (CA),1982,
Sacramento,Tahoe City North Tahoe (CA),1974,1974.0
Sacramento,Tahoe City North Tahoe JV (CA),1974,1974.0
Sacramento,Tahoe Truckee Frosh (CA),1971,1971.0
Sacramento,Tahoe Truckee JV (CA),1969,1969.0
Sacramento,Tahoe-Truckee (CA),1963,
Sacramento,Tahoe-Truckee JV (CA),1968,1968.0
Sacramento,Truckee (CA),1952,1957.0
Sacramento,Truckee JV (CA),1974,1974.0
Sacramento,Ukiah JV (CA),1955,1955.0
Sacramento,Upper Lake JV (CA),1972,1972.0
Sacramento,Vacaville (CA),1940,1954.0
Sacramento,Vacaville Alumni (CA),1942,
Sacramento,Vacaville JV (CA),1968,1968.0
Sacramento,"Vacaville Opp """"St. Vincent"""" (CA)",1962,1962.0
Sacramento,"Vacaville Opp """"Valley"""" (CA)",1988,1988.0
Sacramento,Vista Palomar (CA),1961,1961.0
Sacramento,Washington (CA),1991,
Sacramento,West Sacramento James Marshall (CA),1954,1955.0
Sacramento,West Sacramento James Marshall JV (CA),1968,1968.0
Sacramento,West Sacramento Marshall (CA),1956,1975.0
Sacramento,West Sacramento River City (CA),1978,1978.0
Sacramento,West Sacramento River City JV (CA),1978,1978.0
Sacramento,West Sacramento Washington (CA),1963,1963.0
Sacramento,West Sacramento Washington JV (CA),1968,1968.0
Sacramento,Wheatland (CA),1941,1955.0
Sacramento,Wheatland JV (CA),1968,1968.0
Sacramento,Williams (CA),1940,1955.0
Sacramento,Williams JV (CA),1968,1968.0
Sacramento,Wilson Miramonte League (CA),1999,1999.0
Sacramento,Winters (CA),1940,1954.0
Sacramento,Winters JV (CA),1968,1968.0
Sacramento,"Woodland """"B"""" (CA)",1942,
Sacramento,Woodland JV (CA),1947,1957.0
Sacramento,Woodland Pioneer (CA),2004,
Sacramento,Woodland Ramblers (CA),1948,1963.0
Sacramento,Woodland Reserves (CA),1944,1967.0
Sacramento,Yuba City (CA),1940,1954.0
Sacramento,Yuba City Faith Christian (CA),1980,1981.0
Sacramento,Yuba City JV (CA),1949,1968.0
Sacramento,Yuba City Reserves (CA),1956,
Sacramento,Yuba City River Valley (CA),1998,1998.0
Sacramento,Yuba City Rmb (CA),1963,1963.0
Salinas,Cambria Coast Union (CA),1950,1959.0
Salinas,Carmel JV (CA),1954,1954.0
Salinas,Carmel-By-The-Sea Carmel Valley (CA),1955,1955.0
Salinas,Castroville North Monterey County (CA),1978,1978.0
Salinas,Gilroy (CA),1945,1954.0
Salinas,Gilroy Anchorpoint Christian (CA),2007,
Salinas,Gilroy Christopher (CA),2010,
Salinas,Gilroy JV (CA),1974,1979.0
Salinas,Gilroy St. Mary's (CA),1961,
Salinas,Gonzales (CA),1944,1954.0
Salinas,Gonzales JV (CA),1954,1954.0
Salinas,Greenfield (CA),1999,1999.0
Salinas,Hollister San Benito (CA),1940,1954.0
Salinas,"Hunting Beach Edison OPP """"West"""" (CA)",1989,
Salinas,King City JV (CA),1979,1979.0
Salinas,Los Banos (CA),1944,1954.0
Salinas,Los Banos JV (CA),1971,1978.0
Salinas,Los Banos Pacheco (CA),2011,
Salinas,Marina (CA),1964,1964.0
Salinas,Merced (CA),1940,1954.0
Salinas,Merced El Capitan (CA),1959,1959.0
Salinas,Merced JV (CA),1957,1957.0
Salinas,Merced Koinonia Christian (CA),2004,
Salinas,Merced Our Lady Of Mercy (CA),1967,1967.0
Salinas,Merced Our Lady Of Mercy JV (CA),1968,
Salinas,Merced Our Lady of Mercy (CA),1968,
Salinas,Merced Stone Ridge Christian (CA),2002,
Salinas,Merced Valley Community (CA),1990,1990.0
Salinas,Monterey (CA),1940,1954.0
Salinas,Monterey JV (CA),1954,1954.0
Salinas,Monterey Junipero Memorial (CA),1954,1954.0
Salinas,Monterey Junipero Memorial JV (CA),1960,1960.0
Salinas,"Monterey Opp """"Kennedy"""" (CA)",1973,
Salinas,Monterey Trinity Christian (CA),2007,
Salinas,Morro Bay (CA),1960,1960.0
Salinas,Morse JV (CA),1962,
Salinas,North Salinas (CA),1959,1959.0
Salinas,"North Salinas Opp """"Kennedy"""" (CA)",1979,
Salinas,Pacific Grove (CA),1944,1954.0
Salinas,Pacific Grove JV (CA),1976,
Salinas,Paso Robles (CA),1949,1954.0
Salinas,Paso Robles El Paso de Robles (CA),1979,1979.0
Salinas,Paso Robles ElPaso de Robles (CA),1979,1979.0
Salinas,Paso Robles JV (CA),1979,1979.0
Salinas,Pebble Beach Robert Louis Stevenson (CA),1972,1972.0
Salinas,Pebble Beach Robert Louis Stevenson Academy (CA),1973,1973.0
Salinas,Pebble Beach Stevenson (CA),1973,1973.0
Salinas,Salinas (CA),1940,1954.0
Salinas,Salinas Alisal (CA),1966,1966.0
Salinas,Salinas Everett Alvarez (CA),1995,1995.0
Salinas,Salinas JV (CA),1954,1954.0
Salinas,Salinas Palma (CA),1952,1954.0
Salinas,Salinas Palma JV (CA),1960,1960.0
Salinas,San Miguel (CA),1955,1967.0
Salinas,San Miguel School (CA),1955,
Salinas,Seaside (CA),1963,1964.0
Salinas,Seaside Central Coast (CA),1954,1954.0
Salinas,Soledad (CA),1999,1999.0
Salinas,Templeton (CA),1950,1959.0
Salinas,Watsonville JV (CA),1955,1955.0
Salinas,Watsonville Sacred Heart (CA),1999,
Salinas,Watsonville St. Francis (CA),1959,1959.0
San Diego,Bonita (CA),1946,
San Diego,Borego Springs (CA),1977,
San Diego,Borrego Christian Center (CA),1997,
San Diego,Borrego Springs (CA),1967,1973.0
San Diego,Brawley (CA),1941,1959.0
San Diego,Cal Tech (CA),1962,1962.0
San Diego,Calexico JV (CA),1982,
San Diego,Calipatria JV (CA),1965,
San Diego,Capistrano (CA),1940,
San Diego,Capistrano Christian (CA),1976,
San Diego,Capistrano Saddleback Christian (CA),2000,
San Diego,Carlsbad Army & Navy Academy Frosh (CA),1962,
San Diego,Carlsbad JV (CA),1961,
San Diego,Carlsbad Reserves (CA),1969,
San Diego,Carlsbad Seaside Academy (CA),1970,1970.0
San Diego,Carlsbad Victory Christian (CA),1981,
San Diego,Castle Park Southwestern College (CA),1974,
San Diego,Christian Granite Hills (CA),1999,
San Diego,Chula Vista (CA),1947,1959.0
San Diego,Chula Vista Bonita Vista (CA),1940,1960.0
San Diego,Chula Vista Calvary Christian Academy (CA),2007,
San Diego,Chula Vista Castle Park (CA),1963,1972.0
San Diego,Chula Vista Christian (CA),1981,
San Diego,Chula Vista Eastlake (CA),1993,
San Diego,Chula Vista Hilltop (CA),1959,1960.0
San Diego,Chula Vista JV (CA),1958,
San Diego,Chula Vista Southland Christian (CA),1978,1978.0
San Diego,Chula Vista Southwestern Christian (CA),1988,1988.0
San Diego,Chula Vista Victory Christian Academy (CA),1977,1977.0
San Diego,Clairemont (CA),2004,
San Diego,Clairemont JV (CA),1959,
San Diego,Coronado (CA),1940,1960.0
San Diego,Coronado B (CA),1946,
San Diego,Coronado JV (CA),1944,
San Diego,El Cajon (CA),2004,
San Diego,El Cajon Christian (CA),1986,1986.0
San Diego,El Cajon Foothills Christian (CA),1983,1983.0
San Diego,El Cajon Granite Hills (CA),1960,1960.0
San Diego,El Cajon Grossmont (CA),1940,1960.0
San Diego,El Cajon Sophomores (CA),1955,
San Diego,El Cajon Valhalla (CA),1974,
San Diego,El Cajon Valley (CA),1955,1960.0
San Diego,El Centro (CA),1941,
San Diego,El Centro Central (CA),1941,1959.0
San Diego,"El Centro Central Opp """"Coast Team"""" (CA)",1950,
San Diego,"El Centro Central Opp """"Royal Oaks"""" (CA)",1967,
San Diego,"El Centro Central Opp """"Western"""" (CA)",1962,
San Diego,El Centro Central Union (CA),1960,1960.0
San Diego,Encinitas San Dieguito (CA),1950,1960.0
San Diego,Encinitas San Dieguito Academy (CA),1940,1973.0
San Diego,Encinitas San Dieguito Academy JV (CA),1962,
San Diego,Encinitas San Dieguito Academy Reserves (CA),1968,
San Diego,Encinitas San Dieguito JV (CA),1962,1962.0
San Diego,Encinitas San Marcos (CA),1985,1985.0
San Diego,Escondido (CA),1940,1960.0
San Diego,Escondido Calvin Christian (CA),2007,
San Diego,Escondido Charter (CA),2006,
San Diego,Escondido Christian (CA),1976,
San Diego,Escondido Christian Life Academy (CA),2006,
San Diego,Escondido Classical Academy (CA),2010,
San Diego,Escondido JV (CA),1940,
San Diego,Escondido San Pasqual (CA),1960,1960.0
San Diego,Escondido San Pasqual Academy (CA),2002,
San Diego,Fallbrook (CA),1940,1960.0
San Diego,Fallbrook JV (CA),1957,
San Diego,Fallbrook Reserves (CA),1975,
San Diego,Granite Hills JV (CA),1974,
San Diego,Grossmont JV (CA),1940,
San Diego,Hilltop Chula Vista (CA),1962,
San Diego,Holtville (CA),1941,1960.0
San Diego,Imperial Beach Marian (CA),1984,1984.0
San Diego,Imperial JV (CA),1967,
San Diego,Imperial Valley (CA),1968,1968.0
San Diego,Julian (CA),1967,1974.0
San Diego,Julian 8 (CA),1990,
San Diego,Julian JV (CA),1967,
San Diego,La Jolla Country Day (CA),1962,1968.0
San Diego,La Jolla JV (CA),1940,
San Diego,La Jolla The Bishop's School (CA),1983,1998.0
San Diego,La Mesa Helix (CA),1951,1960.0
San Diego,La Mesa Helix JV (CA),1953,
San Diego,La Mesa Steele Canyon (CA),2002,
San Diego,Mira Mesa (CA),1977,
San Diego,Mount Miguel JV (CA),1957,
San Diego,Mt. Miguel (CA),1973,
San Diego,National City Faithful Ambassadors Bible Baptist Academy (CA),1988,1988.0
San Diego,National City FaithfulAmbassadorsBibleBaptist Academy (CA),1989,1989.0
San Diego,National City Kuyper Prep (CA),2009,
San Diego,National City Sweetwater (CA),1940,1959.0
San Diego,Oceanside (CA),1940,1960.0
San Diego,Oceanside Balboa Stadium (CA),1985,
San Diego,Oceanside JV (CA),1948,
San Diego,Oceanside Junior College (CA),1944,
San Diego,Oceanside Reserves (CA),1966,1966.0
San Diego,Oceanside Sophomores (CA),1971,
San Diego,Oceanside Victory Christian (CA),1975,
San Diego,Orange Glen JV (CA),1963,
San Diego,Orange Glen Reserves (CA),1971,
San Diego,Otay Mesa (CA),2004,
San Diego,Otay Ranch (CA),2004,
San Diego,Pine Valley Mountain Empire (CA),1946,1960.0
San Diego,Point Loma (CA),2004,
San Diego,Point Loma JV (CA),1944,
San Diego,Poway (CA),1961,1972.0
San Diego,Poway Christian (CA),1972,
San Diego,Poway JV (CA),1974,
San Diego,Ramona (CA),1940,1959.0
San Diego,Ramona JV (CA),1959,
San Diego,Ramona Sun Valley (CA),2006,
San Diego,Redland East Valley (CA),1997,1997.0
San Diego,Salton City West Shores (CA),1985,1985.0
San Diego,San Deigo Mt. Carmel JV (CA),1974,
San Diego,San Diegjuito JV (CA),1959,
San Diego,San Diego (CA),1940,1959.0
San Diego,San Diego Army & Navy Military Academy (CA),1983,
San Diego,San Diego Canyon Hills (CA),1983,
San Diego,San Diego Cathedral Catholic (CA),1959,
San Diego,San Diego Cavemen (CA),1942,
San Diego,San Diego Cavers (CA),1942,
San Diego,San Diego Christian (CA),1971,1972.0
San Diego,San Diego Clairemont (CA),1959,1959.0
San Diego,San Diego Crawford (CA),1957,1960.0
San Diego,San Diego Crawford JV (CA),1964,
San Diego,San Diego Del Norte (CA),2010,
San Diego,San Diego Francis Parker (CA),1969,1975.0
San Diego,San Diego H-Town Christian (CA),2004,
San Diego,San Diego Hillers (CA),1942,
San Diego,San Diego Hoover (CA),1940,1959.0
San Diego,San Diego Hoover JV (CA),1953,
San Diego,San Diego Hoover Reds (CA),1942,
San Diego,San Diego Hoover Sophomores (CA),1940,
San Diego,San Diego Hoover Whites (CA),1942,
San Diego,San Diego Horizon Christian (CA),1993,
San Diego,San Diego Horizon Christian Academy (CA),2000,2000.0
San Diego,San Diego JV (CA),1940,
San Diego,San Diego Jewish Academy (CA),2003,
San Diego,San Diego Johnson (CA),1992,1992.0
San Diego,San Diego Kearny (CA),1944,1959.0
San Diego,San Diego Kearny JV (CA),1953,
San Diego,San Diego Lincoln JV (CA),1962,
San Diego,San Diego Lutheran (CA),1984,1984.0
San Diego,San Diego Madison (CA),1962,1966.0
San Diego,San Diego Maranatha Christian (CA),2007,
San Diego,San Diego Marian (CA),1968,1968.0
San Diego,San Diego Marian Catholic (CA),1962,1962.0
San Diego,San Diego Marian Christian (CA),1999,1999.0
San Diego,San Diego Midway Baptist (CA),1982,1987.0
San Diego,San Diego Military (CA),1960,1960.0
San Diego,San Diego Military Academy (CA),1960,1966.0
San Diego,San Diego Military Sophomore (CA),1960,
San Diego,San Diego Mira Mesa (CA),1977,1984.0
San Diego,San Diego Mission Bay (CA),1955,1960.0
San Diego,San Diego Montgomery (CA),1970,1985.0
San Diego,San Diego Morse (CA),1962,1966.0
San Diego,San Diego Morse JV (CA),1962,1962.0
San Diego,San Diego Mountain View (CA),1971,1971.0
San Diego,San Diego Mt. Carmel (CA),1974,1993.0
San Diego,San Diego Ocean View Christian (CA),2001,
San Diego,San Diego Patrick Henry (CA),1968,1968.0
San Diego,San Diego Point Loma (CA),1940,1959.0
San Diego,San Diego Point Loma JV (CA),1940,
San Diego,San Diego Rancho Bernardo (CA),1990,1999.0
San Diego,San Diego Rancho Bernaro (CA),1993,
San Diego,San Diego Reserves (CA),1940,
San Diego,San Diego Rock Academy (CA),2009,
San Diego,San Diego San Diego Hoover (CA),2004,
San Diego,San Diego San Dieguito Academy (CA),1993,
San Diego,San Diego San Miguel (CA),1956,
San Diego,San Diego San Ysidro (CA),2004,
San Diego,San Diego Scripps Ranch (CA),1993,
San Diego,San Diego Serra (CA),1977,1988.0
San Diego,San Diego Sophomores (CA),1948,
San Diego,San Diego Southwest (CA),1976,1993.0
San Diego,San Diego St. Augustine (CA),1940,1960.0
San Diego,San Diego St. Augustine Alumni (CA),1947,
San Diego,San Diego St. Augustine JV (CA),1953,
San Diego,San Diego State Frosh (CA),1941,
San Diego,San Diego State Lightweights (CA),1942,
San Diego,San Diego State University Lightweights (CA),1942,
San Diego,San Diego Torrey Pines (CA),1974,1979.0
San Diego,San Diego University City (CA),1960,1960.0
San Diego,San Diego University of San Diego (CA),2002,
San Diego,San Diego Valley Christian (CA),1992,
San Diego,San Diego Vista (CA),1982,1982.0
San Diego,San Diego Westview (CA),2003,
San Diego,San Diego h Columbia) 35 San Diego Jewish Academy (CA),2010,
San Diego,San Digo Southwest (CA),1987,
San Diego,San Diguito (CA),1953,
San Diego,San Fransisco Christian (CA),1999,
San Diego,San Gorgonio (CA),1965,1965.0
San Diego,San JoseAcademy (CA),1990,1990.0
San Diego,San Marcos St. Joseph Academy (CA),2007,
San Diego,San Pascual (CA),1990,
San Diego,San Ysidro (CA),2004,
San Diego,Santa Barbara Oceanside Christian Academy (CA),1976,1976.0
San Diego,Santee Bible Missionary Fellowship Christian (CA),1985,1985.0
San Diego,Santee Santana (CA),1965,1987.0
San Diego,Santee West Hills (CA),1988,
San Diego,Solana Beach Santa Fe Christian (CA),1976,1982.0
San Diego,Spring Valley Monte Vista (CA),1961,1965.0
San Diego,Spring Valley Mount Miguel (CA),1957,1960.0
San Diego,Spring Valley Steele Canyon (CA),2001,
San Diego,St. Agnes (CA),1951,
San Diego,Temple (CA),1986,
San Diego,University of San Diego (CA),1998,
San Diego,Valley Center (CA),1998,1998.0
San Diego,Valley Center All Tribes American Indian Charter (CA),2003,
San Diego,Vista (CA),1940,1960.0
San Diego,Vista Alta Vista (CA),1965,
San Diego,Vista Calvary Christian (CA),1998,
San Diego,Vista JV (CA),1960,
San Diego,Vista Reserves (CA),1974,
San Diego,Warner Springs (CA),1996,
San Diego,West Shores (CA),1999,
San Francisco,Albany JV (CA),1973,1973.0
San Francisco,Albany St. Mary's JV (CA),1966,
San Francisco,Albany St. Marys (CA),1993,1993.0
San Francisco,Belmont Carlmont (CA),1954,1954.0
San Francisco,Belmont Carlmont JV (CA),1978,1978.0
San Francisco,Benicia (CA),1940,1954.0
San Francisco,Benicia JV (CA),1968,1968.0
San Francisco,Berkeley (CA),1940,1954.0
San Francisco,Berkeley California School for the Deaf (CA),1972,1972.0
San Francisco,Berkeley JV (CA),1979,
San Francisco,Berkeley St. Mary's College High (CA),1945,1954.0
San Francisco,Boonville Anderson Valley (CA),1957,1957.0
San Francisco,Boonville Bachman Hills (CA),1983,
San Francisco,Burlingame (CA),1940,1954.0
San Francisco,California All-Stars (CA),1948,
San Francisco,California School for Deaf (CA),2000,
San Francisco,California School of the Desert (CA),1984,1984.0
San Francisco,California Youth Home (CA),1975,1976.0
San Francisco,Calistoga JV (CA),1970,1970.0
San Francisco,Castro Valley Canyon (CA),1964,1964.0
San Francisco,Castro Valley Canyon JV (CA),1975,
San Francisco,Castro Valley JV (CA),1975,
San Francisco,Cloverdale (CA),1954,1954.0
San Francisco,Cloverdale JV (CA),1975,1975.0
San Francisco,Concord Clayton Valley Charter JV (CA),1971,
San Francisco,Concord De La Salle (CA),1972,1972.0
San Francisco,Concord De La Salle JV (CA),1975,
San Francisco,Concord Diablo Valley (CA),1963,1963.0
San Francisco,Concord JV (CA),1971,1978.0
San Francisco,Concord Mt. Diablo (CA),1946,1954.0
San Francisco,Concord Mt. Diablo JV (CA),1971,
San Francisco,Concord St. Agnes (CA),1951,
San Francisco,Concord Ygnacio Valley (CA),1963,1963.0
San Francisco,Concord Ygnacio Valley JV (CA),1971,
San Francisco,Crockett John Swett (CA),1954,
San Francisco,Crockett Swett JV (CA),1968,1968.0
San Francisco,Daly City Jefferson JV (CA),1975,1975.0
San Francisco,Daly City Serramonte (CA),1969,1969.0
San Francisco,Danville Monte Vista JV (CA),1973,1979.0
San Francisco,Danville San Ramon Valley (CA),1951,1954.0
San Francisco,Danville San Ramon Valley JV (CA),1975,
San Francisco,"Danville San Ramon Valley Opp """"J.F. Kennedy"""" (CA)",1976,
San Francisco,"Danville San Ramon Valley Opp """"Washington"""" (CA)",1972,
San Francisco,El Cerrito (CA),1944,1954.0
San Francisco,El Cerrito JV (CA),1954,1954.0
San Francisco,"El Cerrito Opp """"St. Mary's"""" (CA)",1960,
San Francisco,El Sobrante De Anza (CA),1956,1957.0
San Francisco,El Sobrante De Anza JV (CA),1979,
San Francisco,Emeryville Emery (CA),1951,1954.0
San Francisco,Excelsior (CA),1954,
San Francisco,Forestville El Molino (CA),1963,1965.0
San Francisco,Forestville El Molino JV (CA),1974,1974.0
San Francisco,Geyserville Unified (CA),1972,1973.0
San Francisco,Geyserville Unified JV (CA),1977,1977.0
San Francisco,Half Moon Bay (CA),1954,1954.0
San Francisco,Hayward (CA),1940,1954.0
San Francisco,Hayward Chabot College (CA),1980,1980.0
San Francisco,Hayward JV (CA),1975,
San Francisco,"Hayward League Opp """"St. Vincent"""" (CA)",1967,1967.0
San Francisco,Hayward Moreau (CA),1974,
San Francisco,Hayward Moreau Catholic (CA),1970,1970.0
San Francisco,Hayward Moreau Catholic JV (CA),1976,
San Francisco,Hayward Mt. Eden JV (CA),1975,
San Francisco,Hayward Sunset JV (CA),1975,
San Francisco,Hayward Tennyson JV (CA),1975,
San Francisco,Healdsburg JV (CA),1955,1955.0
San Francisco,Hercules (CA),2001,
San Francisco,Hillsborough Crystal Springs Uplands (CA),2008,
San Francisco,Hopland (CA),1956,
San Francisco,Kentfield Marin Catholic JV (CA),1955,1955.0
San Francisco,LaVerne Lutheran (CA),1974,1974.0
San Francisco,Lafayette Acalanes JV (CA),1975,1979.0
San Francisco,Lafayette Alcanes (CA),1954,
San Francisco,Larkspur Redwood (CA),1958,1958.0
San Francisco,Larkspur Redwood JV (CA),1970,1970.0
San Francisco,"Marin Catholic Opp """"Lincoln"""" (CA)",1980,1980.0
San Francisco,Martinez Alhambra (CA),1940,1954.0
San Francisco,Martinez Alhambra JV (CA),1975,
San Francisco,Middleton JV (CA),1970,1970.0
San Francisco,Mill Valley Tamalpais (CA),1947,1954.0
San Francisco,Mill Valley Tamalpais JV (CA),1957,1957.0
San Francisco,Millbrae Mills (CA),1959,1959.0
San Francisco,Mission Bay (CA),1953,
San Francisco,Mission Bay JV (CA),1962,
San Francisco,Mission Bay La Jolla (CA),1960,
San Francisco,Moraga Campolindo (CA),1965,1965.0
San Francisco,Moraga Campolindo JV (CA),1975,
San Francisco,Muir (CA),1947,
San Francisco,Muir Tech (CA),1949,
San Francisco,Novato (CA),1957,1957.0
San Francisco,Novato JV (CA),1970,
San Francisco,Novato San Marin (CA),1969,1969.0
San Francisco,Novato San Marin JV (CA),1975,1975.0
San Francisco,Oakland (CA),1945,1954.0
San Francisco,Oakland Bishop O'Dowd (CA),1970,1970.0
San Francisco,Oakland Caballo Hills (CA),1992,1992.0
San Francisco,Oakland Castlemont (CA),1949,1954.0
San Francisco,Oakland Castlemont JV (CA),1972,1972.0
San Francisco,"Oakland Castlemont Opp """"St. Mary's"""" (CA)",1965,1965.0
San Francisco,Oakland Fremont (CA),1945,1954.0
San Francisco,Oakland JV (CA),1968,1968.0
San Francisco,Oakland McClymonds (CA),1949,1954.0
San Francisco,Oakland McClymonds JV (CA),1970,
San Francisco,Oakland Skyline (CA),1962,1962.0
San Francisco,Oakland Skyline JV (CA),1972,1972.0
San Francisco,Oakland St. Elizabeth (CA),1946,1954.0
San Francisco,Oakland St. Elizabeth JV (CA),1971,1971.0
San Francisco,Oakland St. Francis De Sales Cathedral (CA),1966,
San Francisco,Oakland St. Patrick (CA),1974,
San Francisco,Oakland Tech (CA),1947,1954.0
San Francisco,Oakland Tech JV (CA),1980,1980.0
San Francisco,Oakland Webster Academy (CA),1979,
San Francisco,Oakland Wilson Prep (CA),2004,
San Francisco,Oakland fremont (CA),1955,1955.0
San Francisco,Orinda Miramonte (CA),1957,1957.0
San Francisco,Orinda Miramonte JV (CA),1975,
San Francisco,Pacifica (CA),1955,1955.0
San Francisco,Pacifica Alma Heights Christian (CA),2010,
San Francisco,Pacifica JV (CA),1971,
San Francisco,Pacifica Oceana (CA),1960,1960.0
San Francisco,Pacifica Terra Nova (CA),1961,1961.0
San Francisco,Petaluma (CA),1947,1954.0
San Francisco,Petaluma Casa Grande (CA),1972,1972.0
San Francisco,Petaluma Casa Grande JV (CA),1975,1975.0
San Francisco,Petaluma JV (CA),1954,1954.0
San Francisco,Petaluma Saint Vincentde Paul (CA),1954,1954.0
San Francisco,Petaluma St. Vincent De Paul (CA),1955,1955.0
San Francisco,Petaluma St. Vincent de Paul (CA),1946,1961.0
San Francisco,Petaluma St. Vincent de Paul JV (CA),1979,1979.0
San Francisco,Petaluma Tomales (CA),1965,1965.0
San Francisco,Piedmont (CA),1940,1954.0
San Francisco,Piedmont JV (CA),1975,1979.0
San Francisco,Pinole Valley (CA),1968,1968.0
San Francisco,Pinole Valley JV (CA),1979,
San Francisco,Pleasant Hill (CA),1954,1954.0
San Francisco,Pleasant Hill College Park (CA),1960,1960.0
San Francisco,Pleasant Hill College Park JV (CA),1971,1979.0
San Francisco,Pleasant Hill JV (CA),1971,
San Francisco,Point Arena (CA),1960,1960.0
San Francisco,Richmond (CA),1940,1954.0
San Francisco,Richmond De Anza JV (CA),1975,1975.0
San Francisco,Richmond Harry Ellis (CA),1973,
San Francisco,Richmond Harry Ells (CA),1956,1956.0
San Francisco,Richmond Harry Ells JV (CA),1974,1978.0
San Francisco,"Richmond Harry Ells Opp """"St. Mary's"""" (CA)",1972,
San Francisco,Richmond JV (CA),1954,1954.0
San Francisco,Richmond Kennedy (CA),1965,1965.0
San Francisco,Richmond Kennedy JV (CA),1979,
San Francisco,Richmond Salesian College Prep (CA),1969,1969.0
San Francisco,"Richmond Salesian Opp """"St. Mary's"""" (CA)",1974,
San Francisco,"Riordan Opp """"Jefferson"""" (CA)",1957,1957.0
San Francisco,Rohnert Park (CA),1966,1966.0
San Francisco,Rohnert Park Rancho Cotate (CA),1963,1967.0
San Francisco,Rohnert Park Rancho Cotate JV (CA),1975,1975.0
San Francisco,San Anselmo Saint Anselm (CA),1948,
San Francisco,San Anselmo Sir Francis Drake (CA),1954,1954.0
San Francisco,San Anselmo Sir Francis Drake JV (CA),1956,1956.0
San Francisco,San Anselmo St. Anselm (CA),1948,
San Francisco,San Bruno Capuchino (CA),1952,1954.0
San Francisco,"San Bruno Capuchino Opp """"Kennedy"""" (CA)",1967,
San Francisco,San Bruno Crestmoor (CA),1964,1964.0
San Francisco,San Carlos (CA),1960,1960.0
San Francisco,San Francisco Archbishop Riordan (CA),1951,1954.0
San Francisco,San Francisco Archbishop Riordan JV (CA),1955,1955.0
San Francisco,San Francisco Balboa (CA),1954,1954.0
San Francisco,San Francisco Balboa Reserves (CA),1954,1954.0
San Francisco,San Francisco Burton (CA),2002,
San Francisco,San Francisco Commerce (CA),1941,
San Francisco,San Francisco Galileo (CA),1954,1954.0
San Francisco,San Francisco Galileo JV (CA),1962,1962.0
San Francisco,San Francisco J. Eugene McAteer (CA),1974,1974.0
San Francisco,San Francisco Jefferson (CA),1940,1956.0
San Francisco,San Francisco John O'Connell (CA),1970,1970.0
San Francisco,San Francisco John O'Connell Tech (CA),1969,1969.0
San Francisco,San Francisco John O'Connell Tech JV (CA),1969,1969.0
San Francisco,San Francisco Lick-Wilmerding (CA),1954,1954.0
San Francisco,San Francisco Lincoln (CA),1947,1954.0
San Francisco,San Francisco Lowell (CA),1949,1954.0
San Francisco,San Francisco Marshall (CA),1998,1998.0
San Francisco,San Francisco McAteer (CA),2001,
San Francisco,San Francisco Mercy (CA),1967,
San Francisco,San Francisco Mission (CA),1947,1954.0
San Francisco,San Francisco Poly (CA),1948,1954.0
San Francisco,San Francisco Poly JV (CA),1955,1955.0
San Francisco,San Francisco Poly Reserves (CA),1954,1954.0
San Francisco,San Francisco Sacred Heart (CA),1954,1954.0
San Francisco,San Francisco Sacred Heart Cathedral Prep (CA),1991,1991.0
San Francisco,San Francisco Sacred Heart Cathedral Preparatory (CA),1979,1990.0
San Francisco,San Francisco South City (CA),1945,1956.0
San Francisco,San Francisco St. Bernards (CA),1969,
San Francisco,San Francisco St. Ignatius College Prep (CA),1950,1954.0
San Francisco,San Francisco Stuart Hall (CA),2010,
San Francisco,San Francisco Washington (CA),1945,1954.0
San Francisco,San Francisco Wilson (CA),1986,
San Francisco,San Francisco Woodrow Wilson (CA),1964,1964.0
San Francisco,San Francisco Woodrow Wilson JV (CA),1968,1968.0
San Francisco,San Leandro (CA),1949,1954.0
San Francisco,San Leandro JV (CA),1976,
San Francisco,San Leandro Marina (CA),1965,1971.0
San Francisco,"San Leandro Opp """"Dons"""" (CA)",1957,
San Francisco,"San Leandro Opp """"Jets"""" (CA)",1957,
San Francisco,"San Leandro Opp """"Rebels"""" (CA)",1957,
San Francisco,San Leandro Pacific (CA),1964,1977.0
San Francisco,San Leandro Pacific JV (CA),1977,1977.0
San Francisco,San Lorenzo Arroyo JV (CA),1975,
San Francisco,San Lorenzo JV (CA),1954,1954.0
San Francisco,San Mateo (CA),1940,1954.0
San Francisco,San Mateo Aragon (CA),1962,1962.0
San Francisco,"San Mateo Serra Opp """"Jefferson"""" (CA)",1957,1957.0
San Francisco,San Rafael (CA),1941,1954.0
San Francisco,San Rafael JV (CA),1970,1975.0
San Francisco,San Rafael Military Academy (CA),1954,1954.0
San Francisco,"San Rafael Opp """"St. Mary's"""" (CA)",1964,
San Francisco,San Rafael Terra Linda (CA),1962,1962.0
San Francisco,San Rafael Terra Linda JV (CA),1970,
San Francisco,San Ramon California (CA),1956,1975.0
San Francisco,San Ramon California JV (CA),1980,
San Francisco,San Ramon Dougherty Valley (CA),2007,
San Francisco,Santa Rosa (CA),1946,1954.0
San Francisco,Santa Rosa Alumni (CA),1954,1954.0
San Francisco,Santa Rosa Cardinal Newman (CA),1959,1959.0
San Francisco,Santa Rosa Cardinal Newman JV (CA),1971,1971.0
San Francisco,Santa Rosa Elsie Allen (CA),1995,1995.0
San Francisco,Santa Rosa JV (CA),1954,1954.0
San Francisco,Santa Rosa Montgomery JV (CA),1970,
San Francisco,Santa Rosa Piner JV (CA),1974,1975.0
San Francisco,Sebastopol Analy (CA),1954,1954.0
San Francisco,Sebastopol Analy JV (CA),1954,1954.0
San Francisco,Sonoma Valley (CA),1949,1954.0
San Francisco,Sonoma Valley JV (CA),1968,1968.0
San Francisco,South San Francisco (CA),1944,1954.0
San Francisco,South San Francisco El Camino (CA),1962,1962.0
San Francisco,St. Helena (CA),1949,1954.0
San Francisco,St. Helena JV (CA),1969,1969.0
San Francisco,Tomales (CA),1941,1954.0
San Francisco,"Vallejo """"B"""" (CA)",1940,
San Francisco,Vallejo Franklin (CA),1950,
San Francisco,Vallejo Franklin Junior High (CA),1954,1954.0
San Francisco,Vallejo Hogan JV (CA),1970,1971.0
San Francisco,Vallejo JV (CA),1955,1955.0
San Francisco,Vallejo North Hills Christian (CA),2001,2001.0
San Francisco,Vallejo Ramblers (CA),1946,
San Francisco,Vallejo St. Patrick (CA),1972,1988.0
San Francisco,Vallejo St. Patrick-St. Vincent (CA),1946,1954.0
San Francisco,Vallejo St. Vincent (CA),1946,1955.0
San Francisco,Valley View (CA),1993,
San Francisco,Ventura Buena (CA),1962,1963.0
San Francisco,Victory Christian (CA),1975,
San Francisco,Vista Tri-City Christian (CA),1996,1996.0
San Francisco,Vista Tri-City Christian-San Dieguito (CA),2003,
San Francisco,Walnut Creek (CA),1999,1999.0
San Francisco,Walnut Creek Las Lomas JV (CA),1975,
San Francisco,Walnut Creek Northgate JV (CA),1975,
San Francisco,West Pittsburg (CA),1957,
San Francisco,Whittier F.C. Nelles (CA),1977,1977.0
San Francisco,Winterhaven San Miguel (CA),1969,
San Francisco,Winterhaven San Pasqual Valley (CA),1960,
San Jose,Alameda JV (CA),1955,1955.0
San Jose,Atherton Sacred Heart Prep (CA),1990,1990.0
San Jose,Bal. Bucks (CA),1979,
San Jose,Boulder Creek (CA),1954,1954.0
San Jose,Calvary Christian (CA),2002,
San Jose,Campbell Buccaneers (CA),1950,
San Jose,Campbell Hall (CA),1992,
San Jose,Campbell JV (CA),1973,
San Jose,Campbell Westmont JV (CA),1973,
San Jose,Colter (CA),1960,1960.0
San Jose,Cupertino (CA),1959,1959.0
San Jose,Cupertino Homestead (CA),1962,1963.0
San Jose,Cupertino Homestead JV (CA),1973,
San Jose,Cupertino JV (CA),1961,1961.0
San Jose,Cupertino Monta Vista (CA),1964,1969.0
San Jose,Cupertino Monta Vista JV (CA),1973,
San Jose,Dublin (CA),1969,1969.0
San Jose,Dublin JV (CA),1975,
San Jose,Dublin Valley Christian (CA),2008,
San Jose,East Palo Alto Ravenswood (CA),1959,1959.0
San Jose,El Monte Mountain View (CA),1965,1975.0
San Jose,Felton San Lorenzo Valley (CA),1954,1954.0
San Jose,Felton San Lorenzo Valley JV (CA),1960,1960.0
San Jose,"Fremont """"Class B"""" (CA)",1956,1956.0
San Jose,Fremont (CA),1959,1959.0
San Jose,Fremont California School for the Deaf (CA),1951,1954.0
San Jose,Fremont California School for the Deaf JV (CA),1971,1971.0
San Jose,Fremont Irvington (CA),1961,1965.0
San Jose,Fremont Irvington JV (CA),1976,
San Jose,Fremont Kennedy (CA),1967,1967.0
San Jose,Fremont Kennedy JV (CA),1976,1976.0
San Jose,Fremont Memorial (CA),1980,1980.0
San Jose,Fremont Mission San Jose (CA),1964,1966.0
San Jose,Fremont Mission San Jose JV (CA),1976,
San Jose,"Fremont Mission San Jose Opp """"Huskies"""" (CA)",1969,
San Jose,"Fremont Mission San Jose Opp """"Lincoln"""" (CA)",1969,
San Jose,Fremont St. Vincent de Paul (CA),1955,1955.0
San Jose,Fremont Washington (CA),1949,1954.0
San Jose,Fremont Washington JV (CA),1976,
San Jose,Gustine (CA),1943,1954.0
San Jose,Gustine JV (CA),1970,1970.0
San Jose,Hacienda Height Wilson (CA),1978,
San Jose,Livermore (CA),1943,1954.0
San Jose,Livermore Granada (CA),1983,
San Jose,Livermore JV (CA),1975,
San Jose,"Livermore Opp """"St. Mary's"""" (CA)",1972,
San Jose,Los Altos (CA),1957,1957.0
San Jose,Los Altos Hills Pinewood (CA),2008,
San Jose,Los Altos JV (CA),1957,1957.0
San Jose,"Los Altos Opp """"Fremont"""" (CA)",1970,
San Jose,Los Gatos (CA),1942,1954.0
San Jose,Los Gatos JV (CA),1955,1955.0
San Jose,Loyola Cerritos College (CA),1992,
San Jose,Menlo School (CA),1952,
San Jose,Menlo-Atherton (CA),1947,1954.0
San Jose,Menlo-Atherton JV (CA),1954,1954.0
San Jose,Milpitas (CA),1970,1970.0
San Jose,Milpitas JV (CA),1977,1977.0
San Jose,Milpitas Samuel Ayer (CA),1959,
San Jose,Morgan Hill Ann Sobrato (CA),2005,
San Jose,Morgan Hill Live Oak (CA),1955,1955.0
San Jose,Morgan Hill Live Oak JV (CA),1974,
San Jose,Mountain View (CA),1942,1954.0
San Jose,Mountain View Awalt (CA),1961,1961.0
San Jose,Mountain View Holy Cross (CA),1964,
San Jose,Mountain View JV (CA),1987,
San Jose,"Mountain View St. Francis OPP """"St. Mary's"""" (CA)",1961,
San Jose,"Newark """"Old"""" (CA)",1967,
San Jose,Newark (CA),1968,
San Jose,Newark Memorial (CA),1963,1965.0
San Jose,Newark Memorial JV (CA),1976,
San Jose,Palo Alto (CA),1940,1954.0
San Jose,Palo Alto Cubberley (CA),1956,1956.0
San Jose,Palo Alto Gunn (CA),1965,1965.0
San Jose,"Pleasanton Amador Opp """"St. Vincent's"""" (CA)",1966,
San Jose,Pleasanton Amador Valley (CA),1951,1954.0
San Jose,Pleasanton Amador Valley JV (CA),1975,
San Jose,"Pleasanton Amador Valley Opp """"Canyon Valley"""" (CA)",1964,
San Jose,Pleasanton Foothill (CA),1975,1975.0
San Jose,Pleasanton Foothill JV (CA),1980,1981.0
San Jose,"Pleasanton Foothill Opp """"Memorial"""" (CA)",1975,
San Jose,Portola Valley Woodside Priory (CA),2009,
San Jose,Redwood City Sequoia (CA),1940,1954.0
San Jose,Redwood City Sequoia JV (CA),1960,1960.0
San Jose,Redwood City St. Pius School (CA),1973,1976.0
San Jose,"S Bern Opp """"Palms"""" (CA)",1976,1976.0
San Jose,San Jose (CA),1941,1954.0
San Jose,San Jose Academy (CA),1990,1990.0
San Jose,San Jose Archbishop Mitty (CA),1967,1967.0
San Jose,San Jose Archbishop Mitty JV (CA),1966,
San Jose,"San Jose Area Opp """"Fremont"""" (CA)",1977,
San Jose,"San Jose Area Opp """"Fremont"""" JV (CA)",1977,
San Jose,San Jose Bellarmine College Prep (CA),1944,1954.0
San Jose,San Jose Bellarmine College Prep JV (CA),1966,
San Jose,San Jose Bellarmine JV (CA),1954,1954.0
San Jose,"San Jose Bellarmine Opp """"St. Mary"""" (CA)",1961,
San Jose,San Jose Blackford (CA),1961,1961.0
San Jose,San Jose Blackford JV (CA),1973,
San Jose,San Jose Branham (CA),1968,1976.0
San Jose,San Jose Branham JV (CA),1973,
San Jose,San Jose Camden (CA),1955,1955.0
San Jose,San Jose Camden JV (CA),1973,
San Jose,San Jose Campbell (CA),1950,1988.0
San Jose,San Jose City (CA),1966,1966.0
San Jose,San Jose Del Mar (CA),1959,1959.0
San Jose,San Jose Del Mar JV (CA),1973,
San Jose,San Jose Evergreen Valley (CA),1998,1998.0
San Jose,San Jose Gunderson (CA),1976,1976.0
San Jose,San Jose Gunderson JV (CA),1987,
San Jose,San Jose Harker (CA),1999,1999.0
San Jose,San Jose Harker School (CA),2000,
San Jose,San Jose Hill (CA),1958,1958.0
San Jose,San Jose Hill JV (CA),1977,
San Jose,San Jose Independence (CA),1976,1976.0
San Jose,San Jose Independence JV (CA),1977,
San Jose,San Jose JV (CA),1974,
San Jose,San Jose James Lick (CA),1950,1954.0
San Jose,San Jose James Lick JV (CA),1977,
San Jose,San Jose Leigh (CA),1962,1962.0
San Jose,San Jose Leigh JV (CA),1973,
San Jose,San Jose Leland (CA),1968,1973.0
San Jose,San Jose Leland JV (CA),1973,
San Jose,San Jose Lincoln (CA),1942,1954.0
San Jose,San Jose Lincoln JV (CA),1973,
San Jose,San Jose Lynbrook (CA),1966,1966.0
San Jose,San Jose Lynbrook JV (CA),1973,
San Jose,San Jose Mt. Pleasant (CA),1968,1972.0
San Jose,San Jose Mt. Pleasant JV (CA),1977,
San Jose,San Jose Oak Grove (CA),1968,1969.0
San Jose,San Jose Oak Grove JV (CA),1977,
San Jose,San Jose Overfelt (CA),1963,1964.0
San Jose,San Jose Overfelt JV (CA),1977,
San Jose,San Jose Piedmont Hills (CA),1969,1972.0
San Jose,San Jose Piedmont Hills JV (CA),1977,
San Jose,San Jose Pioneer (CA),1960,1960.0
San Jose,San Jose Pioneer JV (CA),1974,
San Jose,San Jose Santa Teresa (CA),1974,1975.0
San Jose,San Jose Santa Teresa JV (CA),1977,
San Jose,San Jose Silver Creek (CA),1969,1974.0
San Jose,San Jose Silver Creek JV (CA),1977,
San Jose,San Jose St. Thomas More (CA),2000,2000.0
San Jose,San Jose Valley Christian (CA),1972,1972.0
San Jose,San Jose Vo-Tech (CA),1949,
San Jose,San Jose Washington (CA),1960,
San Jose,San Jose Willow Glen JV (CA),1968,1968.0
San Jose,San Jose Yerba Buena JV (CA),1977,
San Jose,San Moreno (CA),1974,1974.0
San Jose,Santa Clara St. Lawrence Academy (CA),1995,1995.0
San Jose,Santa Clara Wilcox (CA),1962,1963.0
San Jose,Santa Clara Wilcox JV (CA),1974,
San Jose,Santa Cruz (CA),1940,1954.0
San Jose,Santa Cruz Holy Cross (CA),1946,1954.0
San Jose,Santa Cruz JV (CA),1954,1954.0
San Jose,Santa Cruz Marello Prep (CA),1970,1970.0
San Jose,Santa Cruz Marello Prep JV (CA),1974,
San Jose,Saratoga (CA),1960,1960.0
San Jose,Saratoga JV (CA),1973,
San Jose,Saratoga McAfee (CA),1997,1997.0
San Jose,Saratoga Prospect (CA),1947,1961.0
San Jose,Scotts Valley (CA),2000,2000.0
San Jose,Soquel (CA),1962,1962.0
San Jose,Sunnyvale (CA),1957,1957.0
San Jose,Sunnyvale Fremont (CA),1942,1954.0
San Jose,Sunnyvale Fremont JV (CA),1973,
San Jose,Sunnyvale JV (CA),1961,1961.0
San Jose,Sunnyvale King's Academy (CA),2003,
San Jose,Sunnyvale Peterson (CA),1967,1967.0
San Jose,Union City Logan JV (CA),1976,
San Jose,University (CA),2004,
San Jose,University JV (CA),1958,
San Jose,University of San Diego High JV (CA),1961,
San Jose,University of San Diego Sophomores (CA),1940,
San Jose,Woodside (CA),1959,1959.0
San Jose,Woodside JV (CA),1958,1958.0
Stockton,Altaville Bret Harte Union (CA),1947,1954.0
Stockton,Altaville Bret Harte Union JV (CA),1955,1955.0
Stockton,Angels Camp Bret Harte JV (CA),1968,1968.0
Stockton,Antioch Cornerstone Christian (CA),2009,
Stockton,Antioch JV (CA),1971,1977.0
Stockton,"Antioch Opp """"Kennedy"""" (CA)",1977,1977.0
Stockton,Atwater (CA),1958,1958.0
Stockton,Atwater Buhach Colony (CA),2002,
Stockton,Atwater JV (CA),1971,
Stockton,Brentwood (CA),1988,
Stockton,Brentwood Heritage (CA),1968,
Stockton,Brentwood Liberty (CA),1950,1954.0
Stockton,Brentwood Liberty JV (CA),1971,
Stockton,Ceres (CA),1940,1954.0
Stockton,Ceres Central Valley (CA),1967,1981.0
Stockton,Ceres JV (CA),1971,1977.0
Stockton,Delhi (CA),1999,1999.0
Stockton,Denair (CA),1954,1954.0
Stockton,Denair JV (CA),1969,1969.0
Stockton,Escalon (CA),1943,1954.0
Stockton,Escalon JV (CA),1954,1954.0
Stockton,Galt (CA),1947,1954.0
Stockton,Galt JV (CA),1968,1968.0
Stockton,Galt Liberty Ranch (CA),2010,
Stockton,"Galt Opp """"St. Vincent"""" (CA)",1957,1957.0
Stockton,Hilmar (CA),1943,1954.0
Stockton,Hilmar JV (CA),1970,1970.0
Stockton,"Hilmar Opp """"Central"""" (CA)",1969,
Stockton,"Hilmar Opp """"St. Mary's"""" (CA)",1958,1958.0
Stockton,"Hilmar Opp """"Washington"""" (CA)",1957,
Stockton,Hughson (CA),1943,1954.0
Stockton,Hughson JV (CA),1954,1954.0
Stockton,"Hughson Opp """"Lincoln"""" (CA)",1958,1958.0
Stockton,Ione (CA),1949,1954.0
Stockton,Ione JV (CA),1968,1968.0
Stockton,Ione Preston (CA),1961,1961.0
Stockton,Ione Preston School of Industry (CA),1963,
Stockton,Jackson (CA),1952,1954.0
Stockton,Jackson Argonaut (CA),1983,1983.0
Stockton,Jackson JV (CA),1954,1954.0
Stockton,Jackson-lone (CA),1983,1983.0
Stockton,Kennedy AAA Division (CA),1973,1973.0
Stockton,Kennedy Division VI (CA),1989,1989.0
Stockton,Kennedy Golden League (CA),1965,1965.0
Stockton,Kennedy Irvine League (CA),1965,1965.0
Stockton,Kennedy Southern Conference (CA),1980,1980.0
Stockton,Lathrop (CA),2009,
Stockton,Linden (CA),1947,1954.0
Stockton,Linden JV (CA),1968,1968.0
Stockton,Livingston (CA),1942,1954.0
Stockton,Livingston JV (CA),1968,1968.0
Stockton,Lodi (CA),1940,1954.0
Stockton,Lodi Elliot Christian (CA),2003,
Stockton,Lodi JV (CA),1955,1955.0
Stockton,Lodi Liberty (CA),1979,1979.0
Stockton,Lodi Tokay (CA),1972,1972.0
Stockton,Lodi Tokay JV (CA),1972,1972.0
Stockton,Manteca (CA),1940,1954.0
Stockton,Manteca East Union (CA),1967,1967.0
Stockton,Manteca East Union JV (CA),1968,1968.0
Stockton,Manteca JV (CA),1971,1978.0
Stockton,Manteca Sierra (CA),1996,1996.0
Stockton,Midway Baptist (CA),1982,
Stockton,Midway Baptist JV (CA),1996,
Stockton,Modesto (CA),1940,1954.0
Stockton,Modesto Beyer (CA),1973,1974.0
Stockton,Modesto Beyer JV (CA),1974,1978.0
Stockton,Modesto Big Valley (CA),1990,1990.0
Stockton,Modesto Big Valley Christian (CA),2003,
Stockton,Modesto Calvary Temple (CA),2000,2000.0
Stockton,Modesto Central Catholic (CA),1969,1969.0
Stockton,Modesto Central Catholic JV (CA),1968,1969.0
Stockton,"Modesto Central Catholic Opp """"St. Mary's"""" (CA)",1993,
Stockton,Modesto Christian (CA),1974,1976.0
Stockton,Modesto Davis (CA),1962,1962.0
Stockton,Modesto Davis JV (CA),1968,1968.0
Stockton,Modesto Downey (CA),1954,1954.0
Stockton,Modesto Downey JV (CA),1974,1975.0
Stockton,Modesto Enochs (CA),2007,
Stockton,Modesto Gregori (CA),2011,
Stockton,Modesto JV (CA),1957,1957.0
Stockton,Modesto Johansen (CA),1992,1992.0
Stockton,Modesto Johansen JV (CA),1992,1992.0
Stockton,Modesto Sophs (CA),1958,1958.0
Stockton,Mountain Ranch CharityCrossroadsChristianAcademy (CA),1981,1981.0
Stockton,Newman (CA),1947,1954.0
Stockton,Newman Orestimba (CA),1959,1959.0
Stockton,Newman Orestimba JV (CA),1978,1978.0
Stockton,Oakdale (CA),1940,1954.0
Stockton,Oakdale JV (CA),1969,1969.0
Stockton,"Oakdale Opp """"Lincoln"""" (CA)",1969,
Stockton,Oakley Freedom (CA),1960,1960.0
Stockton,Parker (CA),1998,
Stockton,Pasadena La Salle (CA),1992,1992.0
Stockton,Patterson (CA),1942,1954.0
Stockton,Patterson JV (CA),1970,1970.0
Stockton,Pittsburg (CA),1940,1954.0
Stockton,Pittsburg Christian (CA),1989,1989.0
Stockton,Pittsburg Christian Center (CA),1989,1989.0
Stockton,Pittsburg JV (CA),1961,1961.0
Stockton,"Pittsburg Opp """"Monte Vista"""" (CA)",1995,
Stockton,"Pittsburg Opp """"Redwood"""" (CA)",1982,
Stockton,Quartz Hill-Highland (CA),1995,1995.0
Stockton,Rio Vista (CA),1940,1954.0
Stockton,Rio Vista JV (CA),1968,1968.0
Stockton,Ripon (CA),1943,1954.0
Stockton,Ripon Abundant Life Academy (CA),1987,1987.0
Stockton,Ripon Christian (CA),1992,1992.0
Stockton,Ripon JV (CA),1968,1968.0
Stockton,Riverbank (CA),1967,1967.0
Stockton,Riverbank JV (CA),1974,1978.0
Stockton,SC Anthony (CA),1994,1994.0
Stockton,San Andreas Calaveras (CA),1947,1954.0
Stockton,San Andreas Calaveras JV (CA),1954,1954.0
Stockton,San Andreas Sierra Ridge Academy (CA),2004,
Stockton,San Andreas Sierra Ridge Academy-ROP (CA),2003,
Stockton,San Andreas Sierra Ridge-Rite of Passage (CA),2003,
Stockton,San Joaquin Memorial (CA),1949,1954.0
Stockton,Santana JV (CA),1966,
Stockton,Sonora (CA),1940,1954.0
Stockton,Sonora JV (CA),1955,1955.0
Stockton,"Stockton """"B"""" (CA)",1940,
Stockton,Stockton (CA),1940,1954.0
Stockton,Stockton Bear Creek (CA),1992,1992.0
Stockton,Stockton Brookside Christian (CA),1997,1997.0
Stockton,Stockton Chavez (CA),2006,
Stockton,Stockton Edison (CA),1942,1955.0
Stockton,Stockton Edison JV (CA),1974,1974.0
Stockton,Stockton Franklin (CA),1950,1957.0
Stockton,Stockton Franklin JV (CA),1972,1972.0
Stockton,Stockton JV (CA),1940,1955.0
Stockton,Stockton Lincoln (CA),1957,1957.0
Stockton,Stockton Lincoln JV (CA),1954,1968.0
Stockton,Stockton McNair (CA),2006,
Stockton,Stockton Reserves (CA),1955,1955.0
Stockton,Stockton Schneider Vocational (CA),1940,
Stockton,Stockton St. Mary's JV (CA),1970,1970.0
Stockton,"Stockton St. Mary's Opp """"Liberty"""" (CA)",1958,1958.0
Stockton,Stockton St. Marys (CA),1990,1990.0
Stockton,Stockton Stagg JV (CA),1961,1961.0
Stockton,Stockton Stallworth (CA),2008,
Stockton,Stockton Weber Institute (CA),1949,
Stockton,Tracy (CA),1940,1954.0
Stockton,Tracy JV (CA),1974,
Stockton,Tracy Kimball (CA),2010,
Stockton,Tracy Millennium (CA),2008,
Stockton,"Tracy Opp """"Washington"""" (CA)",1967,
Stockton,Tracy West (CA),1940,1961.0
Stockton,Tuolumne Grace Downs (CA),1962,1962.0
Stockton,Tuolumne Summerville (CA),1954,1954.0
Stockton,Turlock (CA),1940,1954.0
Stockton,Turlock Christian (CA),2003,
Stockton,Turlock JV (CA),1969,1969.0
Stockton,Turlock Pitman (CA),2003,
Stockton,Yerington Rite of Passage (CA),1987,1989.0
Stockton,anning (CA),1953,
